0.0075	0.0075	10	0	0
0.0075	0.0125	10	0	0
0.0075	0.0175	10	0	0
0.0075	0.0225	10	0	0
0.0075	0.0275	10	0	0
0.0075	0.0325	10	0	0
0.0075	0.0375	10	0	0
0.0075	0.0425	10	0	0
0.0075	0.0475	10	0	0
0.0075	0.0525	10	0	0
0.0075	0.0575	10	0	0
0.0075	0.0625	10	0	0
0.0075	0.0675	10	0	0
0.0075	0.0725	10	0	0
0.0075	0.0775	10	0	0
0.0075	0.0825	10	0	0
0.0075	0.0875	10	0	0
0.0075	0.0925	10	0	0
0.0075	0.0975	10	0	0
0.0075	0.1025	10	0	0
0.0075	0.1075	10	0	0
0.0075	0.1125	10	0	0
0.0075	0.1175	10	0	0
0.0075	0.1225	10	0	0
0.0075	0.1275	10	0	0
0.0075	0.1325	10	0	0
0.0075	0.1375	10	0	0
0.0075	0.1425	10	0	0
0.0075	0.1475	10	0	0
0.0075	0.1525	10	0	0
0.0075	0.1575	10	0	0
0.0075	0.1625	10	0	0
0.0075	0.1675	10	0	0
0.0075	0.1725	10	0	0
0.0075	0.1775	10	0	0
0.0075	0.1825	10	0	0
0.0075	0.1875	10	0	0
0.0075	0.1925	10	0	0
0.0075	0.1975	10	0	0
0.0075	0.2025	10	0	0
0.0075	0.2075	10	0	0
0.0075	0.2125	10	0	0
0.0075	0.2175	10	0	0
0.0075	0.2225	10	0	0
0.0075	0.2275	10	0	0
0.0075	0.2325	10	0	0
0.0075	0.2375	10	0	0
0.0075	0.2425	10	0	0
0.0075	0.2475	10	0	0
0.0075	0.2525	10	0	0
0.0075	0.2575	10	0	0
0.0075	0.2625	10	0	0
0.0075	0.2675	10	0	0
0.0075	0.2725	10	0	0
0.0075	0.2775	10	0	0
0.0075	0.2825	10	0	0
0.0075	0.2875	10	0	0
0.0075	0.2925	10	0	0
0.0075	0.2975	10	0	0
0.0075	0.3025	10	0	0
0.0075	0.3075	10	0	0
0.0075	0.3125	10	0	0
0.0075	0.3175	10	0	0
0.0075	0.3225	10	0	0
0.0075	0.3275	10	0	0
0.0075	0.3325	10	0	0
0.0075	0.3375	10	0	0
0.0075	0.3425	10	0	0
0.0075	0.3475	10	0	0
0.0075	0.3525	10	0	0
0.0075	0.3575	10	0	0
0.0075	0.3625	10	0	0
0.0075	0.3675	10	0	0
0.0075	0.3725	10	0	0
0.0075	0.3775	10	0	0
0.0075	0.3825	10	0	0
0.0075	0.3875	10	0	0
0.0075	0.3925	10	0	0
0.0075	0.3975	10	0	0
0.0075	0.4025	10	0	0
0.0075	0.4075	10	0	0
0.0075	0.4125	10	0	0
0.0075	0.4175	10	0	0
0.0075	0.4225	10	0	0
0.0075	0.4275	10	0	0
0.0075	0.4325	10	0	0
0.0075	0.4375	10	0	0
0.0075	0.4425	10	0	0
0.0075	0.4475	10	0	0
0.0075	0.4525	10	0	0
0.0075	0.4575	10	0	0
0.0075	0.4625	10	0	0
0.0075	0.4675	10	0	0
0.0075	0.4725	10	0	0
0.0075	0.4775	10	0	0
0.0075	0.4825	10	0	0
0.0075	0.4875	10	0	0
0.0075	0.4925	10	0	0
0.0075	0.4975	10	0	0
0.0075	0.5025	10	0	0
0.0075	0.5075	10	0	0
0.0075	0.5125	10	0	0
0.0075	0.5175	10	0	0
0.0075	0.5225	10	0	0
0.0075	0.5275	10	0	0
0.0075	0.5325	10	0	0
0.0075	0.5375	10	0	0
0.0075	0.5425	10	0	0
0.0075	0.5475	10	0	0
0.0075	0.5525	10	0	0
0.0075	0.5575	10	0	0
0.0075	0.5625	10	0	0
0.0075	0.5675	10	0	0
0.0075	0.5725	10	0	0
0.0075	0.5775	10	0	0
0.0075	0.5825	10	0	0
0.0075	0.5875	10	0	0
0.0075	0.5925	10	0	0
0.0075	0.5975	10	0	0
0.0075	0.6025	10	0	0
0.0075	0.6075	10	0	0
0.0075	0.6125	10	0	0
0.0075	0.6175	10	0	0
0.0075	0.6225	10	0	0
0.0075	0.6275	10	0	0
0.0075	0.6325	10	0	0
0.0075	0.6375	10	0	0
0.0075	0.6425	10	0	0
0.0075	0.6475	10	0	0
0.0075	0.6525	10	0	0
0.0075	0.6575	10	0	0
0.0075	0.6625	10	0	0
0.0075	0.6675	10	0	0
0.0075	0.6725	10	0	0
0.0075	0.6775	10	0	0
0.0075	0.6825	10	0	0
0.0075	0.6875	10	0	0
0.0075	0.6925	10	0	0
0.0075	0.6975	10	0	0
0.0075	0.7025	10	0	0
0.0075	0.7075	10	0	0
0.0075	0.7125	10	0	0
0.0075	0.7175	10	0	0
0.0075	0.7225	10	0	0
0.0075	0.7275	10	0	0
0.0075	0.7325	10	0	0
0.0075	0.7375	10	0	0
0.0075	0.7425	10	0	0
0.0075	0.7475	10	0	0
0.0075	0.7525	10	0	0
0.0075	0.7575	10	0	0
0.0075	0.7625	10	0	0
0.0075	0.7675	10	0	0
0.0075	0.7725	10	0	0
0.0075	0.7775	10	0	0
0.0075	0.7825	10	0	0
0.0075	0.7875	10	0	0
0.0075	0.7925	10	0	0
0.0075	0.7975	10	0	0
0.0075	0.8025	10	0	0
0.0075	0.8075	10	0	0
0.0075	0.8125	10	0	0
0.0075	0.8175	10	0	0
0.0075	0.8225	10	0	0
0.0075	0.8275	10	0	0
0.0075	0.8325	10	0	0
0.0075	0.8375	10	0	0
0.0075	0.8425	10	0	0
0.0075	0.8475	10	0	0
0.0075	0.8525	10	0	0
0.0075	0.8575	10	0	0
0.0075	0.8625	10	0	0
0.0075	0.8675	10	0	0
0.0075	0.8725	10	0	0
0.0075	0.8775	10	0	0
0.0075	0.8825	10	0	0
0.0075	0.8875	10	0	0
0.0075	0.8925	10	0	0
0.0075	0.8975	10	0	0
0.0075	0.9025	10	0	0
0.0075	0.9075	10	0	0
0.0075	0.9125	10	0	0
0.0075	0.9175	10	0	0
0.0075	0.9225	10	0	0
0.0075	0.9275	10	0	0
0.0075	0.9325	10	0	0
0.0075	0.9375	10	0	0
0.0075	0.9425	10	0	0
0.0075	0.9475	10	0	0
0.0075	0.9525	10	0	0
0.0075	0.9575	10	0	0
0.0075	0.9625	10	0	0
0.0075	0.9675	10	0	0
0.0075	0.9725	10	0	0
0.0075	0.9775	10	0	0
0.0075	0.9825	10	0	0
0.0075	0.9875	10	0	0
0.0075	0.9925	10	0	0
0.0075	0.9975	10	0	0
0.0075	1.0025	10	0	0
0.0125	0.0075	10	0	0
0.0125	0.0125	10	0	0
0.0125	0.0175	10	0	0
0.0125	0.0225	10	0	0
0.0125	0.0275	10	0	0
0.0125	0.0325	10	0	0
0.0125	0.0375	10	0	0
0.0125	0.0425	10	0	0
0.0125	0.0475	10	0	0
0.0125	0.0525	10	0	0
0.0125	0.0575	10	0	0
0.0125	0.0625	10	0	0
0.0125	0.0675	10	0	0
0.0125	0.0725	10	0	0
0.0125	0.0775	10	0	0
0.0125	0.0825	10	0	0
0.0125	0.0875	10	0	0
0.0125	0.0925	10	0	0
0.0125	0.0975	10	0	0
0.0125	0.1025	10	0	0
0.0125	0.1075	10	0	0
0.0125	0.1125	10	0	0
0.0125	0.1175	10	0	0
0.0125	0.1225	10	0	0
0.0125	0.1275	10	0	0
0.0125	0.1325	10	0	0
0.0125	0.1375	10	0	0
0.0125	0.1425	10	0	0
0.0125	0.1475	10	0	0
0.0125	0.1525	10	0	0
0.0125	0.1575	10	0	0
0.0125	0.1625	10	0	0
0.0125	0.1675	10	0	0
0.0125	0.1725	10	0	0
0.0125	0.1775	10	0	0
0.0125	0.1825	10	0	0
0.0125	0.1875	10	0	0
0.0125	0.1925	10	0	0
0.0125	0.1975	10	0	0
0.0125	0.2025	10	0	0
0.0125	0.2075	10	0	0
0.0125	0.2125	10	0	0
0.0125	0.2175	10	0	0
0.0125	0.2225	10	0	0
0.0125	0.2275	10	0	0
0.0125	0.2325	10	0	0
0.0125	0.2375	10	0	0
0.0125	0.2425	10	0	0
0.0125	0.2475	10	0	0
0.0125	0.2525	10	0	0
0.0125	0.2575	10	0	0
0.0125	0.2625	10	0	0
0.0125	0.2675	10	0	0
0.0125	0.2725	10	0	0
0.0125	0.2775	10	0	0
0.0125	0.2825	10	0	0
0.0125	0.2875	10	0	0
0.0125	0.2925	10	0	0
0.0125	0.2975	10	0	0
0.0125	0.3025	10	0	0
0.0125	0.3075	10	0	0
0.0125	0.3125	10	0	0
0.0125	0.3175	10	0	0
0.0125	0.3225	10	0	0
0.0125	0.3275	10	0	0
0.0125	0.3325	10	0	0
0.0125	0.3375	10	0	0
0.0125	0.3425	10	0	0
0.0125	0.3475	10	0	0
0.0125	0.3525	10	0	0
0.0125	0.3575	10	0	0
0.0125	0.3625	10	0	0
0.0125	0.3675	10	0	0
0.0125	0.3725	10	0	0
0.0125	0.3775	10	0	0
0.0125	0.3825	10	0	0
0.0125	0.3875	10	0	0
0.0125	0.3925	10	0	0
0.0125	0.3975	10	0	0
0.0125	0.4025	10	0	0
0.0125	0.4075	10	0	0
0.0125	0.4125	10	0	0
0.0125	0.4175	10	0	0
0.0125	0.4225	10	0	0
0.0125	0.4275	10	0	0
0.0125	0.4325	10	0	0
0.0125	0.4375	10	0	0
0.0125	0.4425	10	0	0
0.0125	0.4475	10	0	0
0.0125	0.4525	10	0	0
0.0125	0.4575	10	0	0
0.0125	0.4625	10	0	0
0.0125	0.4675	10	0	0
0.0125	0.4725	10	0	0
0.0125	0.4775	10	0	0
0.0125	0.4825	10	0	0
0.0125	0.4875	10	0	0
0.0125	0.4925	10	0	0
0.0125	0.4975	10	0	0
0.0125	0.5025	10	0	0
0.0125	0.5075	10	0	0
0.0125	0.5125	10	0	0
0.0125	0.5175	10	0	0
0.0125	0.5225	10	0	0
0.0125	0.5275	10	0	0
0.0125	0.5325	10	0	0
0.0125	0.5375	10	0	0
0.0125	0.5425	10	0	0
0.0125	0.5475	10	0	0
0.0125	0.5525	10	0	0
0.0125	0.5575	10	0	0
0.0125	0.5625	10	0	0
0.0125	0.5675	10	0	0
0.0125	0.5725	10	0	0
0.0125	0.5775	10	0	0
0.0125	0.5825	10	0	0
0.0125	0.5875	10	0	0
0.0125	0.5925	10	0	0
0.0125	0.5975	10	0	0
0.0125	0.6025	10	0	0
0.0125	0.6075	10	0	0
0.0125	0.6125	10	0	0
0.0125	0.6175	10	0	0
0.0125	0.6225	10	0	0
0.0125	0.6275	10	0	0
0.0125	0.6325	10	0	0
0.0125	0.6375	10	0	0
0.0125	0.6425	10	0	0
0.0125	0.6475	10	0	0
0.0125	0.6525	10	0	0
0.0125	0.6575	10	0	0
0.0125	0.6625	10	0	0
0.0125	0.6675	10	0	0
0.0125	0.6725	10	0	0
0.0125	0.6775	10	0	0
0.0125	0.6825	10	0	0
0.0125	0.6875	10	0	0
0.0125	0.6925	10	0	0
0.0125	0.6975	10	0	0
0.0125	0.7025	10	0	0
0.0125	0.7075	10	0	0
0.0125	0.7125	10	0	0
0.0125	0.7175	10	0	0
0.0125	0.7225	10	0	0
0.0125	0.7275	10	0	0
0.0125	0.7325	10	0	0
0.0125	0.7375	10	0	0
0.0125	0.7425	10	0	0
0.0125	0.7475	10	0	0
0.0125	0.7525	10	0	0
0.0125	0.7575	10	0	0
0.0125	0.7625	10	0	0
0.0125	0.7675	10	0	0
0.0125	0.7725	10	0	0
0.0125	0.7775	10	0	0
0.0125	0.7825	10	0	0
0.0125	0.7875	10	0	0
0.0125	0.7925	10	0	0
0.0125	0.7975	10	0	0
0.0125	0.8025	10	0	0
0.0125	0.8075	10	0	0
0.0125	0.8125	10	0	0
0.0125	0.8175	10	0	0
0.0125	0.8225	10	0	0
0.0125	0.8275	10	0	0
0.0125	0.8325	10	0	0
0.0125	0.8375	10	0	0
0.0125	0.8425	10	0	0
0.0125	0.8475	10	0	0
0.0125	0.8525	10	0	0
0.0125	0.8575	10	0	0
0.0125	0.8625	10	0	0
0.0125	0.8675	10	0	0
0.0125	0.8725	10	0	0
0.0125	0.8775	10	0	0
0.0125	0.8825	10	0	0
0.0125	0.8875	10	0	0
0.0125	0.8925	10	0	0
0.0125	0.8975	10	0	0
0.0125	0.9025	10	0	0
0.0125	0.9075	10	0	0
0.0125	0.9125	10	0	0
0.0125	0.9175	10	0	0
0.0125	0.9225	10	0	0
0.0125	0.9275	10	0	0
0.0125	0.9325	10	0	0
0.0125	0.9375	10	0	0
0.0125	0.9425	10	0	0
0.0125	0.9475	10	0	0
0.0125	0.9525	10	0	0
0.0125	0.9575	10	0	0
0.0125	0.9625	10	0	0
0.0125	0.9675	10	0	0
0.0125	0.9725	10	0	0
0.0125	0.9775	10	0	0
0.0125	0.9825	10	0	0
0.0125	0.9875	10	0	0
0.0125	0.9925	10	0	0
0.0125	0.9975	10	0	0
0.0125	1.0025	10	0	0
0.0175	0.0075	10	0	0
0.0175	0.0125	10	0	0
0.0175	0.0175	10	0	0
0.0175	0.0225	10	0	0
0.0175	0.0275	10	0	0
0.0175	0.0325	10	0	0
0.0175	0.0375	10	0	0
0.0175	0.0425	10	0	0
0.0175	0.0475	10	0	0
0.0175	0.0525	10	0	0
0.0175	0.0575	10	0	0
0.0175	0.0625	10	0	0
0.0175	0.0675	10	0	0
0.0175	0.0725	10	0	0
0.0175	0.0775	10	0	0
0.0175	0.0825	10	0	0
0.0175	0.0875	10	0	0
0.0175	0.0925	10	0	0
0.0175	0.0975	10	0	0
0.0175	0.1025	10	0	0
0.0175	0.1075	10	0	0
0.0175	0.1125	10	0	0
0.0175	0.1175	10	0	0
0.0175	0.1225	10	0	0
0.0175	0.1275	10	0	0
0.0175	0.1325	10	0	0
0.0175	0.1375	10	0	0
0.0175	0.1425	10	0	0
0.0175	0.1475	10	0	0
0.0175	0.1525	10	0	0
0.0175	0.1575	10	0	0
0.0175	0.1625	10	0	0
0.0175	0.1675	10	0	0
0.0175	0.1725	10	0	0
0.0175	0.1775	10	0	0
0.0175	0.1825	10	0	0
0.0175	0.1875	10	0	0
0.0175	0.1925	10	0	0
0.0175	0.1975	10	0	0
0.0175	0.2025	10	0	0
0.0175	0.2075	10	0	0
0.0175	0.2125	10	0	0
0.0175	0.2175	10	0	0
0.0175	0.2225	10	0	0
0.0175	0.2275	10	0	0
0.0175	0.2325	10	0	0
0.0175	0.2375	10	0	0
0.0175	0.2425	10	0	0
0.0175	0.2475	10	0	0
0.0175	0.2525	10	0	0
0.0175	0.2575	10	0	0
0.0175	0.2625	10	0	0
0.0175	0.2675	10	0	0
0.0175	0.2725	10	0	0
0.0175	0.2775	10	0	0
0.0175	0.2825	10	0	0
0.0175	0.2875	10	0	0
0.0175	0.2925	10	0	0
0.0175	0.2975	10	0	0
0.0175	0.3025	10	0	0
0.0175	0.3075	10	0	0
0.0175	0.3125	10	0	0
0.0175	0.3175	10	0	0
0.0175	0.3225	10	0	0
0.0175	0.3275	10	0	0
0.0175	0.3325	10	0	0
0.0175	0.3375	10	0	0
0.0175	0.3425	10	0	0
0.0175	0.3475	10	0	0
0.0175	0.3525	10	0	0
0.0175	0.3575	10	0	0
0.0175	0.3625	10	0	0
0.0175	0.3675	10	0	0
0.0175	0.3725	10	0	0
0.0175	0.3775	10	0	0
0.0175	0.3825	10	0	0
0.0175	0.3875	10	0	0
0.0175	0.3925	10	0	0
0.0175	0.3975	10	0	0
0.0175	0.4025	10	0	0
0.0175	0.4075	10	0	0
0.0175	0.4125	10	0	0
0.0175	0.4175	10	0	0
0.0175	0.4225	10	0	0
0.0175	0.4275	10	0	0
0.0175	0.4325	10	0	0
0.0175	0.4375	10	0	0
0.0175	0.4425	10	0	0
0.0175	0.4475	10	0	0
0.0175	0.4525	10	0	0
0.0175	0.4575	10	0	0
0.0175	0.4625	10	0	0
0.0175	0.4675	10	0	0
0.0175	0.4725	10	0	0
0.0175	0.4775	10	0	0
0.0175	0.4825	10	0	0
0.0175	0.4875	10	0	0
0.0175	0.4925	10	0	0
0.0175	0.4975	10	0	0
0.0175	0.5025	10	0	0
0.0175	0.5075	10	0	0
0.0175	0.5125	10	0	0
0.0175	0.5175	10	0	0
0.0175	0.5225	10	0	0
0.0175	0.5275	10	0	0
0.0175	0.5325	10	0	0
0.0175	0.5375	10	0	0
0.0175	0.5425	10	0	0
0.0175	0.5475	10	0	0
0.0175	0.5525	10	0	0
0.0175	0.5575	10	0	0
0.0175	0.5625	10	0	0
0.0175	0.5675	10	0	0
0.0175	0.5725	10	0	0
0.0175	0.5775	10	0	0
0.0175	0.5825	10	0	0
0.0175	0.5875	10	0	0
0.0175	0.5925	10	0	0
0.0175	0.5975	10	0	0
0.0175	0.6025	10	0	0
0.0175	0.6075	10	0	0
0.0175	0.6125	10	0	0
0.0175	0.6175	10	0	0
0.0175	0.6225	10	0	0
0.0175	0.6275	10	0	0
0.0175	0.6325	10	0	0
0.0175	0.6375	10	0	0
0.0175	0.6425	10	0	0
0.0175	0.6475	10	0	0
0.0175	0.6525	10	0	0
0.0175	0.6575	10	0	0
0.0175	0.6625	10	0	0
0.0175	0.6675	10	0	0
0.0175	0.6725	10	0	0
0.0175	0.6775	10	0	0
0.0175	0.6825	10	0	0
0.0175	0.6875	10	0	0
0.0175	0.6925	10	0	0
0.0175	0.6975	10	0	0
0.0175	0.7025	10	0	0
0.0175	0.7075	10	0	0
0.0175	0.7125	10	0	0
0.0175	0.7175	10	0	0
0.0175	0.7225	10	0	0
0.0175	0.7275	10	0	0
0.0175	0.7325	10	0	0
0.0175	0.7375	10	0	0
0.0175	0.7425	10	0	0
0.0175	0.7475	10	0	0
0.0175	0.7525	10	0	0
0.0175	0.7575	10	0	0
0.0175	0.7625	10	0	0
0.0175	0.7675	10	0	0
0.0175	0.7725	10	0	0
0.0175	0.7775	10	0	0
0.0175	0.7825	10	0	0
0.0175	0.7875	10	0	0
0.0175	0.7925	10	0	0
0.0175	0.7975	10	0	0
0.0175	0.8025	10	0	0
0.0175	0.8075	10	0	0
0.0175	0.8125	10	0	0
0.0175	0.8175	10	0	0
0.0175	0.8225	10	0	0
0.0175	0.8275	10	0	0
0.0175	0.8325	10	0	0
0.0175	0.8375	10	0	0
0.0175	0.8425	10	0	0
0.0175	0.8475	10	0	0
0.0175	0.8525	10	0	0
0.0175	0.8575	10	0	0
0.0175	0.8625	10	0	0
0.0175	0.8675	10	0	0
0.0175	0.8725	10	0	0
0.0175	0.8775	10	0	0
0.0175	0.8825	10	0	0
0.0175	0.8875	10	0	0
0.0175	0.8925	10	0	0
0.0175	0.8975	10	0	0
0.0175	0.9025	10	0	0
0.0175	0.9075	10	0	0
0.0175	0.9125	10	0	0
0.0175	0.9175	10	0	0
0.0175	0.9225	10	0	0
0.0175	0.9275	10	0	0
0.0175	0.9325	10	0	0
0.0175	0.9375	10	0	0
0.0175	0.9425	10	0	0
0.0175	0.9475	10	0	0
0.0175	0.9525	10	0	0
0.0175	0.9575	10	0	0
0.0175	0.9625	10	0	0
0.0175	0.9675	10	0	0
0.0175	0.9725	10	0	0
0.0175	0.9775	10	0	0
0.0175	0.9825	10	0	0
0.0175	0.9875	10	0	0
0.0175	0.9925	10	0	0
0.0175	0.9975	10	0	0
0.0175	1.0025	10	0	0
0.0225	0.0075	10	0	0
0.0225	0.0125	10	0	0
0.0225	0.0175	10	0	0
0.0225	0.0225	10	0	0
0.0225	0.0275	10	0	0
0.0225	0.0325	10	0	0
0.0225	0.0375	10	0	0
0.0225	0.0425	10	0	0
0.0225	0.0475	10	0	0
0.0225	0.0525	10	0	0
0.0225	0.0575	10	0	0
0.0225	0.0625	10	0	0
0.0225	0.0675	10	0	0
0.0225	0.0725	10	0	0
0.0225	0.0775	10	0	0
0.0225	0.0825	10	0	0
0.0225	0.0875	10	0	0
0.0225	0.0925	10	0	0
0.0225	0.0975	10	0	0
0.0225	0.1025	10	0	0
0.0225	0.1075	10	0	0
0.0225	0.1125	10	0	0
0.0225	0.1175	10	0	0
0.0225	0.1225	10	0	0
0.0225	0.1275	10	0	0
0.0225	0.1325	10	0	0
0.0225	0.1375	10	0	0
0.0225	0.1425	10	0	0
0.0225	0.1475	10	0	0
0.0225	0.1525	10	0	0
0.0225	0.1575	10	0	0
0.0225	0.1625	10	0	0
0.0225	0.1675	10	0	0
0.0225	0.1725	10	0	0
0.0225	0.1775	10	0	0
0.0225	0.1825	10	0	0
0.0225	0.1875	10	0	0
0.0225	0.1925	10	0	0
0.0225	0.1975	10	0	0
0.0225	0.2025	10	0	0
0.0225	0.2075	10	0	0
0.0225	0.2125	10	0	0
0.0225	0.2175	10	0	0
0.0225	0.2225	10	0	0
0.0225	0.2275	10	0	0
0.0225	0.2325	10	0	0
0.0225	0.2375	10	0	0
0.0225	0.2425	10	0	0
0.0225	0.2475	10	0	0
0.0225	0.2525	10	0	0
0.0225	0.2575	10	0	0
0.0225	0.2625	10	0	0
0.0225	0.2675	10	0	0
0.0225	0.2725	10	0	0
0.0225	0.2775	10	0	0
0.0225	0.2825	10	0	0
0.0225	0.2875	10	0	0
0.0225	0.2925	10	0	0
0.0225	0.2975	10	0	0
0.0225	0.3025	10	0	0
0.0225	0.3075	10	0	0
0.0225	0.3125	10	0	0
0.0225	0.3175	10	0	0
0.0225	0.3225	10	0	0
0.0225	0.3275	10	0	0
0.0225	0.3325	10	0	0
0.0225	0.3375	10	0	0
0.0225	0.3425	10	0	0
0.0225	0.3475	10	0	0
0.0225	0.3525	10	0	0
0.0225	0.3575	10	0	0
0.0225	0.3625	10	0	0
0.0225	0.3675	10	0	0
0.0225	0.3725	10	0	0
0.0225	0.3775	10	0	0
0.0225	0.3825	10	0	0
0.0225	0.3875	10	0	0
0.0225	0.3925	10	0	0
0.0225	0.3975	10	0	0
0.0225	0.4025	10	0	0
0.0225	0.4075	10	0	0
0.0225	0.4125	10	0	0
0.0225	0.4175	10	0	0
0.0225	0.4225	10	0	0
0.0225	0.4275	10	0	0
0.0225	0.4325	10	0	0
0.0225	0.4375	10	0	0
0.0225	0.4425	10	0	0
0.0225	0.4475	10	0	0
0.0225	0.4525	10	0	0
0.0225	0.4575	10	0	0
0.0225	0.4625	10	0	0
0.0225	0.4675	10	0	0
0.0225	0.4725	10	0	0
0.0225	0.4775	10	0	0
0.0225	0.4825	10	0	0
0.0225	0.4875	10	0	0
0.0225	0.4925	10	0	0
0.0225	0.4975	10	0	0
0.0225	0.5025	10	0	0
0.0225	0.5075	10	0	0
0.0225	0.5125	10	0	0
0.0225	0.5175	10	0	0
0.0225	0.5225	10	0	0
0.0225	0.5275	10	0	0
0.0225	0.5325	10	0	0
0.0225	0.5375	10	0	0
0.0225	0.5425	10	0	0
0.0225	0.5475	10	0	0
0.0225	0.5525	10	0	0
0.0225	0.5575	10	0	0
0.0225	0.5625	10	0	0
0.0225	0.5675	10	0	0
0.0225	0.5725	10	0	0
0.0225	0.5775	10	0	0
0.0225	0.5825	10	0	0
0.0225	0.5875	10	0	0
0.0225	0.5925	10	0	0
0.0225	0.5975	10	0	0
0.0225	0.6025	10	0	0
0.0225	0.6075	10	0	0
0.0225	0.6125	10	0	0
0.0225	0.6175	10	0	0
0.0225	0.6225	10	0	0
0.0225	0.6275	10	0	0
0.0225	0.6325	10	0	0
0.0225	0.6375	10	0	0
0.0225	0.6425	10	0	0
0.0225	0.6475	10	0	0
0.0225	0.6525	10	0	0
0.0225	0.6575	10	0	0
0.0225	0.6625	10	0	0
0.0225	0.6675	10	0	0
0.0225	0.6725	10	0	0
0.0225	0.6775	10	0	0
0.0225	0.6825	10	0	0
0.0225	0.6875	10	0	0
0.0225	0.6925	10	0	0
0.0225	0.6975	10	0	0
0.0225	0.7025	10	0	0
0.0225	0.7075	10	0	0
0.0225	0.7125	10	0	0
0.0225	0.7175	10	0	0
0.0225	0.7225	10	0	0
0.0225	0.7275	10	0	0
0.0225	0.7325	10	0	0
0.0225	0.7375	10	0	0
0.0225	0.7425	10	0	0
0.0225	0.7475	10	0	0
0.0225	0.7525	10	0	0
0.0225	0.7575	10	0	0
0.0225	0.7625	10	0	0
0.0225	0.7675	10	0	0
0.0225	0.7725	10	0	0
0.0225	0.7775	10	0	0
0.0225	0.7825	10	0	0
0.0225	0.7875	10	0	0
0.0225	0.7925	10	0	0
0.0225	0.7975	10	0	0
0.0225	0.8025	10	0	0
0.0225	0.8075	10	0	0
0.0225	0.8125	10	0	0
0.0225	0.8175	10	0	0
0.0225	0.8225	10	0	0
0.0225	0.8275	10	0	0
0.0225	0.8325	10	0	0
0.0225	0.8375	10	0	0
0.0225	0.8425	10	0	0
0.0225	0.8475	10	0	0
0.0225	0.8525	10	0	0
0.0225	0.8575	10	0	0
0.0225	0.8625	10	0	0
0.0225	0.8675	10	0	0
0.0225	0.8725	10	0	0
0.0225	0.8775	10	0	0
0.0225	0.8825	10	0	0
0.0225	0.8875	10	0	0
0.0225	0.8925	10	0	0
0.0225	0.8975	10	0	0
0.0225	0.9025	10	0	0
0.0225	0.9075	10	0	0
0.0225	0.9125	10	0	0
0.0225	0.9175	10	0	0
0.0225	0.9225	10	0	0
0.0225	0.9275	10	0	0
0.0225	0.9325	10	0	0
0.0225	0.9375	10	0	0
0.0225	0.9425	10	0	0
0.0225	0.9475	10	0	0
0.0225	0.9525	10	0	0
0.0225	0.9575	10	0	0
0.0225	0.9625	10	0	0
0.0225	0.9675	10	0	0
0.0225	0.9725	10	0	0
0.0225	0.9775	10	0	0
0.0225	0.9825	10	0	0
0.0225	0.9875	10	0	0
0.0225	0.9925	10	0	0
0.0225	0.9975	10	0	0
0.0225	1.0025	10	0	0
0.0275	0.0075	10	0	0
0.0275	0.0125	10	0	0
0.0275	0.0175	10	0	0
0.0275	0.0225	10	0	0
0.0275	0.0275	10	0	0
0.0275	0.0325	10	0	0
0.0275	0.0375	10	0	0
0.0275	0.0425	10	0	0
0.0275	0.0475	10	0	0
0.0275	0.0525	10	0	0
0.0275	0.0575	10	0	0
0.0275	0.0625	10	0	0
0.0275	0.0675	10	0	0
0.0275	0.0725	10	0	0
0.0275	0.0775	10	0	0
0.0275	0.0825	10	0	0
0.0275	0.0875	10	0	0
0.0275	0.0925	10	0	0
0.0275	0.0975	10	0	0
0.0275	0.1025	10	0	0
0.0275	0.1075	10	0	0
0.0275	0.1125	10	0	0
0.0275	0.1175	10	0	0
0.0275	0.1225	10	0	0
0.0275	0.1275	10	0	0
0.0275	0.1325	10	0	0
0.0275	0.1375	10	0	0
0.0275	0.1425	10	0	0
0.0275	0.1475	10	0	0
0.0275	0.1525	10	0	0
0.0275	0.1575	10	0	0
0.0275	0.1625	10	0	0
0.0275	0.1675	10	0	0
0.0275	0.1725	10	0	0
0.0275	0.1775	10	0	0
0.0275	0.1825	10	0	0
0.0275	0.1875	10	0	0
0.0275	0.1925	10	0	0
0.0275	0.1975	10	0	0
0.0275	0.2025	10	0	0
0.0275	0.2075	10	0	0
0.0275	0.2125	10	0	0
0.0275	0.2175	10	0	0
0.0275	0.2225	10	0	0
0.0275	0.2275	10	0	0
0.0275	0.2325	10	0	0
0.0275	0.2375	10	0	0
0.0275	0.2425	10	0	0
0.0275	0.2475	10	0	0
0.0275	0.2525	10	0	0
0.0275	0.2575	10	0	0
0.0275	0.2625	10	0	0
0.0275	0.2675	10	0	0
0.0275	0.2725	10	0	0
0.0275	0.2775	10	0	0
0.0275	0.2825	10	0	0
0.0275	0.2875	10	0	0
0.0275	0.2925	10	0	0
0.0275	0.2975	10	0	0
0.0275	0.3025	10	0	0
0.0275	0.3075	10	0	0
0.0275	0.3125	10	0	0
0.0275	0.3175	10	0	0
0.0275	0.3225	10	0	0
0.0275	0.3275	10	0	0
0.0275	0.3325	10	0	0
0.0275	0.3375	10	0	0
0.0275	0.3425	10	0	0
0.0275	0.3475	10	0	0
0.0275	0.3525	10	0	0
0.0275	0.3575	10	0	0
0.0275	0.3625	10	0	0
0.0275	0.3675	10	0	0
0.0275	0.3725	10	0	0
0.0275	0.3775	10	0	0
0.0275	0.3825	10	0	0
0.0275	0.3875	10	0	0
0.0275	0.3925	10	0	0
0.0275	0.3975	10	0	0
0.0275	0.4025	10	0	0
0.0275	0.4075	10	0	0
0.0275	0.4125	10	0	0
0.0275	0.4175	10	0	0
0.0275	0.4225	10	0	0
0.0275	0.4275	10	0	0
0.0275	0.4325	10	0	0
0.0275	0.4375	10	0	0
0.0275	0.4425	10	0	0
0.0275	0.4475	10	0	0
0.0275	0.4525	10	0	0
0.0275	0.4575	10	0	0
0.0275	0.4625	10	0	0
0.0275	0.4675	10	0	0
0.0275	0.4725	10	0	0
0.0275	0.4775	10	0	0
0.0275	0.4825	10	0	0
0.0275	0.4875	10	0	0
0.0275	0.4925	10	0	0
0.0275	0.4975	10	0	0
0.0275	0.5025	10	0	0
0.0275	0.5075	10	0	0
0.0275	0.5125	10	0	0
0.0275	0.5175	10	0	0
0.0275	0.5225	10	0	0
0.0275	0.5275	10	0	0
0.0275	0.5325	10	0	0
0.0275	0.5375	10	0	0
0.0275	0.5425	10	0	0
0.0275	0.5475	10	0	0
0.0275	0.5525	10	0	0
0.0275	0.5575	10	0	0
0.0275	0.5625	10	0	0
0.0275	0.5675	10	0	0
0.0275	0.5725	10	0	0
0.0275	0.5775	10	0	0
0.0275	0.5825	10	0	0
0.0275	0.5875	10	0	0
0.0275	0.5925	10	0	0
0.0275	0.5975	10	0	0
0.0275	0.6025	10	0	0
0.0275	0.6075	10	0	0
0.0275	0.6125	10	0	0
0.0275	0.6175	10	0	0
0.0275	0.6225	10	0	0
0.0275	0.6275	10	0	0
0.0275	0.6325	10	0	0
0.0275	0.6375	10	0	0
0.0275	0.6425	10	0	0
0.0275	0.6475	10	0	0
0.0275	0.6525	10	0	0
0.0275	0.6575	10	0	0
0.0275	0.6625	10	0	0
0.0275	0.6675	10	0	0
0.0275	0.6725	10	0	0
0.0275	0.6775	10	0	0
0.0275	0.6825	10	0	0
0.0275	0.6875	10	0	0
0.0275	0.6925	10	0	0
0.0275	0.6975	10	0	0
0.0275	0.7025	10	0	0
0.0275	0.7075	10	0	0
0.0275	0.7125	10	0	0
0.0275	0.7175	10	0	0
0.0275	0.7225	10	0	0
0.0275	0.7275	10	0	0
0.0275	0.7325	10	0	0
0.0275	0.7375	10	0	0
0.0275	0.7425	10	0	0
0.0275	0.7475	10	0	0
0.0275	0.7525	10	0	0
0.0275	0.7575	10	0	0
0.0275	0.7625	10	0	0
0.0275	0.7675	10	0	0
0.0275	0.7725	10	0	0
0.0275	0.7775	10	0	0
0.0275	0.7825	10	0	0
0.0275	0.7875	10	0	0
0.0275	0.7925	10	0	0
0.0275	0.7975	10	0	0
0.0275	0.8025	10	0	0
0.0275	0.8075	10	0	0
0.0275	0.8125	10	0	0
0.0275	0.8175	10	0	0
0.0275	0.8225	10	0	0
0.0275	0.8275	10	0	0
0.0275	0.8325	10	0	0
0.0275	0.8375	10	0	0
0.0275	0.8425	10	0	0
0.0275	0.8475	10	0	0
0.0275	0.8525	10	0	0
0.0275	0.8575	10	0	0
0.0275	0.8625	10	0	0
0.0275	0.8675	10	0	0
0.0275	0.8725	10	0	0
0.0275	0.8775	10	0	0
0.0275	0.8825	10	0	0
0.0275	0.8875	10	0	0
0.0275	0.8925	10	0	0
0.0275	0.8975	10	0	0
0.0275	0.9025	10	0	0
0.0275	0.9075	10	0	0
0.0275	0.9125	10	0	0
0.0275	0.9175	10	0	0
0.0275	0.9225	10	0	0
0.0275	0.9275	10	0	0
0.0275	0.9325	10	0	0
0.0275	0.9375	10	0	0
0.0275	0.9425	10	0	0
0.0275	0.9475	10	0	0
0.0275	0.9525	10	0	0
0.0275	0.9575	10	0	0
0.0275	0.9625	10	0	0
0.0275	0.9675	10	0	0
0.0275	0.9725	10	0	0
0.0275	0.9775	10	0	0
0.0275	0.9825	10	0	0
0.0275	0.9875	10	0	0
0.0275	0.9925	10	0	0
0.0275	0.9975	10	0	0
0.0275	1.0025	10	0	0
0.0325	0.0075	10	0	0
0.0325	0.0125	10	0	0
0.0325	0.0175	10	0	0
0.0325	0.0225	10	0	0
0.0325	0.0275	10	0	0
0.0325	0.0325	10	0	0
0.0325	0.0375	10	0	0
0.0325	0.0425	10	0	0
0.0325	0.0475	10	0	0
0.0325	0.0525	10	0	0
0.0325	0.0575	10	0	0
0.0325	0.0625	10	0	0
0.0325	0.0675	10	0	0
0.0325	0.0725	10	0	0
0.0325	0.0775	10	0	0
0.0325	0.0825	10	0	0
0.0325	0.0875	10	0	0
0.0325	0.0925	10	0	0
0.0325	0.0975	10	0	0
0.0325	0.1025	10	0	0
0.0325	0.1075	10	0	0
0.0325	0.1125	10	0	0
0.0325	0.1175	10	0	0
0.0325	0.1225	10	0	0
0.0325	0.1275	10	0	0
0.0325	0.1325	10	0	0
0.0325	0.1375	10	0	0
0.0325	0.1425	10	0	0
0.0325	0.1475	10	0	0
0.0325	0.1525	10	0	0
0.0325	0.1575	10	0	0
0.0325	0.1625	10	0	0
0.0325	0.1675	10	0	0
0.0325	0.1725	10	0	0
0.0325	0.1775	10	0	0
0.0325	0.1825	10	0	0
0.0325	0.1875	10	0	0
0.0325	0.1925	10	0	0
0.0325	0.1975	10	0	0
0.0325	0.2025	10	0	0
0.0325	0.2075	10	0	0
0.0325	0.2125	10	0	0
0.0325	0.2175	10	0	0
0.0325	0.2225	10	0	0
0.0325	0.2275	10	0	0
0.0325	0.2325	10	0	0
0.0325	0.2375	10	0	0
0.0325	0.2425	10	0	0
0.0325	0.2475	10	0	0
0.0325	0.2525	10	0	0
0.0325	0.2575	10	0	0
0.0325	0.2625	10	0	0
0.0325	0.2675	10	0	0
0.0325	0.2725	10	0	0
0.0325	0.2775	10	0	0
0.0325	0.2825	10	0	0
0.0325	0.2875	10	0	0
0.0325	0.2925	10	0	0
0.0325	0.2975	10	0	0
0.0325	0.3025	10	0	0
0.0325	0.3075	10	0	0
0.0325	0.3125	10	0	0
0.0325	0.3175	10	0	0
0.0325	0.3225	10	0	0
0.0325	0.3275	10	0	0
0.0325	0.3325	10	0	0
0.0325	0.3375	10	0	0
0.0325	0.3425	10	0	0
0.0325	0.3475	10	0	0
0.0325	0.3525	10	0	0
0.0325	0.3575	10	0	0
0.0325	0.3625	10	0	0
0.0325	0.3675	10	0	0
0.0325	0.3725	10	0	0
0.0325	0.3775	10	0	0
0.0325	0.3825	10	0	0
0.0325	0.3875	10	0	0
0.0325	0.3925	10	0	0
0.0325	0.3975	10	0	0
0.0325	0.4025	10	0	0
0.0325	0.4075	10	0	0
0.0325	0.4125	10	0	0
0.0325	0.4175	10	0	0
0.0325	0.4225	10	0	0
0.0325	0.4275	10	0	0
0.0325	0.4325	10	0	0
0.0325	0.4375	10	0	0
0.0325	0.4425	10	0	0
0.0325	0.4475	10	0	0
0.0325	0.4525	10	0	0
0.0325	0.4575	10	0	0
0.0325	0.4625	10	0	0
0.0325	0.4675	10	0	0
0.0325	0.4725	10	0	0
0.0325	0.4775	10	0	0
0.0325	0.4825	10	0	0
0.0325	0.4875	10	0	0
0.0325	0.4925	10	0	0
0.0325	0.4975	10	0	0
0.0325	0.5025	10	0	0
0.0325	0.5075	10	0	0
0.0325	0.5125	10	0	0
0.0325	0.5175	10	0	0
0.0325	0.5225	10	0	0
0.0325	0.5275	10	0	0
0.0325	0.5325	10	0	0
0.0325	0.5375	10	0	0
0.0325	0.5425	10	0	0
0.0325	0.5475	10	0	0
0.0325	0.5525	10	0	0
0.0325	0.5575	10	0	0
0.0325	0.5625	10	0	0
0.0325	0.5675	10	0	0
0.0325	0.5725	10	0	0
0.0325	0.5775	10	0	0
0.0325	0.5825	10	0	0
0.0325	0.5875	10	0	0
0.0325	0.5925	10	0	0
0.0325	0.5975	10	0	0
0.0325	0.6025	10	0	0
0.0325	0.6075	10	0	0
0.0325	0.6125	10	0	0
0.0325	0.6175	10	0	0
0.0325	0.6225	10	0	0
0.0325	0.6275	10	0	0
0.0325	0.6325	10	0	0
0.0325	0.6375	10	0	0
0.0325	0.6425	10	0	0
0.0325	0.6475	10	0	0
0.0325	0.6525	10	0	0
0.0325	0.6575	10	0	0
0.0325	0.6625	10	0	0
0.0325	0.6675	10	0	0
0.0325	0.6725	10	0	0
0.0325	0.6775	10	0	0
0.0325	0.6825	10	0	0
0.0325	0.6875	10	0	0
0.0325	0.6925	10	0	0
0.0325	0.6975	10	0	0
0.0325	0.7025	10	0	0
0.0325	0.7075	10	0	0
0.0325	0.7125	10	0	0
0.0325	0.7175	10	0	0
0.0325	0.7225	10	0	0
0.0325	0.7275	10	0	0
0.0325	0.7325	10	0	0
0.0325	0.7375	10	0	0
0.0325	0.7425	10	0	0
0.0325	0.7475	10	0	0
0.0325	0.7525	10	0	0
0.0325	0.7575	10	0	0
0.0325	0.7625	10	0	0
0.0325	0.7675	10	0	0
0.0325	0.7725	10	0	0
0.0325	0.7775	10	0	0
0.0325	0.7825	10	0	0
0.0325	0.7875	10	0	0
0.0325	0.7925	10	0	0
0.0325	0.7975	10	0	0
0.0325	0.8025	10	0	0
0.0325	0.8075	10	0	0
0.0325	0.8125	10	0	0
0.0325	0.8175	10	0	0
0.0325	0.8225	10	0	0
0.0325	0.8275	10	0	0
0.0325	0.8325	10	0	0
0.0325	0.8375	10	0	0
0.0325	0.8425	10	0	0
0.0325	0.8475	10	0	0
0.0325	0.8525	10	0	0
0.0325	0.8575	10	0	0
0.0325	0.8625	10	0	0
0.0325	0.8675	10	0	0
0.0325	0.8725	10	0	0
0.0325	0.8775	10	0	0
0.0325	0.8825	10	0	0
0.0325	0.8875	10	0	0
0.0325	0.8925	10	0	0
0.0325	0.8975	10	0	0
0.0325	0.9025	10	0	0
0.0325	0.9075	10	0	0
0.0325	0.9125	10	0	0
0.0325	0.9175	10	0	0
0.0325	0.9225	10	0	0
0.0325	0.9275	10	0	0
0.0325	0.9325	10	0	0
0.0325	0.9375	10	0	0
0.0325	0.9425	10	0	0
0.0325	0.9475	10	0	0
0.0325	0.9525	10	0	0
0.0325	0.9575	10	0	0
0.0325	0.9625	10	0	0
0.0325	0.9675	10	0	0
0.0325	0.9725	10	0	0
0.0325	0.9775	10	0	0
0.0325	0.9825	10	0	0
0.0325	0.9875	10	0	0
0.0325	0.9925	10	0	0
0.0325	0.9975	10	0	0
0.0325	1.0025	10	0	0
0.0375	0.0075	10	0	0
0.0375	0.0125	10	0	0
0.0375	0.0175	10	0	0
0.0375	0.0225	10	0	0
0.0375	0.0275	10	0	0
0.0375	0.0325	10	0	0
0.0375	0.0375	10	0	0
0.0375	0.0425	10	0	0
0.0375	0.0475	10	0	0
0.0375	0.0525	10	0	0
0.0375	0.0575	10	0	0
0.0375	0.0625	10	0	0
0.0375	0.0675	10	0	0
0.0375	0.0725	10	0	0
0.0375	0.0775	10	0	0
0.0375	0.0825	10	0	0
0.0375	0.0875	10	0	0
0.0375	0.0925	10	0	0
0.0375	0.0975	10	0	0
0.0375	0.1025	10	0	0
0.0375	0.1075	10	0	0
0.0375	0.1125	10	0	0
0.0375	0.1175	10	0	0
0.0375	0.1225	10	0	0
0.0375	0.1275	10	0	0
0.0375	0.1325	10	0	0
0.0375	0.1375	10	0	0
0.0375	0.1425	10	0	0
0.0375	0.1475	10	0	0
0.0375	0.1525	10	0	0
0.0375	0.1575	10	0	0
0.0375	0.1625	10	0	0
0.0375	0.1675	10	0	0
0.0375	0.1725	10	0	0
0.0375	0.1775	10	0	0
0.0375	0.1825	10	0	0
0.0375	0.1875	10	0	0
0.0375	0.1925	10	0	0
0.0375	0.1975	10	0	0
0.0375	0.2025	10	0	0
0.0375	0.2075	10	0	0
0.0375	0.2125	10	0	0
0.0375	0.2175	10	0	0
0.0375	0.2225	10	0	0
0.0375	0.2275	10	0	0
0.0375	0.2325	10	0	0
0.0375	0.2375	10	0	0
0.0375	0.2425	10	0	0
0.0375	0.2475	10	0	0
0.0375	0.2525	10	0	0
0.0375	0.2575	10	0	0
0.0375	0.2625	10	0	0
0.0375	0.2675	10	0	0
0.0375	0.2725	10	0	0
0.0375	0.2775	10	0	0
0.0375	0.2825	10	0	0
0.0375	0.2875	10	0	0
0.0375	0.2925	10	0	0
0.0375	0.2975	10	0	0
0.0375	0.3025	10	0	0
0.0375	0.3075	10	0	0
0.0375	0.3125	10	0	0
0.0375	0.3175	10	0	0
0.0375	0.3225	10	0	0
0.0375	0.3275	10	0	0
0.0375	0.3325	10	0	0
0.0375	0.3375	10	0	0
0.0375	0.3425	10	0	0
0.0375	0.3475	10	0	0
0.0375	0.3525	10	0	0
0.0375	0.3575	10	0	0
0.0375	0.3625	10	0	0
0.0375	0.3675	10	0	0
0.0375	0.3725	10	0	0
0.0375	0.3775	10	0	0
0.0375	0.3825	10	0	0
0.0375	0.3875	10	0	0
0.0375	0.3925	10	0	0
0.0375	0.3975	10	0	0
0.0375	0.4025	10	0	0
0.0375	0.4075	10	0	0
0.0375	0.4125	10	0	0
0.0375	0.4175	10	0	0
0.0375	0.4225	10	0	0
0.0375	0.4275	10	0	0
0.0375	0.4325	10	0	0
0.0375	0.4375	10	0	0
0.0375	0.4425	10	0	0
0.0375	0.4475	10	0	0
0.0375	0.4525	10	0	0
0.0375	0.4575	10	0	0
0.0375	0.4625	10	0	0
0.0375	0.4675	10	0	0
0.0375	0.4725	10	0	0
0.0375	0.4775	10	0	0
0.0375	0.4825	10	0	0
0.0375	0.4875	10	0	0
0.0375	0.4925	10	0	0
0.0375	0.4975	10	0	0
0.0375	0.5025	10	0	0
0.0375	0.5075	10	0	0
0.0375	0.5125	10	0	0
0.0375	0.5175	10	0	0
0.0375	0.5225	10	0	0
0.0375	0.5275	10	0	0
0.0375	0.5325	10	0	0
0.0375	0.5375	10	0	0
0.0375	0.5425	10	0	0
0.0375	0.5475	10	0	0
0.0375	0.5525	10	0	0
0.0375	0.5575	10	0	0
0.0375	0.5625	10	0	0
0.0375	0.5675	10	0	0
0.0375	0.5725	10	0	0
0.0375	0.5775	10	0	0
0.0375	0.5825	10	0	0
0.0375	0.5875	10	0	0
0.0375	0.5925	10	0	0
0.0375	0.5975	10	0	0
0.0375	0.6025	10	0	0
0.0375	0.6075	10	0	0
0.0375	0.6125	10	0	0
0.0375	0.6175	10	0	0
0.0375	0.6225	10	0	0
0.0375	0.6275	10	0	0
0.0375	0.6325	10	0	0
0.0375	0.6375	10	0	0
0.0375	0.6425	10	0	0
0.0375	0.6475	10	0	0
0.0375	0.6525	10	0	0
0.0375	0.6575	10	0	0
0.0375	0.6625	10	0	0
0.0375	0.6675	10	0	0
0.0375	0.6725	10	0	0
0.0375	0.6775	10	0	0
0.0375	0.6825	10	0	0
0.0375	0.6875	10	0	0
0.0375	0.6925	10	0	0
0.0375	0.6975	10	0	0
0.0375	0.7025	10	0	0
0.0375	0.7075	10	0	0
0.0375	0.7125	10	0	0
0.0375	0.7175	10	0	0
0.0375	0.7225	10	0	0
0.0375	0.7275	10	0	0
0.0375	0.7325	10	0	0
0.0375	0.7375	10	0	0
0.0375	0.7425	10	0	0
0.0375	0.7475	10	0	0
0.0375	0.7525	10	0	0
0.0375	0.7575	10	0	0
0.0375	0.7625	10	0	0
0.0375	0.7675	10	0	0
0.0375	0.7725	10	0	0
0.0375	0.7775	10	0	0
0.0375	0.7825	10	0	0
0.0375	0.7875	10	0	0
0.0375	0.7925	10	0	0
0.0375	0.7975	10	0	0
0.0375	0.8025	10	0	0
0.0375	0.8075	10	0	0
0.0375	0.8125	10	0	0
0.0375	0.8175	10	0	0
0.0375	0.8225	10	0	0
0.0375	0.8275	10	0	0
0.0375	0.8325	10	0	0
0.0375	0.8375	10	0	0
0.0375	0.8425	10	0	0
0.0375	0.8475	10	0	0
0.0375	0.8525	10	0	0
0.0375	0.8575	10	0	0
0.0375	0.8625	10	0	0
0.0375	0.8675	10	0	0
0.0375	0.8725	10	0	0
0.0375	0.8775	10	0	0
0.0375	0.8825	10	0	0
0.0375	0.8875	10	0	0
0.0375	0.8925	10	0	0
0.0375	0.8975	10	0	0
0.0375	0.9025	10	0	0
0.0375	0.9075	10	0	0
0.0375	0.9125	10	0	0
0.0375	0.9175	10	0	0
0.0375	0.9225	10	0	0
0.0375	0.9275	10	0	0
0.0375	0.9325	10	0	0
0.0375	0.9375	10	0	0
0.0375	0.9425	10	0	0
0.0375	0.9475	10	0	0
0.0375	0.9525	10	0	0
0.0375	0.9575	10	0	0
0.0375	0.9625	10	0	0
0.0375	0.9675	10	0	0
0.0375	0.9725	10	0	0
0.0375	0.9775	10	0	0
0.0375	0.9825	10	0	0
0.0375	0.9875	10	0	0
0.0375	0.9925	10	0	0
0.0375	0.9975	10	0	0
0.0375	1.0025	10	0	0
0.0425	0.0075	10	0	0
0.0425	0.0125	10	0	0
0.0425	0.0175	10	0	0
0.0425	0.0225	10	0	0
0.0425	0.0275	10	0	0
0.0425	0.0325	10	0	0
0.0425	0.0375	10	0	0
0.0425	0.0425	10	0	0
0.0425	0.0475	10	0	0
0.0425	0.0525	10	0	0
0.0425	0.0575	10	0	0
0.0425	0.0625	10	0	0
0.0425	0.0675	10	0	0
0.0425	0.0725	10	0	0
0.0425	0.0775	10	0	0
0.0425	0.0825	10	0	0
0.0425	0.0875	10	0	0
0.0425	0.0925	10	0	0
0.0425	0.0975	10	0	0
0.0425	0.1025	10	0	0
0.0425	0.1075	10	0	0
0.0425	0.1125	10	0	0
0.0425	0.1175	10	0	0
0.0425	0.1225	10	0	0
0.0425	0.1275	10	0	0
0.0425	0.1325	10	0	0
0.0425	0.1375	10	0	0
0.0425	0.1425	10	0	0
0.0425	0.1475	10	0	0
0.0425	0.1525	10	0	0
0.0425	0.1575	10	0	0
0.0425	0.1625	10	0	0
0.0425	0.1675	10	0	0
0.0425	0.1725	10	0	0
0.0425	0.1775	10	0	0
0.0425	0.1825	10	0	0
0.0425	0.1875	10	0	0
0.0425	0.1925	10	0	0
0.0425	0.1975	10	0	0
0.0425	0.2025	10	0	0
0.0425	0.2075	10	0	0
0.0425	0.2125	10	0	0
0.0425	0.2175	10	0	0
0.0425	0.2225	10	0	0
0.0425	0.2275	10	0	0
0.0425	0.2325	10	0	0
0.0425	0.2375	10	0	0
0.0425	0.2425	10	0	0
0.0425	0.2475	10	0	0
0.0425	0.2525	10	0	0
0.0425	0.2575	10	0	0
0.0425	0.2625	10	0	0
0.0425	0.2675	10	0	0
0.0425	0.2725	10	0	0
0.0425	0.2775	10	0	0
0.0425	0.2825	10	0	0
0.0425	0.2875	10	0	0
0.0425	0.2925	10	0	0
0.0425	0.2975	10	0	0
0.0425	0.3025	10	0	0
0.0425	0.3075	10	0	0
0.0425	0.3125	10	0	0
0.0425	0.3175	10	0	0
0.0425	0.3225	10	0	0
0.0425	0.3275	10	0	0
0.0425	0.3325	10	0	0
0.0425	0.3375	10	0	0
0.0425	0.3425	10	0	0
0.0425	0.3475	10	0	0
0.0425	0.3525	10	0	0
0.0425	0.3575	10	0	0
0.0425	0.3625	10	0	0
0.0425	0.3675	10	0	0
0.0425	0.3725	10	0	0
0.0425	0.3775	10	0	0
0.0425	0.3825	10	0	0
0.0425	0.3875	10	0	0
0.0425	0.3925	10	0	0
0.0425	0.3975	10	0	0
0.0425	0.4025	10	0	0
0.0425	0.4075	10	0	0
0.0425	0.4125	10	0	0
0.0425	0.4175	10	0	0
0.0425	0.4225	10	0	0
0.0425	0.4275	10	0	0
0.0425	0.4325	10	0	0
0.0425	0.4375	10	0	0
0.0425	0.4425	10	0	0
0.0425	0.4475	10	0	0
0.0425	0.4525	10	0	0
0.0425	0.4575	10	0	0
0.0425	0.4625	10	0	0
0.0425	0.4675	10	0	0
0.0425	0.4725	10	0	0
0.0425	0.4775	10	0	0
0.0425	0.4825	10	0	0
0.0425	0.4875	10	0	0
0.0425	0.4925	10	0	0
0.0425	0.4975	10	0	0
0.0425	0.5025	10	0	0
0.0425	0.5075	10	0	0
0.0425	0.5125	10	0	0
0.0425	0.5175	10	0	0
0.0425	0.5225	10	0	0
0.0425	0.5275	10	0	0
0.0425	0.5325	10	0	0
0.0425	0.5375	10	0	0
0.0425	0.5425	10	0	0
0.0425	0.5475	10	0	0
0.0425	0.5525	10	0	0
0.0425	0.5575	10	0	0
0.0425	0.5625	10	0	0
0.0425	0.5675	10	0	0
0.0425	0.5725	10	0	0
0.0425	0.5775	10	0	0
0.0425	0.5825	10	0	0
0.0425	0.5875	10	0	0
0.0425	0.5925	10	0	0
0.0425	0.5975	10	0	0
0.0425	0.6025	10	0	0
0.0425	0.6075	10	0	0
0.0425	0.6125	10	0	0
0.0425	0.6175	10	0	0
0.0425	0.6225	10	0	0
0.0425	0.6275	10	0	0
0.0425	0.6325	10	0	0
0.0425	0.6375	10	0	0
0.0425	0.6425	10	0	0
0.0425	0.6475	10	0	0
0.0425	0.6525	10	0	0
0.0425	0.6575	10	0	0
0.0425	0.6625	10	0	0
0.0425	0.6675	10	0	0
0.0425	0.6725	10	0	0
0.0425	0.6775	10	0	0
0.0425	0.6825	10	0	0
0.0425	0.6875	10	0	0
0.0425	0.6925	10	0	0
0.0425	0.6975	10	0	0
0.0425	0.7025	10	0	0
0.0425	0.7075	10	0	0
0.0425	0.7125	10	0	0
0.0425	0.7175	10	0	0
0.0425	0.7225	10	0	0
0.0425	0.7275	10	0	0
0.0425	0.7325	10	0	0
0.0425	0.7375	10	0	0
0.0425	0.7425	10	0	0
0.0425	0.7475	10	0	0
0.0425	0.7525	10	0	0
0.0425	0.7575	10	0	0
0.0425	0.7625	10	0	0
0.0425	0.7675	10	0	0
0.0425	0.7725	10	0	0
0.0425	0.7775	10	0	0
0.0425	0.7825	10	0	0
0.0425	0.7875	10	0	0
0.0425	0.7925	10	0	0
0.0425	0.7975	10	0	0
0.0425	0.8025	10	0	0
0.0425	0.8075	10	0	0
0.0425	0.8125	10	0	0
0.0425	0.8175	10	0	0
0.0425	0.8225	10	0	0
0.0425	0.8275	10	0	0
0.0425	0.8325	10	0	0
0.0425	0.8375	10	0	0
0.0425	0.8425	10	0	0
0.0425	0.8475	10	0	0
0.0425	0.8525	10	0	0
0.0425	0.8575	10	0	0
0.0425	0.8625	10	0	0
0.0425	0.8675	10	0	0
0.0425	0.8725	10	0	0
0.0425	0.8775	10	0	0
0.0425	0.8825	10	0	0
0.0425	0.8875	10	0	0
0.0425	0.8925	10	0	0
0.0425	0.8975	10	0	0
0.0425	0.9025	10	0	0
0.0425	0.9075	10	0	0
0.0425	0.9125	10	0	0
0.0425	0.9175	10	0	0
0.0425	0.9225	10	0	0
0.0425	0.9275	10	0	0
0.0425	0.9325	10	0	0
0.0425	0.9375	10	0	0
0.0425	0.9425	10	0	0
0.0425	0.9475	10	0	0
0.0425	0.9525	10	0	0
0.0425	0.9575	10	0	0
0.0425	0.9625	10	0	0
0.0425	0.9675	10	0	0
0.0425	0.9725	10	0	0
0.0425	0.9775	10	0	0
0.0425	0.9825	10	0	0
0.0425	0.9875	10	0	0
0.0425	0.9925	10	0	0
0.0425	0.9975	10	0	0
0.0425	1.0025	10	0	0
0.0475	0.0075	10	0	0
0.0475	0.0125	10	0	0
0.0475	0.0175	10	0	0
0.0475	0.0225	10	0	0
0.0475	0.0275	10	0	0
0.0475	0.0325	10	0	0
0.0475	0.0375	10	0	0
0.0475	0.0425	10	0	0
0.0475	0.0475	10	0	0
0.0475	0.0525	10	0	0
0.0475	0.0575	10	0	0
0.0475	0.0625	10	0	0
0.0475	0.0675	10	0	0
0.0475	0.0725	10	0	0
0.0475	0.0775	10	0	0
0.0475	0.0825	10	0	0
0.0475	0.0875	10	0	0
0.0475	0.0925	10	0	0
0.0475	0.0975	10	0	0
0.0475	0.1025	10	0	0
0.0475	0.1075	10	0	0
0.0475	0.1125	10	0	0
0.0475	0.1175	10	0	0
0.0475	0.1225	10	0	0
0.0475	0.1275	10	0	0
0.0475	0.1325	10	0	0
0.0475	0.1375	10	0	0
0.0475	0.1425	10	0	0
0.0475	0.1475	10	0	0
0.0475	0.1525	10	0	0
0.0475	0.1575	10	0	0
0.0475	0.1625	10	0	0
0.0475	0.1675	10	0	0
0.0475	0.1725	10	0	0
0.0475	0.1775	10	0	0
0.0475	0.1825	10	0	0
0.0475	0.1875	10	0	0
0.0475	0.1925	10	0	0
0.0475	0.1975	10	0	0
0.0475	0.2025	10	0	0
0.0475	0.2075	10	0	0
0.0475	0.2125	10	0	0
0.0475	0.2175	10	0	0
0.0475	0.2225	10	0	0
0.0475	0.2275	10	0	0
0.0475	0.2325	10	0	0
0.0475	0.2375	10	0	0
0.0475	0.2425	10	0	0
0.0475	0.2475	10	0	0
0.0475	0.2525	10	0	0
0.0475	0.2575	10	0	0
0.0475	0.2625	10	0	0
0.0475	0.2675	10	0	0
0.0475	0.2725	10	0	0
0.0475	0.2775	10	0	0
0.0475	0.2825	10	0	0
0.0475	0.2875	10	0	0
0.0475	0.2925	10	0	0
0.0475	0.2975	10	0	0
0.0475	0.3025	10	0	0
0.0475	0.3075	10	0	0
0.0475	0.3125	10	0	0
0.0475	0.3175	10	0	0
0.0475	0.3225	10	0	0
0.0475	0.3275	10	0	0
0.0475	0.3325	10	0	0
0.0475	0.3375	10	0	0
0.0475	0.3425	10	0	0
0.0475	0.3475	10	0	0
0.0475	0.3525	10	0	0
0.0475	0.3575	10	0	0
0.0475	0.3625	10	0	0
0.0475	0.3675	10	0	0
0.0475	0.3725	10	0	0
0.0475	0.3775	10	0	0
0.0475	0.3825	10	0	0
0.0475	0.3875	10	0	0
0.0475	0.3925	10	0	0
0.0475	0.3975	10	0	0
0.0475	0.4025	10	0	0
0.0475	0.4075	10	0	0
0.0475	0.4125	10	0	0
0.0475	0.4175	10	0	0
0.0475	0.4225	10	0	0
0.0475	0.4275	10	0	0
0.0475	0.4325	10	0	0
0.0475	0.4375	10	0	0
0.0475	0.4425	10	0	0
0.0475	0.4475	10	0	0
0.0475	0.4525	10	0	0
0.0475	0.4575	10	0	0
0.0475	0.4625	10	0	0
0.0475	0.4675	10	0	0
0.0475	0.4725	10	0	0
0.0475	0.4775	10	0	0
0.0475	0.4825	10	0	0
0.0475	0.4875	10	0	0
0.0475	0.4925	10	0	0
0.0475	0.4975	10	0	0
0.0475	0.5025	10	0	0
0.0475	0.5075	10	0	0
0.0475	0.5125	10	0	0
0.0475	0.5175	10	0	0
0.0475	0.5225	10	0	0
0.0475	0.5275	10	0	0
0.0475	0.5325	10	0	0
0.0475	0.5375	10	0	0
0.0475	0.5425	10	0	0
0.0475	0.5475	10	0	0
0.0475	0.5525	10	0	0
0.0475	0.5575	10	0	0
0.0475	0.5625	10	0	0
0.0475	0.5675	10	0	0
0.0475	0.5725	10	0	0
0.0475	0.5775	10	0	0
0.0475	0.5825	10	0	0
0.0475	0.5875	10	0	0
0.0475	0.5925	10	0	0
0.0475	0.5975	10	0	0
0.0475	0.6025	10	0	0
0.0475	0.6075	10	0	0
0.0475	0.6125	10	0	0
0.0475	0.6175	10	0	0
0.0475	0.6225	10	0	0
0.0475	0.6275	10	0	0
0.0475	0.6325	10	0	0
0.0475	0.6375	10	0	0
0.0475	0.6425	10	0	0
0.0475	0.6475	10	0	0
0.0475	0.6525	10	0	0
0.0475	0.6575	10	0	0
0.0475	0.6625	10	0	0
0.0475	0.6675	10	0	0
0.0475	0.6725	10	0	0
0.0475	0.6775	10	0	0
0.0475	0.6825	10	0	0
0.0475	0.6875	10	0	0
0.0475	0.6925	10	0	0
0.0475	0.6975	10	0	0
0.0475	0.7025	10	0	0
0.0475	0.7075	10	0	0
0.0475	0.7125	10	0	0
0.0475	0.7175	10	0	0
0.0475	0.7225	10	0	0
0.0475	0.7275	10	0	0
0.0475	0.7325	10	0	0
0.0475	0.7375	10	0	0
0.0475	0.7425	10	0	0
0.0475	0.7475	10	0	0
0.0475	0.7525	10	0	0
0.0475	0.7575	10	0	0
0.0475	0.7625	10	0	0
0.0475	0.7675	10	0	0
0.0475	0.7725	10	0	0
0.0475	0.7775	10	0	0
0.0475	0.7825	10	0	0
0.0475	0.7875	10	0	0
0.0475	0.7925	10	0	0
0.0475	0.7975	10	0	0
0.0475	0.8025	10	0	0
0.0475	0.8075	10	0	0
0.0475	0.8125	10	0	0
0.0475	0.8175	10	0	0
0.0475	0.8225	10	0	0
0.0475	0.8275	10	0	0
0.0475	0.8325	10	0	0
0.0475	0.8375	10	0	0
0.0475	0.8425	10	0	0
0.0475	0.8475	10	0	0
0.0475	0.8525	10	0	0
0.0475	0.8575	10	0	0
0.0475	0.8625	10	0	0
0.0475	0.8675	10	0	0
0.0475	0.8725	10	0	0
0.0475	0.8775	10	0	0
0.0475	0.8825	10	0	0
0.0475	0.8875	10	0	0
0.0475	0.8925	10	0	0
0.0475	0.8975	10	0	0
0.0475	0.9025	10	0	0
0.0475	0.9075	10	0	0
0.0475	0.9125	10	0	0
0.0475	0.9175	10	0	0
0.0475	0.9225	10	0	0
0.0475	0.9275	10	0	0
0.0475	0.9325	10	0	0
0.0475	0.9375	10	0	0
0.0475	0.9425	10	0	0
0.0475	0.9475	10	0	0
0.0475	0.9525	10	0	0
0.0475	0.9575	10	0	0
0.0475	0.9625	10	0	0
0.0475	0.9675	10	0	0
0.0475	0.9725	10	0	0
0.0475	0.9775	10	0	0
0.0475	0.9825	10	0	0
0.0475	0.9875	10	0	0
0.0475	0.9925	10	0	0
0.0475	0.9975	10	0	0
0.0475	1.0025	10	0	0
0.0525	0.0075	10	0	0
0.0525	0.0125	10	0	0
0.0525	0.0175	10	0	0
0.0525	0.0225	10	0	0
0.0525	0.0275	10	0	0
0.0525	0.0325	10	0	0
0.0525	0.0375	10	0	0
0.0525	0.0425	10	0	0
0.0525	0.0475	10	0	0
0.0525	0.0525	10	0	0
0.0525	0.0575	10	0	0
0.0525	0.0625	10	0	0
0.0525	0.0675	10	0	0
0.0525	0.0725	10	0	0
0.0525	0.0775	10	0	0
0.0525	0.0825	10	0	0
0.0525	0.0875	10	0	0
0.0525	0.0925	10	0	0
0.0525	0.0975	10	0	0
0.0525	0.1025	10	0	0
0.0525	0.1075	10	0	0
0.0525	0.1125	10	0	0
0.0525	0.1175	10	0	0
0.0525	0.1225	10	0	0
0.0525	0.1275	10	0	0
0.0525	0.1325	10	0	0
0.0525	0.1375	10	0	0
0.0525	0.1425	10	0	0
0.0525	0.1475	10	0	0
0.0525	0.1525	10	0	0
0.0525	0.1575	10	0	0
0.0525	0.1625	10	0	0
0.0525	0.1675	10	0	0
0.0525	0.1725	10	0	0
0.0525	0.1775	10	0	0
0.0525	0.1825	10	0	0
0.0525	0.1875	10	0	0
0.0525	0.1925	10	0	0
0.0525	0.1975	10	0	0
0.0525	0.2025	10	0	0
0.0525	0.2075	10	0	0
0.0525	0.2125	10	0	0
0.0525	0.2175	10	0	0
0.0525	0.2225	10	0	0
0.0525	0.2275	10	0	0
0.0525	0.2325	10	0	0
0.0525	0.2375	10	0	0
0.0525	0.2425	10	0	0
0.0525	0.2475	10	0	0
0.0525	0.2525	10	0	0
0.0525	0.2575	10	0	0
0.0525	0.2625	10	0	0
0.0525	0.2675	10	0	0
0.0525	0.2725	10	0	0
0.0525	0.2775	10	0	0
0.0525	0.2825	10	0	0
0.0525	0.2875	10	0	0
0.0525	0.2925	10	0	0
0.0525	0.2975	10	0	0
0.0525	0.3025	10	0	0
0.0525	0.3075	10	0	0
0.0525	0.3125	10	0	0
0.0525	0.3175	10	0	0
0.0525	0.3225	10	0	0
0.0525	0.3275	10	0	0
0.0525	0.3325	10	0	0
0.0525	0.3375	10	0	0
0.0525	0.3425	10	0	0
0.0525	0.3475	10	0	0
0.0525	0.3525	10	0	0
0.0525	0.3575	10	0	0
0.0525	0.3625	10	0	0
0.0525	0.3675	10	0	0
0.0525	0.3725	10	0	0
0.0525	0.3775	10	0	0
0.0525	0.3825	10	0	0
0.0525	0.3875	10	0	0
0.0525	0.3925	10	0	0
0.0525	0.3975	10	0	0
0.0525	0.4025	10	0	0
0.0525	0.4075	10	0	0
0.0525	0.4125	10	0	0
0.0525	0.4175	10	0	0
0.0525	0.4225	10	0	0
0.0525	0.4275	10	0	0
0.0525	0.4325	10	0	0
0.0525	0.4375	10	0	0
0.0525	0.4425	10	0	0
0.0525	0.4475	10	0	0
0.0525	0.4525	10	0	0
0.0525	0.4575	10	0	0
0.0525	0.4625	10	0	0
0.0525	0.4675	10	0	0
0.0525	0.4725	10	0	0
0.0525	0.4775	10	0	0
0.0525	0.4825	10	0	0
0.0525	0.4875	10	0	0
0.0525	0.4925	10	0	0
0.0525	0.4975	10	0	0
0.0525	0.5025	10	0	0
0.0525	0.5075	10	0	0
0.0525	0.5125	10	0	0
0.0525	0.5175	10	0	0
0.0525	0.5225	10	0	0
0.0525	0.5275	10	0	0
0.0525	0.5325	10	0	0
0.0525	0.5375	10	0	0
0.0525	0.5425	10	0	0
0.0525	0.5475	10	0	0
0.0525	0.5525	10	0	0
0.0525	0.5575	10	0	0
0.0525	0.5625	10	0	0
0.0525	0.5675	10	0	0
0.0525	0.5725	10	0	0
0.0525	0.5775	10	0	0
0.0525	0.5825	10	0	0
0.0525	0.5875	10	0	0
0.0525	0.5925	10	0	0
0.0525	0.5975	10	0	0
0.0525	0.6025	10	0	0
0.0525	0.6075	10	0	0
0.0525	0.6125	10	0	0
0.0525	0.6175	10	0	0
0.0525	0.6225	10	0	0
0.0525	0.6275	10	0	0
0.0525	0.6325	10	0	0
0.0525	0.6375	10	0	0
0.0525	0.6425	10	0	0
0.0525	0.6475	10	0	0
0.0525	0.6525	10	0	0
0.0525	0.6575	10	0	0
0.0525	0.6625	10	0	0
0.0525	0.6675	10	0	0
0.0525	0.6725	10	0	0
0.0525	0.6775	10	0	0
0.0525	0.6825	10	0	0
0.0525	0.6875	10	0	0
0.0525	0.6925	10	0	0
0.0525	0.6975	10	0	0
0.0525	0.7025	10	0	0
0.0525	0.7075	10	0	0
0.0525	0.7125	10	0	0
0.0525	0.7175	10	0	0
0.0525	0.7225	10	0	0
0.0525	0.7275	10	0	0
0.0525	0.7325	10	0	0
0.0525	0.7375	10	0	0
0.0525	0.7425	10	0	0
0.0525	0.7475	10	0	0
0.0525	0.7525	10	0	0
0.0525	0.7575	10	0	0
0.0525	0.7625	10	0	0
0.0525	0.7675	10	0	0
0.0525	0.7725	10	0	0
0.0525	0.7775	10	0	0
0.0525	0.7825	10	0	0
0.0525	0.7875	10	0	0
0.0525	0.7925	10	0	0
0.0525	0.7975	10	0	0
0.0525	0.8025	10	0	0
0.0525	0.8075	10	0	0
0.0525	0.8125	10	0	0
0.0525	0.8175	10	0	0
0.0525	0.8225	10	0	0
0.0525	0.8275	10	0	0
0.0525	0.8325	10	0	0
0.0525	0.8375	10	0	0
0.0525	0.8425	10	0	0
0.0525	0.8475	10	0	0
0.0525	0.8525	10	0	0
0.0525	0.8575	10	0	0
0.0525	0.8625	10	0	0
0.0525	0.8675	10	0	0
0.0525	0.8725	10	0	0
0.0525	0.8775	10	0	0
0.0525	0.8825	10	0	0
0.0525	0.8875	10	0	0
0.0525	0.8925	10	0	0
0.0525	0.8975	10	0	0
0.0525	0.9025	10	0	0
0.0525	0.9075	10	0	0
0.0525	0.9125	10	0	0
0.0525	0.9175	10	0	0
0.0525	0.9225	10	0	0
0.0525	0.9275	10	0	0
0.0525	0.9325	10	0	0
0.0525	0.9375	10	0	0
0.0525	0.9425	10	0	0
0.0525	0.9475	10	0	0
0.0525	0.9525	10	0	0
0.0525	0.9575	10	0	0
0.0525	0.9625	10	0	0
0.0525	0.9675	10	0	0
0.0525	0.9725	10	0	0
0.0525	0.9775	10	0	0
0.0525	0.9825	10	0	0
0.0525	0.9875	10	0	0
0.0525	0.9925	10	0	0
0.0525	0.9975	10	0	0
0.0525	1.0025	10	0	0
0.0575	0.0075	10	0	0
0.0575	0.0125	10	0	0
0.0575	0.0175	10	0	0
0.0575	0.0225	10	0	0
0.0575	0.0275	10	0	0
0.0575	0.0325	10	0	0
0.0575	0.0375	10	0	0
0.0575	0.0425	10	0	0
0.0575	0.0475	10	0	0
0.0575	0.0525	10	0	0
0.0575	0.0575	10	0	0
0.0575	0.0625	10	0	0
0.0575	0.0675	10	0	0
0.0575	0.0725	10	0	0
0.0575	0.0775	10	0	0
0.0575	0.0825	10	0	0
0.0575	0.0875	10	0	0
0.0575	0.0925	10	0	0
0.0575	0.0975	10	0	0
0.0575	0.1025	10	0	0
0.0575	0.1075	10	0	0
0.0575	0.1125	10	0	0
0.0575	0.1175	10	0	0
0.0575	0.1225	10	0	0
0.0575	0.1275	10	0	0
0.0575	0.1325	10	0	0
0.0575	0.1375	10	0	0
0.0575	0.1425	10	0	0
0.0575	0.1475	10	0	0
0.0575	0.1525	10	0	0
0.0575	0.1575	10	0	0
0.0575	0.1625	10	0	0
0.0575	0.1675	10	0	0
0.0575	0.1725	10	0	0
0.0575	0.1775	10	0	0
0.0575	0.1825	10	0	0
0.0575	0.1875	10	0	0
0.0575	0.1925	10	0	0
0.0575	0.1975	10	0	0
0.0575	0.2025	10	0	0
0.0575	0.2075	10	0	0
0.0575	0.2125	10	0	0
0.0575	0.2175	10	0	0
0.0575	0.2225	10	0	0
0.0575	0.2275	10	0	0
0.0575	0.2325	10	0	0
0.0575	0.2375	10	0	0
0.0575	0.2425	10	0	0
0.0575	0.2475	10	0	0
0.0575	0.2525	10	0	0
0.0575	0.2575	10	0	0
0.0575	0.2625	10	0	0
0.0575	0.2675	10	0	0
0.0575	0.2725	10	0	0
0.0575	0.2775	10	0	0
0.0575	0.2825	10	0	0
0.0575	0.2875	10	0	0
0.0575	0.2925	10	0	0
0.0575	0.2975	10	0	0
0.0575	0.3025	10	0	0
0.0575	0.3075	10	0	0
0.0575	0.3125	10	0	0
0.0575	0.3175	10	0	0
0.0575	0.3225	10	0	0
0.0575	0.3275	10	0	0
0.0575	0.3325	10	0	0
0.0575	0.3375	10	0	0
0.0575	0.3425	10	0	0
0.0575	0.3475	10	0	0
0.0575	0.3525	10	0	0
0.0575	0.3575	10	0	0
0.0575	0.3625	10	0	0
0.0575	0.3675	10	0	0
0.0575	0.3725	10	0	0
0.0575	0.3775	10	0	0
0.0575	0.3825	10	0	0
0.0575	0.3875	10	0	0
0.0575	0.3925	10	0	0
0.0575	0.3975	10	0	0
0.0575	0.4025	10	0	0
0.0575	0.4075	10	0	0
0.0575	0.4125	10	0	0
0.0575	0.4175	10	0	0
0.0575	0.4225	10	0	0
0.0575	0.4275	10	0	0
0.0575	0.4325	10	0	0
0.0575	0.4375	10	0	0
0.0575	0.4425	10	0	0
0.0575	0.4475	10	0	0
0.0575	0.4525	10	0	0
0.0575	0.4575	10	0	0
0.0575	0.4625	10	0	0
0.0575	0.4675	10	0	0
0.0575	0.4725	10	0	0
0.0575	0.4775	10	0	0
0.0575	0.4825	10	0	0
0.0575	0.4875	10	0	0
0.0575	0.4925	10	0	0
0.0575	0.4975	10	0	0
0.0575	0.5025	10	0	0
0.0575	0.5075	10	0	0
0.0575	0.5125	10	0	0
0.0575	0.5175	10	0	0
0.0575	0.5225	10	0	0
0.0575	0.5275	10	0	0
0.0575	0.5325	10	0	0
0.0575	0.5375	10	0	0
0.0575	0.5425	10	0	0
0.0575	0.5475	10	0	0
0.0575	0.5525	10	0	0
0.0575	0.5575	10	0	0
0.0575	0.5625	10	0	0
0.0575	0.5675	10	0	0
0.0575	0.5725	10	0	0
0.0575	0.5775	10	0	0
0.0575	0.5825	10	0	0
0.0575	0.5875	10	0	0
0.0575	0.5925	10	0	0
0.0575	0.5975	10	0	0
0.0575	0.6025	10	0	0
0.0575	0.6075	10	0	0
0.0575	0.6125	10	0	0
0.0575	0.6175	10	0	0
0.0575	0.6225	10	0	0
0.0575	0.6275	10	0	0
0.0575	0.6325	10	0	0
0.0575	0.6375	10	0	0
0.0575	0.6425	10	0	0
0.0575	0.6475	10	0	0
0.0575	0.6525	10	0	0
0.0575	0.6575	10	0	0
0.0575	0.6625	10	0	0
0.0575	0.6675	10	0	0
0.0575	0.6725	10	0	0
0.0575	0.6775	10	0	0
0.0575	0.6825	10	0	0
0.0575	0.6875	10	0	0
0.0575	0.6925	10	0	0
0.0575	0.6975	10	0	0
0.0575	0.7025	10	0	0
0.0575	0.7075	10	0	0
0.0575	0.7125	10	0	0
0.0575	0.7175	10	0	0
0.0575	0.7225	10	0	0
0.0575	0.7275	10	0	0
0.0575	0.7325	10	0	0
0.0575	0.7375	10	0	0
0.0575	0.7425	10	0	0
0.0575	0.7475	10	0	0
0.0575	0.7525	10	0	0
0.0575	0.7575	10	0	0
0.0575	0.7625	10	0	0
0.0575	0.7675	10	0	0
0.0575	0.7725	10	0	0
0.0575	0.7775	10	0	0
0.0575	0.7825	10	0	0
0.0575	0.7875	10	0	0
0.0575	0.7925	10	0	0
0.0575	0.7975	10	0	0
0.0575	0.8025	10	0	0
0.0575	0.8075	10	0	0
0.0575	0.8125	10	0	0
0.0575	0.8175	10	0	0
0.0575	0.8225	10	0	0
0.0575	0.8275	10	0	0
0.0575	0.8325	10	0	0
0.0575	0.8375	10	0	0
0.0575	0.8425	10	0	0
0.0575	0.8475	10	0	0
0.0575	0.8525	10	0	0
0.0575	0.8575	10	0	0
0.0575	0.8625	10	0	0
0.0575	0.8675	10	0	0
0.0575	0.8725	10	0	0
0.0575	0.8775	10	0	0
0.0575	0.8825	10	0	0
0.0575	0.8875	10	0	0
0.0575	0.8925	10	0	0
0.0575	0.8975	10	0	0
0.0575	0.9025	10	0	0
0.0575	0.9075	10	0	0
0.0575	0.9125	10	0	0
0.0575	0.9175	10	0	0
0.0575	0.9225	10	0	0
0.0575	0.9275	10	0	0
0.0575	0.9325	10	0	0
0.0575	0.9375	10	0	0
0.0575	0.9425	10	0	0
0.0575	0.9475	10	0	0
0.0575	0.9525	10	0	0
0.0575	0.9575	10	0	0
0.0575	0.9625	10	0	0
0.0575	0.9675	10	0	0
0.0575	0.9725	10	0	0
0.0575	0.9775	10	0	0
0.0575	0.9825	10	0	0
0.0575	0.9875	10	0	0
0.0575	0.9925	10	0	0
0.0575	0.9975	10	0	0
0.0575	1.0025	10	0	0
0.0625	0.0075	10	0	0
0.0625	0.0125	10	0	0
0.0625	0.0175	10	0	0
0.0625	0.0225	10	0	0
0.0625	0.0275	10	0	0
0.0625	0.0325	10	0	0
0.0625	0.0375	10	0	0
0.0625	0.0425	10	0	0
0.0625	0.0475	10	0	0
0.0625	0.0525	10	0	0
0.0625	0.0575	10	0	0
0.0625	0.0625	10	0	0
0.0625	0.0675	10	0	0
0.0625	0.0725	10	0	0
0.0625	0.0775	10	0	0
0.0625	0.0825	10	0	0
0.0625	0.0875	10	0	0
0.0625	0.0925	10	0	0
0.0625	0.0975	10	0	0
0.0625	0.1025	10	0	0
0.0625	0.1075	10	0	0
0.0625	0.1125	10	0	0
0.0625	0.1175	10	0	0
0.0625	0.1225	10	0	0
0.0625	0.1275	10	0	0
0.0625	0.1325	10	0	0
0.0625	0.1375	10	0	0
0.0625	0.1425	10	0	0
0.0625	0.1475	10	0	0
0.0625	0.1525	10	0	0
0.0625	0.1575	10	0	0
0.0625	0.1625	10	0	0
0.0625	0.1675	10	0	0
0.0625	0.1725	10	0	0
0.0625	0.1775	10	0	0
0.0625	0.1825	10	0	0
0.0625	0.1875	10	0	0
0.0625	0.1925	10	0	0
0.0625	0.1975	10	0	0
0.0625	0.2025	10	0	0
0.0625	0.2075	10	0	0
0.0625	0.2125	10	0	0
0.0625	0.2175	10	0	0
0.0625	0.2225	10	0	0
0.0625	0.2275	10	0	0
0.0625	0.2325	10	0	0
0.0625	0.2375	10	0	0
0.0625	0.2425	10	0	0
0.0625	0.2475	10	0	0
0.0625	0.2525	10	0	0
0.0625	0.2575	10	0	0
0.0625	0.2625	10	0	0
0.0625	0.2675	10	0	0
0.0625	0.2725	10	0	0
0.0625	0.2775	10	0	0
0.0625	0.2825	10	0	0
0.0625	0.2875	10	0	0
0.0625	0.2925	10	0	0
0.0625	0.2975	10	0	0
0.0625	0.3025	10	0	0
0.0625	0.3075	10	0	0
0.0625	0.3125	10	0	0
0.0625	0.3175	10	0	0
0.0625	0.3225	10	0	0
0.0625	0.3275	10	0	0
0.0625	0.3325	10	0	0
0.0625	0.3375	10	0	0
0.0625	0.3425	10	0	0
0.0625	0.3475	10	0	0
0.0625	0.3525	10	0	0
0.0625	0.3575	10	0	0
0.0625	0.3625	10	0	0
0.0625	0.3675	10	0	0
0.0625	0.3725	10	0	0
0.0625	0.3775	10	0	0
0.0625	0.3825	10	0	0
0.0625	0.3875	10	0	0
0.0625	0.3925	10	0	0
0.0625	0.3975	10	0	0
0.0625	0.4025	10	0	0
0.0625	0.4075	10	0	0
0.0625	0.4125	10	0	0
0.0625	0.4175	10	0	0
0.0625	0.4225	10	0	0
0.0625	0.4275	10	0	0
0.0625	0.4325	10	0	0
0.0625	0.4375	10	0	0
0.0625	0.4425	10	0	0
0.0625	0.4475	10	0	0
0.0625	0.4525	10	0	0
0.0625	0.4575	10	0	0
0.0625	0.4625	10	0	0
0.0625	0.4675	10	0	0
0.0625	0.4725	10	0	0
0.0625	0.4775	10	0	0
0.0625	0.4825	10	0	0
0.0625	0.4875	10	0	0
0.0625	0.4925	10	0	0
0.0625	0.4975	10	0	0
0.0625	0.5025	10	0	0
0.0625	0.5075	10	0	0
0.0625	0.5125	10	0	0
0.0625	0.5175	10	0	0
0.0625	0.5225	10	0	0
0.0625	0.5275	10	0	0
0.0625	0.5325	10	0	0
0.0625	0.5375	10	0	0
0.0625	0.5425	10	0	0
0.0625	0.5475	10	0	0
0.0625	0.5525	10	0	0
0.0625	0.5575	10	0	0
0.0625	0.5625	10	0	0
0.0625	0.5675	10	0	0
0.0625	0.5725	10	0	0
0.0625	0.5775	10	0	0
0.0625	0.5825	10	0	0
0.0625	0.5875	10	0	0
0.0625	0.5925	10	0	0
0.0625	0.5975	10	0	0
0.0625	0.6025	10	0	0
0.0625	0.6075	10	0	0
0.0625	0.6125	10	0	0
0.0625	0.6175	10	0	0
0.0625	0.6225	10	0	0
0.0625	0.6275	10	0	0
0.0625	0.6325	10	0	0
0.0625	0.6375	10	0	0
0.0625	0.6425	10	0	0
0.0625	0.6475	10	0	0
0.0625	0.6525	10	0	0
0.0625	0.6575	10	0	0
0.0625	0.6625	10	0	0
0.0625	0.6675	10	0	0
0.0625	0.6725	10	0	0
0.0625	0.6775	10	0	0
0.0625	0.6825	10	0	0
0.0625	0.6875	10	0	0
0.0625	0.6925	10	0	0
0.0625	0.6975	10	0	0
0.0625	0.7025	10	0	0
0.0625	0.7075	10	0	0
0.0625	0.7125	10	0	0
0.0625	0.7175	10	0	0
0.0625	0.7225	10	0	0
0.0625	0.7275	10	0	0
0.0625	0.7325	10	0	0
0.0625	0.7375	10	0	0
0.0625	0.7425	10	0	0
0.0625	0.7475	10	0	0
0.0625	0.7525	10	0	0
0.0625	0.7575	10	0	0
0.0625	0.7625	10	0	0
0.0625	0.7675	10	0	0
0.0625	0.7725	10	0	0
0.0625	0.7775	10	0	0
0.0625	0.7825	10	0	0
0.0625	0.7875	10	0	0
0.0625	0.7925	10	0	0
0.0625	0.7975	10	0	0
0.0625	0.8025	10	0	0
0.0625	0.8075	10	0	0
0.0625	0.8125	10	0	0
0.0625	0.8175	10	0	0
0.0625	0.8225	10	0	0
0.0625	0.8275	10	0	0
0.0625	0.8325	10	0	0
0.0625	0.8375	10	0	0
0.0625	0.8425	10	0	0
0.0625	0.8475	10	0	0
0.0625	0.8525	10	0	0
0.0625	0.8575	10	0	0
0.0625	0.8625	10	0	0
0.0625	0.8675	10	0	0
0.0625	0.8725	10	0	0
0.0625	0.8775	10	0	0
0.0625	0.8825	10	0	0
0.0625	0.8875	10	0	0
0.0625	0.8925	10	0	0
0.0625	0.8975	10	0	0
0.0625	0.9025	10	0	0
0.0625	0.9075	10	0	0
0.0625	0.9125	10	0	0
0.0625	0.9175	10	0	0
0.0625	0.9225	10	0	0
0.0625	0.9275	10	0	0
0.0625	0.9325	10	0	0
0.0625	0.9375	10	0	0
0.0625	0.9425	10	0	0
0.0625	0.9475	10	0	0
0.0625	0.9525	10	0	0
0.0625	0.9575	10	0	0
0.0625	0.9625	10	0	0
0.0625	0.9675	10	0	0
0.0625	0.9725	10	0	0
0.0625	0.9775	10	0	0
0.0625	0.9825	10	0	0
0.0625	0.9875	10	0	0
0.0625	0.9925	10	0	0
0.0625	0.9975	10	0	0
0.0625	1.0025	10	0	0
0.0675	0.0075	10	0	0
0.0675	0.0125	10	0	0
0.0675	0.0175	10	0	0
0.0675	0.0225	10	0	0
0.0675	0.0275	10	0	0
0.0675	0.0325	10	0	0
0.0675	0.0375	10	0	0
0.0675	0.0425	10	0	0
0.0675	0.0475	10	0	0
0.0675	0.0525	10	0	0
0.0675	0.0575	10	0	0
0.0675	0.0625	10	0	0
0.0675	0.0675	10	0	0
0.0675	0.0725	10	0	0
0.0675	0.0775	10	0	0
0.0675	0.0825	10	0	0
0.0675	0.0875	10	0	0
0.0675	0.0925	10	0	0
0.0675	0.0975	10	0	0
0.0675	0.1025	10	0	0
0.0675	0.1075	10	0	0
0.0675	0.1125	10	0	0
0.0675	0.1175	10	0	0
0.0675	0.1225	10	0	0
0.0675	0.1275	10	0	0
0.0675	0.1325	10	0	0
0.0675	0.1375	10	0	0
0.0675	0.1425	10	0	0
0.0675	0.1475	10	0	0
0.0675	0.1525	10	0	0
0.0675	0.1575	10	0	0
0.0675	0.1625	10	0	0
0.0675	0.1675	10	0	0
0.0675	0.1725	10	0	0
0.0675	0.1775	10	0	0
0.0675	0.1825	10	0	0
0.0675	0.1875	10	0	0
0.0675	0.1925	10	0	0
0.0675	0.1975	10	0	0
0.0675	0.2025	10	0	0
0.0675	0.2075	10	0	0
0.0675	0.2125	10	0	0
0.0675	0.2175	10	0	0
0.0675	0.2225	10	0	0
0.0675	0.2275	10	0	0
0.0675	0.2325	10	0	0
0.0675	0.2375	10	0	0
0.0675	0.2425	10	0	0
0.0675	0.2475	10	0	0
0.0675	0.2525	10	0	0
0.0675	0.2575	10	0	0
0.0675	0.2625	10	0	0
0.0675	0.2675	10	0	0
0.0675	0.2725	10	0	0
0.0675	0.2775	10	0	0
0.0675	0.2825	10	0	0
0.0675	0.2875	10	0	0
0.0675	0.2925	10	0	0
0.0675	0.2975	10	0	0
0.0675	0.3025	10	0	0
0.0675	0.3075	10	0	0
0.0675	0.3125	10	0	0
0.0675	0.3175	10	0	0
0.0675	0.3225	10	0	0
0.0675	0.3275	10	0	0
0.0675	0.3325	10	0	0
0.0675	0.3375	10	0	0
0.0675	0.3425	10	0	0
0.0675	0.3475	10	0	0
0.0675	0.3525	10	0	0
0.0675	0.3575	10	0	0
0.0675	0.3625	10	0	0
0.0675	0.3675	10	0	0
0.0675	0.3725	10	0	0
0.0675	0.3775	10	0	0
0.0675	0.3825	10	0	0
0.0675	0.3875	10	0	0
0.0675	0.3925	10	0	0
0.0675	0.3975	10	0	0
0.0675	0.4025	10	0	0
0.0675	0.4075	10	0	0
0.0675	0.4125	10	0	0
0.0675	0.4175	10	0	0
0.0675	0.4225	10	0	0
0.0675	0.4275	10	0	0
0.0675	0.4325	10	0	0
0.0675	0.4375	10	0	0
0.0675	0.4425	10	0	0
0.0675	0.4475	10	0	0
0.0675	0.4525	10	0	0
0.0675	0.4575	10	0	0
0.0675	0.4625	10	0	0
0.0675	0.4675	10	0	0
0.0675	0.4725	10	0	0
0.0675	0.4775	10	0	0
0.0675	0.4825	10	0	0
0.0675	0.4875	10	0	0
0.0675	0.4925	10	0	0
0.0675	0.4975	10	0	0
0.0675	0.5025	10	0	0
0.0675	0.5075	10	0	0
0.0675	0.5125	10	0	0
0.0675	0.5175	10	0	0
0.0675	0.5225	10	0	0
0.0675	0.5275	10	0	0
0.0675	0.5325	10	0	0
0.0675	0.5375	10	0	0
0.0675	0.5425	10	0	0
0.0675	0.5475	10	0	0
0.0675	0.5525	10	0	0
0.0675	0.5575	10	0	0
0.0675	0.5625	10	0	0
0.0675	0.5675	10	0	0
0.0675	0.5725	10	0	0
0.0675	0.5775	10	0	0
0.0675	0.5825	10	0	0
0.0675	0.5875	10	0	0
0.0675	0.5925	10	0	0
0.0675	0.5975	10	0	0
0.0675	0.6025	10	0	0
0.0675	0.6075	10	0	0
0.0675	0.6125	10	0	0
0.0675	0.6175	10	0	0
0.0675	0.6225	10	0	0
0.0675	0.6275	10	0	0
0.0675	0.6325	10	0	0
0.0675	0.6375	10	0	0
0.0675	0.6425	10	0	0
0.0675	0.6475	10	0	0
0.0675	0.6525	10	0	0
0.0675	0.6575	10	0	0
0.0675	0.6625	10	0	0
0.0675	0.6675	10	0	0
0.0675	0.6725	10	0	0
0.0675	0.6775	10	0	0
0.0675	0.6825	10	0	0
0.0675	0.6875	10	0	0
0.0675	0.6925	10	0	0
0.0675	0.6975	10	0	0
0.0675	0.7025	10	0	0
0.0675	0.7075	10	0	0
0.0675	0.7125	10	0	0
0.0675	0.7175	10	0	0
0.0675	0.7225	10	0	0
0.0675	0.7275	10	0	0
0.0675	0.7325	10	0	0
0.0675	0.7375	10	0	0
0.0675	0.7425	10	0	0
0.0675	0.7475	10	0	0
0.0675	0.7525	10	0	0
0.0675	0.7575	10	0	0
0.0675	0.7625	10	0	0
0.0675	0.7675	10	0	0
0.0675	0.7725	10	0	0
0.0675	0.7775	10	0	0
0.0675	0.7825	10	0	0
0.0675	0.7875	10	0	0
0.0675	0.7925	10	0	0
0.0675	0.7975	10	0	0
0.0675	0.8025	10	0	0
0.0675	0.8075	10	0	0
0.0675	0.8125	10	0	0
0.0675	0.8175	10	0	0
0.0675	0.8225	10	0	0
0.0675	0.8275	10	0	0
0.0675	0.8325	10	0	0
0.0675	0.8375	10	0	0
0.0675	0.8425	10	0	0
0.0675	0.8475	10	0	0
0.0675	0.8525	10	0	0
0.0675	0.8575	10	0	0
0.0675	0.8625	10	0	0
0.0675	0.8675	10	0	0
0.0675	0.8725	10	0	0
0.0675	0.8775	10	0	0
0.0675	0.8825	10	0	0
0.0675	0.8875	10	0	0
0.0675	0.8925	10	0	0
0.0675	0.8975	10	0	0
0.0675	0.9025	10	0	0
0.0675	0.9075	10	0	0
0.0675	0.9125	10	0	0
0.0675	0.9175	10	0	0
0.0675	0.9225	10	0	0
0.0675	0.9275	10	0	0
0.0675	0.9325	10	0	0
0.0675	0.9375	10	0	0
0.0675	0.9425	10	0	0
0.0675	0.9475	10	0	0
0.0675	0.9525	10	0	0
0.0675	0.9575	10	0	0
0.0675	0.9625	10	0	0
0.0675	0.9675	10	0	0
0.0675	0.9725	10	0	0
0.0675	0.9775	10	0	0
0.0675	0.9825	10	0	0
0.0675	0.9875	10	0	0
0.0675	0.9925	10	0	0
0.0675	0.9975	10	0	0
0.0675	1.0025	10	0	0
0.0725	0.0075	10	0	0
0.0725	0.0125	10	0	0
0.0725	0.0175	10	0	0
0.0725	0.0225	10	0	0
0.0725	0.0275	10	0	0
0.0725	0.0325	10	0	0
0.0725	0.0375	10	0	0
0.0725	0.0425	10	0	0
0.0725	0.0475	10	0	0
0.0725	0.0525	10	0	0
0.0725	0.0575	10	0	0
0.0725	0.0625	10	0	0
0.0725	0.0675	10	0	0
0.0725	0.0725	10	0	0
0.0725	0.0775	10	0	0
0.0725	0.0825	10	0	0
0.0725	0.0875	10	0	0
0.0725	0.0925	10	0	0
0.0725	0.0975	10	0	0
0.0725	0.1025	10	0	0
0.0725	0.1075	10	0	0
0.0725	0.1125	10	0	0
0.0725	0.1175	10	0	0
0.0725	0.1225	10	0	0
0.0725	0.1275	10	0	0
0.0725	0.1325	10	0	0
0.0725	0.1375	10	0	0
0.0725	0.1425	10	0	0
0.0725	0.1475	10	0	0
0.0725	0.1525	10	0	0
0.0725	0.1575	10	0	0
0.0725	0.1625	10	0	0
0.0725	0.1675	10	0	0
0.0725	0.1725	10	0	0
0.0725	0.1775	10	0	0
0.0725	0.1825	10	0	0
0.0725	0.1875	10	0	0
0.0725	0.1925	10	0	0
0.0725	0.1975	10	0	0
0.0725	0.2025	10	0	0
0.0725	0.2075	10	0	0
0.0725	0.2125	10	0	0
0.0725	0.2175	10	0	0
0.0725	0.2225	10	0	0
0.0725	0.2275	10	0	0
0.0725	0.2325	10	0	0
0.0725	0.2375	10	0	0
0.0725	0.2425	10	0	0
0.0725	0.2475	10	0	0
0.0725	0.2525	10	0	0
0.0725	0.2575	10	0	0
0.0725	0.2625	10	0	0
0.0725	0.2675	10	0	0
0.0725	0.2725	10	0	0
0.0725	0.2775	10	0	0
0.0725	0.2825	10	0	0
0.0725	0.2875	10	0	0
0.0725	0.2925	10	0	0
0.0725	0.2975	10	0	0
0.0725	0.3025	10	0	0
0.0725	0.3075	10	0	0
0.0725	0.3125	10	0	0
0.0725	0.3175	10	0	0
0.0725	0.3225	10	0	0
0.0725	0.3275	10	0	0
0.0725	0.3325	10	0	0
0.0725	0.3375	10	0	0
0.0725	0.3425	10	0	0
0.0725	0.3475	10	0	0
0.0725	0.3525	10	0	0
0.0725	0.3575	10	0	0
0.0725	0.3625	10	0	0
0.0725	0.3675	10	0	0
0.0725	0.3725	10	0	0
0.0725	0.3775	10	0	0
0.0725	0.3825	10	0	0
0.0725	0.3875	10	0	0
0.0725	0.3925	10	0	0
0.0725	0.3975	10	0	0
0.0725	0.4025	10	0	0
0.0725	0.4075	10	0	0
0.0725	0.4125	10	0	0
0.0725	0.4175	10	0	0
0.0725	0.4225	10	0	0
0.0725	0.4275	10	0	0
0.0725	0.4325	10	0	0
0.0725	0.4375	10	0	0
0.0725	0.4425	10	0	0
0.0725	0.4475	10	0	0
0.0725	0.4525	10	0	0
0.0725	0.4575	10	0	0
0.0725	0.4625	10	0	0
0.0725	0.4675	10	0	0
0.0725	0.4725	10	0	0
0.0725	0.4775	10	0	0
0.0725	0.4825	10	0	0
0.0725	0.4875	10	0	0
0.0725	0.4925	10	0	0
0.0725	0.4975	10	0	0
0.0725	0.5025	10	0	0
0.0725	0.5075	10	0	0
0.0725	0.5125	10	0	0
0.0725	0.5175	10	0	0
0.0725	0.5225	10	0	0
0.0725	0.5275	10	0	0
0.0725	0.5325	10	0	0
0.0725	0.5375	10	0	0
0.0725	0.5425	10	0	0
0.0725	0.5475	10	0	0
0.0725	0.5525	10	0	0
0.0725	0.5575	10	0	0
0.0725	0.5625	10	0	0
0.0725	0.5675	10	0	0
0.0725	0.5725	10	0	0
0.0725	0.5775	10	0	0
0.0725	0.5825	10	0	0
0.0725	0.5875	10	0	0
0.0725	0.5925	10	0	0
0.0725	0.5975	10	0	0
0.0725	0.6025	10	0	0
0.0725	0.6075	10	0	0
0.0725	0.6125	10	0	0
0.0725	0.6175	10	0	0
0.0725	0.6225	10	0	0
0.0725	0.6275	10	0	0
0.0725	0.6325	10	0	0
0.0725	0.6375	10	0	0
0.0725	0.6425	10	0	0
0.0725	0.6475	10	0	0
0.0725	0.6525	10	0	0
0.0725	0.6575	10	0	0
0.0725	0.6625	10	0	0
0.0725	0.6675	10	0	0
0.0725	0.6725	10	0	0
0.0725	0.6775	10	0	0
0.0725	0.6825	10	0	0
0.0725	0.6875	10	0	0
0.0725	0.6925	10	0	0
0.0725	0.6975	10	0	0
0.0725	0.7025	10	0	0
0.0725	0.7075	10	0	0
0.0725	0.7125	10	0	0
0.0725	0.7175	10	0	0
0.0725	0.7225	10	0	0
0.0725	0.7275	10	0	0
0.0725	0.7325	10	0	0
0.0725	0.7375	10	0	0
0.0725	0.7425	10	0	0
0.0725	0.7475	10	0	0
0.0725	0.7525	10	0	0
0.0725	0.7575	10	0	0
0.0725	0.7625	10	0	0
0.0725	0.7675	10	0	0
0.0725	0.7725	10	0	0
0.0725	0.7775	10	0	0
0.0725	0.7825	10	0	0
0.0725	0.7875	10	0	0
0.0725	0.7925	10	0	0
0.0725	0.7975	10	0	0
0.0725	0.8025	10	0	0
0.0725	0.8075	10	0	0
0.0725	0.8125	10	0	0
0.0725	0.8175	10	0	0
0.0725	0.8225	10	0	0
0.0725	0.8275	10	0	0
0.0725	0.8325	10	0	0
0.0725	0.8375	10	0	0
0.0725	0.8425	10	0	0
0.0725	0.8475	10	0	0
0.0725	0.8525	10	0	0
0.0725	0.8575	10	0	0
0.0725	0.8625	10	0	0
0.0725	0.8675	10	0	0
0.0725	0.8725	10	0	0
0.0725	0.8775	10	0	0
0.0725	0.8825	10	0	0
0.0725	0.8875	10	0	0
0.0725	0.8925	10	0	0
0.0725	0.8975	10	0	0
0.0725	0.9025	10	0	0
0.0725	0.9075	10	0	0
0.0725	0.9125	10	0	0
0.0725	0.9175	10	0	0
0.0725	0.9225	10	0	0
0.0725	0.9275	10	0	0
0.0725	0.9325	10	0	0
0.0725	0.9375	10	0	0
0.0725	0.9425	10	0	0
0.0725	0.9475	10	0	0
0.0725	0.9525	10	0	0
0.0725	0.9575	10	0	0
0.0725	0.9625	10	0	0
0.0725	0.9675	10	0	0
0.0725	0.9725	10	0	0
0.0725	0.9775	10	0	0
0.0725	0.9825	10	0	0
0.0725	0.9875	10	0	0
0.0725	0.9925	10	0	0
0.0725	0.9975	10	0	0
0.0725	1.0025	10	0	0
0.0775	0.0075	10	0	0
0.0775	0.0125	10	0	0
0.0775	0.0175	10	0	0
0.0775	0.0225	10	0	0
0.0775	0.0275	10	0	0
0.0775	0.0325	10	0	0
0.0775	0.0375	10	0	0
0.0775	0.0425	10	0	0
0.0775	0.0475	10	0	0
0.0775	0.0525	10	0	0
0.0775	0.0575	10	0	0
0.0775	0.0625	10	0	0
0.0775	0.0675	10	0	0
0.0775	0.0725	10	0	0
0.0775	0.0775	10	0	0
0.0775	0.0825	10	0	0
0.0775	0.0875	10	0	0
0.0775	0.0925	10	0	0
0.0775	0.0975	10	0	0
0.0775	0.1025	10	0	0
0.0775	0.1075	10	0	0
0.0775	0.1125	10	0	0
0.0775	0.1175	10	0	0
0.0775	0.1225	10	0	0
0.0775	0.1275	10	0	0
0.0775	0.1325	10	0	0
0.0775	0.1375	10	0	0
0.0775	0.1425	10	0	0
0.0775	0.1475	10	0	0
0.0775	0.1525	10	0	0
0.0775	0.1575	10	0	0
0.0775	0.1625	10	0	0
0.0775	0.1675	10	0	0
0.0775	0.1725	10	0	0
0.0775	0.1775	10	0	0
0.0775	0.1825	10	0	0
0.0775	0.1875	10	0	0
0.0775	0.1925	10	0	0
0.0775	0.1975	10	0	0
0.0775	0.2025	10	0	0
0.0775	0.2075	10	0	0
0.0775	0.2125	10	0	0
0.0775	0.2175	10	0	0
0.0775	0.2225	10	0	0
0.0775	0.2275	10	0	0
0.0775	0.2325	10	0	0
0.0775	0.2375	10	0	0
0.0775	0.2425	10	0	0
0.0775	0.2475	10	0	0
0.0775	0.2525	10	0	0
0.0775	0.2575	10	0	0
0.0775	0.2625	10	0	0
0.0775	0.2675	10	0	0
0.0775	0.2725	10	0	0
0.0775	0.2775	10	0	0
0.0775	0.2825	10	0	0
0.0775	0.2875	10	0	0
0.0775	0.2925	10	0	0
0.0775	0.2975	10	0	0
0.0775	0.3025	10	0	0
0.0775	0.3075	10	0	0
0.0775	0.3125	10	0	0
0.0775	0.3175	10	0	0
0.0775	0.3225	10	0	0
0.0775	0.3275	10	0	0
0.0775	0.3325	10	0	0
0.0775	0.3375	10	0	0
0.0775	0.3425	10	0	0
0.0775	0.3475	10	0	0
0.0775	0.3525	10	0	0
0.0775	0.3575	10	0	0
0.0775	0.3625	10	0	0
0.0775	0.3675	10	0	0
0.0775	0.3725	10	0	0
0.0775	0.3775	10	0	0
0.0775	0.3825	10	0	0
0.0775	0.3875	10	0	0
0.0775	0.3925	10	0	0
0.0775	0.3975	10	0	0
0.0775	0.4025	10	0	0
0.0775	0.4075	10	0	0
0.0775	0.4125	10	0	0
0.0775	0.4175	10	0	0
0.0775	0.4225	10	0	0
0.0775	0.4275	10	0	0
0.0775	0.4325	10	0	0
0.0775	0.4375	10	0	0
0.0775	0.4425	10	0	0
0.0775	0.4475	10	0	0
0.0775	0.4525	10	0	0
0.0775	0.4575	10	0	0
0.0775	0.4625	10	0	0
0.0775	0.4675	10	0	0
0.0775	0.4725	10	0	0
0.0775	0.4775	10	0	0
0.0775	0.4825	10	0	0
0.0775	0.4875	10	0	0
0.0775	0.4925	10	0	0
0.0775	0.4975	10	0	0
0.0775	0.5025	10	0	0
0.0775	0.5075	10	0	0
0.0775	0.5125	10	0	0
0.0775	0.5175	10	0	0
0.0775	0.5225	10	0	0
0.0775	0.5275	10	0	0
0.0775	0.5325	10	0	0
0.0775	0.5375	10	0	0
0.0775	0.5425	10	0	0
0.0775	0.5475	10	0	0
0.0775	0.5525	10	0	0
0.0775	0.5575	10	0	0
0.0775	0.5625	10	0	0
0.0775	0.5675	10	0	0
0.0775	0.5725	10	0	0
0.0775	0.5775	10	0	0
0.0775	0.5825	10	0	0
0.0775	0.5875	10	0	0
0.0775	0.5925	10	0	0
0.0775	0.5975	10	0	0
0.0775	0.6025	10	0	0
0.0775	0.6075	10	0	0
0.0775	0.6125	10	0	0
0.0775	0.6175	10	0	0
0.0775	0.6225	10	0	0
0.0775	0.6275	10	0	0
0.0775	0.6325	10	0	0
0.0775	0.6375	10	0	0
0.0775	0.6425	10	0	0
0.0775	0.6475	10	0	0
0.0775	0.6525	10	0	0
0.0775	0.6575	10	0	0
0.0775	0.6625	10	0	0
0.0775	0.6675	10	0	0
0.0775	0.6725	10	0	0
0.0775	0.6775	10	0	0
0.0775	0.6825	10	0	0
0.0775	0.6875	10	0	0
0.0775	0.6925	10	0	0
0.0775	0.6975	10	0	0
0.0775	0.7025	10	0	0
0.0775	0.7075	10	0	0
0.0775	0.7125	10	0	0
0.0775	0.7175	10	0	0
0.0775	0.7225	10	0	0
0.0775	0.7275	10	0	0
0.0775	0.7325	10	0	0
0.0775	0.7375	10	0	0
0.0775	0.7425	10	0	0
0.0775	0.7475	10	0	0
0.0775	0.7525	10	0	0
0.0775	0.7575	10	0	0
0.0775	0.7625	10	0	0
0.0775	0.7675	10	0	0
0.0775	0.7725	10	0	0
0.0775	0.7775	10	0	0
0.0775	0.7825	10	0	0
0.0775	0.7875	10	0	0
0.0775	0.7925	10	0	0
0.0775	0.7975	10	0	0
0.0775	0.8025	10	0	0
0.0775	0.8075	10	0	0
0.0775	0.8125	10	0	0
0.0775	0.8175	10	0	0
0.0775	0.8225	10	0	0
0.0775	0.8275	10	0	0
0.0775	0.8325	10	0	0
0.0775	0.8375	10	0	0
0.0775	0.8425	10	0	0
0.0775	0.8475	10	0	0
0.0775	0.8525	10	0	0
0.0775	0.8575	10	0	0
0.0775	0.8625	10	0	0
0.0775	0.8675	10	0	0
0.0775	0.8725	10	0	0
0.0775	0.8775	10	0	0
0.0775	0.8825	10	0	0
0.0775	0.8875	10	0	0
0.0775	0.8925	10	0	0
0.0775	0.8975	10	0	0
0.0775	0.9025	10	0	0
0.0775	0.9075	10	0	0
0.0775	0.9125	10	0	0
0.0775	0.9175	10	0	0
0.0775	0.9225	10	0	0
0.0775	0.9275	10	0	0
0.0775	0.9325	10	0	0
0.0775	0.9375	10	0	0
0.0775	0.9425	10	0	0
0.0775	0.9475	10	0	0
0.0775	0.9525	10	0	0
0.0775	0.9575	10	0	0
0.0775	0.9625	10	0	0
0.0775	0.9675	10	0	0
0.0775	0.9725	10	0	0
0.0775	0.9775	10	0	0
0.0775	0.9825	10	0	0
0.0775	0.9875	10	0	0
0.0775	0.9925	10	0	0
0.0775	0.9975	10	0	0
0.0775	1.0025	10	0	0
0.0825	0.0075	10	0	0
0.0825	0.0125	10	0	0
0.0825	0.0175	10	0	0
0.0825	0.0225	10	0	0
0.0825	0.0275	10	0	0
0.0825	0.0325	10	0	0
0.0825	0.0375	10	0	0
0.0825	0.0425	10	0	0
0.0825	0.0475	10	0	0
0.0825	0.0525	10	0	0
0.0825	0.0575	10	0	0
0.0825	0.0625	10	0	0
0.0825	0.0675	10	0	0
0.0825	0.0725	10	0	0
0.0825	0.0775	10	0	0
0.0825	0.0825	10	0	0
0.0825	0.0875	10	0	0
0.0825	0.0925	10	0	0
0.0825	0.0975	10	0	0
0.0825	0.1025	10	0	0
0.0825	0.1075	10	0	0
0.0825	0.1125	10	0	0
0.0825	0.1175	10	0	0
0.0825	0.1225	10	0	0
0.0825	0.1275	10	0	0
0.0825	0.1325	10	0	0
0.0825	0.1375	10	0	0
0.0825	0.1425	10	0	0
0.0825	0.1475	10	0	0
0.0825	0.1525	10	0	0
0.0825	0.1575	10	0	0
0.0825	0.1625	10	0	0
0.0825	0.1675	10	0	0
0.0825	0.1725	10	0	0
0.0825	0.1775	10	0	0
0.0825	0.1825	10	0	0
0.0825	0.1875	10	0	0
0.0825	0.1925	10	0	0
0.0825	0.1975	10	0	0
0.0825	0.2025	10	0	0
0.0825	0.2075	10	0	0
0.0825	0.2125	10	0	0
0.0825	0.2175	10	0	0
0.0825	0.2225	10	0	0
0.0825	0.2275	10	0	0
0.0825	0.2325	10	0	0
0.0825	0.2375	10	0	0
0.0825	0.2425	10	0	0
0.0825	0.2475	10	0	0
0.0825	0.2525	10	0	0
0.0825	0.2575	10	0	0
0.0825	0.2625	10	0	0
0.0825	0.2675	10	0	0
0.0825	0.2725	10	0	0
0.0825	0.2775	10	0	0
0.0825	0.2825	10	0	0
0.0825	0.2875	10	0	0
0.0825	0.2925	10	0	0
0.0825	0.2975	10	0	0
0.0825	0.3025	10	0	0
0.0825	0.3075	10	0	0
0.0825	0.3125	10	0	0
0.0825	0.3175	10	0	0
0.0825	0.3225	10	0	0
0.0825	0.3275	10	0	0
0.0825	0.3325	10	0	0
0.0825	0.3375	10	0	0
0.0825	0.3425	10	0	0
0.0825	0.3475	10	0	0
0.0825	0.3525	10	0	0
0.0825	0.3575	10	0	0
0.0825	0.3625	10	0	0
0.0825	0.3675	10	0	0
0.0825	0.3725	10	0	0
0.0825	0.3775	10	0	0
0.0825	0.3825	10	0	0
0.0825	0.3875	10	0	0
0.0825	0.3925	10	0	0
0.0825	0.3975	10	0	0
0.0825	0.4025	10	0	0
0.0825	0.4075	10	0	0
0.0825	0.4125	10	0	0
0.0825	0.4175	10	0	0
0.0825	0.4225	10	0	0
0.0825	0.4275	10	0	0
0.0825	0.4325	10	0	0
0.0825	0.4375	10	0	0
0.0825	0.4425	10	0	0
0.0825	0.4475	10	0	0
0.0825	0.4525	10	0	0
0.0825	0.4575	10	0	0
0.0825	0.4625	10	0	0
0.0825	0.4675	10	0	0
0.0825	0.4725	10	0	0
0.0825	0.4775	10	0	0
0.0825	0.4825	10	0	0
0.0825	0.4875	10	0	0
0.0825	0.4925	10	0	0
0.0825	0.4975	10	0	0
0.0825	0.5025	10	0	0
0.0825	0.5075	10	0	0
0.0825	0.5125	10	0	0
0.0825	0.5175	10	0	0
0.0825	0.5225	10	0	0
0.0825	0.5275	10	0	0
0.0825	0.5325	10	0	0
0.0825	0.5375	10	0	0
0.0825	0.5425	10	0	0
0.0825	0.5475	10	0	0
0.0825	0.5525	10	0	0
0.0825	0.5575	10	0	0
0.0825	0.5625	10	0	0
0.0825	0.5675	10	0	0
0.0825	0.5725	10	0	0
0.0825	0.5775	10	0	0
0.0825	0.5825	10	0	0
0.0825	0.5875	10	0	0
0.0825	0.5925	10	0	0
0.0825	0.5975	10	0	0
0.0825	0.6025	10	0	0
0.0825	0.6075	10	0	0
0.0825	0.6125	10	0	0
0.0825	0.6175	10	0	0
0.0825	0.6225	10	0	0
0.0825	0.6275	10	0	0
0.0825	0.6325	10	0	0
0.0825	0.6375	10	0	0
0.0825	0.6425	10	0	0
0.0825	0.6475	10	0	0
0.0825	0.6525	10	0	0
0.0825	0.6575	10	0	0
0.0825	0.6625	10	0	0
0.0825	0.6675	10	0	0
0.0825	0.6725	10	0	0
0.0825	0.6775	10	0	0
0.0825	0.6825	10	0	0
0.0825	0.6875	10	0	0
0.0825	0.6925	10	0	0
0.0825	0.6975	10	0	0
0.0825	0.7025	10	0	0
0.0825	0.7075	10	0	0
0.0825	0.7125	10	0	0
0.0825	0.7175	10	0	0
0.0825	0.7225	10	0	0
0.0825	0.7275	10	0	0
0.0825	0.7325	10	0	0
0.0825	0.7375	10	0	0
0.0825	0.7425	10	0	0
0.0825	0.7475	10	0	0
0.0825	0.7525	10	0	0
0.0825	0.7575	10	0	0
0.0825	0.7625	10	0	0
0.0825	0.7675	10	0	0
0.0825	0.7725	10	0	0
0.0825	0.7775	10	0	0
0.0825	0.7825	10	0	0
0.0825	0.7875	10	0	0
0.0825	0.7925	10	0	0
0.0825	0.7975	10	0	0
0.0825	0.8025	10	0	0
0.0825	0.8075	10	0	0
0.0825	0.8125	10	0	0
0.0825	0.8175	10	0	0
0.0825	0.8225	10	0	0
0.0825	0.8275	10	0	0
0.0825	0.8325	10	0	0
0.0825	0.8375	10	0	0
0.0825	0.8425	10	0	0
0.0825	0.8475	10	0	0
0.0825	0.8525	10	0	0
0.0825	0.8575	10	0	0
0.0825	0.8625	10	0	0
0.0825	0.8675	10	0	0
0.0825	0.8725	10	0	0
0.0825	0.8775	10	0	0
0.0825	0.8825	10	0	0
0.0825	0.8875	10	0	0
0.0825	0.8925	10	0	0
0.0825	0.8975	10	0	0
0.0825	0.9025	10	0	0
0.0825	0.9075	10	0	0
0.0825	0.9125	10	0	0
0.0825	0.9175	10	0	0
0.0825	0.9225	10	0	0
0.0825	0.9275	10	0	0
0.0825	0.9325	10	0	0
0.0825	0.9375	10	0	0
0.0825	0.9425	10	0	0
0.0825	0.9475	10	0	0
0.0825	0.9525	10	0	0
0.0825	0.9575	10	0	0
0.0825	0.9625	10	0	0
0.0825	0.9675	10	0	0
0.0825	0.9725	10	0	0
0.0825	0.9775	10	0	0
0.0825	0.9825	10	0	0
0.0825	0.9875	10	0	0
0.0825	0.9925	10	0	0
0.0825	0.9975	10	0	0
0.0825	1.0025	10	0	0
0.0875	0.0075	10	0	0
0.0875	0.0125	10	0	0
0.0875	0.0175	10	0	0
0.0875	0.0225	10	0	0
0.0875	0.0275	10	0	0
0.0875	0.0325	10	0	0
0.0875	0.0375	10	0	0
0.0875	0.0425	10	0	0
0.0875	0.0475	10	0	0
0.0875	0.0525	10	0	0
0.0875	0.0575	10	0	0
0.0875	0.0625	10	0	0
0.0875	0.0675	10	0	0
0.0875	0.0725	10	0	0
0.0875	0.0775	10	0	0
0.0875	0.0825	10	0	0
0.0875	0.0875	10	0	0
0.0875	0.0925	10	0	0
0.0875	0.0975	10	0	0
0.0875	0.1025	10	0	0
0.0875	0.1075	10	0	0
0.0875	0.1125	10	0	0
0.0875	0.1175	10	0	0
0.0875	0.1225	10	0	0
0.0875	0.1275	10	0	0
0.0875	0.1325	10	0	0
0.0875	0.1375	10	0	0
0.0875	0.1425	10	0	0
0.0875	0.1475	10	0	0
0.0875	0.1525	10	0	0
0.0875	0.1575	10	0	0
0.0875	0.1625	10	0	0
0.0875	0.1675	10	0	0
0.0875	0.1725	10	0	0
0.0875	0.1775	10	0	0
0.0875	0.1825	10	0	0
0.0875	0.1875	10	0	0
0.0875	0.1925	10	0	0
0.0875	0.1975	10	0	0
0.0875	0.2025	10	0	0
0.0875	0.2075	10	0	0
0.0875	0.2125	10	0	0
0.0875	0.2175	10	0	0
0.0875	0.2225	10	0	0
0.0875	0.2275	10	0	0
0.0875	0.2325	10	0	0
0.0875	0.2375	10	0	0
0.0875	0.2425	10	0	0
0.0875	0.2475	10	0	0
0.0875	0.2525	10	0	0
0.0875	0.2575	10	0	0
0.0875	0.2625	10	0	0
0.0875	0.2675	10	0	0
0.0875	0.2725	10	0	0
0.0875	0.2775	10	0	0
0.0875	0.2825	10	0	0
0.0875	0.2875	10	0	0
0.0875	0.2925	10	0	0
0.0875	0.2975	10	0	0
0.0875	0.3025	10	0	0
0.0875	0.3075	10	0	0
0.0875	0.3125	10	0	0
0.0875	0.3175	10	0	0
0.0875	0.3225	10	0	0
0.0875	0.3275	10	0	0
0.0875	0.3325	10	0	0
0.0875	0.3375	10	0	0
0.0875	0.3425	10	0	0
0.0875	0.3475	10	0	0
0.0875	0.3525	10	0	0
0.0875	0.3575	10	0	0
0.0875	0.3625	10	0	0
0.0875	0.3675	10	0	0
0.0875	0.3725	10	0	0
0.0875	0.3775	10	0	0
0.0875	0.3825	10	0	0
0.0875	0.3875	10	0	0
0.0875	0.3925	10	0	0
0.0875	0.3975	10	0	0
0.0875	0.4025	10	0	0
0.0875	0.4075	10	0	0
0.0875	0.4125	10	0	0
0.0875	0.4175	10	0	0
0.0875	0.4225	10	0	0
0.0875	0.4275	10	0	0
0.0875	0.4325	10	0	0
0.0875	0.4375	10	0	0
0.0875	0.4425	10	0	0
0.0875	0.4475	10	0	0
0.0875	0.4525	10	0	0
0.0875	0.4575	10	0	0
0.0875	0.4625	10	0	0
0.0875	0.4675	10	0	0
0.0875	0.4725	10	0	0
0.0875	0.4775	10	0	0
0.0875	0.4825	10	0	0
0.0875	0.4875	10	0	0
0.0875	0.4925	10	0	0
0.0875	0.4975	10	0	0
0.0875	0.5025	10	0	0
0.0875	0.5075	10	0	0
0.0875	0.5125	10	0	0
0.0875	0.5175	10	0	0
0.0875	0.5225	10	0	0
0.0875	0.5275	10	0	0
0.0875	0.5325	10	0	0
0.0875	0.5375	10	0	0
0.0875	0.5425	10	0	0
0.0875	0.5475	10	0	0
0.0875	0.5525	10	0	0
0.0875	0.5575	10	0	0
0.0875	0.5625	10	0	0
0.0875	0.5675	10	0	0
0.0875	0.5725	10	0	0
0.0875	0.5775	10	0	0
0.0875	0.5825	10	0	0
0.0875	0.5875	10	0	0
0.0875	0.5925	10	0	0
0.0875	0.5975	10	0	0
0.0875	0.6025	10	0	0
0.0875	0.6075	10	0	0
0.0875	0.6125	10	0	0
0.0875	0.6175	10	0	0
0.0875	0.6225	10	0	0
0.0875	0.6275	10	0	0
0.0875	0.6325	10	0	0
0.0875	0.6375	10	0	0
0.0875	0.6425	10	0	0
0.0875	0.6475	10	0	0
0.0875	0.6525	10	0	0
0.0875	0.6575	10	0	0
0.0875	0.6625	10	0	0
0.0875	0.6675	10	0	0
0.0875	0.6725	10	0	0
0.0875	0.6775	10	0	0
0.0875	0.6825	10	0	0
0.0875	0.6875	10	0	0
0.0875	0.6925	10	0	0
0.0875	0.6975	10	0	0
0.0875	0.7025	10	0	0
0.0875	0.7075	10	0	0
0.0875	0.7125	10	0	0
0.0875	0.7175	10	0	0
0.0875	0.7225	10	0	0
0.0875	0.7275	10	0	0
0.0875	0.7325	10	0	0
0.0875	0.7375	10	0	0
0.0875	0.7425	10	0	0
0.0875	0.7475	10	0	0
0.0875	0.7525	10	0	0
0.0875	0.7575	10	0	0
0.0875	0.7625	10	0	0
0.0875	0.7675	10	0	0
0.0875	0.7725	10	0	0
0.0875	0.7775	10	0	0
0.0875	0.7825	10	0	0
0.0875	0.7875	10	0	0
0.0875	0.7925	10	0	0
0.0875	0.7975	10	0	0
0.0875	0.8025	10	0	0
0.0875	0.8075	10	0	0
0.0875	0.8125	10	0	0
0.0875	0.8175	10	0	0
0.0875	0.8225	10	0	0
0.0875	0.8275	10	0	0
0.0875	0.8325	10	0	0
0.0875	0.8375	10	0	0
0.0875	0.8425	10	0	0
0.0875	0.8475	10	0	0
0.0875	0.8525	10	0	0
0.0875	0.8575	10	0	0
0.0875	0.8625	10	0	0
0.0875	0.8675	10	0	0
0.0875	0.8725	10	0	0
0.0875	0.8775	10	0	0
0.0875	0.8825	10	0	0
0.0875	0.8875	10	0	0
0.0875	0.8925	10	0	0
0.0875	0.8975	10	0	0
0.0875	0.9025	10	0	0
0.0875	0.9075	10	0	0
0.0875	0.9125	10	0	0
0.0875	0.9175	10	0	0
0.0875	0.9225	10	0	0
0.0875	0.9275	10	0	0
0.0875	0.9325	10	0	0
0.0875	0.9375	10	0	0
0.0875	0.9425	10	0	0
0.0875	0.9475	10	0	0
0.0875	0.9525	10	0	0
0.0875	0.9575	10	0	0
0.0875	0.9625	10	0	0
0.0875	0.9675	10	0	0
0.0875	0.9725	10	0	0
0.0875	0.9775	10	0	0
0.0875	0.9825	10	0	0
0.0875	0.9875	10	0	0
0.0875	0.9925	10	0	0
0.0875	0.9975	10	0	0
0.0875	1.0025	10	0	0
0.0925	0.0075	10	0	0
0.0925	0.0125	10	0	0
0.0925	0.0175	10	0	0
0.0925	0.0225	10	0	0
0.0925	0.0275	10	0	0
0.0925	0.0325	10	0	0
0.0925	0.0375	10	0	0
0.0925	0.0425	10	0	0
0.0925	0.0475	10	0	0
0.0925	0.0525	10	0	0
0.0925	0.0575	10	0	0
0.0925	0.0625	10	0	0
0.0925	0.0675	10	0	0
0.0925	0.0725	10	0	0
0.0925	0.0775	10	0	0
0.0925	0.0825	10	0	0
0.0925	0.0875	10	0	0
0.0925	0.0925	10	0	0
0.0925	0.0975	10	0	0
0.0925	0.1025	10	0	0
0.0925	0.1075	10	0	0
0.0925	0.1125	10	0	0
0.0925	0.1175	10	0	0
0.0925	0.1225	10	0	0
0.0925	0.1275	10	0	0
0.0925	0.1325	10	0	0
0.0925	0.1375	10	0	0
0.0925	0.1425	10	0	0
0.0925	0.1475	10	0	0
0.0925	0.1525	10	0	0
0.0925	0.1575	10	0	0
0.0925	0.1625	10	0	0
0.0925	0.1675	10	0	0
0.0925	0.1725	10	0	0
0.0925	0.1775	10	0	0
0.0925	0.1825	10	0	0
0.0925	0.1875	10	0	0
0.0925	0.1925	10	0	0
0.0925	0.1975	10	0	0
0.0925	0.2025	10	0	0
0.0925	0.2075	10	0	0
0.0925	0.2125	10	0	0
0.0925	0.2175	10	0	0
0.0925	0.2225	10	0	0
0.0925	0.2275	10	0	0
0.0925	0.2325	10	0	0
0.0925	0.2375	10	0	0
0.0925	0.2425	10	0	0
0.0925	0.2475	10	0	0
0.0925	0.2525	10	0	0
0.0925	0.2575	10	0	0
0.0925	0.2625	10	0	0
0.0925	0.2675	10	0	0
0.0925	0.2725	10	0	0
0.0925	0.2775	10	0	0
0.0925	0.2825	10	0	0
0.0925	0.2875	10	0	0
0.0925	0.2925	10	0	0
0.0925	0.2975	10	0	0
0.0925	0.3025	10	0	0
0.0925	0.3075	10	0	0
0.0925	0.3125	10	0	0
0.0925	0.3175	10	0	0
0.0925	0.3225	10	0	0
0.0925	0.3275	10	0	0
0.0925	0.3325	10	0	0
0.0925	0.3375	10	0	0
0.0925	0.3425	10	0	0
0.0925	0.3475	10	0	0
0.0925	0.3525	10	0	0
0.0925	0.3575	10	0	0
0.0925	0.3625	10	0	0
0.0925	0.3675	10	0	0
0.0925	0.3725	10	0	0
0.0925	0.3775	10	0	0
0.0925	0.3825	10	0	0
0.0925	0.3875	10	0	0
0.0925	0.3925	10	0	0
0.0925	0.3975	10	0	0
0.0925	0.4025	10	0	0
0.0925	0.4075	10	0	0
0.0925	0.4125	10	0	0
0.0925	0.4175	10	0	0
0.0925	0.4225	10	0	0
0.0925	0.4275	10	0	0
0.0925	0.4325	10	0	0
0.0925	0.4375	10	0	0
0.0925	0.4425	10	0	0
0.0925	0.4475	10	0	0
0.0925	0.4525	10	0	0
0.0925	0.4575	10	0	0
0.0925	0.4625	10	0	0
0.0925	0.4675	10	0	0
0.0925	0.4725	10	0	0
0.0925	0.4775	10	0	0
0.0925	0.4825	10	0	0
0.0925	0.4875	10	0	0
0.0925	0.4925	10	0	0
0.0925	0.4975	10	0	0
0.0925	0.5025	10	0	0
0.0925	0.5075	10	0	0
0.0925	0.5125	10	0	0
0.0925	0.5175	10	0	0
0.0925	0.5225	10	0	0
0.0925	0.5275	10	0	0
0.0925	0.5325	10	0	0
0.0925	0.5375	10	0	0
0.0925	0.5425	10	0	0
0.0925	0.5475	10	0	0
0.0925	0.5525	10	0	0
0.0925	0.5575	10	0	0
0.0925	0.5625	10	0	0
0.0925	0.5675	10	0	0
0.0925	0.5725	10	0	0
0.0925	0.5775	10	0	0
0.0925	0.5825	10	0	0
0.0925	0.5875	10	0	0
0.0925	0.5925	10	0	0
0.0925	0.5975	10	0	0
0.0925	0.6025	10	0	0
0.0925	0.6075	10	0	0
0.0925	0.6125	10	0	0
0.0925	0.6175	10	0	0
0.0925	0.6225	10	0	0
0.0925	0.6275	10	0	0
0.0925	0.6325	10	0	0
0.0925	0.6375	10	0	0
0.0925	0.6425	10	0	0
0.0925	0.6475	10	0	0
0.0925	0.6525	10	0	0
0.0925	0.6575	10	0	0
0.0925	0.6625	10	0	0
0.0925	0.6675	10	0	0
0.0925	0.6725	10	0	0
0.0925	0.6775	10	0	0
0.0925	0.6825	10	0	0
0.0925	0.6875	10	0	0
0.0925	0.6925	10	0	0
0.0925	0.6975	10	0	0
0.0925	0.7025	10	0	0
0.0925	0.7075	10	0	0
0.0925	0.7125	10	0	0
0.0925	0.7175	10	0	0
0.0925	0.7225	10	0	0
0.0925	0.7275	10	0	0
0.0925	0.7325	10	0	0
0.0925	0.7375	10	0	0
0.0925	0.7425	10	0	0
0.0925	0.7475	10	0	0
0.0925	0.7525	10	0	0
0.0925	0.7575	10	0	0
0.0925	0.7625	10	0	0
0.0925	0.7675	10	0	0
0.0925	0.7725	10	0	0
0.0925	0.7775	10	0	0
0.0925	0.7825	10	0	0
0.0925	0.7875	10	0	0
0.0925	0.7925	10	0	0
0.0925	0.7975	10	0	0
0.0925	0.8025	10	0	0
0.0925	0.8075	10	0	0
0.0925	0.8125	10	0	0
0.0925	0.8175	10	0	0
0.0925	0.8225	10	0	0
0.0925	0.8275	10	0	0
0.0925	0.8325	10	0	0
0.0925	0.8375	10	0	0
0.0925	0.8425	10	0	0
0.0925	0.8475	10	0	0
0.0925	0.8525	10	0	0
0.0925	0.8575	10	0	0
0.0925	0.8625	10	0	0
0.0925	0.8675	10	0	0
0.0925	0.8725	10	0	0
0.0925	0.8775	10	0	0
0.0925	0.8825	10	0	0
0.0925	0.8875	10	0	0
0.0925	0.8925	10	0	0
0.0925	0.8975	10	0	0
0.0925	0.9025	10	0	0
0.0925	0.9075	10	0	0
0.0925	0.9125	10	0	0
0.0925	0.9175	10	0	0
0.0925	0.9225	10	0	0
0.0925	0.9275	10	0	0
0.0925	0.9325	10	0	0
0.0925	0.9375	10	0	0
0.0925	0.9425	10	0	0
0.0925	0.9475	10	0	0
0.0925	0.9525	10	0	0
0.0925	0.9575	10	0	0
0.0925	0.9625	10	0	0
0.0925	0.9675	10	0	0
0.0925	0.9725	10	0	0
0.0925	0.9775	10	0	0
0.0925	0.9825	10	0	0
0.0925	0.9875	10	0	0
0.0925	0.9925	10	0	0
0.0925	0.9975	10	0	0
0.0925	1.0025	10	0	0
0.0975	0.0075	10	0	0
0.0975	0.0125	10	0	0
0.0975	0.0175	10	0	0
0.0975	0.0225	10	0	0
0.0975	0.0275	10	0	0
0.0975	0.0325	10	0	0
0.0975	0.0375	10	0	0
0.0975	0.0425	10	0	0
0.0975	0.0475	10	0	0
0.0975	0.0525	10	0	0
0.0975	0.0575	10	0	0
0.0975	0.0625	10	0	0
0.0975	0.0675	10	0	0
0.0975	0.0725	10	0	0
0.0975	0.0775	10	0	0
0.0975	0.0825	10	0	0
0.0975	0.0875	10	0	0
0.0975	0.0925	10	0	0
0.0975	0.0975	10	0	0
0.0975	0.1025	10	0	0
0.0975	0.1075	10	0	0
0.0975	0.1125	10	0	0
0.0975	0.1175	10	0	0
0.0975	0.1225	10	0	0
0.0975	0.1275	10	0	0
0.0975	0.1325	10	0	0
0.0975	0.1375	10	0	0
0.0975	0.1425	10	0	0
0.0975	0.1475	10	0	0
0.0975	0.1525	10	0	0
0.0975	0.1575	10	0	0
0.0975	0.1625	10	0	0
0.0975	0.1675	10	0	0
0.0975	0.1725	10	0	0
0.0975	0.1775	10	0	0
0.0975	0.1825	10	0	0
0.0975	0.1875	10	0	0
0.0975	0.1925	10	0	0
0.0975	0.1975	10	0	0
0.0975	0.2025	10	0	0
0.0975	0.2075	10	0	0
0.0975	0.2125	10	0	0
0.0975	0.2175	10	0	0
0.0975	0.2225	10	0	0
0.0975	0.2275	10	0	0
0.0975	0.2325	10	0	0
0.0975	0.2375	10	0	0
0.0975	0.2425	10	0	0
0.0975	0.2475	10	0	0
0.0975	0.2525	10	0	0
0.0975	0.2575	10	0	0
0.0975	0.2625	10	0	0
0.0975	0.2675	10	0	0
0.0975	0.2725	10	0	0
0.0975	0.2775	10	0	0
0.0975	0.2825	10	0	0
0.0975	0.2875	10	0	0
0.0975	0.2925	10	0	0
0.0975	0.2975	10	0	0
0.0975	0.3025	10	0	0
0.0975	0.3075	10	0	0
0.0975	0.3125	10	0	0
0.0975	0.3175	10	0	0
0.0975	0.3225	10	0	0
0.0975	0.3275	10	0	0
0.0975	0.3325	10	0	0
0.0975	0.3375	10	0	0
0.0975	0.3425	10	0	0
0.0975	0.3475	10	0	0
0.0975	0.3525	10	0	0
0.0975	0.3575	10	0	0
0.0975	0.3625	10	0	0
0.0975	0.3675	10	0	0
0.0975	0.3725	10	0	0
0.0975	0.3775	10	0	0
0.0975	0.3825	10	0	0
0.0975	0.3875	10	0	0
0.0975	0.3925	10	0	0
0.0975	0.3975	10	0	0
0.0975	0.4025	10	0	0
0.0975	0.4075	10	0	0
0.0975	0.4125	10	0	0
0.0975	0.4175	10	0	0
0.0975	0.4225	10	0	0
0.0975	0.4275	10	0	0
0.0975	0.4325	10	0	0
0.0975	0.4375	10	0	0
0.0975	0.4425	10	0	0
0.0975	0.4475	10	0	0
0.0975	0.4525	10	0	0
0.0975	0.4575	10	0	0
0.0975	0.4625	10	0	0
0.0975	0.4675	10	0	0
0.0975	0.4725	10	0	0
0.0975	0.4775	10	0	0
0.0975	0.4825	10	0	0
0.0975	0.4875	10	0	0
0.0975	0.4925	10	0	0
0.0975	0.4975	10	0	0
0.0975	0.5025	10	0	0
0.0975	0.5075	10	0	0
0.0975	0.5125	10	0	0
0.0975	0.5175	10	0	0
0.0975	0.5225	10	0	0
0.0975	0.5275	10	0	0
0.0975	0.5325	10	0	0
0.0975	0.5375	10	0	0
0.0975	0.5425	10	0	0
0.0975	0.5475	10	0	0
0.0975	0.5525	10	0	0
0.0975	0.5575	10	0	0
0.0975	0.5625	10	0	0
0.0975	0.5675	10	0	0
0.0975	0.5725	10	0	0
0.0975	0.5775	10	0	0
0.0975	0.5825	10	0	0
0.0975	0.5875	10	0	0
0.0975	0.5925	10	0	0
0.0975	0.5975	10	0	0
0.0975	0.6025	10	0	0
0.0975	0.6075	10	0	0
0.0975	0.6125	10	0	0
0.0975	0.6175	10	0	0
0.0975	0.6225	10	0	0
0.0975	0.6275	10	0	0
0.0975	0.6325	10	0	0
0.0975	0.6375	10	0	0
0.0975	0.6425	10	0	0
0.0975	0.6475	10	0	0
0.0975	0.6525	10	0	0
0.0975	0.6575	10	0	0
0.0975	0.6625	10	0	0
0.0975	0.6675	10	0	0
0.0975	0.6725	10	0	0
0.0975	0.6775	10	0	0
0.0975	0.6825	10	0	0
0.0975	0.6875	10	0	0
0.0975	0.6925	10	0	0
0.0975	0.6975	10	0	0
0.0975	0.7025	10	0	0
0.0975	0.7075	10	0	0
0.0975	0.7125	10	0	0
0.0975	0.7175	10	0	0
0.0975	0.7225	10	0	0
0.0975	0.7275	10	0	0
0.0975	0.7325	10	0	0
0.0975	0.7375	10	0	0
0.0975	0.7425	10	0	0
0.0975	0.7475	10	0	0
0.0975	0.7525	10	0	0
0.0975	0.7575	10	0	0
0.0975	0.7625	10	0	0
0.0975	0.7675	10	0	0
0.0975	0.7725	10	0	0
0.0975	0.7775	10	0	0
0.0975	0.7825	10	0	0
0.0975	0.7875	10	0	0
0.0975	0.7925	10	0	0
0.0975	0.7975	10	0	0
0.0975	0.8025	10	0	0
0.0975	0.8075	10	0	0
0.0975	0.8125	10	0	0
0.0975	0.8175	10	0	0
0.0975	0.8225	10	0	0
0.0975	0.8275	10	0	0
0.0975	0.8325	10	0	0
0.0975	0.8375	10	0	0
0.0975	0.8425	10	0	0
0.0975	0.8475	10	0	0
0.0975	0.8525	10	0	0
0.0975	0.8575	10	0	0
0.0975	0.8625	10	0	0
0.0975	0.8675	10	0	0
0.0975	0.8725	10	0	0
0.0975	0.8775	10	0	0
0.0975	0.8825	10	0	0
0.0975	0.8875	10	0	0
0.0975	0.8925	10	0	0
0.0975	0.8975	10	0	0
0.0975	0.9025	10	0	0
0.0975	0.9075	10	0	0
0.0975	0.9125	10	0	0
0.0975	0.9175	10	0	0
0.0975	0.9225	10	0	0
0.0975	0.9275	10	0	0
0.0975	0.9325	10	0	0
0.0975	0.9375	10	0	0
0.0975	0.9425	10	0	0
0.0975	0.9475	10	0	0
0.0975	0.9525	10	0	0
0.0975	0.9575	10	0	0
0.0975	0.9625	10	0	0
0.0975	0.9675	10	0	0
0.0975	0.9725	10	0	0
0.0975	0.9775	10	0	0
0.0975	0.9825	10	0	0
0.0975	0.9875	10	0	0
0.0975	0.9925	10	0	0
0.0975	0.9975	10	0	0
0.0975	1.0025	10	0	0
0.1025	0.0075	10	0	0
0.1025	0.0125	10	0	0
0.1025	0.0175	10	0	0
0.1025	0.0225	10	0	0
0.1025	0.0275	10	0	0
0.1025	0.0325	10	0	0
0.1025	0.0375	10	0	0
0.1025	0.0425	10	0	0
0.1025	0.0475	10	0	0
0.1025	0.0525	10	0	0
0.1025	0.0575	10	0	0
0.1025	0.0625	10	0	0
0.1025	0.0675	10	0	0
0.1025	0.0725	10	0	0
0.1025	0.0775	10	0	0
0.1025	0.0825	10	0	0
0.1025	0.0875	10	0	0
0.1025	0.0925	10	0	0
0.1025	0.0975	10	0	0
0.1025	0.1025	10	0	0
0.1025	0.1075	10	0	0
0.1025	0.1125	10	0	0
0.1025	0.1175	10	0	0
0.1025	0.1225	10	0	0
0.1025	0.1275	10	0	0
0.1025	0.1325	10	0	0
0.1025	0.1375	10	0	0
0.1025	0.1425	10	0	0
0.1025	0.1475	10	0	0
0.1025	0.1525	10	0	0
0.1025	0.1575	10	0	0
0.1025	0.1625	10	0	0
0.1025	0.1675	10	0	0
0.1025	0.1725	10	0	0
0.1025	0.1775	10	0	0
0.1025	0.1825	10	0	0
0.1025	0.1875	10	0	0
0.1025	0.1925	10	0	0
0.1025	0.1975	10	0	0
0.1025	0.2025	10	0	0
0.1025	0.2075	10	0	0
0.1025	0.2125	10	0	0
0.1025	0.2175	10	0	0
0.1025	0.2225	10	0	0
0.1025	0.2275	10	0	0
0.1025	0.2325	10	0	0
0.1025	0.2375	10	0	0
0.1025	0.2425	10	0	0
0.1025	0.2475	10	0	0
0.1025	0.2525	10	0	0
0.1025	0.2575	10	0	0
0.1025	0.2625	10	0	0
0.1025	0.2675	10	0	0
0.1025	0.2725	10	0	0
0.1025	0.2775	10	0	0
0.1025	0.2825	10	0	0
0.1025	0.2875	10	0	0
0.1025	0.2925	10	0	0
0.1025	0.2975	10	0	0
0.1025	0.3025	10	0	0
0.1025	0.3075	10	0	0
0.1025	0.3125	10	0	0
0.1025	0.3175	10	0	0
0.1025	0.3225	10	0	0
0.1025	0.3275	10	0	0
0.1025	0.3325	10	0	0
0.1025	0.3375	10	0	0
0.1025	0.3425	10	0	0
0.1025	0.3475	10	0	0
0.1025	0.3525	10	0	0
0.1025	0.3575	10	0	0
0.1025	0.3625	10	0	0
0.1025	0.3675	10	0	0
0.1025	0.3725	10	0	0
0.1025	0.3775	10	0	0
0.1025	0.3825	10	0	0
0.1025	0.3875	10	0	0
0.1025	0.3925	10	0	0
0.1025	0.3975	10	0	0
0.1025	0.4025	10	0	0
0.1025	0.4075	10	0	0
0.1025	0.4125	10	0	0
0.1025	0.4175	10	0	0
0.1025	0.4225	10	0	0
0.1025	0.4275	10	0	0
0.1025	0.4325	10	0	0
0.1025	0.4375	10	0	0
0.1025	0.4425	10	0	0
0.1025	0.4475	10	0	0
0.1025	0.4525	10	0	0
0.1025	0.4575	10	0	0
0.1025	0.4625	10	0	0
0.1025	0.4675	10	0	0
0.1025	0.4725	10	0	0
0.1025	0.4775	10	0	0
0.1025	0.4825	10	0	0
0.1025	0.4875	10	0	0
0.1025	0.4925	10	0	0
0.1025	0.4975	10	0	0
0.1025	0.5025	10	0	0
0.1025	0.5075	10	0	0
0.1025	0.5125	10	0	0
0.1025	0.5175	10	0	0
0.1025	0.5225	10	0	0
0.1025	0.5275	10	0	0
0.1025	0.5325	10	0	0
0.1025	0.5375	10	0	0
0.1025	0.5425	10	0	0
0.1025	0.5475	10	0	0
0.1025	0.5525	10	0	0
0.1025	0.5575	10	0	0
0.1025	0.5625	10	0	0
0.1025	0.5675	10	0	0
0.1025	0.5725	10	0	0
0.1025	0.5775	10	0	0
0.1025	0.5825	10	0	0
0.1025	0.5875	10	0	0
0.1025	0.5925	10	0	0
0.1025	0.5975	10	0	0
0.1025	0.6025	10	0	0
0.1025	0.6075	10	0	0
0.1025	0.6125	10	0	0
0.1025	0.6175	10	0	0
0.1025	0.6225	10	0	0
0.1025	0.6275	10	0	0
0.1025	0.6325	10	0	0
0.1025	0.6375	10	0	0
0.1025	0.6425	10	0	0
0.1025	0.6475	10	0	0
0.1025	0.6525	10	0	0
0.1025	0.6575	10	0	0
0.1025	0.6625	10	0	0
0.1025	0.6675	10	0	0
0.1025	0.6725	10	0	0
0.1025	0.6775	10	0	0
0.1025	0.6825	10	0	0
0.1025	0.6875	10	0	0
0.1025	0.6925	10	0	0
0.1025	0.6975	10	0	0
0.1025	0.7025	10	0	0
0.1025	0.7075	10	0	0
0.1025	0.7125	10	0	0
0.1025	0.7175	10	0	0
0.1025	0.7225	10	0	0
0.1025	0.7275	10	0	0
0.1025	0.7325	10	0	0
0.1025	0.7375	10	0	0
0.1025	0.7425	10	0	0
0.1025	0.7475	10	0	0
0.1025	0.7525	10	0	0
0.1025	0.7575	10	0	0
0.1025	0.7625	10	0	0
0.1025	0.7675	10	0	0
0.1025	0.7725	10	0	0
0.1025	0.7775	10	0	0
0.1025	0.7825	10	0	0
0.1025	0.7875	10	0	0
0.1025	0.7925	10	0	0
0.1025	0.7975	10	0	0
0.1025	0.8025	10	0	0
0.1025	0.8075	10	0	0
0.1025	0.8125	10	0	0
0.1025	0.8175	10	0	0
0.1025	0.8225	10	0	0
0.1025	0.8275	10	0	0
0.1025	0.8325	10	0	0
0.1025	0.8375	10	0	0
0.1025	0.8425	10	0	0
0.1025	0.8475	10	0	0
0.1025	0.8525	10	0	0
0.1025	0.8575	10	0	0
0.1025	0.8625	10	0	0
0.1025	0.8675	10	0	0
0.1025	0.8725	10	0	0
0.1025	0.8775	10	0	0
0.1025	0.8825	10	0	0
0.1025	0.8875	10	0	0
0.1025	0.8925	10	0	0
0.1025	0.8975	10	0	0
0.1025	0.9025	10	0	0
0.1025	0.9075	10	0	0
0.1025	0.9125	10	0	0
0.1025	0.9175	10	0	0
0.1025	0.9225	10	0	0
0.1025	0.9275	10	0	0
0.1025	0.9325	10	0	0
0.1025	0.9375	10	0	0
0.1025	0.9425	10	0	0
0.1025	0.9475	10	0	0
0.1025	0.9525	10	0	0
0.1025	0.9575	10	0	0
0.1025	0.9625	10	0	0
0.1025	0.9675	10	0	0
0.1025	0.9725	10	0	0
0.1025	0.9775	10	0	0
0.1025	0.9825	10	0	0
0.1025	0.9875	10	0	0
0.1025	0.9925	10	0	0
0.1025	0.9975	10	0	0
0.1025	1.0025	10	0	0
0.1075	0.0075	10	0	0
0.1075	0.0125	10	0	0
0.1075	0.0175	10	0	0
0.1075	0.0225	10	0	0
0.1075	0.0275	10	0	0
0.1075	0.0325	10	0	0
0.1075	0.0375	10	0	0
0.1075	0.0425	10	0	0
0.1075	0.0475	10	0	0
0.1075	0.0525	10	0	0
0.1075	0.0575	10	0	0
0.1075	0.0625	10	0	0
0.1075	0.0675	10	0	0
0.1075	0.0725	10	0	0
0.1075	0.0775	10	0	0
0.1075	0.0825	10	0	0
0.1075	0.0875	10	0	0
0.1075	0.0925	10	0	0
0.1075	0.0975	10	0	0
0.1075	0.1025	10	0	0
0.1075	0.1075	10	0	0
0.1075	0.1125	10	0	0
0.1075	0.1175	10	0	0
0.1075	0.1225	10	0	0
0.1075	0.1275	10	0	0
0.1075	0.1325	10	0	0
0.1075	0.1375	10	0	0
0.1075	0.1425	10	0	0
0.1075	0.1475	10	0	0
0.1075	0.1525	10	0	0
0.1075	0.1575	10	0	0
0.1075	0.1625	10	0	0
0.1075	0.1675	10	0	0
0.1075	0.1725	10	0	0
0.1075	0.1775	10	0	0
0.1075	0.1825	10	0	0
0.1075	0.1875	10	0	0
0.1075	0.1925	10	0	0
0.1075	0.1975	10	0	0
0.1075	0.2025	10	0	0
0.1075	0.2075	10	0	0
0.1075	0.2125	10	0	0
0.1075	0.2175	10	0	0
0.1075	0.2225	10	0	0
0.1075	0.2275	10	0	0
0.1075	0.2325	10	0	0
0.1075	0.2375	10	0	0
0.1075	0.2425	10	0	0
0.1075	0.2475	10	0	0
0.1075	0.2525	10	0	0
0.1075	0.2575	10	0	0
0.1075	0.2625	10	0	0
0.1075	0.2675	10	0	0
0.1075	0.2725	10	0	0
0.1075	0.2775	10	0	0
0.1075	0.2825	10	0	0
0.1075	0.2875	10	0	0
0.1075	0.2925	10	0	0
0.1075	0.2975	10	0	0
0.1075	0.3025	10	0	0
0.1075	0.3075	10	0	0
0.1075	0.3125	10	0	0
0.1075	0.3175	10	0	0
0.1075	0.3225	10	0	0
0.1075	0.3275	10	0	0
0.1075	0.3325	10	0	0
0.1075	0.3375	10	0	0
0.1075	0.3425	10	0	0
0.1075	0.3475	10	0	0
0.1075	0.3525	10	0	0
0.1075	0.3575	10	0	0
0.1075	0.3625	10	0	0
0.1075	0.3675	10	0	0
0.1075	0.3725	10	0	0
0.1075	0.3775	10	0	0
0.1075	0.3825	10	0	0
0.1075	0.3875	10	0	0
0.1075	0.3925	10	0	0
0.1075	0.3975	10	0	0
0.1075	0.4025	10	0	0
0.1075	0.4075	10	0	0
0.1075	0.4125	10	0	0
0.1075	0.4175	10	0	0
0.1075	0.4225	10	0	0
0.1075	0.4275	10	0	0
0.1075	0.4325	10	0	0
0.1075	0.4375	10	0	0
0.1075	0.4425	10	0	0
0.1075	0.4475	10	0	0
0.1075	0.4525	10	0	0
0.1075	0.4575	10	0	0
0.1075	0.4625	10	0	0
0.1075	0.4675	10	0	0
0.1075	0.4725	10	0	0
0.1075	0.4775	10	0	0
0.1075	0.4825	10	0	0
0.1075	0.4875	10	0	0
0.1075	0.4925	10	0	0
0.1075	0.4975	10	0	0
0.1075	0.5025	10	0	0
0.1075	0.5075	10	0	0
0.1075	0.5125	10	0	0
0.1075	0.5175	10	0	0
0.1075	0.5225	10	0	0
0.1075	0.5275	10	0	0
0.1075	0.5325	10	0	0
0.1075	0.5375	10	0	0
0.1075	0.5425	10	0	0
0.1075	0.5475	10	0	0
0.1075	0.5525	10	0	0
0.1075	0.5575	10	0	0
0.1075	0.5625	10	0	0
0.1075	0.5675	10	0	0
0.1075	0.5725	10	0	0
0.1075	0.5775	10	0	0
0.1075	0.5825	10	0	0
0.1075	0.5875	10	0	0
0.1075	0.5925	10	0	0
0.1075	0.5975	10	0	0
0.1075	0.6025	10	0	0
0.1075	0.6075	10	0	0
0.1075	0.6125	10	0	0
0.1075	0.6175	10	0	0
0.1075	0.6225	10	0	0
0.1075	0.6275	10	0	0
0.1075	0.6325	10	0	0
0.1075	0.6375	10	0	0
0.1075	0.6425	10	0	0
0.1075	0.6475	10	0	0
0.1075	0.6525	10	0	0
0.1075	0.6575	10	0	0
0.1075	0.6625	10	0	0
0.1075	0.6675	10	0	0
0.1075	0.6725	10	0	0
0.1075	0.6775	10	0	0
0.1075	0.6825	10	0	0
0.1075	0.6875	10	0	0
0.1075	0.6925	10	0	0
0.1075	0.6975	10	0	0
0.1075	0.7025	10	0	0
0.1075	0.7075	10	0	0
0.1075	0.7125	10	0	0
0.1075	0.7175	10	0	0
0.1075	0.7225	10	0	0
0.1075	0.7275	10	0	0
0.1075	0.7325	10	0	0
0.1075	0.7375	10	0	0
0.1075	0.7425	10	0	0
0.1075	0.7475	10	0	0
0.1075	0.7525	10	0	0
0.1075	0.7575	10	0	0
0.1075	0.7625	10	0	0
0.1075	0.7675	10	0	0
0.1075	0.7725	10	0	0
0.1075	0.7775	10	0	0
0.1075	0.7825	10	0	0
0.1075	0.7875	10	0	0
0.1075	0.7925	10	0	0
0.1075	0.7975	10	0	0
0.1075	0.8025	10	0	0
0.1075	0.8075	10	0	0
0.1075	0.8125	10	0	0
0.1075	0.8175	10	0	0
0.1075	0.8225	10	0	0
0.1075	0.8275	10	0	0
0.1075	0.8325	10	0	0
0.1075	0.8375	10	0	0
0.1075	0.8425	10	0	0
0.1075	0.8475	10	0	0
0.1075	0.8525	10	0	0
0.1075	0.8575	10	0	0
0.1075	0.8625	10	0	0
0.1075	0.8675	10	0	0
0.1075	0.8725	10	0	0
0.1075	0.8775	10	0	0
0.1075	0.8825	10	0	0
0.1075	0.8875	10	0	0
0.1075	0.8925	10	0	0
0.1075	0.8975	10	0	0
0.1075	0.9025	10	0	0
0.1075	0.9075	10	0	0
0.1075	0.9125	10	0	0
0.1075	0.9175	10	0	0
0.1075	0.9225	10	0	0
0.1075	0.9275	10	0	0
0.1075	0.9325	10	0	0
0.1075	0.9375	10	0	0
0.1075	0.9425	10	0	0
0.1075	0.9475	10	0	0
0.1075	0.9525	10	0	0
0.1075	0.9575	10	0	0
0.1075	0.9625	10	0	0
0.1075	0.9675	10	0	0
0.1075	0.9725	10	0	0
0.1075	0.9775	10	0	0
0.1075	0.9825	10	0	0
0.1075	0.9875	10	0	0
0.1075	0.9925	10	0	0
0.1075	0.9975	10	0	0
0.1075	1.0025	10	0	0
0.1125	0.0075	10	0	0
0.1125	0.0125	10	0	0
0.1125	0.0175	10	0	0
0.1125	0.0225	10	0	0
0.1125	0.0275	10	0	0
0.1125	0.0325	10	0	0
0.1125	0.0375	10	0	0
0.1125	0.0425	10	0	0
0.1125	0.0475	10	0	0
0.1125	0.0525	10	0	0
0.1125	0.0575	10	0	0
0.1125	0.0625	10	0	0
0.1125	0.0675	10	0	0
0.1125	0.0725	10	0	0
0.1125	0.0775	10	0	0
0.1125	0.0825	10	0	0
0.1125	0.0875	10	0	0
0.1125	0.0925	10	0	0
0.1125	0.0975	10	0	0
0.1125	0.1025	10	0	0
0.1125	0.1075	10	0	0
0.1125	0.1125	10	0	0
0.1125	0.1175	10	0	0
0.1125	0.1225	10	0	0
0.1125	0.1275	10	0	0
0.1125	0.1325	10	0	0
0.1125	0.1375	10	0	0
0.1125	0.1425	10	0	0
0.1125	0.1475	10	0	0
0.1125	0.1525	10	0	0
0.1125	0.1575	10	0	0
0.1125	0.1625	10	0	0
0.1125	0.1675	10	0	0
0.1125	0.1725	10	0	0
0.1125	0.1775	10	0	0
0.1125	0.1825	10	0	0
0.1125	0.1875	10	0	0
0.1125	0.1925	10	0	0
0.1125	0.1975	10	0	0
0.1125	0.2025	10	0	0
0.1125	0.2075	10	0	0
0.1125	0.2125	10	0	0
0.1125	0.2175	10	0	0
0.1125	0.2225	10	0	0
0.1125	0.2275	10	0	0
0.1125	0.2325	10	0	0
0.1125	0.2375	10	0	0
0.1125	0.2425	10	0	0
0.1125	0.2475	10	0	0
0.1125	0.2525	10	0	0
0.1125	0.2575	10	0	0
0.1125	0.2625	10	0	0
0.1125	0.2675	10	0	0
0.1125	0.2725	10	0	0
0.1125	0.2775	10	0	0
0.1125	0.2825	10	0	0
0.1125	0.2875	10	0	0
0.1125	0.2925	10	0	0
0.1125	0.2975	10	0	0
0.1125	0.3025	10	0	0
0.1125	0.3075	10	0	0
0.1125	0.3125	10	0	0
0.1125	0.3175	10	0	0
0.1125	0.3225	10	0	0
0.1125	0.3275	10	0	0
0.1125	0.3325	10	0	0
0.1125	0.3375	10	0	0
0.1125	0.3425	10	0	0
0.1125	0.3475	10	0	0
0.1125	0.3525	10	0	0
0.1125	0.3575	10	0	0
0.1125	0.3625	10	0	0
0.1125	0.3675	10	0	0
0.1125	0.3725	10	0	0
0.1125	0.3775	10	0	0
0.1125	0.3825	10	0	0
0.1125	0.3875	10	0	0
0.1125	0.3925	10	0	0
0.1125	0.3975	10	0	0
0.1125	0.4025	10	0	0
0.1125	0.4075	10	0	0
0.1125	0.4125	10	0	0
0.1125	0.4175	10	0	0
0.1125	0.4225	10	0	0
0.1125	0.4275	10	0	0
0.1125	0.4325	10	0	0
0.1125	0.4375	10	0	0
0.1125	0.4425	10	0	0
0.1125	0.4475	10	0	0
0.1125	0.4525	10	0	0
0.1125	0.4575	10	0	0
0.1125	0.4625	10	0	0
0.1125	0.4675	10	0	0
0.1125	0.4725	10	0	0
0.1125	0.4775	10	0	0
0.1125	0.4825	10	0	0
0.1125	0.4875	10	0	0
0.1125	0.4925	10	0	0
0.1125	0.4975	10	0	0
0.1125	0.5025	10	0	0
0.1125	0.5075	10	0	0
0.1125	0.5125	10	0	0
0.1125	0.5175	10	0	0
0.1125	0.5225	10	0	0
0.1125	0.5275	10	0	0
0.1125	0.5325	10	0	0
0.1125	0.5375	10	0	0
0.1125	0.5425	10	0	0
0.1125	0.5475	10	0	0
0.1125	0.5525	10	0	0
0.1125	0.5575	10	0	0
0.1125	0.5625	10	0	0
0.1125	0.5675	10	0	0
0.1125	0.5725	10	0	0
0.1125	0.5775	10	0	0
0.1125	0.5825	10	0	0
0.1125	0.5875	10	0	0
0.1125	0.5925	10	0	0
0.1125	0.5975	10	0	0
0.1125	0.6025	10	0	0
0.1125	0.6075	10	0	0
0.1125	0.6125	10	0	0
0.1125	0.6175	10	0	0
0.1125	0.6225	10	0	0
0.1125	0.6275	10	0	0
0.1125	0.6325	10	0	0
0.1125	0.6375	10	0	0
0.1125	0.6425	10	0	0
0.1125	0.6475	10	0	0
0.1125	0.6525	10	0	0
0.1125	0.6575	10	0	0
0.1125	0.6625	10	0	0
0.1125	0.6675	10	0	0
0.1125	0.6725	10	0	0
0.1125	0.6775	10	0	0
0.1125	0.6825	10	0	0
0.1125	0.6875	10	0	0
0.1125	0.6925	10	0	0
0.1125	0.6975	10	0	0
0.1125	0.7025	10	0	0
0.1125	0.7075	10	0	0
0.1125	0.7125	10	0	0
0.1125	0.7175	10	0	0
0.1125	0.7225	10	0	0
0.1125	0.7275	10	0	0
0.1125	0.7325	10	0	0
0.1125	0.7375	10	0	0
0.1125	0.7425	10	0	0
0.1125	0.7475	10	0	0
0.1125	0.7525	10	0	0
0.1125	0.7575	10	0	0
0.1125	0.7625	10	0	0
0.1125	0.7675	10	0	0
0.1125	0.7725	10	0	0
0.1125	0.7775	10	0	0
0.1125	0.7825	10	0	0
0.1125	0.7875	10	0	0
0.1125	0.7925	10	0	0
0.1125	0.7975	10	0	0
0.1125	0.8025	10	0	0
0.1125	0.8075	10	0	0
0.1125	0.8125	10	0	0
0.1125	0.8175	10	0	0
0.1125	0.8225	10	0	0
0.1125	0.8275	10	0	0
0.1125	0.8325	10	0	0
0.1125	0.8375	10	0	0
0.1125	0.8425	10	0	0
0.1125	0.8475	10	0	0
0.1125	0.8525	10	0	0
0.1125	0.8575	10	0	0
0.1125	0.8625	10	0	0
0.1125	0.8675	10	0	0
0.1125	0.8725	10	0	0
0.1125	0.8775	10	0	0
0.1125	0.8825	10	0	0
0.1125	0.8875	10	0	0
0.1125	0.8925	10	0	0
0.1125	0.8975	10	0	0
0.1125	0.9025	10	0	0
0.1125	0.9075	10	0	0
0.1125	0.9125	10	0	0
0.1125	0.9175	10	0	0
0.1125	0.9225	10	0	0
0.1125	0.9275	10	0	0
0.1125	0.9325	10	0	0
0.1125	0.9375	10	0	0
0.1125	0.9425	10	0	0
0.1125	0.9475	10	0	0
0.1125	0.9525	10	0	0
0.1125	0.9575	10	0	0
0.1125	0.9625	10	0	0
0.1125	0.9675	10	0	0
0.1125	0.9725	10	0	0
0.1125	0.9775	10	0	0
0.1125	0.9825	10	0	0
0.1125	0.9875	10	0	0
0.1125	0.9925	10	0	0
0.1125	0.9975	10	0	0
0.1125	1.0025	10	0	0
0.1175	0.0075	10	0	0
0.1175	0.0125	10	0	0
0.1175	0.0175	10	0	0
0.1175	0.0225	10	0	0
0.1175	0.0275	10	0	0
0.1175	0.0325	10	0	0
0.1175	0.0375	10	0	0
0.1175	0.0425	10	0	0
0.1175	0.0475	10	0	0
0.1175	0.0525	10	0	0
0.1175	0.0575	10	0	0
0.1175	0.0625	10	0	0
0.1175	0.0675	10	0	0
0.1175	0.0725	10	0	0
0.1175	0.0775	10	0	0
0.1175	0.0825	10	0	0
0.1175	0.0875	10	0	0
0.1175	0.0925	10	0	0
0.1175	0.0975	10	0	0
0.1175	0.1025	10	0	0
0.1175	0.1075	10	0	0
0.1175	0.1125	10	0	0
0.1175	0.1175	10	0	0
0.1175	0.1225	10	0	0
0.1175	0.1275	10	0	0
0.1175	0.1325	10	0	0
0.1175	0.1375	10	0	0
0.1175	0.1425	10	0	0
0.1175	0.1475	10	0	0
0.1175	0.1525	10	0	0
0.1175	0.1575	10	0	0
0.1175	0.1625	10	0	0
0.1175	0.1675	10	0	0
0.1175	0.1725	10	0	0
0.1175	0.1775	10	0	0
0.1175	0.1825	10	0	0
0.1175	0.1875	10	0	0
0.1175	0.1925	10	0	0
0.1175	0.1975	10	0	0
0.1175	0.2025	10	0	0
0.1175	0.2075	10	0	0
0.1175	0.2125	10	0	0
0.1175	0.2175	10	0	0
0.1175	0.2225	10	0	0
0.1175	0.2275	10	0	0
0.1175	0.2325	10	0	0
0.1175	0.2375	10	0	0
0.1175	0.2425	10	0	0
0.1175	0.2475	10	0	0
0.1175	0.2525	10	0	0
0.1175	0.2575	10	0	0
0.1175	0.2625	10	0	0
0.1175	0.2675	10	0	0
0.1175	0.2725	10	0	0
0.1175	0.2775	10	0	0
0.1175	0.2825	10	0	0
0.1175	0.2875	10	0	0
0.1175	0.2925	10	0	0
0.1175	0.2975	10	0	0
0.1175	0.3025	10	0	0
0.1175	0.3075	10	0	0
0.1175	0.3125	10	0	0
0.1175	0.3175	10	0	0
0.1175	0.3225	10	0	0
0.1175	0.3275	10	0	0
0.1175	0.3325	10	0	0
0.1175	0.3375	10	0	0
0.1175	0.3425	10	0	0
0.1175	0.3475	10	0	0
0.1175	0.3525	10	0	0
0.1175	0.3575	10	0	0
0.1175	0.3625	10	0	0
0.1175	0.3675	10	0	0
0.1175	0.3725	10	0	0
0.1175	0.3775	10	0	0
0.1175	0.3825	10	0	0
0.1175	0.3875	10	0	0
0.1175	0.3925	10	0	0
0.1175	0.3975	10	0	0
0.1175	0.4025	10	0	0
0.1175	0.4075	10	0	0
0.1175	0.4125	10	0	0
0.1175	0.4175	10	0	0
0.1175	0.4225	10	0	0
0.1175	0.4275	10	0	0
0.1175	0.4325	10	0	0
0.1175	0.4375	10	0	0
0.1175	0.4425	10	0	0
0.1175	0.4475	10	0	0
0.1175	0.4525	10	0	0
0.1175	0.4575	10	0	0
0.1175	0.4625	10	0	0
0.1175	0.4675	10	0	0
0.1175	0.4725	10	0	0
0.1175	0.4775	10	0	0
0.1175	0.4825	10	0	0
0.1175	0.4875	10	0	0
0.1175	0.4925	10	0	0
0.1175	0.4975	10	0	0
0.1175	0.5025	10	0	0
0.1175	0.5075	10	0	0
0.1175	0.5125	10	0	0
0.1175	0.5175	10	0	0
0.1175	0.5225	10	0	0
0.1175	0.5275	10	0	0
0.1175	0.5325	10	0	0
0.1175	0.5375	10	0	0
0.1175	0.5425	10	0	0
0.1175	0.5475	10	0	0
0.1175	0.5525	10	0	0
0.1175	0.5575	10	0	0
0.1175	0.5625	10	0	0
0.1175	0.5675	10	0	0
0.1175	0.5725	10	0	0
0.1175	0.5775	10	0	0
0.1175	0.5825	10	0	0
0.1175	0.5875	10	0	0
0.1175	0.5925	10	0	0
0.1175	0.5975	10	0	0
0.1175	0.6025	10	0	0
0.1175	0.6075	10	0	0
0.1175	0.6125	10	0	0
0.1175	0.6175	10	0	0
0.1175	0.6225	10	0	0
0.1175	0.6275	10	0	0
0.1175	0.6325	10	0	0
0.1175	0.6375	10	0	0
0.1175	0.6425	10	0	0
0.1175	0.6475	10	0	0
0.1175	0.6525	10	0	0
0.1175	0.6575	10	0	0
0.1175	0.6625	10	0	0
0.1175	0.6675	10	0	0
0.1175	0.6725	10	0	0
0.1175	0.6775	10	0	0
0.1175	0.6825	10	0	0
0.1175	0.6875	10	0	0
0.1175	0.6925	10	0	0
0.1175	0.6975	10	0	0
0.1175	0.7025	10	0	0
0.1175	0.7075	10	0	0
0.1175	0.7125	10	0	0
0.1175	0.7175	10	0	0
0.1175	0.7225	10	0	0
0.1175	0.7275	10	0	0
0.1175	0.7325	10	0	0
0.1175	0.7375	10	0	0
0.1175	0.7425	10	0	0
0.1175	0.7475	10	0	0
0.1175	0.7525	10	0	0
0.1175	0.7575	10	0	0
0.1175	0.7625	10	0	0
0.1175	0.7675	10	0	0
0.1175	0.7725	10	0	0
0.1175	0.7775	10	0	0
0.1175	0.7825	10	0	0
0.1175	0.7875	10	0	0
0.1175	0.7925	10	0	0
0.1175	0.7975	10	0	0
0.1175	0.8025	10	0	0
0.1175	0.8075	10	0	0
0.1175	0.8125	10	0	0
0.1175	0.8175	10	0	0
0.1175	0.8225	10	0	0
0.1175	0.8275	10	0	0
0.1175	0.8325	10	0	0
0.1175	0.8375	10	0	0
0.1175	0.8425	10	0	0
0.1175	0.8475	10	0	0
0.1175	0.8525	10	0	0
0.1175	0.8575	10	0	0
0.1175	0.8625	10	0	0
0.1175	0.8675	10	0	0
0.1175	0.8725	10	0	0
0.1175	0.8775	10	0	0
0.1175	0.8825	10	0	0
0.1175	0.8875	10	0	0
0.1175	0.8925	10	0	0
0.1175	0.8975	10	0	0
0.1175	0.9025	10	0	0
0.1175	0.9075	10	0	0
0.1175	0.9125	10	0	0
0.1175	0.9175	10	0	0
0.1175	0.9225	10	0	0
0.1175	0.9275	10	0	0
0.1175	0.9325	10	0	0
0.1175	0.9375	10	0	0
0.1175	0.9425	10	0	0
0.1175	0.9475	10	0	0
0.1175	0.9525	10	0	0
0.1175	0.9575	10	0	0
0.1175	0.9625	10	0	0
0.1175	0.9675	10	0	0
0.1175	0.9725	10	0	0
0.1175	0.9775	10	0	0
0.1175	0.9825	10	0	0
0.1175	0.9875	10	0	0
0.1175	0.9925	10	0	0
0.1175	0.9975	10	0	0
0.1175	1.0025	10	0	0
0.1225	0.0075	10	0	0
0.1225	0.0125	10	0	0
0.1225	0.0175	10	0	0
0.1225	0.0225	10	0	0
0.1225	0.0275	10	0	0
0.1225	0.0325	10	0	0
0.1225	0.0375	10	0	0
0.1225	0.0425	10	0	0
0.1225	0.0475	10	0	0
0.1225	0.0525	10	0	0
0.1225	0.0575	10	0	0
0.1225	0.0625	10	0	0
0.1225	0.0675	10	0	0
0.1225	0.0725	10	0	0
0.1225	0.0775	10	0	0
0.1225	0.0825	10	0	0
0.1225	0.0875	10	0	0
0.1225	0.0925	10	0	0
0.1225	0.0975	10	0	0
0.1225	0.1025	10	0	0
0.1225	0.1075	10	0	0
0.1225	0.1125	10	0	0
0.1225	0.1175	10	0	0
0.1225	0.1225	10	0	0
0.1225	0.1275	10	0	0
0.1225	0.1325	10	0	0
0.1225	0.1375	10	0	0
0.1225	0.1425	10	0	0
0.1225	0.1475	10	0	0
0.1225	0.1525	10	0	0
0.1225	0.1575	10	0	0
0.1225	0.1625	10	0	0
0.1225	0.1675	10	0	0
0.1225	0.1725	10	0	0
0.1225	0.1775	10	0	0
0.1225	0.1825	10	0	0
0.1225	0.1875	10	0	0
0.1225	0.1925	10	0	0
0.1225	0.1975	10	0	0
0.1225	0.2025	10	0	0
0.1225	0.2075	10	0	0
0.1225	0.2125	10	0	0
0.1225	0.2175	10	0	0
0.1225	0.2225	10	0	0
0.1225	0.2275	10	0	0
0.1225	0.2325	10	0	0
0.1225	0.2375	10	0	0
0.1225	0.2425	10	0	0
0.1225	0.2475	10	0	0
0.1225	0.2525	10	0	0
0.1225	0.2575	10	0	0
0.1225	0.2625	10	0	0
0.1225	0.2675	10	0	0
0.1225	0.2725	10	0	0
0.1225	0.2775	10	0	0
0.1225	0.2825	10	0	0
0.1225	0.2875	10	0	0
0.1225	0.2925	10	0	0
0.1225	0.2975	10	0	0
0.1225	0.3025	10	0	0
0.1225	0.3075	10	0	0
0.1225	0.3125	10	0	0
0.1225	0.3175	10	0	0
0.1225	0.3225	10	0	0
0.1225	0.3275	10	0	0
0.1225	0.3325	10	0	0
0.1225	0.3375	10	0	0
0.1225	0.3425	10	0	0
0.1225	0.3475	10	0	0
0.1225	0.3525	10	0	0
0.1225	0.3575	10	0	0
0.1225	0.3625	10	0	0
0.1225	0.3675	10	0	0
0.1225	0.3725	10	0	0
0.1225	0.3775	10	0	0
0.1225	0.3825	10	0	0
0.1225	0.3875	10	0	0
0.1225	0.3925	10	0	0
0.1225	0.3975	10	0	0
0.1225	0.4025	10	0	0
0.1225	0.4075	10	0	0
0.1225	0.4125	10	0	0
0.1225	0.4175	10	0	0
0.1225	0.4225	10	0	0
0.1225	0.4275	10	0	0
0.1225	0.4325	10	0	0
0.1225	0.4375	10	0	0
0.1225	0.4425	10	0	0
0.1225	0.4475	10	0	0
0.1225	0.4525	10	0	0
0.1225	0.4575	10	0	0
0.1225	0.4625	10	0	0
0.1225	0.4675	10	0	0
0.1225	0.4725	10	0	0
0.1225	0.4775	10	0	0
0.1225	0.4825	10	0	0
0.1225	0.4875	10	0	0
0.1225	0.4925	10	0	0
0.1225	0.4975	10	0	0
0.1225	0.5025	10	0	0
0.1225	0.5075	10	0	0
0.1225	0.5125	10	0	0
0.1225	0.5175	10	0	0
0.1225	0.5225	10	0	0
0.1225	0.5275	10	0	0
0.1225	0.5325	10	0	0
0.1225	0.5375	10	0	0
0.1225	0.5425	10	0	0
0.1225	0.5475	10	0	0
0.1225	0.5525	10	0	0
0.1225	0.5575	10	0	0
0.1225	0.5625	10	0	0
0.1225	0.5675	10	0	0
0.1225	0.5725	10	0	0
0.1225	0.5775	10	0	0
0.1225	0.5825	10	0	0
0.1225	0.5875	10	0	0
0.1225	0.5925	10	0	0
0.1225	0.5975	10	0	0
0.1225	0.6025	10	0	0
0.1225	0.6075	10	0	0
0.1225	0.6125	10	0	0
0.1225	0.6175	10	0	0
0.1225	0.6225	10	0	0
0.1225	0.6275	10	0	0
0.1225	0.6325	10	0	0
0.1225	0.6375	10	0	0
0.1225	0.6425	10	0	0
0.1225	0.6475	10	0	0
0.1225	0.6525	10	0	0
0.1225	0.6575	10	0	0
0.1225	0.6625	10	0	0
0.1225	0.6675	10	0	0
0.1225	0.6725	10	0	0
0.1225	0.6775	10	0	0
0.1225	0.6825	10	0	0
0.1225	0.6875	10	0	0
0.1225	0.6925	10	0	0
0.1225	0.6975	10	0	0
0.1225	0.7025	10	0	0
0.1225	0.7075	10	0	0
0.1225	0.7125	10	0	0
0.1225	0.7175	10	0	0
0.1225	0.7225	10	0	0
0.1225	0.7275	10	0	0
0.1225	0.7325	10	0	0
0.1225	0.7375	10	0	0
0.1225	0.7425	10	0	0
0.1225	0.7475	10	0	0
0.1225	0.7525	10	0	0
0.1225	0.7575	10	0	0
0.1225	0.7625	10	0	0
0.1225	0.7675	10	0	0
0.1225	0.7725	10	0	0
0.1225	0.7775	10	0	0
0.1225	0.7825	10	0	0
0.1225	0.7875	10	0	0
0.1225	0.7925	10	0	0
0.1225	0.7975	10	0	0
0.1225	0.8025	10	0	0
0.1225	0.8075	10	0	0
0.1225	0.8125	10	0	0
0.1225	0.8175	10	0	0
0.1225	0.8225	10	0	0
0.1225	0.8275	10	0	0
0.1225	0.8325	10	0	0
0.1225	0.8375	10	0	0
0.1225	0.8425	10	0	0
0.1225	0.8475	10	0	0
0.1225	0.8525	10	0	0
0.1225	0.8575	10	0	0
0.1225	0.8625	10	0	0
0.1225	0.8675	10	0	0
0.1225	0.8725	10	0	0
0.1225	0.8775	10	0	0
0.1225	0.8825	10	0	0
0.1225	0.8875	10	0	0
0.1225	0.8925	10	0	0
0.1225	0.8975	10	0	0
0.1225	0.9025	10	0	0
0.1225	0.9075	10	0	0
0.1225	0.9125	10	0	0
0.1225	0.9175	10	0	0
0.1225	0.9225	10	0	0
0.1225	0.9275	10	0	0
0.1225	0.9325	10	0	0
0.1225	0.9375	10	0	0
0.1225	0.9425	10	0	0
0.1225	0.9475	10	0	0
0.1225	0.9525	10	0	0
0.1225	0.9575	10	0	0
0.1225	0.9625	10	0	0
0.1225	0.9675	10	0	0
0.1225	0.9725	10	0	0
0.1225	0.9775	10	0	0
0.1225	0.9825	10	0	0
0.1225	0.9875	10	0	0
0.1225	0.9925	10	0	0
0.1225	0.9975	10	0	0
0.1225	1.0025	10	0	0
0.1275	0.0075	10	0	0
0.1275	0.0125	10	0	0
0.1275	0.0175	10	0	0
0.1275	0.0225	10	0	0
0.1275	0.0275	10	0	0
0.1275	0.0325	10	0	0
0.1275	0.0375	10	0	0
0.1275	0.0425	10	0	0
0.1275	0.0475	10	0	0
0.1275	0.0525	10	0	0
0.1275	0.0575	10	0	0
0.1275	0.0625	10	0	0
0.1275	0.0675	10	0	0
0.1275	0.0725	10	0	0
0.1275	0.0775	10	0	0
0.1275	0.0825	10	0	0
0.1275	0.0875	10	0	0
0.1275	0.0925	10	0	0
0.1275	0.0975	10	0	0
0.1275	0.1025	10	0	0
0.1275	0.1075	10	0	0
0.1275	0.1125	10	0	0
0.1275	0.1175	10	0	0
0.1275	0.1225	10	0	0
0.1275	0.1275	10	0	0
0.1275	0.1325	10	0	0
0.1275	0.1375	10	0	0
0.1275	0.1425	10	0	0
0.1275	0.1475	10	0	0
0.1275	0.1525	10	0	0
0.1275	0.1575	10	0	0
0.1275	0.1625	10	0	0
0.1275	0.1675	10	0	0
0.1275	0.1725	10	0	0
0.1275	0.1775	10	0	0
0.1275	0.1825	10	0	0
0.1275	0.1875	10	0	0
0.1275	0.1925	10	0	0
0.1275	0.1975	10	0	0
0.1275	0.2025	10	0	0
0.1275	0.2075	10	0	0
0.1275	0.2125	10	0	0
0.1275	0.2175	10	0	0
0.1275	0.2225	10	0	0
0.1275	0.2275	10	0	0
0.1275	0.2325	10	0	0
0.1275	0.2375	10	0	0
0.1275	0.2425	10	0	0
0.1275	0.2475	10	0	0
0.1275	0.2525	10	0	0
0.1275	0.2575	10	0	0
0.1275	0.2625	10	0	0
0.1275	0.2675	10	0	0
0.1275	0.2725	10	0	0
0.1275	0.2775	10	0	0
0.1275	0.2825	10	0	0
0.1275	0.2875	10	0	0
0.1275	0.2925	10	0	0
0.1275	0.2975	10	0	0
0.1275	0.3025	10	0	0
0.1275	0.3075	10	0	0
0.1275	0.3125	10	0	0
0.1275	0.3175	10	0	0
0.1275	0.3225	10	0	0
0.1275	0.3275	10	0	0
0.1275	0.3325	10	0	0
0.1275	0.3375	10	0	0
0.1275	0.3425	10	0	0
0.1275	0.3475	10	0	0
0.1275	0.3525	10	0	0
0.1275	0.3575	10	0	0
0.1275	0.3625	10	0	0
0.1275	0.3675	10	0	0
0.1275	0.3725	10	0	0
0.1275	0.3775	10	0	0
0.1275	0.3825	10	0	0
0.1275	0.3875	10	0	0
0.1275	0.3925	10	0	0
0.1275	0.3975	10	0	0
0.1275	0.4025	10	0	0
0.1275	0.4075	10	0	0
0.1275	0.4125	10	0	0
0.1275	0.4175	10	0	0
0.1275	0.4225	10	0	0
0.1275	0.4275	10	0	0
0.1275	0.4325	10	0	0
0.1275	0.4375	10	0	0
0.1275	0.4425	10	0	0
0.1275	0.4475	10	0	0
0.1275	0.4525	10	0	0
0.1275	0.4575	10	0	0
0.1275	0.4625	10	0	0
0.1275	0.4675	10	0	0
0.1275	0.4725	10	0	0
0.1275	0.4775	10	0	0
0.1275	0.4825	10	0	0
0.1275	0.4875	10	0	0
0.1275	0.4925	10	0	0
0.1275	0.4975	10	0	0
0.1275	0.5025	10	0	0
0.1275	0.5075	10	0	0
0.1275	0.5125	10	0	0
0.1275	0.5175	10	0	0
0.1275	0.5225	10	0	0
0.1275	0.5275	10	0	0
0.1275	0.5325	10	0	0
0.1275	0.5375	10	0	0
0.1275	0.5425	10	0	0
0.1275	0.5475	10	0	0
0.1275	0.5525	10	0	0
0.1275	0.5575	10	0	0
0.1275	0.5625	10	0	0
0.1275	0.5675	10	0	0
0.1275	0.5725	10	0	0
0.1275	0.5775	10	0	0
0.1275	0.5825	10	0	0
0.1275	0.5875	10	0	0
0.1275	0.5925	10	0	0
0.1275	0.5975	10	0	0
0.1275	0.6025	10	0	0
0.1275	0.6075	10	0	0
0.1275	0.6125	10	0	0
0.1275	0.6175	10	0	0
0.1275	0.6225	10	0	0
0.1275	0.6275	10	0	0
0.1275	0.6325	10	0	0
0.1275	0.6375	10	0	0
0.1275	0.6425	10	0	0
0.1275	0.6475	10	0	0
0.1275	0.6525	10	0	0
0.1275	0.6575	10	0	0
0.1275	0.6625	10	0	0
0.1275	0.6675	10	0	0
0.1275	0.6725	10	0	0
0.1275	0.6775	10	0	0
0.1275	0.6825	10	0	0
0.1275	0.6875	10	0	0
0.1275	0.6925	10	0	0
0.1275	0.6975	10	0	0
0.1275	0.7025	10	0	0
0.1275	0.7075	10	0	0
0.1275	0.7125	10	0	0
0.1275	0.7175	10	0	0
0.1275	0.7225	10	0	0
0.1275	0.7275	10	0	0
0.1275	0.7325	10	0	0
0.1275	0.7375	10	0	0
0.1275	0.7425	10	0	0
0.1275	0.7475	10	0	0
0.1275	0.7525	10	0	0
0.1275	0.7575	10	0	0
0.1275	0.7625	10	0	0
0.1275	0.7675	10	0	0
0.1275	0.7725	10	0	0
0.1275	0.7775	10	0	0
0.1275	0.7825	10	0	0
0.1275	0.7875	10	0	0
0.1275	0.7925	10	0	0
0.1275	0.7975	10	0	0
0.1275	0.8025	10	0	0
0.1275	0.8075	10	0	0
0.1275	0.8125	10	0	0
0.1275	0.8175	10	0	0
0.1275	0.8225	10	0	0
0.1275	0.8275	10	0	0
0.1275	0.8325	10	0	0
0.1275	0.8375	10	0	0
0.1275	0.8425	10	0	0
0.1275	0.8475	10	0	0
0.1275	0.8525	10	0	0
0.1275	0.8575	10	0	0
0.1275	0.8625	10	0	0
0.1275	0.8675	10	0	0
0.1275	0.8725	10	0	0
0.1275	0.8775	10	0	0
0.1275	0.8825	10	0	0
0.1275	0.8875	10	0	0
0.1275	0.8925	10	0	0
0.1275	0.8975	10	0	0
0.1275	0.9025	10	0	0
0.1275	0.9075	10	0	0
0.1275	0.9125	10	0	0
0.1275	0.9175	10	0	0
0.1275	0.9225	10	0	0
0.1275	0.9275	10	0	0
0.1275	0.9325	10	0	0
0.1275	0.9375	10	0	0
0.1275	0.9425	10	0	0
0.1275	0.9475	10	0	0
0.1275	0.9525	10	0	0
0.1275	0.9575	10	0	0
0.1275	0.9625	10	0	0
0.1275	0.9675	10	0	0
0.1275	0.9725	10	0	0
0.1275	0.9775	10	0	0
0.1275	0.9825	10	0	0
0.1275	0.9875	10	0	0
0.1275	0.9925	10	0	0
0.1275	0.9975	10	0	0
0.1275	1.0025	10	0	0
0.1325	0.0075	10	0	0
0.1325	0.0125	10	0	0
0.1325	0.0175	10	0	0
0.1325	0.0225	10	0	0
0.1325	0.0275	10	0	0
0.1325	0.0325	10	0	0
0.1325	0.0375	10	0	0
0.1325	0.0425	10	0	0
0.1325	0.0475	10	0	0
0.1325	0.0525	10	0	0
0.1325	0.0575	10	0	0
0.1325	0.0625	10	0	0
0.1325	0.0675	10	0	0
0.1325	0.0725	10	0	0
0.1325	0.0775	10	0	0
0.1325	0.0825	10	0	0
0.1325	0.0875	10	0	0
0.1325	0.0925	10	0	0
0.1325	0.0975	10	0	0
0.1325	0.1025	10	0	0
0.1325	0.1075	10	0	0
0.1325	0.1125	10	0	0
0.1325	0.1175	10	0	0
0.1325	0.1225	10	0	0
0.1325	0.1275	10	0	0
0.1325	0.1325	10	0	0
0.1325	0.1375	10	0	0
0.1325	0.1425	10	0	0
0.1325	0.1475	10	0	0
0.1325	0.1525	10	0	0
0.1325	0.1575	10	0	0
0.1325	0.1625	10	0	0
0.1325	0.1675	10	0	0
0.1325	0.1725	10	0	0
0.1325	0.1775	10	0	0
0.1325	0.1825	10	0	0
0.1325	0.1875	10	0	0
0.1325	0.1925	10	0	0
0.1325	0.1975	10	0	0
0.1325	0.2025	10	0	0
0.1325	0.2075	10	0	0
0.1325	0.2125	10	0	0
0.1325	0.2175	10	0	0
0.1325	0.2225	10	0	0
0.1325	0.2275	10	0	0
0.1325	0.2325	10	0	0
0.1325	0.2375	10	0	0
0.1325	0.2425	10	0	0
0.1325	0.2475	10	0	0
0.1325	0.2525	10	0	0
0.1325	0.2575	10	0	0
0.1325	0.2625	10	0	0
0.1325	0.2675	10	0	0
0.1325	0.2725	10	0	0
0.1325	0.2775	10	0	0
0.1325	0.2825	10	0	0
0.1325	0.2875	10	0	0
0.1325	0.2925	10	0	0
0.1325	0.2975	10	0	0
0.1325	0.3025	10	0	0
0.1325	0.3075	10	0	0
0.1325	0.3125	10	0	0
0.1325	0.3175	10	0	0
0.1325	0.3225	10	0	0
0.1325	0.3275	10	0	0
0.1325	0.3325	10	0	0
0.1325	0.3375	10	0	0
0.1325	0.3425	10	0	0
0.1325	0.3475	10	0	0
0.1325	0.3525	10	0	0
0.1325	0.3575	10	0	0
0.1325	0.3625	10	0	0
0.1325	0.3675	10	0	0
0.1325	0.3725	10	0	0
0.1325	0.3775	10	0	0
0.1325	0.3825	10	0	0
0.1325	0.3875	10	0	0
0.1325	0.3925	10	0	0
0.1325	0.3975	10	0	0
0.1325	0.4025	10	0	0
0.1325	0.4075	10	0	0
0.1325	0.4125	10	0	0
0.1325	0.4175	10	0	0
0.1325	0.4225	10	0	0
0.1325	0.4275	10	0	0
0.1325	0.4325	10	0	0
0.1325	0.4375	10	0	0
0.1325	0.4425	10	0	0
0.1325	0.4475	10	0	0
0.1325	0.4525	10	0	0
0.1325	0.4575	10	0	0
0.1325	0.4625	10	0	0
0.1325	0.4675	10	0	0
0.1325	0.4725	10	0	0
0.1325	0.4775	10	0	0
0.1325	0.4825	10	0	0
0.1325	0.4875	10	0	0
0.1325	0.4925	10	0	0
0.1325	0.4975	10	0	0
0.1325	0.5025	10	0	0
0.1325	0.5075	10	0	0
0.1325	0.5125	10	0	0
0.1325	0.5175	10	0	0
0.1325	0.5225	10	0	0
0.1325	0.5275	10	0	0
0.1325	0.5325	10	0	0
0.1325	0.5375	10	0	0
0.1325	0.5425	10	0	0
0.1325	0.5475	10	0	0
0.1325	0.5525	10	0	0
0.1325	0.5575	10	0	0
0.1325	0.5625	10	0	0
0.1325	0.5675	10	0	0
0.1325	0.5725	10	0	0
0.1325	0.5775	10	0	0
0.1325	0.5825	10	0	0
0.1325	0.5875	10	0	0
0.1325	0.5925	10	0	0
0.1325	0.5975	10	0	0
0.1325	0.6025	10	0	0
0.1325	0.6075	10	0	0
0.1325	0.6125	10	0	0
0.1325	0.6175	10	0	0
0.1325	0.6225	10	0	0
0.1325	0.6275	10	0	0
0.1325	0.6325	10	0	0
0.1325	0.6375	10	0	0
0.1325	0.6425	10	0	0
0.1325	0.6475	10	0	0
0.1325	0.6525	10	0	0
0.1325	0.6575	10	0	0
0.1325	0.6625	10	0	0
0.1325	0.6675	10	0	0
0.1325	0.6725	10	0	0
0.1325	0.6775	10	0	0
0.1325	0.6825	10	0	0
0.1325	0.6875	10	0	0
0.1325	0.6925	10	0	0
0.1325	0.6975	10	0	0
0.1325	0.7025	10	0	0
0.1325	0.7075	10	0	0
0.1325	0.7125	10	0	0
0.1325	0.7175	10	0	0
0.1325	0.7225	10	0	0
0.1325	0.7275	10	0	0
0.1325	0.7325	10	0	0
0.1325	0.7375	10	0	0
0.1325	0.7425	10	0	0
0.1325	0.7475	10	0	0
0.1325	0.7525	10	0	0
0.1325	0.7575	10	0	0
0.1325	0.7625	10	0	0
0.1325	0.7675	10	0	0
0.1325	0.7725	10	0	0
0.1325	0.7775	10	0	0
0.1325	0.7825	10	0	0
0.1325	0.7875	10	0	0
0.1325	0.7925	10	0	0
0.1325	0.7975	10	0	0
0.1325	0.8025	10	0	0
0.1325	0.8075	10	0	0
0.1325	0.8125	10	0	0
0.1325	0.8175	10	0	0
0.1325	0.8225	10	0	0
0.1325	0.8275	10	0	0
0.1325	0.8325	10	0	0
0.1325	0.8375	10	0	0
0.1325	0.8425	10	0	0
0.1325	0.8475	10	0	0
0.1325	0.8525	10	0	0
0.1325	0.8575	10	0	0
0.1325	0.8625	10	0	0
0.1325	0.8675	10	0	0
0.1325	0.8725	10	0	0
0.1325	0.8775	10	0	0
0.1325	0.8825	10	0	0
0.1325	0.8875	10	0	0
0.1325	0.8925	10	0	0
0.1325	0.8975	10	0	0
0.1325	0.9025	10	0	0
0.1325	0.9075	10	0	0
0.1325	0.9125	10	0	0
0.1325	0.9175	10	0	0
0.1325	0.9225	10	0	0
0.1325	0.9275	10	0	0
0.1325	0.9325	10	0	0
0.1325	0.9375	10	0	0
0.1325	0.9425	10	0	0
0.1325	0.9475	10	0	0
0.1325	0.9525	10	0	0
0.1325	0.9575	10	0	0
0.1325	0.9625	10	0	0
0.1325	0.9675	10	0	0
0.1325	0.9725	10	0	0
0.1325	0.9775	10	0	0
0.1325	0.9825	10	0	0
0.1325	0.9875	10	0	0
0.1325	0.9925	10	0	0
0.1325	0.9975	10	0	0
0.1325	1.0025	10	0	0
0.1375	0.0075	10	0	0
0.1375	0.0125	10	0	0
0.1375	0.0175	10	0	0
0.1375	0.0225	10	0	0
0.1375	0.0275	10	0	0
0.1375	0.0325	10	0	0
0.1375	0.0375	10	0	0
0.1375	0.0425	10	0	0
0.1375	0.0475	10	0	0
0.1375	0.0525	10	0	0
0.1375	0.0575	10	0	0
0.1375	0.0625	10	0	0
0.1375	0.0675	10	0	0
0.1375	0.0725	10	0	0
0.1375	0.0775	10	0	0
0.1375	0.0825	10	0	0
0.1375	0.0875	10	0	0
0.1375	0.0925	10	0	0
0.1375	0.0975	10	0	0
0.1375	0.1025	10	0	0
0.1375	0.1075	10	0	0
0.1375	0.1125	10	0	0
0.1375	0.1175	10	0	0
0.1375	0.1225	10	0	0
0.1375	0.1275	10	0	0
0.1375	0.1325	10	0	0
0.1375	0.1375	10	0	0
0.1375	0.1425	10	0	0
0.1375	0.1475	10	0	0
0.1375	0.1525	10	0	0
0.1375	0.1575	10	0	0
0.1375	0.1625	10	0	0
0.1375	0.1675	10	0	0
0.1375	0.1725	10	0	0
0.1375	0.1775	10	0	0
0.1375	0.1825	10	0	0
0.1375	0.1875	10	0	0
0.1375	0.1925	10	0	0
0.1375	0.1975	10	0	0
0.1375	0.2025	10	0	0
0.1375	0.2075	10	0	0
0.1375	0.2125	10	0	0
0.1375	0.2175	10	0	0
0.1375	0.2225	10	0	0
0.1375	0.2275	10	0	0
0.1375	0.2325	10	0	0
0.1375	0.2375	10	0	0
0.1375	0.2425	10	0	0
0.1375	0.2475	10	0	0
0.1375	0.2525	10	0	0
0.1375	0.2575	10	0	0
0.1375	0.2625	10	0	0
0.1375	0.2675	10	0	0
0.1375	0.2725	10	0	0
0.1375	0.2775	10	0	0
0.1375	0.2825	10	0	0
0.1375	0.2875	10	0	0
0.1375	0.2925	10	0	0
0.1375	0.2975	10	0	0
0.1375	0.3025	10	0	0
0.1375	0.3075	10	0	0
0.1375	0.3125	10	0	0
0.1375	0.3175	10	0	0
0.1375	0.3225	10	0	0
0.1375	0.3275	10	0	0
0.1375	0.3325	10	0	0
0.1375	0.3375	10	0	0
0.1375	0.3425	10	0	0
0.1375	0.3475	10	0	0
0.1375	0.3525	10	0	0
0.1375	0.3575	10	0	0
0.1375	0.3625	10	0	0
0.1375	0.3675	10	0	0
0.1375	0.3725	10	0	0
0.1375	0.3775	10	0	0
0.1375	0.3825	10	0	0
0.1375	0.3875	10	0	0
0.1375	0.3925	10	0	0
0.1375	0.3975	10	0	0
0.1375	0.4025	10	0	0
0.1375	0.4075	10	0	0
0.1375	0.4125	10	0	0
0.1375	0.4175	10	0	0
0.1375	0.4225	10	0	0
0.1375	0.4275	10	0	0
0.1375	0.4325	10	0	0
0.1375	0.4375	10	0	0
0.1375	0.4425	10	0	0
0.1375	0.4475	10	0	0
0.1375	0.4525	10	0	0
0.1375	0.4575	10	0	0
0.1375	0.4625	10	0	0
0.1375	0.4675	10	0	0
0.1375	0.4725	10	0	0
0.1375	0.4775	10	0	0
0.1375	0.4825	10	0	0
0.1375	0.4875	10	0	0
0.1375	0.4925	10	0	0
0.1375	0.4975	10	0	0
0.1375	0.5025	10	0	0
0.1375	0.5075	10	0	0
0.1375	0.5125	10	0	0
0.1375	0.5175	10	0	0
0.1375	0.5225	10	0	0
0.1375	0.5275	10	0	0
0.1375	0.5325	10	0	0
0.1375	0.5375	10	0	0
0.1375	0.5425	10	0	0
0.1375	0.5475	10	0	0
0.1375	0.5525	10	0	0
0.1375	0.5575	10	0	0
0.1375	0.5625	10	0	0
0.1375	0.5675	10	0	0
0.1375	0.5725	10	0	0
0.1375	0.5775	10	0	0
0.1375	0.5825	10	0	0
0.1375	0.5875	10	0	0
0.1375	0.5925	10	0	0
0.1375	0.5975	10	0	0
0.1375	0.6025	10	0	0
0.1375	0.6075	10	0	0
0.1375	0.6125	10	0	0
0.1375	0.6175	10	0	0
0.1375	0.6225	10	0	0
0.1375	0.6275	10	0	0
0.1375	0.6325	10	0	0
0.1375	0.6375	10	0	0
0.1375	0.6425	10	0	0
0.1375	0.6475	10	0	0
0.1375	0.6525	10	0	0
0.1375	0.6575	10	0	0
0.1375	0.6625	10	0	0
0.1375	0.6675	10	0	0
0.1375	0.6725	10	0	0
0.1375	0.6775	10	0	0
0.1375	0.6825	10	0	0
0.1375	0.6875	10	0	0
0.1375	0.6925	10	0	0
0.1375	0.6975	10	0	0
0.1375	0.7025	10	0	0
0.1375	0.7075	10	0	0
0.1375	0.7125	10	0	0
0.1375	0.7175	10	0	0
0.1375	0.7225	10	0	0
0.1375	0.7275	10	0	0
0.1375	0.7325	10	0	0
0.1375	0.7375	10	0	0
0.1375	0.7425	10	0	0
0.1375	0.7475	10	0	0
0.1375	0.7525	10	0	0
0.1375	0.7575	10	0	0
0.1375	0.7625	10	0	0
0.1375	0.7675	10	0	0
0.1375	0.7725	10	0	0
0.1375	0.7775	10	0	0
0.1375	0.7825	10	0	0
0.1375	0.7875	10	0	0
0.1375	0.7925	10	0	0
0.1375	0.7975	10	0	0
0.1375	0.8025	10	0	0
0.1375	0.8075	10	0	0
0.1375	0.8125	10	0	0
0.1375	0.8175	10	0	0
0.1375	0.8225	10	0	0
0.1375	0.8275	10	0	0
0.1375	0.8325	10	0	0
0.1375	0.8375	10	0	0
0.1375	0.8425	10	0	0
0.1375	0.8475	10	0	0
0.1375	0.8525	10	0	0
0.1375	0.8575	10	0	0
0.1375	0.8625	10	0	0
0.1375	0.8675	10	0	0
0.1375	0.8725	10	0	0
0.1375	0.8775	10	0	0
0.1375	0.8825	10	0	0
0.1375	0.8875	10	0	0
0.1375	0.8925	10	0	0
0.1375	0.8975	10	0	0
0.1375	0.9025	10	0	0
0.1375	0.9075	10	0	0
0.1375	0.9125	10	0	0
0.1375	0.9175	10	0	0
0.1375	0.9225	10	0	0
0.1375	0.9275	10	0	0
0.1375	0.9325	10	0	0
0.1375	0.9375	10	0	0
0.1375	0.9425	10	0	0
0.1375	0.9475	10	0	0
0.1375	0.9525	10	0	0
0.1375	0.9575	10	0	0
0.1375	0.9625	10	0	0
0.1375	0.9675	10	0	0
0.1375	0.9725	10	0	0
0.1375	0.9775	10	0	0
0.1375	0.9825	10	0	0
0.1375	0.9875	10	0	0
0.1375	0.9925	10	0	0
0.1375	0.9975	10	0	0
0.1375	1.0025	10	0	0
0.1425	0.0075	10	0	0
0.1425	0.0125	10	0	0
0.1425	0.0175	10	0	0
0.1425	0.0225	10	0	0
0.1425	0.0275	10	0	0
0.1425	0.0325	10	0	0
0.1425	0.0375	10	0	0
0.1425	0.0425	10	0	0
0.1425	0.0475	10	0	0
0.1425	0.0525	10	0	0
0.1425	0.0575	10	0	0
0.1425	0.0625	10	0	0
0.1425	0.0675	10	0	0
0.1425	0.0725	10	0	0
0.1425	0.0775	10	0	0
0.1425	0.0825	10	0	0
0.1425	0.0875	10	0	0
0.1425	0.0925	10	0	0
0.1425	0.0975	10	0	0
0.1425	0.1025	10	0	0
0.1425	0.1075	10	0	0
0.1425	0.1125	10	0	0
0.1425	0.1175	10	0	0
0.1425	0.1225	10	0	0
0.1425	0.1275	10	0	0
0.1425	0.1325	10	0	0
0.1425	0.1375	10	0	0
0.1425	0.1425	10	0	0
0.1425	0.1475	10	0	0
0.1425	0.1525	10	0	0
0.1425	0.1575	10	0	0
0.1425	0.1625	10	0	0
0.1425	0.1675	10	0	0
0.1425	0.1725	10	0	0
0.1425	0.1775	10	0	0
0.1425	0.1825	10	0	0
0.1425	0.1875	10	0	0
0.1425	0.1925	10	0	0
0.1425	0.1975	10	0	0
0.1425	0.2025	10	0	0
0.1425	0.2075	10	0	0
0.1425	0.2125	10	0	0
0.1425	0.2175	10	0	0
0.1425	0.2225	10	0	0
0.1425	0.2275	10	0	0
0.1425	0.2325	10	0	0
0.1425	0.2375	10	0	0
0.1425	0.2425	10	0	0
0.1425	0.2475	10	0	0
0.1425	0.2525	10	0	0
0.1425	0.2575	10	0	0
0.1425	0.2625	10	0	0
0.1425	0.2675	10	0	0
0.1425	0.2725	10	0	0
0.1425	0.2775	10	0	0
0.1425	0.2825	10	0	0
0.1425	0.2875	10	0	0
0.1425	0.2925	10	0	0
0.1425	0.2975	10	0	0
0.1425	0.3025	10	0	0
0.1425	0.3075	10	0	0
0.1425	0.3125	10	0	0
0.1425	0.3175	10	0	0
0.1425	0.3225	10	0	0
0.1425	0.3275	10	0	0
0.1425	0.3325	10	0	0
0.1425	0.3375	10	0	0
0.1425	0.3425	10	0	0
0.1425	0.3475	10	0	0
0.1425	0.3525	10	0	0
0.1425	0.3575	10	0	0
0.1425	0.3625	10	0	0
0.1425	0.3675	10	0	0
0.1425	0.3725	10	0	0
0.1425	0.3775	10	0	0
0.1425	0.3825	10	0	0
0.1425	0.3875	10	0	0
0.1425	0.3925	10	0	0
0.1425	0.3975	10	0	0
0.1425	0.4025	10	0	0
0.1425	0.4075	10	0	0
0.1425	0.4125	10	0	0
0.1425	0.4175	10	0	0
0.1425	0.4225	10	0	0
0.1425	0.4275	10	0	0
0.1425	0.4325	10	0	0
0.1425	0.4375	10	0	0
0.1425	0.4425	10	0	0
0.1425	0.4475	10	0	0
0.1425	0.4525	10	0	0
0.1425	0.4575	10	0	0
0.1425	0.4625	10	0	0
0.1425	0.4675	10	0	0
0.1425	0.4725	10	0	0
0.1425	0.4775	10	0	0
0.1425	0.4825	10	0	0
0.1425	0.4875	10	0	0
0.1425	0.4925	10	0	0
0.1425	0.4975	10	0	0
0.1425	0.5025	10	0	0
0.1425	0.5075	10	0	0
0.1425	0.5125	10	0	0
0.1425	0.5175	10	0	0
0.1425	0.5225	10	0	0
0.1425	0.5275	10	0	0
0.1425	0.5325	10	0	0
0.1425	0.5375	10	0	0
0.1425	0.5425	10	0	0
0.1425	0.5475	10	0	0
0.1425	0.5525	10	0	0
0.1425	0.5575	10	0	0
0.1425	0.5625	10	0	0
0.1425	0.5675	10	0	0
0.1425	0.5725	10	0	0
0.1425	0.5775	10	0	0
0.1425	0.5825	10	0	0
0.1425	0.5875	10	0	0
0.1425	0.5925	10	0	0
0.1425	0.5975	10	0	0
0.1425	0.6025	10	0	0
0.1425	0.6075	10	0	0
0.1425	0.6125	10	0	0
0.1425	0.6175	10	0	0
0.1425	0.6225	10	0	0
0.1425	0.6275	10	0	0
0.1425	0.6325	10	0	0
0.1425	0.6375	10	0	0
0.1425	0.6425	10	0	0
0.1425	0.6475	10	0	0
0.1425	0.6525	10	0	0
0.1425	0.6575	10	0	0
0.1425	0.6625	10	0	0
0.1425	0.6675	10	0	0
0.1425	0.6725	10	0	0
0.1425	0.6775	10	0	0
0.1425	0.6825	10	0	0
0.1425	0.6875	10	0	0
0.1425	0.6925	10	0	0
0.1425	0.6975	10	0	0
0.1425	0.7025	10	0	0
0.1425	0.7075	10	0	0
0.1425	0.7125	10	0	0
0.1425	0.7175	10	0	0
0.1425	0.7225	10	0	0
0.1425	0.7275	10	0	0
0.1425	0.7325	10	0	0
0.1425	0.7375	10	0	0
0.1425	0.7425	10	0	0
0.1425	0.7475	10	0	0
0.1425	0.7525	10	0	0
0.1425	0.7575	10	0	0
0.1425	0.7625	10	0	0
0.1425	0.7675	10	0	0
0.1425	0.7725	10	0	0
0.1425	0.7775	10	0	0
0.1425	0.7825	10	0	0
0.1425	0.7875	10	0	0
0.1425	0.7925	10	0	0
0.1425	0.7975	10	0	0
0.1425	0.8025	10	0	0
0.1425	0.8075	10	0	0
0.1425	0.8125	10	0	0
0.1425	0.8175	10	0	0
0.1425	0.8225	10	0	0
0.1425	0.8275	10	0	0
0.1425	0.8325	10	0	0
0.1425	0.8375	10	0	0
0.1425	0.8425	10	0	0
0.1425	0.8475	10	0	0
0.1425	0.8525	10	0	0
0.1425	0.8575	10	0	0
0.1425	0.8625	10	0	0
0.1425	0.8675	10	0	0
0.1425	0.8725	10	0	0
0.1425	0.8775	10	0	0
0.1425	0.8825	10	0	0
0.1425	0.8875	10	0	0
0.1425	0.8925	10	0	0
0.1425	0.8975	10	0	0
0.1425	0.9025	10	0	0
0.1425	0.9075	10	0	0
0.1425	0.9125	10	0	0
0.1425	0.9175	10	0	0
0.1425	0.9225	10	0	0
0.1425	0.9275	10	0	0
0.1425	0.9325	10	0	0
0.1425	0.9375	10	0	0
0.1425	0.9425	10	0	0
0.1425	0.9475	10	0	0
0.1425	0.9525	10	0	0
0.1425	0.9575	10	0	0
0.1425	0.9625	10	0	0
0.1425	0.9675	10	0	0
0.1425	0.9725	10	0	0
0.1425	0.9775	10	0	0
0.1425	0.9825	10	0	0
0.1425	0.9875	10	0	0
0.1425	0.9925	10	0	0
0.1425	0.9975	10	0	0
0.1425	1.0025	10	0	0
0.1475	0.0075	10	0	0
0.1475	0.0125	10	0	0
0.1475	0.0175	10	0	0
0.1475	0.0225	10	0	0
0.1475	0.0275	10	0	0
0.1475	0.0325	10	0	0
0.1475	0.0375	10	0	0
0.1475	0.0425	10	0	0
0.1475	0.0475	10	0	0
0.1475	0.0525	10	0	0
0.1475	0.0575	10	0	0
0.1475	0.0625	10	0	0
0.1475	0.0675	10	0	0
0.1475	0.0725	10	0	0
0.1475	0.0775	10	0	0
0.1475	0.0825	10	0	0
0.1475	0.0875	10	0	0
0.1475	0.0925	10	0	0
0.1475	0.0975	10	0	0
0.1475	0.1025	10	0	0
0.1475	0.1075	10	0	0
0.1475	0.1125	10	0	0
0.1475	0.1175	10	0	0
0.1475	0.1225	10	0	0
0.1475	0.1275	10	0	0
0.1475	0.1325	10	0	0
0.1475	0.1375	10	0	0
0.1475	0.1425	10	0	0
0.1475	0.1475	10	0	0
0.1475	0.1525	10	0	0
0.1475	0.1575	10	0	0
0.1475	0.1625	10	0	0
0.1475	0.1675	10	0	0
0.1475	0.1725	10	0	0
0.1475	0.1775	10	0	0
0.1475	0.1825	10	0	0
0.1475	0.1875	10	0	0
0.1475	0.1925	10	0	0
0.1475	0.1975	10	0	0
0.1475	0.2025	10	0	0
0.1475	0.2075	10	0	0
0.1475	0.2125	10	0	0
0.1475	0.2175	10	0	0
0.1475	0.2225	10	0	0
0.1475	0.2275	10	0	0
0.1475	0.2325	10	0	0
0.1475	0.2375	10	0	0
0.1475	0.2425	10	0	0
0.1475	0.2475	10	0	0
0.1475	0.2525	10	0	0
0.1475	0.2575	10	0	0
0.1475	0.2625	10	0	0
0.1475	0.2675	10	0	0
0.1475	0.2725	10	0	0
0.1475	0.2775	10	0	0
0.1475	0.2825	10	0	0
0.1475	0.2875	10	0	0
0.1475	0.2925	10	0	0
0.1475	0.2975	10	0	0
0.1475	0.3025	10	0	0
0.1475	0.3075	10	0	0
0.1475	0.3125	10	0	0
0.1475	0.3175	10	0	0
0.1475	0.3225	10	0	0
0.1475	0.3275	10	0	0
0.1475	0.3325	10	0	0
0.1475	0.3375	10	0	0
0.1475	0.3425	10	0	0
0.1475	0.3475	10	0	0
0.1475	0.3525	10	0	0
0.1475	0.3575	10	0	0
0.1475	0.3625	10	0	0
0.1475	0.3675	10	0	0
0.1475	0.3725	10	0	0
0.1475	0.3775	10	0	0
0.1475	0.3825	10	0	0
0.1475	0.3875	10	0	0
0.1475	0.3925	10	0	0
0.1475	0.3975	10	0	0
0.1475	0.4025	10	0	0
0.1475	0.4075	10	0	0
0.1475	0.4125	10	0	0
0.1475	0.4175	10	0	0
0.1475	0.4225	10	0	0
0.1475	0.4275	10	0	0
0.1475	0.4325	10	0	0
0.1475	0.4375	10	0	0
0.1475	0.4425	10	0	0
0.1475	0.4475	10	0	0
0.1475	0.4525	10	0	0
0.1475	0.4575	10	0	0
0.1475	0.4625	10	0	0
0.1475	0.4675	10	0	0
0.1475	0.4725	10	0	0
0.1475	0.4775	10	0	0
0.1475	0.4825	10	0	0
0.1475	0.4875	10	0	0
0.1475	0.4925	10	0	0
0.1475	0.4975	10	0	0
0.1475	0.5025	10	0	0
0.1475	0.5075	10	0	0
0.1475	0.5125	10	0	0
0.1475	0.5175	10	0	0
0.1475	0.5225	10	0	0
0.1475	0.5275	10	0	0
0.1475	0.5325	10	0	0
0.1475	0.5375	10	0	0
0.1475	0.5425	10	0	0
0.1475	0.5475	10	0	0
0.1475	0.5525	10	0	0
0.1475	0.5575	10	0	0
0.1475	0.5625	10	0	0
0.1475	0.5675	10	0	0
0.1475	0.5725	10	0	0
0.1475	0.5775	10	0	0
0.1475	0.5825	10	0	0
0.1475	0.5875	10	0	0
0.1475	0.5925	10	0	0
0.1475	0.5975	10	0	0
0.1475	0.6025	10	0	0
0.1475	0.6075	10	0	0
0.1475	0.6125	10	0	0
0.1475	0.6175	10	0	0
0.1475	0.6225	10	0	0
0.1475	0.6275	10	0	0
0.1475	0.6325	10	0	0
0.1475	0.6375	10	0	0
0.1475	0.6425	10	0	0
0.1475	0.6475	10	0	0
0.1475	0.6525	10	0	0
0.1475	0.6575	10	0	0
0.1475	0.6625	10	0	0
0.1475	0.6675	10	0	0
0.1475	0.6725	10	0	0
0.1475	0.6775	10	0	0
0.1475	0.6825	10	0	0
0.1475	0.6875	10	0	0
0.1475	0.6925	10	0	0
0.1475	0.6975	10	0	0
0.1475	0.7025	10	0	0
0.1475	0.7075	10	0	0
0.1475	0.7125	10	0	0
0.1475	0.7175	10	0	0
0.1475	0.7225	10	0	0
0.1475	0.7275	10	0	0
0.1475	0.7325	10	0	0
0.1475	0.7375	10	0	0
0.1475	0.7425	10	0	0
0.1475	0.7475	10	0	0
0.1475	0.7525	10	0	0
0.1475	0.7575	10	0	0
0.1475	0.7625	10	0	0
0.1475	0.7675	10	0	0
0.1475	0.7725	10	0	0
0.1475	0.7775	10	0	0
0.1475	0.7825	10	0	0
0.1475	0.7875	10	0	0
0.1475	0.7925	10	0	0
0.1475	0.7975	10	0	0
0.1475	0.8025	10	0	0
0.1475	0.8075	10	0	0
0.1475	0.8125	10	0	0
0.1475	0.8175	10	0	0
0.1475	0.8225	10	0	0
0.1475	0.8275	10	0	0
0.1475	0.8325	10	0	0
0.1475	0.8375	10	0	0
0.1475	0.8425	10	0	0
0.1475	0.8475	10	0	0
0.1475	0.8525	10	0	0
0.1475	0.8575	10	0	0
0.1475	0.8625	10	0	0
0.1475	0.8675	10	0	0
0.1475	0.8725	10	0	0
0.1475	0.8775	10	0	0
0.1475	0.8825	10	0	0
0.1475	0.8875	10	0	0
0.1475	0.8925	10	0	0
0.1475	0.8975	10	0	0
0.1475	0.9025	10	0	0
0.1475	0.9075	10	0	0
0.1475	0.9125	10	0	0
0.1475	0.9175	10	0	0
0.1475	0.9225	10	0	0
0.1475	0.9275	10	0	0
0.1475	0.9325	10	0	0
0.1475	0.9375	10	0	0
0.1475	0.9425	10	0	0
0.1475	0.9475	10	0	0
0.1475	0.9525	10	0	0
0.1475	0.9575	10	0	0
0.1475	0.9625	10	0	0
0.1475	0.9675	10	0	0
0.1475	0.9725	10	0	0
0.1475	0.9775	10	0	0
0.1475	0.9825	10	0	0
0.1475	0.9875	10	0	0
0.1475	0.9925	10	0	0
0.1475	0.9975	10	0	0
0.1475	1.0025	10	0	0
0.1525	0.0075	10	0	0
0.1525	0.0125	10	0	0
0.1525	0.0175	10	0	0
0.1525	0.0225	10	0	0
0.1525	0.0275	10	0	0
0.1525	0.0325	10	0	0
0.1525	0.0375	10	0	0
0.1525	0.0425	10	0	0
0.1525	0.0475	10	0	0
0.1525	0.0525	10	0	0
0.1525	0.0575	10	0	0
0.1525	0.0625	10	0	0
0.1525	0.0675	10	0	0
0.1525	0.0725	10	0	0
0.1525	0.0775	10	0	0
0.1525	0.0825	10	0	0
0.1525	0.0875	10	0	0
0.1525	0.0925	10	0	0
0.1525	0.0975	10	0	0
0.1525	0.1025	10	0	0
0.1525	0.1075	10	0	0
0.1525	0.1125	10	0	0
0.1525	0.1175	10	0	0
0.1525	0.1225	10	0	0
0.1525	0.1275	10	0	0
0.1525	0.1325	10	0	0
0.1525	0.1375	10	0	0
0.1525	0.1425	10	0	0
0.1525	0.1475	10	0	0
0.1525	0.1525	10	0	0
0.1525	0.1575	10	0	0
0.1525	0.1625	10	0	0
0.1525	0.1675	10	0	0
0.1525	0.1725	10	0	0
0.1525	0.1775	10	0	0
0.1525	0.1825	10	0	0
0.1525	0.1875	10	0	0
0.1525	0.1925	10	0	0
0.1525	0.1975	10	0	0
0.1525	0.2025	10	0	0
0.1525	0.2075	10	0	0
0.1525	0.2125	10	0	0
0.1525	0.2175	10	0	0
0.1525	0.2225	10	0	0
0.1525	0.2275	10	0	0
0.1525	0.2325	10	0	0
0.1525	0.2375	10	0	0
0.1525	0.2425	10	0	0
0.1525	0.2475	10	0	0
0.1525	0.2525	10	0	0
0.1525	0.2575	10	0	0
0.1525	0.2625	10	0	0
0.1525	0.2675	10	0	0
0.1525	0.2725	10	0	0
0.1525	0.2775	10	0	0
0.1525	0.2825	10	0	0
0.1525	0.2875	10	0	0
0.1525	0.2925	10	0	0
0.1525	0.2975	10	0	0
0.1525	0.3025	10	0	0
0.1525	0.3075	10	0	0
0.1525	0.3125	10	0	0
0.1525	0.3175	10	0	0
0.1525	0.3225	10	0	0
0.1525	0.3275	10	0	0
0.1525	0.3325	10	0	0
0.1525	0.3375	10	0	0
0.1525	0.3425	10	0	0
0.1525	0.3475	10	0	0
0.1525	0.3525	10	0	0
0.1525	0.3575	10	0	0
0.1525	0.3625	10	0	0
0.1525	0.3675	10	0	0
0.1525	0.3725	10	0	0
0.1525	0.3775	10	0	0
0.1525	0.3825	10	0	0
0.1525	0.3875	10	0	0
0.1525	0.3925	10	0	0
0.1525	0.3975	10	0	0
0.1525	0.4025	10	0	0
0.1525	0.4075	10	0	0
0.1525	0.4125	10	0	0
0.1525	0.4175	10	0	0
0.1525	0.4225	10	0	0
0.1525	0.4275	10	0	0
0.1525	0.4325	10	0	0
0.1525	0.4375	10	0	0
0.1525	0.4425	10	0	0
0.1525	0.4475	10	0	0
0.1525	0.4525	10	0	0
0.1525	0.4575	10	0	0
0.1525	0.4625	10	0	0
0.1525	0.4675	10	0	0
0.1525	0.4725	10	0	0
0.1525	0.4775	10	0	0
0.1525	0.4825	10	0	0
0.1525	0.4875	10	0	0
0.1525	0.4925	10	0	0
0.1525	0.4975	10	0	0
0.1525	0.5025	10	0	0
0.1525	0.5075	10	0	0
0.1525	0.5125	10	0	0
0.1525	0.5175	10	0	0
0.1525	0.5225	10	0	0
0.1525	0.5275	10	0	0
0.1525	0.5325	10	0	0
0.1525	0.5375	10	0	0
0.1525	0.5425	10	0	0
0.1525	0.5475	10	0	0
0.1525	0.5525	10	0	0
0.1525	0.5575	10	0	0
0.1525	0.5625	10	0	0
0.1525	0.5675	10	0	0
0.1525	0.5725	10	0	0
0.1525	0.5775	10	0	0
0.1525	0.5825	10	0	0
0.1525	0.5875	10	0	0
0.1525	0.5925	10	0	0
0.1525	0.5975	10	0	0
0.1525	0.6025	10	0	0
0.1525	0.6075	10	0	0
0.1525	0.6125	10	0	0
0.1525	0.6175	10	0	0
0.1525	0.6225	10	0	0
0.1525	0.6275	10	0	0
0.1525	0.6325	10	0	0
0.1525	0.6375	10	0	0
0.1525	0.6425	10	0	0
0.1525	0.6475	10	0	0
0.1525	0.6525	10	0	0
0.1525	0.6575	10	0	0
0.1525	0.6625	10	0	0
0.1525	0.6675	10	0	0
0.1525	0.6725	10	0	0
0.1525	0.6775	10	0	0
0.1525	0.6825	10	0	0
0.1525	0.6875	10	0	0
0.1525	0.6925	10	0	0
0.1525	0.6975	10	0	0
0.1525	0.7025	10	0	0
0.1525	0.7075	10	0	0
0.1525	0.7125	10	0	0
0.1525	0.7175	10	0	0
0.1525	0.7225	10	0	0
0.1525	0.7275	10	0	0
0.1525	0.7325	10	0	0
0.1525	0.7375	10	0	0
0.1525	0.7425	10	0	0
0.1525	0.7475	10	0	0
0.1525	0.7525	10	0	0
0.1525	0.7575	10	0	0
0.1525	0.7625	10	0	0
0.1525	0.7675	10	0	0
0.1525	0.7725	10	0	0
0.1525	0.7775	10	0	0
0.1525	0.7825	10	0	0
0.1525	0.7875	10	0	0
0.1525	0.7925	10	0	0
0.1525	0.7975	10	0	0
0.1525	0.8025	10	0	0
0.1525	0.8075	10	0	0
0.1525	0.8125	10	0	0
0.1525	0.8175	10	0	0
0.1525	0.8225	10	0	0
0.1525	0.8275	10	0	0
0.1525	0.8325	10	0	0
0.1525	0.8375	10	0	0
0.1525	0.8425	10	0	0
0.1525	0.8475	10	0	0
0.1525	0.8525	10	0	0
0.1525	0.8575	10	0	0
0.1525	0.8625	10	0	0
0.1525	0.8675	10	0	0
0.1525	0.8725	10	0	0
0.1525	0.8775	10	0	0
0.1525	0.8825	10	0	0
0.1525	0.8875	10	0	0
0.1525	0.8925	10	0	0
0.1525	0.8975	10	0	0
0.1525	0.9025	10	0	0
0.1525	0.9075	10	0	0
0.1525	0.9125	10	0	0
0.1525	0.9175	10	0	0
0.1525	0.9225	10	0	0
0.1525	0.9275	10	0	0
0.1525	0.9325	10	0	0
0.1525	0.9375	10	0	0
0.1525	0.9425	10	0	0
0.1525	0.9475	10	0	0
0.1525	0.9525	10	0	0
0.1525	0.9575	10	0	0
0.1525	0.9625	10	0	0
0.1525	0.9675	10	0	0
0.1525	0.9725	10	0	0
0.1525	0.9775	10	0	0
0.1525	0.9825	10	0	0
0.1525	0.9875	10	0	0
0.1525	0.9925	10	0	0
0.1525	0.9975	10	0	0
0.1525	1.0025	10	0	0
0.1575	0.0075	10	0	0
0.1575	0.0125	10	0	0
0.1575	0.0175	10	0	0
0.1575	0.0225	10	0	0
0.1575	0.0275	10	0	0
0.1575	0.0325	10	0	0
0.1575	0.0375	10	0	0
0.1575	0.0425	10	0	0
0.1575	0.0475	10	0	0
0.1575	0.0525	10	0	0
0.1575	0.0575	10	0	0
0.1575	0.0625	10	0	0
0.1575	0.0675	10	0	0
0.1575	0.0725	10	0	0
0.1575	0.0775	10	0	0
0.1575	0.0825	10	0	0
0.1575	0.0875	10	0	0
0.1575	0.0925	10	0	0
0.1575	0.0975	10	0	0
0.1575	0.1025	10	0	0
0.1575	0.1075	10	0	0
0.1575	0.1125	10	0	0
0.1575	0.1175	10	0	0
0.1575	0.1225	10	0	0
0.1575	0.1275	10	0	0
0.1575	0.1325	10	0	0
0.1575	0.1375	10	0	0
0.1575	0.1425	10	0	0
0.1575	0.1475	10	0	0
0.1575	0.1525	10	0	0
0.1575	0.1575	10	0	0
0.1575	0.1625	10	0	0
0.1575	0.1675	10	0	0
0.1575	0.1725	10	0	0
0.1575	0.1775	10	0	0
0.1575	0.1825	10	0	0
0.1575	0.1875	10	0	0
0.1575	0.1925	10	0	0
0.1575	0.1975	10	0	0
0.1575	0.2025	10	0	0
0.1575	0.2075	10	0	0
0.1575	0.2125	10	0	0
0.1575	0.2175	10	0	0
0.1575	0.2225	10	0	0
0.1575	0.2275	10	0	0
0.1575	0.2325	10	0	0
0.1575	0.2375	10	0	0
0.1575	0.2425	10	0	0
0.1575	0.2475	10	0	0
0.1575	0.2525	10	0	0
0.1575	0.2575	10	0	0
0.1575	0.2625	10	0	0
0.1575	0.2675	10	0	0
0.1575	0.2725	10	0	0
0.1575	0.2775	10	0	0
0.1575	0.2825	10	0	0
0.1575	0.2875	10	0	0
0.1575	0.2925	10	0	0
0.1575	0.2975	10	0	0
0.1575	0.3025	10	0	0
0.1575	0.3075	10	0	0
0.1575	0.3125	10	0	0
0.1575	0.3175	10	0	0
0.1575	0.3225	10	0	0
0.1575	0.3275	10	0	0
0.1575	0.3325	10	0	0
0.1575	0.3375	10	0	0
0.1575	0.3425	10	0	0
0.1575	0.3475	10	0	0
0.1575	0.3525	10	0	0
0.1575	0.3575	10	0	0
0.1575	0.3625	10	0	0
0.1575	0.3675	10	0	0
0.1575	0.3725	10	0	0
0.1575	0.3775	10	0	0
0.1575	0.3825	10	0	0
0.1575	0.3875	10	0	0
0.1575	0.3925	10	0	0
0.1575	0.3975	10	0	0
0.1575	0.4025	10	0	0
0.1575	0.4075	10	0	0
0.1575	0.4125	10	0	0
0.1575	0.4175	10	0	0
0.1575	0.4225	10	0	0
0.1575	0.4275	10	0	0
0.1575	0.4325	10	0	0
0.1575	0.4375	10	0	0
0.1575	0.4425	10	0	0
0.1575	0.4475	10	0	0
0.1575	0.4525	10	0	0
0.1575	0.4575	10	0	0
0.1575	0.4625	10	0	0
0.1575	0.4675	10	0	0
0.1575	0.4725	10	0	0
0.1575	0.4775	10	0	0
0.1575	0.4825	10	0	0
0.1575	0.4875	10	0	0
0.1575	0.4925	10	0	0
0.1575	0.4975	10	0	0
0.1575	0.5025	10	0	0
0.1575	0.5075	10	0	0
0.1575	0.5125	10	0	0
0.1575	0.5175	10	0	0
0.1575	0.5225	10	0	0
0.1575	0.5275	10	0	0
0.1575	0.5325	10	0	0
0.1575	0.5375	10	0	0
0.1575	0.5425	10	0	0
0.1575	0.5475	10	0	0
0.1575	0.5525	10	0	0
0.1575	0.5575	10	0	0
0.1575	0.5625	10	0	0
0.1575	0.5675	10	0	0
0.1575	0.5725	10	0	0
0.1575	0.5775	10	0	0
0.1575	0.5825	10	0	0
0.1575	0.5875	10	0	0
0.1575	0.5925	10	0	0
0.1575	0.5975	10	0	0
0.1575	0.6025	10	0	0
0.1575	0.6075	10	0	0
0.1575	0.6125	10	0	0
0.1575	0.6175	10	0	0
0.1575	0.6225	10	0	0
0.1575	0.6275	10	0	0
0.1575	0.6325	10	0	0
0.1575	0.6375	10	0	0
0.1575	0.6425	10	0	0
0.1575	0.6475	10	0	0
0.1575	0.6525	10	0	0
0.1575	0.6575	10	0	0
0.1575	0.6625	10	0	0
0.1575	0.6675	10	0	0
0.1575	0.6725	10	0	0
0.1575	0.6775	10	0	0
0.1575	0.6825	10	0	0
0.1575	0.6875	10	0	0
0.1575	0.6925	10	0	0
0.1575	0.6975	10	0	0
0.1575	0.7025	10	0	0
0.1575	0.7075	10	0	0
0.1575	0.7125	10	0	0
0.1575	0.7175	10	0	0
0.1575	0.7225	10	0	0
0.1575	0.7275	10	0	0
0.1575	0.7325	10	0	0
0.1575	0.7375	10	0	0
0.1575	0.7425	10	0	0
0.1575	0.7475	10	0	0
0.1575	0.7525	10	0	0
0.1575	0.7575	10	0	0
0.1575	0.7625	10	0	0
0.1575	0.7675	10	0	0
0.1575	0.7725	10	0	0
0.1575	0.7775	10	0	0
0.1575	0.7825	10	0	0
0.1575	0.7875	10	0	0
0.1575	0.7925	10	0	0
0.1575	0.7975	10	0	0
0.1575	0.8025	10	0	0
0.1575	0.8075	10	0	0
0.1575	0.8125	10	0	0
0.1575	0.8175	10	0	0
0.1575	0.8225	10	0	0
0.1575	0.8275	10	0	0
0.1575	0.8325	10	0	0
0.1575	0.8375	10	0	0
0.1575	0.8425	10	0	0
0.1575	0.8475	10	0	0
0.1575	0.8525	10	0	0
0.1575	0.8575	10	0	0
0.1575	0.8625	10	0	0
0.1575	0.8675	10	0	0
0.1575	0.8725	10	0	0
0.1575	0.8775	10	0	0
0.1575	0.8825	10	0	0
0.1575	0.8875	10	0	0
0.1575	0.8925	10	0	0
0.1575	0.8975	10	0	0
0.1575	0.9025	10	0	0
0.1575	0.9075	10	0	0
0.1575	0.9125	10	0	0
0.1575	0.9175	10	0	0
0.1575	0.9225	10	0	0
0.1575	0.9275	10	0	0
0.1575	0.9325	10	0	0
0.1575	0.9375	10	0	0
0.1575	0.9425	10	0	0
0.1575	0.9475	10	0	0
0.1575	0.9525	10	0	0
0.1575	0.9575	10	0	0
0.1575	0.9625	10	0	0
0.1575	0.9675	10	0	0
0.1575	0.9725	10	0	0
0.1575	0.9775	10	0	0
0.1575	0.9825	10	0	0
0.1575	0.9875	10	0	0
0.1575	0.9925	10	0	0
0.1575	0.9975	10	0	0
0.1575	1.0025	10	0	0
0.1625	0.0075	10	0	0
0.1625	0.0125	10	0	0
0.1625	0.0175	10	0	0
0.1625	0.0225	10	0	0
0.1625	0.0275	10	0	0
0.1625	0.0325	10	0	0
0.1625	0.0375	10	0	0
0.1625	0.0425	10	0	0
0.1625	0.0475	10	0	0
0.1625	0.0525	10	0	0
0.1625	0.0575	10	0	0
0.1625	0.0625	10	0	0
0.1625	0.0675	10	0	0
0.1625	0.0725	10	0	0
0.1625	0.0775	10	0	0
0.1625	0.0825	10	0	0
0.1625	0.0875	10	0	0
0.1625	0.0925	10	0	0
0.1625	0.0975	10	0	0
0.1625	0.1025	10	0	0
0.1625	0.1075	10	0	0
0.1625	0.1125	10	0	0
0.1625	0.1175	10	0	0
0.1625	0.1225	10	0	0
0.1625	0.1275	10	0	0
0.1625	0.1325	10	0	0
0.1625	0.1375	10	0	0
0.1625	0.1425	10	0	0
0.1625	0.1475	10	0	0
0.1625	0.1525	10	0	0
0.1625	0.1575	10	0	0
0.1625	0.1625	10	0	0
0.1625	0.1675	10	0	0
0.1625	0.1725	10	0	0
0.1625	0.1775	10	0	0
0.1625	0.1825	10	0	0
0.1625	0.1875	10	0	0
0.1625	0.1925	10	0	0
0.1625	0.1975	10	0	0
0.1625	0.2025	10	0	0
0.1625	0.2075	10	0	0
0.1625	0.2125	10	0	0
0.1625	0.2175	10	0	0
0.1625	0.2225	10	0	0
0.1625	0.2275	10	0	0
0.1625	0.2325	10	0	0
0.1625	0.2375	10	0	0
0.1625	0.2425	10	0	0
0.1625	0.2475	10	0	0
0.1625	0.2525	10	0	0
0.1625	0.2575	10	0	0
0.1625	0.2625	10	0	0
0.1625	0.2675	10	0	0
0.1625	0.2725	10	0	0
0.1625	0.2775	10	0	0
0.1625	0.2825	10	0	0
0.1625	0.2875	10	0	0
0.1625	0.2925	10	0	0
0.1625	0.2975	10	0	0
0.1625	0.3025	10	0	0
0.1625	0.3075	10	0	0
0.1625	0.3125	10	0	0
0.1625	0.3175	10	0	0
0.1625	0.3225	10	0	0
0.1625	0.3275	10	0	0
0.1625	0.3325	10	0	0
0.1625	0.3375	10	0	0
0.1625	0.3425	10	0	0
0.1625	0.3475	10	0	0
0.1625	0.3525	10	0	0
0.1625	0.3575	10	0	0
0.1625	0.3625	10	0	0
0.1625	0.3675	10	0	0
0.1625	0.3725	10	0	0
0.1625	0.3775	10	0	0
0.1625	0.3825	10	0	0
0.1625	0.3875	10	0	0
0.1625	0.3925	10	0	0
0.1625	0.3975	10	0	0
0.1625	0.4025	10	0	0
0.1625	0.4075	10	0	0
0.1625	0.4125	10	0	0
0.1625	0.4175	10	0	0
0.1625	0.4225	10	0	0
0.1625	0.4275	10	0	0
0.1625	0.4325	10	0	0
0.1625	0.4375	10	0	0
0.1625	0.4425	10	0	0
0.1625	0.4475	10	0	0
0.1625	0.4525	10	0	0
0.1625	0.4575	10	0	0
0.1625	0.4625	10	0	0
0.1625	0.4675	10	0	0
0.1625	0.4725	10	0	0
0.1625	0.4775	10	0	0
0.1625	0.4825	10	0	0
0.1625	0.4875	10	0	0
0.1625	0.4925	10	0	0
0.1625	0.4975	10	0	0
0.1625	0.5025	10	0	0
0.1625	0.5075	10	0	0
0.1625	0.5125	10	0	0
0.1625	0.5175	10	0	0
0.1625	0.5225	10	0	0
0.1625	0.5275	10	0	0
0.1625	0.5325	10	0	0
0.1625	0.5375	10	0	0
0.1625	0.5425	10	0	0
0.1625	0.5475	10	0	0
0.1625	0.5525	10	0	0
0.1625	0.5575	10	0	0
0.1625	0.5625	10	0	0
0.1625	0.5675	10	0	0
0.1625	0.5725	10	0	0
0.1625	0.5775	10	0	0
0.1625	0.5825	10	0	0
0.1625	0.5875	10	0	0
0.1625	0.5925	10	0	0
0.1625	0.5975	10	0	0
0.1625	0.6025	10	0	0
0.1625	0.6075	10	0	0
0.1625	0.6125	10	0	0
0.1625	0.6175	10	0	0
0.1625	0.6225	10	0	0
0.1625	0.6275	10	0	0
0.1625	0.6325	10	0	0
0.1625	0.6375	10	0	0
0.1625	0.6425	10	0	0
0.1625	0.6475	10	0	0
0.1625	0.6525	10	0	0
0.1625	0.6575	10	0	0
0.1625	0.6625	10	0	0
0.1625	0.6675	10	0	0
0.1625	0.6725	10	0	0
0.1625	0.6775	10	0	0
0.1625	0.6825	10	0	0
0.1625	0.6875	10	0	0
0.1625	0.6925	10	0	0
0.1625	0.6975	10	0	0
0.1625	0.7025	10	0	0
0.1625	0.7075	10	0	0
0.1625	0.7125	10	0	0
0.1625	0.7175	10	0	0
0.1625	0.7225	10	0	0
0.1625	0.7275	10	0	0
0.1625	0.7325	10	0	0
0.1625	0.7375	10	0	0
0.1625	0.7425	10	0	0
0.1625	0.7475	10	0	0
0.1625	0.7525	10	0	0
0.1625	0.7575	10	0	0
0.1625	0.7625	10	0	0
0.1625	0.7675	10	0	0
0.1625	0.7725	10	0	0
0.1625	0.7775	10	0	0
0.1625	0.7825	10	0	0
0.1625	0.7875	10	0	0
0.1625	0.7925	10	0	0
0.1625	0.7975	10	0	0
0.1625	0.8025	10	0	0
0.1625	0.8075	10	0	0
0.1625	0.8125	10	0	0
0.1625	0.8175	10	0	0
0.1625	0.8225	10	0	0
0.1625	0.8275	10	0	0
0.1625	0.8325	10	0	0
0.1625	0.8375	10	0	0
0.1625	0.8425	10	0	0
0.1625	0.8475	10	0	0
0.1625	0.8525	10	0	0
0.1625	0.8575	10	0	0
0.1625	0.8625	10	0	0
0.1625	0.8675	10	0	0
0.1625	0.8725	10	0	0
0.1625	0.8775	10	0	0
0.1625	0.8825	10	0	0
0.1625	0.8875	10	0	0
0.1625	0.8925	10	0	0
0.1625	0.8975	10	0	0
0.1625	0.9025	10	0	0
0.1625	0.9075	10	0	0
0.1625	0.9125	10	0	0
0.1625	0.9175	10	0	0
0.1625	0.9225	10	0	0
0.1625	0.9275	10	0	0
0.1625	0.9325	10	0	0
0.1625	0.9375	10	0	0
0.1625	0.9425	10	0	0
0.1625	0.9475	10	0	0
0.1625	0.9525	10	0	0
0.1625	0.9575	10	0	0
0.1625	0.9625	10	0	0
0.1625	0.9675	10	0	0
0.1625	0.9725	10	0	0
0.1625	0.9775	10	0	0
0.1625	0.9825	10	0	0
0.1625	0.9875	10	0	0
0.1625	0.9925	10	0	0
0.1625	0.9975	10	0	0
0.1625	1.0025	10	0	0
0.1675	0.0075	10	0	0
0.1675	0.0125	10	0	0
0.1675	0.0175	10	0	0
0.1675	0.0225	10	0	0
0.1675	0.0275	10	0	0
0.1675	0.0325	10	0	0
0.1675	0.0375	10	0	0
0.1675	0.0425	10	0	0
0.1675	0.0475	10	0	0
0.1675	0.0525	10	0	0
0.1675	0.0575	10	0	0
0.1675	0.0625	10	0	0
0.1675	0.0675	10	0	0
0.1675	0.0725	10	0	0
0.1675	0.0775	10	0	0
0.1675	0.0825	10	0	0
0.1675	0.0875	10	0	0
0.1675	0.0925	10	0	0
0.1675	0.0975	10	0	0
0.1675	0.1025	10	0	0
0.1675	0.1075	10	0	0
0.1675	0.1125	10	0	0
0.1675	0.1175	10	0	0
0.1675	0.1225	10	0	0
0.1675	0.1275	10	0	0
0.1675	0.1325	10	0	0
0.1675	0.1375	10	0	0
0.1675	0.1425	10	0	0
0.1675	0.1475	10	0	0
0.1675	0.1525	10	0	0
0.1675	0.1575	10	0	0
0.1675	0.1625	10	0	0
0.1675	0.1675	10	0	0
0.1675	0.1725	10	0	0
0.1675	0.1775	10	0	0
0.1675	0.1825	10	0	0
0.1675	0.1875	10	0	0
0.1675	0.1925	10	0	0
0.1675	0.1975	10	0	0
0.1675	0.2025	10	0	0
0.1675	0.2075	10	0	0
0.1675	0.2125	10	0	0
0.1675	0.2175	10	0	0
0.1675	0.2225	10	0	0
0.1675	0.2275	10	0	0
0.1675	0.2325	10	0	0
0.1675	0.2375	10	0	0
0.1675	0.2425	10	0	0
0.1675	0.2475	10	0	0
0.1675	0.2525	10	0	0
0.1675	0.2575	10	0	0
0.1675	0.2625	10	0	0
0.1675	0.2675	10	0	0
0.1675	0.2725	10	0	0
0.1675	0.2775	10	0	0
0.1675	0.2825	10	0	0
0.1675	0.2875	10	0	0
0.1675	0.2925	10	0	0
0.1675	0.2975	10	0	0
0.1675	0.3025	10	0	0
0.1675	0.3075	10	0	0
0.1675	0.3125	10	0	0
0.1675	0.3175	10	0	0
0.1675	0.3225	10	0	0
0.1675	0.3275	10	0	0
0.1675	0.3325	10	0	0
0.1675	0.3375	10	0	0
0.1675	0.3425	10	0	0
0.1675	0.3475	10	0	0
0.1675	0.3525	10	0	0
0.1675	0.3575	10	0	0
0.1675	0.3625	10	0	0
0.1675	0.3675	10	0	0
0.1675	0.3725	10	0	0
0.1675	0.3775	10	0	0
0.1675	0.3825	10	0	0
0.1675	0.3875	10	0	0
0.1675	0.3925	10	0	0
0.1675	0.3975	10	0	0
0.1675	0.4025	10	0	0
0.1675	0.4075	10	0	0
0.1675	0.4125	10	0	0
0.1675	0.4175	10	0	0
0.1675	0.4225	10	0	0
0.1675	0.4275	10	0	0
0.1675	0.4325	10	0	0
0.1675	0.4375	10	0	0
0.1675	0.4425	10	0	0
0.1675	0.4475	10	0	0
0.1675	0.4525	10	0	0
0.1675	0.4575	10	0	0
0.1675	0.4625	10	0	0
0.1675	0.4675	10	0	0
0.1675	0.4725	10	0	0
0.1675	0.4775	10	0	0
0.1675	0.4825	10	0	0
0.1675	0.4875	10	0	0
0.1675	0.4925	10	0	0
0.1675	0.4975	10	0	0
0.1675	0.5025	10	0	0
0.1675	0.5075	10	0	0
0.1675	0.5125	10	0	0
0.1675	0.5175	10	0	0
0.1675	0.5225	10	0	0
0.1675	0.5275	10	0	0
0.1675	0.5325	10	0	0
0.1675	0.5375	10	0	0
0.1675	0.5425	10	0	0
0.1675	0.5475	10	0	0
0.1675	0.5525	10	0	0
0.1675	0.5575	10	0	0
0.1675	0.5625	10	0	0
0.1675	0.5675	10	0	0
0.1675	0.5725	10	0	0
0.1675	0.5775	10	0	0
0.1675	0.5825	10	0	0
0.1675	0.5875	10	0	0
0.1675	0.5925	10	0	0
0.1675	0.5975	10	0	0
0.1675	0.6025	10	0	0
0.1675	0.6075	10	0	0
0.1675	0.6125	10	0	0
0.1675	0.6175	10	0	0
0.1675	0.6225	10	0	0
0.1675	0.6275	10	0	0
0.1675	0.6325	10	0	0
0.1675	0.6375	10	0	0
0.1675	0.6425	10	0	0
0.1675	0.6475	10	0	0
0.1675	0.6525	10	0	0
0.1675	0.6575	10	0	0
0.1675	0.6625	10	0	0
0.1675	0.6675	10	0	0
0.1675	0.6725	10	0	0
0.1675	0.6775	10	0	0
0.1675	0.6825	10	0	0
0.1675	0.6875	10	0	0
0.1675	0.6925	10	0	0
0.1675	0.6975	10	0	0
0.1675	0.7025	10	0	0
0.1675	0.7075	10	0	0
0.1675	0.7125	10	0	0
0.1675	0.7175	10	0	0
0.1675	0.7225	10	0	0
0.1675	0.7275	10	0	0
0.1675	0.7325	10	0	0
0.1675	0.7375	10	0	0
0.1675	0.7425	10	0	0
0.1675	0.7475	10	0	0
0.1675	0.7525	10	0	0
0.1675	0.7575	10	0	0
0.1675	0.7625	10	0	0
0.1675	0.7675	10	0	0
0.1675	0.7725	10	0	0
0.1675	0.7775	10	0	0
0.1675	0.7825	10	0	0
0.1675	0.7875	10	0	0
0.1675	0.7925	10	0	0
0.1675	0.7975	10	0	0
0.1675	0.8025	10	0	0
0.1675	0.8075	10	0	0
0.1675	0.8125	10	0	0
0.1675	0.8175	10	0	0
0.1675	0.8225	10	0	0
0.1675	0.8275	10	0	0
0.1675	0.8325	10	0	0
0.1675	0.8375	10	0	0
0.1675	0.8425	10	0	0
0.1675	0.8475	10	0	0
0.1675	0.8525	10	0	0
0.1675	0.8575	10	0	0
0.1675	0.8625	10	0	0
0.1675	0.8675	10	0	0
0.1675	0.8725	10	0	0
0.1675	0.8775	10	0	0
0.1675	0.8825	10	0	0
0.1675	0.8875	10	0	0
0.1675	0.8925	10	0	0
0.1675	0.8975	10	0	0
0.1675	0.9025	10	0	0
0.1675	0.9075	10	0	0
0.1675	0.9125	10	0	0
0.1675	0.9175	10	0	0
0.1675	0.9225	10	0	0
0.1675	0.9275	10	0	0
0.1675	0.9325	10	0	0
0.1675	0.9375	10	0	0
0.1675	0.9425	10	0	0
0.1675	0.9475	10	0	0
0.1675	0.9525	10	0	0
0.1675	0.9575	10	0	0
0.1675	0.9625	10	0	0
0.1675	0.9675	10	0	0
0.1675	0.9725	10	0	0
0.1675	0.9775	10	0	0
0.1675	0.9825	10	0	0
0.1675	0.9875	10	0	0
0.1675	0.9925	10	0	0
0.1675	0.9975	10	0	0
0.1675	1.0025	10	0	0
0.1725	0.0075	10	0	0
0.1725	0.0125	10	0	0
0.1725	0.0175	10	0	0
0.1725	0.0225	10	0	0
0.1725	0.0275	10	0	0
0.1725	0.0325	10	0	0
0.1725	0.0375	10	0	0
0.1725	0.0425	10	0	0
0.1725	0.0475	10	0	0
0.1725	0.0525	10	0	0
0.1725	0.0575	10	0	0
0.1725	0.0625	10	0	0
0.1725	0.0675	10	0	0
0.1725	0.0725	10	0	0
0.1725	0.0775	10	0	0
0.1725	0.0825	10	0	0
0.1725	0.0875	10	0	0
0.1725	0.0925	10	0	0
0.1725	0.0975	10	0	0
0.1725	0.1025	10	0	0
0.1725	0.1075	10	0	0
0.1725	0.1125	10	0	0
0.1725	0.1175	10	0	0
0.1725	0.1225	10	0	0
0.1725	0.1275	10	0	0
0.1725	0.1325	10	0	0
0.1725	0.1375	10	0	0
0.1725	0.1425	10	0	0
0.1725	0.1475	10	0	0
0.1725	0.1525	10	0	0
0.1725	0.1575	10	0	0
0.1725	0.1625	10	0	0
0.1725	0.1675	10	0	0
0.1725	0.1725	10	0	0
0.1725	0.1775	10	0	0
0.1725	0.1825	10	0	0
0.1725	0.1875	10	0	0
0.1725	0.1925	10	0	0
0.1725	0.1975	10	0	0
0.1725	0.2025	10	0	0
0.1725	0.2075	10	0	0
0.1725	0.2125	10	0	0
0.1725	0.2175	10	0	0
0.1725	0.2225	10	0	0
0.1725	0.2275	10	0	0
0.1725	0.2325	10	0	0
0.1725	0.2375	10	0	0
0.1725	0.2425	10	0	0
0.1725	0.2475	10	0	0
0.1725	0.2525	10	0	0
0.1725	0.2575	10	0	0
0.1725	0.2625	10	0	0
0.1725	0.2675	10	0	0
0.1725	0.2725	10	0	0
0.1725	0.2775	10	0	0
0.1725	0.2825	10	0	0
0.1725	0.2875	10	0	0
0.1725	0.2925	10	0	0
0.1725	0.2975	10	0	0
0.1725	0.3025	10	0	0
0.1725	0.3075	10	0	0
0.1725	0.3125	10	0	0
0.1725	0.3175	10	0	0
0.1725	0.3225	10	0	0
0.1725	0.3275	10	0	0
0.1725	0.3325	10	0	0
0.1725	0.3375	10	0	0
0.1725	0.3425	10	0	0
0.1725	0.3475	10	0	0
0.1725	0.3525	10	0	0
0.1725	0.3575	10	0	0
0.1725	0.3625	10	0	0
0.1725	0.3675	10	0	0
0.1725	0.3725	10	0	0
0.1725	0.3775	10	0	0
0.1725	0.3825	10	0	0
0.1725	0.3875	10	0	0
0.1725	0.3925	10	0	0
0.1725	0.3975	10	0	0
0.1725	0.4025	10	0	0
0.1725	0.4075	10	0	0
0.1725	0.4125	10	0	0
0.1725	0.4175	10	0	0
0.1725	0.4225	10	0	0
0.1725	0.4275	10	0	0
0.1725	0.4325	10	0	0
0.1725	0.4375	10	0	0
0.1725	0.4425	10	0	0
0.1725	0.4475	10	0	0
0.1725	0.4525	10	0	0
0.1725	0.4575	10	0	0
0.1725	0.4625	10	0	0
0.1725	0.4675	10	0	0
0.1725	0.4725	10	0	0
0.1725	0.4775	10	0	0
0.1725	0.4825	10	0	0
0.1725	0.4875	10	0	0
0.1725	0.4925	10	0	0
0.1725	0.4975	10	0	0
0.1725	0.5025	10	0	0
0.1725	0.5075	10	0	0
0.1725	0.5125	10	0	0
0.1725	0.5175	10	0	0
0.1725	0.5225	10	0	0
0.1725	0.5275	10	0	0
0.1725	0.5325	10	0	0
0.1725	0.5375	10	0	0
0.1725	0.5425	10	0	0
0.1725	0.5475	10	0	0
0.1725	0.5525	10	0	0
0.1725	0.5575	10	0	0
0.1725	0.5625	10	0	0
0.1725	0.5675	10	0	0
0.1725	0.5725	10	0	0
0.1725	0.5775	10	0	0
0.1725	0.5825	10	0	0
0.1725	0.5875	10	0	0
0.1725	0.5925	10	0	0
0.1725	0.5975	10	0	0
0.1725	0.6025	10	0	0
0.1725	0.6075	10	0	0
0.1725	0.6125	10	0	0
0.1725	0.6175	10	0	0
0.1725	0.6225	10	0	0
0.1725	0.6275	10	0	0
0.1725	0.6325	10	0	0
0.1725	0.6375	10	0	0
0.1725	0.6425	10	0	0
0.1725	0.6475	10	0	0
0.1725	0.6525	10	0	0
0.1725	0.6575	10	0	0
0.1725	0.6625	10	0	0
0.1725	0.6675	10	0	0
0.1725	0.6725	10	0	0
0.1725	0.6775	10	0	0
0.1725	0.6825	10	0	0
0.1725	0.6875	10	0	0
0.1725	0.6925	10	0	0
0.1725	0.6975	10	0	0
0.1725	0.7025	10	0	0
0.1725	0.7075	10	0	0
0.1725	0.7125	10	0	0
0.1725	0.7175	10	0	0
0.1725	0.7225	10	0	0
0.1725	0.7275	10	0	0
0.1725	0.7325	10	0	0
0.1725	0.7375	10	0	0
0.1725	0.7425	10	0	0
0.1725	0.7475	10	0	0
0.1725	0.7525	10	0	0
0.1725	0.7575	10	0	0
0.1725	0.7625	10	0	0
0.1725	0.7675	10	0	0
0.1725	0.7725	10	0	0
0.1725	0.7775	10	0	0
0.1725	0.7825	10	0	0
0.1725	0.7875	10	0	0
0.1725	0.7925	10	0	0
0.1725	0.7975	10	0	0
0.1725	0.8025	10	0	0
0.1725	0.8075	10	0	0
0.1725	0.8125	10	0	0
0.1725	0.8175	10	0	0
0.1725	0.8225	10	0	0
0.1725	0.8275	10	0	0
0.1725	0.8325	10	0	0
0.1725	0.8375	10	0	0
0.1725	0.8425	10	0	0
0.1725	0.8475	10	0	0
0.1725	0.8525	10	0	0
0.1725	0.8575	10	0	0
0.1725	0.8625	10	0	0
0.1725	0.8675	10	0	0
0.1725	0.8725	10	0	0
0.1725	0.8775	10	0	0
0.1725	0.8825	10	0	0
0.1725	0.8875	10	0	0
0.1725	0.8925	10	0	0
0.1725	0.8975	10	0	0
0.1725	0.9025	10	0	0
0.1725	0.9075	10	0	0
0.1725	0.9125	10	0	0
0.1725	0.9175	10	0	0
0.1725	0.9225	10	0	0
0.1725	0.9275	10	0	0
0.1725	0.9325	10	0	0
0.1725	0.9375	10	0	0
0.1725	0.9425	10	0	0
0.1725	0.9475	10	0	0
0.1725	0.9525	10	0	0
0.1725	0.9575	10	0	0
0.1725	0.9625	10	0	0
0.1725	0.9675	10	0	0
0.1725	0.9725	10	0	0
0.1725	0.9775	10	0	0
0.1725	0.9825	10	0	0
0.1725	0.9875	10	0	0
0.1725	0.9925	10	0	0
0.1725	0.9975	10	0	0
0.1725	1.0025	10	0	0
0.1775	0.0075	10	0	0
0.1775	0.0125	10	0	0
0.1775	0.0175	10	0	0
0.1775	0.0225	10	0	0
0.1775	0.0275	10	0	0
0.1775	0.0325	10	0	0
0.1775	0.0375	10	0	0
0.1775	0.0425	10	0	0
0.1775	0.0475	10	0	0
0.1775	0.0525	10	0	0
0.1775	0.0575	10	0	0
0.1775	0.0625	10	0	0
0.1775	0.0675	10	0	0
0.1775	0.0725	10	0	0
0.1775	0.0775	10	0	0
0.1775	0.0825	10	0	0
0.1775	0.0875	10	0	0
0.1775	0.0925	10	0	0
0.1775	0.0975	10	0	0
0.1775	0.1025	10	0	0
0.1775	0.1075	10	0	0
0.1775	0.1125	10	0	0
0.1775	0.1175	10	0	0
0.1775	0.1225	10	0	0
0.1775	0.1275	10	0	0
0.1775	0.1325	10	0	0
0.1775	0.1375	10	0	0
0.1775	0.1425	10	0	0
0.1775	0.1475	10	0	0
0.1775	0.1525	10	0	0
0.1775	0.1575	10	0	0
0.1775	0.1625	10	0	0
0.1775	0.1675	10	0	0
0.1775	0.1725	10	0	0
0.1775	0.1775	10	0	0
0.1775	0.1825	10	0	0
0.1775	0.1875	10	0	0
0.1775	0.1925	10	0	0
0.1775	0.1975	10	0	0
0.1775	0.2025	10	0	0
0.1775	0.2075	10	0	0
0.1775	0.2125	10	0	0
0.1775	0.2175	10	0	0
0.1775	0.2225	10	0	0
0.1775	0.2275	10	0	0
0.1775	0.2325	10	0	0
0.1775	0.2375	10	0	0
0.1775	0.2425	10	0	0
0.1775	0.2475	10	0	0
0.1775	0.2525	10	0	0
0.1775	0.2575	10	0	0
0.1775	0.2625	10	0	0
0.1775	0.2675	10	0	0
0.1775	0.2725	10	0	0
0.1775	0.2775	10	0	0
0.1775	0.2825	10	0	0
0.1775	0.2875	10	0	0
0.1775	0.2925	10	0	0
0.1775	0.2975	10	0	0
0.1775	0.3025	10	0	0
0.1775	0.3075	10	0	0
0.1775	0.3125	10	0	0
0.1775	0.3175	10	0	0
0.1775	0.3225	10	0	0
0.1775	0.3275	10	0	0
0.1775	0.3325	10	0	0
0.1775	0.3375	10	0	0
0.1775	0.3425	10	0	0
0.1775	0.3475	10	0	0
0.1775	0.3525	10	0	0
0.1775	0.3575	10	0	0
0.1775	0.3625	10	0	0
0.1775	0.3675	10	0	0
0.1775	0.3725	10	0	0
0.1775	0.3775	10	0	0
0.1775	0.3825	10	0	0
0.1775	0.3875	10	0	0
0.1775	0.3925	10	0	0
0.1775	0.3975	10	0	0
0.1775	0.4025	10	0	0
0.1775	0.4075	10	0	0
0.1775	0.4125	10	0	0
0.1775	0.4175	10	0	0
0.1775	0.4225	10	0	0
0.1775	0.4275	10	0	0
0.1775	0.4325	10	0	0
0.1775	0.4375	10	0	0
0.1775	0.4425	10	0	0
0.1775	0.4475	10	0	0
0.1775	0.4525	10	0	0
0.1775	0.4575	10	0	0
0.1775	0.4625	10	0	0
0.1775	0.4675	10	0	0
0.1775	0.4725	10	0	0
0.1775	0.4775	10	0	0
0.1775	0.4825	10	0	0
0.1775	0.4875	10	0	0
0.1775	0.4925	10	0	0
0.1775	0.4975	10	0	0
0.1775	0.5025	10	0	0
0.1775	0.5075	10	0	0
0.1775	0.5125	10	0	0
0.1775	0.5175	10	0	0
0.1775	0.5225	10	0	0
0.1775	0.5275	10	0	0
0.1775	0.5325	10	0	0
0.1775	0.5375	10	0	0
0.1775	0.5425	10	0	0
0.1775	0.5475	10	0	0
0.1775	0.5525	10	0	0
0.1775	0.5575	10	0	0
0.1775	0.5625	10	0	0
0.1775	0.5675	10	0	0
0.1775	0.5725	10	0	0
0.1775	0.5775	10	0	0
0.1775	0.5825	10	0	0
0.1775	0.5875	10	0	0
0.1775	0.5925	10	0	0
0.1775	0.5975	10	0	0
0.1775	0.6025	10	0	0
0.1775	0.6075	10	0	0
0.1775	0.6125	10	0	0
0.1775	0.6175	10	0	0
0.1775	0.6225	10	0	0
0.1775	0.6275	10	0	0
0.1775	0.6325	10	0	0
0.1775	0.6375	10	0	0
0.1775	0.6425	10	0	0
0.1775	0.6475	10	0	0
0.1775	0.6525	10	0	0
0.1775	0.6575	10	0	0
0.1775	0.6625	10	0	0
0.1775	0.6675	10	0	0
0.1775	0.6725	10	0	0
0.1775	0.6775	10	0	0
0.1775	0.6825	10	0	0
0.1775	0.6875	10	0	0
0.1775	0.6925	10	0	0
0.1775	0.6975	10	0	0
0.1775	0.7025	10	0	0
0.1775	0.7075	10	0	0
0.1775	0.7125	10	0	0
0.1775	0.7175	10	0	0
0.1775	0.7225	10	0	0
0.1775	0.7275	10	0	0
0.1775	0.7325	10	0	0
0.1775	0.7375	10	0	0
0.1775	0.7425	10	0	0
0.1775	0.7475	10	0	0
0.1775	0.7525	10	0	0
0.1775	0.7575	10	0	0
0.1775	0.7625	10	0	0
0.1775	0.7675	10	0	0
0.1775	0.7725	10	0	0
0.1775	0.7775	10	0	0
0.1775	0.7825	10	0	0
0.1775	0.7875	10	0	0
0.1775	0.7925	10	0	0
0.1775	0.7975	10	0	0
0.1775	0.8025	10	0	0
0.1775	0.8075	10	0	0
0.1775	0.8125	10	0	0
0.1775	0.8175	10	0	0
0.1775	0.8225	10	0	0
0.1775	0.8275	10	0	0
0.1775	0.8325	10	0	0
0.1775	0.8375	10	0	0
0.1775	0.8425	10	0	0
0.1775	0.8475	10	0	0
0.1775	0.8525	10	0	0
0.1775	0.8575	10	0	0
0.1775	0.8625	10	0	0
0.1775	0.8675	10	0	0
0.1775	0.8725	10	0	0
0.1775	0.8775	10	0	0
0.1775	0.8825	10	0	0
0.1775	0.8875	10	0	0
0.1775	0.8925	10	0	0
0.1775	0.8975	10	0	0
0.1775	0.9025	10	0	0
0.1775	0.9075	10	0	0
0.1775	0.9125	10	0	0
0.1775	0.9175	10	0	0
0.1775	0.9225	10	0	0
0.1775	0.9275	10	0	0
0.1775	0.9325	10	0	0
0.1775	0.9375	10	0	0
0.1775	0.9425	10	0	0
0.1775	0.9475	10	0	0
0.1775	0.9525	10	0	0
0.1775	0.9575	10	0	0
0.1775	0.9625	10	0	0
0.1775	0.9675	10	0	0
0.1775	0.9725	10	0	0
0.1775	0.9775	10	0	0
0.1775	0.9825	10	0	0
0.1775	0.9875	10	0	0
0.1775	0.9925	10	0	0
0.1775	0.9975	10	0	0
0.1775	1.0025	10	0	0
0.1825	0.0075	10	0	0
0.1825	0.0125	10	0	0
0.1825	0.0175	10	0	0
0.1825	0.0225	10	0	0
0.1825	0.0275	10	0	0
0.1825	0.0325	10	0	0
0.1825	0.0375	10	0	0
0.1825	0.0425	10	0	0
0.1825	0.0475	10	0	0
0.1825	0.0525	10	0	0
0.1825	0.0575	10	0	0
0.1825	0.0625	10	0	0
0.1825	0.0675	10	0	0
0.1825	0.0725	10	0	0
0.1825	0.0775	10	0	0
0.1825	0.0825	10	0	0
0.1825	0.0875	10	0	0
0.1825	0.0925	10	0	0
0.1825	0.0975	10	0	0
0.1825	0.1025	10	0	0
0.1825	0.1075	10	0	0
0.1825	0.1125	10	0	0
0.1825	0.1175	10	0	0
0.1825	0.1225	10	0	0
0.1825	0.1275	10	0	0
0.1825	0.1325	10	0	0
0.1825	0.1375	10	0	0
0.1825	0.1425	10	0	0
0.1825	0.1475	10	0	0
0.1825	0.1525	10	0	0
0.1825	0.1575	10	0	0
0.1825	0.1625	10	0	0
0.1825	0.1675	10	0	0
0.1825	0.1725	10	0	0
0.1825	0.1775	10	0	0
0.1825	0.1825	10	0	0
0.1825	0.1875	10	0	0
0.1825	0.1925	10	0	0
0.1825	0.1975	10	0	0
0.1825	0.2025	10	0	0
0.1825	0.2075	10	0	0
0.1825	0.2125	10	0	0
0.1825	0.2175	10	0	0
0.1825	0.2225	10	0	0
0.1825	0.2275	10	0	0
0.1825	0.2325	10	0	0
0.1825	0.2375	10	0	0
0.1825	0.2425	10	0	0
0.1825	0.2475	10	0	0
0.1825	0.2525	10	0	0
0.1825	0.2575	10	0	0
0.1825	0.2625	10	0	0
0.1825	0.2675	10	0	0
0.1825	0.2725	10	0	0
0.1825	0.2775	10	0	0
0.1825	0.2825	10	0	0
0.1825	0.2875	10	0	0
0.1825	0.2925	10	0	0
0.1825	0.2975	10	0	0
0.1825	0.3025	10	0	0
0.1825	0.3075	10	0	0
0.1825	0.3125	10	0	0
0.1825	0.3175	10	0	0
0.1825	0.3225	10	0	0
0.1825	0.3275	10	0	0
0.1825	0.3325	10	0	0
0.1825	0.3375	10	0	0
0.1825	0.3425	10	0	0
0.1825	0.3475	10	0	0
0.1825	0.3525	10	0	0
0.1825	0.3575	10	0	0
0.1825	0.3625	10	0	0
0.1825	0.3675	10	0	0
0.1825	0.3725	10	0	0
0.1825	0.3775	10	0	0
0.1825	0.3825	10	0	0
0.1825	0.3875	10	0	0
0.1825	0.3925	10	0	0
0.1825	0.3975	10	0	0
0.1825	0.4025	10	0	0
0.1825	0.4075	10	0	0
0.1825	0.4125	10	0	0
0.1825	0.4175	10	0	0
0.1825	0.4225	10	0	0
0.1825	0.4275	10	0	0
0.1825	0.4325	10	0	0
0.1825	0.4375	10	0	0
0.1825	0.4425	10	0	0
0.1825	0.4475	10	0	0
0.1825	0.4525	10	0	0
0.1825	0.4575	10	0	0
0.1825	0.4625	10	0	0
0.1825	0.4675	10	0	0
0.1825	0.4725	10	0	0
0.1825	0.4775	10	0	0
0.1825	0.4825	10	0	0
0.1825	0.4875	10	0	0
0.1825	0.4925	10	0	0
0.1825	0.4975	10	0	0
0.1825	0.5025	10	0	0
0.1825	0.5075	10	0	0
0.1825	0.5125	10	0	0
0.1825	0.5175	10	0	0
0.1825	0.5225	10	0	0
0.1825	0.5275	10	0	0
0.1825	0.5325	10	0	0
0.1825	0.5375	10	0	0
0.1825	0.5425	10	0	0
0.1825	0.5475	10	0	0
0.1825	0.5525	10	0	0
0.1825	0.5575	10	0	0
0.1825	0.5625	10	0	0
0.1825	0.5675	10	0	0
0.1825	0.5725	10	0	0
0.1825	0.5775	10	0	0
0.1825	0.5825	10	0	0
0.1825	0.5875	10	0	0
0.1825	0.5925	10	0	0
0.1825	0.5975	10	0	0
0.1825	0.6025	10	0	0
0.1825	0.6075	10	0	0
0.1825	0.6125	10	0	0
0.1825	0.6175	10	0	0
0.1825	0.6225	10	0	0
0.1825	0.6275	10	0	0
0.1825	0.6325	10	0	0
0.1825	0.6375	10	0	0
0.1825	0.6425	10	0	0
0.1825	0.6475	10	0	0
0.1825	0.6525	10	0	0
0.1825	0.6575	10	0	0
0.1825	0.6625	10	0	0
0.1825	0.6675	10	0	0
0.1825	0.6725	10	0	0
0.1825	0.6775	10	0	0
0.1825	0.6825	10	0	0
0.1825	0.6875	10	0	0
0.1825	0.6925	10	0	0
0.1825	0.6975	10	0	0
0.1825	0.7025	10	0	0
0.1825	0.7075	10	0	0
0.1825	0.7125	10	0	0
0.1825	0.7175	10	0	0
0.1825	0.7225	10	0	0
0.1825	0.7275	10	0	0
0.1825	0.7325	10	0	0
0.1825	0.7375	10	0	0
0.1825	0.7425	10	0	0
0.1825	0.7475	10	0	0
0.1825	0.7525	10	0	0
0.1825	0.7575	10	0	0
0.1825	0.7625	10	0	0
0.1825	0.7675	10	0	0
0.1825	0.7725	10	0	0
0.1825	0.7775	10	0	0
0.1825	0.7825	10	0	0
0.1825	0.7875	10	0	0
0.1825	0.7925	10	0	0
0.1825	0.7975	10	0	0
0.1825	0.8025	10	0	0
0.1825	0.8075	10	0	0
0.1825	0.8125	10	0	0
0.1825	0.8175	10	0	0
0.1825	0.8225	10	0	0
0.1825	0.8275	10	0	0
0.1825	0.8325	10	0	0
0.1825	0.8375	10	0	0
0.1825	0.8425	10	0	0
0.1825	0.8475	10	0	0
0.1825	0.8525	10	0	0
0.1825	0.8575	10	0	0
0.1825	0.8625	10	0	0
0.1825	0.8675	10	0	0
0.1825	0.8725	10	0	0
0.1825	0.8775	10	0	0
0.1825	0.8825	10	0	0
0.1825	0.8875	10	0	0
0.1825	0.8925	10	0	0
0.1825	0.8975	10	0	0
0.1825	0.9025	10	0	0
0.1825	0.9075	10	0	0
0.1825	0.9125	10	0	0
0.1825	0.9175	10	0	0
0.1825	0.9225	10	0	0
0.1825	0.9275	10	0	0
0.1825	0.9325	10	0	0
0.1825	0.9375	10	0	0
0.1825	0.9425	10	0	0
0.1825	0.9475	10	0	0
0.1825	0.9525	10	0	0
0.1825	0.9575	10	0	0
0.1825	0.9625	10	0	0
0.1825	0.9675	10	0	0
0.1825	0.9725	10	0	0
0.1825	0.9775	10	0	0
0.1825	0.9825	10	0	0
0.1825	0.9875	10	0	0
0.1825	0.9925	10	0	0
0.1825	0.9975	10	0	0
0.1825	1.0025	10	0	0
0.1875	0.0075	10	0	0
0.1875	0.0125	10	0	0
0.1875	0.0175	10	0	0
0.1875	0.0225	10	0	0
0.1875	0.0275	10	0	0
0.1875	0.0325	10	0	0
0.1875	0.0375	10	0	0
0.1875	0.0425	10	0	0
0.1875	0.0475	10	0	0
0.1875	0.0525	10	0	0
0.1875	0.0575	10	0	0
0.1875	0.0625	10	0	0
0.1875	0.0675	10	0	0
0.1875	0.0725	10	0	0
0.1875	0.0775	10	0	0
0.1875	0.0825	10	0	0
0.1875	0.0875	10	0	0
0.1875	0.0925	10	0	0
0.1875	0.0975	10	0	0
0.1875	0.1025	10	0	0
0.1875	0.1075	10	0	0
0.1875	0.1125	10	0	0
0.1875	0.1175	10	0	0
0.1875	0.1225	10	0	0
0.1875	0.1275	10	0	0
0.1875	0.1325	10	0	0
0.1875	0.1375	10	0	0
0.1875	0.1425	10	0	0
0.1875	0.1475	10	0	0
0.1875	0.1525	10	0	0
0.1875	0.1575	10	0	0
0.1875	0.1625	10	0	0
0.1875	0.1675	10	0	0
0.1875	0.1725	10	0	0
0.1875	0.1775	10	0	0
0.1875	0.1825	10	0	0
0.1875	0.1875	10	0	0
0.1875	0.1925	10	0	0
0.1875	0.1975	10	0	0
0.1875	0.2025	10	0	0
0.1875	0.2075	10	0	0
0.1875	0.2125	10	0	0
0.1875	0.2175	10	0	0
0.1875	0.2225	10	0	0
0.1875	0.2275	10	0	0
0.1875	0.2325	10	0	0
0.1875	0.2375	10	0	0
0.1875	0.2425	10	0	0
0.1875	0.2475	10	0	0
0.1875	0.2525	10	0	0
0.1875	0.2575	10	0	0
0.1875	0.2625	10	0	0
0.1875	0.2675	10	0	0
0.1875	0.2725	10	0	0
0.1875	0.2775	10	0	0
0.1875	0.2825	10	0	0
0.1875	0.2875	10	0	0
0.1875	0.2925	10	0	0
0.1875	0.2975	10	0	0
0.1875	0.3025	10	0	0
0.1875	0.3075	10	0	0
0.1875	0.3125	10	0	0
0.1875	0.3175	10	0	0
0.1875	0.3225	10	0	0
0.1875	0.3275	10	0	0
0.1875	0.3325	10	0	0
0.1875	0.3375	10	0	0
0.1875	0.3425	10	0	0
0.1875	0.3475	10	0	0
0.1875	0.3525	10	0	0
0.1875	0.3575	10	0	0
0.1875	0.3625	10	0	0
0.1875	0.3675	10	0	0
0.1875	0.3725	10	0	0
0.1875	0.3775	10	0	0
0.1875	0.3825	10	0	0
0.1875	0.3875	10	0	0
0.1875	0.3925	10	0	0
0.1875	0.3975	10	0	0
0.1875	0.4025	10	0	0
0.1875	0.4075	10	0	0
0.1875	0.4125	10	0	0
0.1875	0.4175	10	0	0
0.1875	0.4225	10	0	0
0.1875	0.4275	10	0	0
0.1875	0.4325	10	0	0
0.1875	0.4375	10	0	0
0.1875	0.4425	10	0	0
0.1875	0.4475	10	0	0
0.1875	0.4525	10	0	0
0.1875	0.4575	10	0	0
0.1875	0.4625	10	0	0
0.1875	0.4675	10	0	0
0.1875	0.4725	10	0	0
0.1875	0.4775	10	0	0
0.1875	0.4825	10	0	0
0.1875	0.4875	10	0	0
0.1875	0.4925	10	0	0
0.1875	0.4975	10	0	0
0.1875	0.5025	10	0	0
0.1875	0.5075	10	0	0
0.1875	0.5125	10	0	0
0.1875	0.5175	10	0	0
0.1875	0.5225	10	0	0
0.1875	0.5275	10	0	0
0.1875	0.5325	10	0	0
0.1875	0.5375	10	0	0
0.1875	0.5425	10	0	0
0.1875	0.5475	10	0	0
0.1875	0.5525	10	0	0
0.1875	0.5575	10	0	0
0.1875	0.5625	10	0	0
0.1875	0.5675	10	0	0
0.1875	0.5725	10	0	0
0.1875	0.5775	10	0	0
0.1875	0.5825	10	0	0
0.1875	0.5875	10	0	0
0.1875	0.5925	10	0	0
0.1875	0.5975	10	0	0
0.1875	0.6025	10	0	0
0.1875	0.6075	10	0	0
0.1875	0.6125	10	0	0
0.1875	0.6175	10	0	0
0.1875	0.6225	10	0	0
0.1875	0.6275	10	0	0
0.1875	0.6325	10	0	0
0.1875	0.6375	10	0	0
0.1875	0.6425	10	0	0
0.1875	0.6475	10	0	0
0.1875	0.6525	10	0	0
0.1875	0.6575	10	0	0
0.1875	0.6625	10	0	0
0.1875	0.6675	10	0	0
0.1875	0.6725	10	0	0
0.1875	0.6775	10	0	0
0.1875	0.6825	10	0	0
0.1875	0.6875	10	0	0
0.1875	0.6925	10	0	0
0.1875	0.6975	10	0	0
0.1875	0.7025	10	0	0
0.1875	0.7075	10	0	0
0.1875	0.7125	10	0	0
0.1875	0.7175	10	0	0
0.1875	0.7225	10	0	0
0.1875	0.7275	10	0	0
0.1875	0.7325	10	0	0
0.1875	0.7375	10	0	0
0.1875	0.7425	10	0	0
0.1875	0.7475	10	0	0
0.1875	0.7525	10	0	0
0.1875	0.7575	10	0	0
0.1875	0.7625	10	0	0
0.1875	0.7675	10	0	0
0.1875	0.7725	10	0	0
0.1875	0.7775	10	0	0
0.1875	0.7825	10	0	0
0.1875	0.7875	10	0	0
0.1875	0.7925	10	0	0
0.1875	0.7975	10	0	0
0.1875	0.8025	10	0	0
0.1875	0.8075	10	0	0
0.1875	0.8125	10	0	0
0.1875	0.8175	10	0	0
0.1875	0.8225	10	0	0
0.1875	0.8275	10	0	0
0.1875	0.8325	10	0	0
0.1875	0.8375	10	0	0
0.1875	0.8425	10	0	0
0.1875	0.8475	10	0	0
0.1875	0.8525	10	0	0
0.1875	0.8575	10	0	0
0.1875	0.8625	10	0	0
0.1875	0.8675	10	0	0
0.1875	0.8725	10	0	0
0.1875	0.8775	10	0	0
0.1875	0.8825	10	0	0
0.1875	0.8875	10	0	0
0.1875	0.8925	10	0	0
0.1875	0.8975	10	0	0
0.1875	0.9025	10	0	0
0.1875	0.9075	10	0	0
0.1875	0.9125	10	0	0
0.1875	0.9175	10	0	0
0.1875	0.9225	10	0	0
0.1875	0.9275	10	0	0
0.1875	0.9325	10	0	0
0.1875	0.9375	10	0	0
0.1875	0.9425	10	0	0
0.1875	0.9475	10	0	0
0.1875	0.9525	10	0	0
0.1875	0.9575	10	0	0
0.1875	0.9625	10	0	0
0.1875	0.9675	10	0	0
0.1875	0.9725	10	0	0
0.1875	0.9775	10	0	0
0.1875	0.9825	10	0	0
0.1875	0.9875	10	0	0
0.1875	0.9925	10	0	0
0.1875	0.9975	10	0	0
0.1875	1.0025	10	0	0
0.1925	0.0075	10	0	0
0.1925	0.0125	10	0	0
0.1925	0.0175	10	0	0
0.1925	0.0225	10	0	0
0.1925	0.0275	10	0	0
0.1925	0.0325	10	0	0
0.1925	0.0375	10	0	0
0.1925	0.0425	10	0	0
0.1925	0.0475	10	0	0
0.1925	0.0525	10	0	0
0.1925	0.0575	10	0	0
0.1925	0.0625	10	0	0
0.1925	0.0675	10	0	0
0.1925	0.0725	10	0	0
0.1925	0.0775	10	0	0
0.1925	0.0825	10	0	0
0.1925	0.0875	10	0	0
0.1925	0.0925	10	0	0
0.1925	0.0975	10	0	0
0.1925	0.1025	10	0	0
0.1925	0.1075	10	0	0
0.1925	0.1125	10	0	0
0.1925	0.1175	10	0	0
0.1925	0.1225	10	0	0
0.1925	0.1275	10	0	0
0.1925	0.1325	10	0	0
0.1925	0.1375	10	0	0
0.1925	0.1425	10	0	0
0.1925	0.1475	10	0	0
0.1925	0.1525	10	0	0
0.1925	0.1575	10	0	0
0.1925	0.1625	10	0	0
0.1925	0.1675	10	0	0
0.1925	0.1725	10	0	0
0.1925	0.1775	10	0	0
0.1925	0.1825	10	0	0
0.1925	0.1875	10	0	0
0.1925	0.1925	10	0	0
0.1925	0.1975	10	0	0
0.1925	0.2025	10	0	0
0.1925	0.2075	10	0	0
0.1925	0.2125	10	0	0
0.1925	0.2175	10	0	0
0.1925	0.2225	10	0	0
0.1925	0.2275	10	0	0
0.1925	0.2325	10	0	0
0.1925	0.2375	10	0	0
0.1925	0.2425	10	0	0
0.1925	0.2475	10	0	0
0.1925	0.2525	10	0	0
0.1925	0.2575	10	0	0
0.1925	0.2625	10	0	0
0.1925	0.2675	10	0	0
0.1925	0.2725	10	0	0
0.1925	0.2775	10	0	0
0.1925	0.2825	10	0	0
0.1925	0.2875	10	0	0
0.1925	0.2925	10	0	0
0.1925	0.2975	10	0	0
0.1925	0.3025	10	0	0
0.1925	0.3075	10	0	0
0.1925	0.3125	10	0	0
0.1925	0.3175	10	0	0
0.1925	0.3225	10	0	0
0.1925	0.3275	10	0	0
0.1925	0.3325	10	0	0
0.1925	0.3375	10	0	0
0.1925	0.3425	10	0	0
0.1925	0.3475	10	0	0
0.1925	0.3525	10	0	0
0.1925	0.3575	10	0	0
0.1925	0.3625	10	0	0
0.1925	0.3675	10	0	0
0.1925	0.3725	10	0	0
0.1925	0.3775	10	0	0
0.1925	0.3825	10	0	0
0.1925	0.3875	10	0	0
0.1925	0.3925	10	0	0
0.1925	0.3975	10	0	0
0.1925	0.4025	10	0	0
0.1925	0.4075	10	0	0
0.1925	0.4125	10	0	0
0.1925	0.4175	10	0	0
0.1925	0.4225	10	0	0
0.1925	0.4275	10	0	0
0.1925	0.4325	10	0	0
0.1925	0.4375	10	0	0
0.1925	0.4425	10	0	0
0.1925	0.4475	10	0	0
0.1925	0.4525	10	0	0
0.1925	0.4575	10	0	0
0.1925	0.4625	10	0	0
0.1925	0.4675	10	0	0
0.1925	0.4725	10	0	0
0.1925	0.4775	10	0	0
0.1925	0.4825	10	0	0
0.1925	0.4875	10	0	0
0.1925	0.4925	10	0	0
0.1925	0.4975	10	0	0
0.1925	0.5025	10	0	0
0.1925	0.5075	10	0	0
0.1925	0.5125	10	0	0
0.1925	0.5175	10	0	0
0.1925	0.5225	10	0	0
0.1925	0.5275	10	0	0
0.1925	0.5325	10	0	0
0.1925	0.5375	10	0	0
0.1925	0.5425	10	0	0
0.1925	0.5475	10	0	0
0.1925	0.5525	10	0	0
0.1925	0.5575	10	0	0
0.1925	0.5625	10	0	0
0.1925	0.5675	10	0	0
0.1925	0.5725	10	0	0
0.1925	0.5775	10	0	0
0.1925	0.5825	10	0	0
0.1925	0.5875	10	0	0
0.1925	0.5925	10	0	0
0.1925	0.5975	10	0	0
0.1925	0.6025	10	0	0
0.1925	0.6075	10	0	0
0.1925	0.6125	10	0	0
0.1925	0.6175	10	0	0
0.1925	0.6225	10	0	0
0.1925	0.6275	10	0	0
0.1925	0.6325	10	0	0
0.1925	0.6375	10	0	0
0.1925	0.6425	10	0	0
0.1925	0.6475	10	0	0
0.1925	0.6525	10	0	0
0.1925	0.6575	10	0	0
0.1925	0.6625	10	0	0
0.1925	0.6675	10	0	0
0.1925	0.6725	10	0	0
0.1925	0.6775	10	0	0
0.1925	0.6825	10	0	0
0.1925	0.6875	10	0	0
0.1925	0.6925	10	0	0
0.1925	0.6975	10	0	0
0.1925	0.7025	10	0	0
0.1925	0.7075	10	0	0
0.1925	0.7125	10	0	0
0.1925	0.7175	10	0	0
0.1925	0.7225	10	0	0
0.1925	0.7275	10	0	0
0.1925	0.7325	10	0	0
0.1925	0.7375	10	0	0
0.1925	0.7425	10	0	0
0.1925	0.7475	10	0	0
0.1925	0.7525	10	0	0
0.1925	0.7575	10	0	0
0.1925	0.7625	10	0	0
0.1925	0.7675	10	0	0
0.1925	0.7725	10	0	0
0.1925	0.7775	10	0	0
0.1925	0.7825	10	0	0
0.1925	0.7875	10	0	0
0.1925	0.7925	10	0	0
0.1925	0.7975	10	0	0
0.1925	0.8025	10	0	0
0.1925	0.8075	10	0	0
0.1925	0.8125	10	0	0
0.1925	0.8175	10	0	0
0.1925	0.8225	10	0	0
0.1925	0.8275	10	0	0
0.1925	0.8325	10	0	0
0.1925	0.8375	10	0	0
0.1925	0.8425	10	0	0
0.1925	0.8475	10	0	0
0.1925	0.8525	10	0	0
0.1925	0.8575	10	0	0
0.1925	0.8625	10	0	0
0.1925	0.8675	10	0	0
0.1925	0.8725	10	0	0
0.1925	0.8775	10	0	0
0.1925	0.8825	10	0	0
0.1925	0.8875	10	0	0
0.1925	0.8925	10	0	0
0.1925	0.8975	10	0	0
0.1925	0.9025	10	0	0
0.1925	0.9075	10	0	0
0.1925	0.9125	10	0	0
0.1925	0.9175	10	0	0
0.1925	0.9225	10	0	0
0.1925	0.9275	10	0	0
0.1925	0.9325	10	0	0
0.1925	0.9375	10	0	0
0.1925	0.9425	10	0	0
0.1925	0.9475	10	0	0
0.1925	0.9525	10	0	0
0.1925	0.9575	10	0	0
0.1925	0.9625	10	0	0
0.1925	0.9675	10	0	0
0.1925	0.9725	10	0	0
0.1925	0.9775	10	0	0
0.1925	0.9825	10	0	0
0.1925	0.9875	10	0	0
0.1925	0.9925	10	0	0
0.1925	0.9975	10	0	0
0.1925	1.0025	10	0	0
0.1975	0.0075	10	0	0
0.1975	0.0125	10	0	0
0.1975	0.0175	10	0	0
0.1975	0.0225	10	0	0
0.1975	0.0275	10	0	0
0.1975	0.0325	10	0	0
0.1975	0.0375	10	0	0
0.1975	0.0425	10	0	0
0.1975	0.0475	10	0	0
0.1975	0.0525	10	0	0
0.1975	0.0575	10	0	0
0.1975	0.0625	10	0	0
0.1975	0.0675	10	0	0
0.1975	0.0725	10	0	0
0.1975	0.0775	10	0	0
0.1975	0.0825	10	0	0
0.1975	0.0875	10	0	0
0.1975	0.0925	10	0	0
0.1975	0.0975	10	0	0
0.1975	0.1025	10	0	0
0.1975	0.1075	10	0	0
0.1975	0.1125	10	0	0
0.1975	0.1175	10	0	0
0.1975	0.1225	10	0	0
0.1975	0.1275	10	0	0
0.1975	0.1325	10	0	0
0.1975	0.1375	10	0	0
0.1975	0.1425	10	0	0
0.1975	0.1475	10	0	0
0.1975	0.1525	10	0	0
0.1975	0.1575	10	0	0
0.1975	0.1625	10	0	0
0.1975	0.1675	10	0	0
0.1975	0.1725	10	0	0
0.1975	0.1775	10	0	0
0.1975	0.1825	10	0	0
0.1975	0.1875	10	0	0
0.1975	0.1925	10	0	0
0.1975	0.1975	10	0	0
0.1975	0.2025	10	0	0
0.1975	0.2075	10	0	0
0.1975	0.2125	10	0	0
0.1975	0.2175	10	0	0
0.1975	0.2225	10	0	0
0.1975	0.2275	10	0	0
0.1975	0.2325	10	0	0
0.1975	0.2375	10	0	0
0.1975	0.2425	10	0	0
0.1975	0.2475	10	0	0
0.1975	0.2525	10	0	0
0.1975	0.2575	10	0	0
0.1975	0.2625	10	0	0
0.1975	0.2675	10	0	0
0.1975	0.2725	10	0	0
0.1975	0.2775	10	0	0
0.1975	0.2825	10	0	0
0.1975	0.2875	10	0	0
0.1975	0.2925	10	0	0
0.1975	0.2975	10	0	0
0.1975	0.3025	10	0	0
0.1975	0.3075	10	0	0
0.1975	0.3125	10	0	0
0.1975	0.3175	10	0	0
0.1975	0.3225	10	0	0
0.1975	0.3275	10	0	0
0.1975	0.3325	10	0	0
0.1975	0.3375	10	0	0
0.1975	0.3425	10	0	0
0.1975	0.3475	10	0	0
0.1975	0.3525	10	0	0
0.1975	0.3575	10	0	0
0.1975	0.3625	10	0	0
0.1975	0.3675	10	0	0
0.1975	0.3725	10	0	0
0.1975	0.3775	10	0	0
0.1975	0.3825	10	0	0
0.1975	0.3875	10	0	0
0.1975	0.3925	10	0	0
0.1975	0.3975	10	0	0
0.1975	0.4025	10	0	0
0.1975	0.4075	10	0	0
0.1975	0.4125	10	0	0
0.1975	0.4175	10	0	0
0.1975	0.4225	10	0	0
0.1975	0.4275	10	0	0
0.1975	0.4325	10	0	0
0.1975	0.4375	10	0	0
0.1975	0.4425	10	0	0
0.1975	0.4475	10	0	0
0.1975	0.4525	10	0	0
0.1975	0.4575	10	0	0
0.1975	0.4625	10	0	0
0.1975	0.4675	10	0	0
0.1975	0.4725	10	0	0
0.1975	0.4775	10	0	0
0.1975	0.4825	10	0	0
0.1975	0.4875	10	0	0
0.1975	0.4925	10	0	0
0.1975	0.4975	10	0	0
0.1975	0.5025	10	0	0
0.1975	0.5075	10	0	0
0.1975	0.5125	10	0	0
0.1975	0.5175	10	0	0
0.1975	0.5225	10	0	0
0.1975	0.5275	10	0	0
0.1975	0.5325	10	0	0
0.1975	0.5375	10	0	0
0.1975	0.5425	10	0	0
0.1975	0.5475	10	0	0
0.1975	0.5525	10	0	0
0.1975	0.5575	10	0	0
0.1975	0.5625	10	0	0
0.1975	0.5675	10	0	0
0.1975	0.5725	10	0	0
0.1975	0.5775	10	0	0
0.1975	0.5825	10	0	0
0.1975	0.5875	10	0	0
0.1975	0.5925	10	0	0
0.1975	0.5975	10	0	0
0.1975	0.6025	10	0	0
0.1975	0.6075	10	0	0
0.1975	0.6125	10	0	0
0.1975	0.6175	10	0	0
0.1975	0.6225	10	0	0
0.1975	0.6275	10	0	0
0.1975	0.6325	10	0	0
0.1975	0.6375	10	0	0
0.1975	0.6425	10	0	0
0.1975	0.6475	10	0	0
0.1975	0.6525	10	0	0
0.1975	0.6575	10	0	0
0.1975	0.6625	10	0	0
0.1975	0.6675	10	0	0
0.1975	0.6725	10	0	0
0.1975	0.6775	10	0	0
0.1975	0.6825	10	0	0
0.1975	0.6875	10	0	0
0.1975	0.6925	10	0	0
0.1975	0.6975	10	0	0
0.1975	0.7025	10	0	0
0.1975	0.7075	10	0	0
0.1975	0.7125	10	0	0
0.1975	0.7175	10	0	0
0.1975	0.7225	10	0	0
0.1975	0.7275	10	0	0
0.1975	0.7325	10	0	0
0.1975	0.7375	10	0	0
0.1975	0.7425	10	0	0
0.1975	0.7475	10	0	0
0.1975	0.7525	10	0	0
0.1975	0.7575	10	0	0
0.1975	0.7625	10	0	0
0.1975	0.7675	10	0	0
0.1975	0.7725	10	0	0
0.1975	0.7775	10	0	0
0.1975	0.7825	10	0	0
0.1975	0.7875	10	0	0
0.1975	0.7925	10	0	0
0.1975	0.7975	10	0	0
0.1975	0.8025	10	0	0
0.1975	0.8075	10	0	0
0.1975	0.8125	10	0	0
0.1975	0.8175	10	0	0
0.1975	0.8225	10	0	0
0.1975	0.8275	10	0	0
0.1975	0.8325	10	0	0
0.1975	0.8375	10	0	0
0.1975	0.8425	10	0	0
0.1975	0.8475	10	0	0
0.1975	0.8525	10	0	0
0.1975	0.8575	10	0	0
0.1975	0.8625	10	0	0
0.1975	0.8675	10	0	0
0.1975	0.8725	10	0	0
0.1975	0.8775	10	0	0
0.1975	0.8825	10	0	0
0.1975	0.8875	10	0	0
0.1975	0.8925	10	0	0
0.1975	0.8975	10	0	0
0.1975	0.9025	10	0	0
0.1975	0.9075	10	0	0
0.1975	0.9125	10	0	0
0.1975	0.9175	10	0	0
0.1975	0.9225	10	0	0
0.1975	0.9275	10	0	0
0.1975	0.9325	10	0	0
0.1975	0.9375	10	0	0
0.1975	0.9425	10	0	0
0.1975	0.9475	10	0	0
0.1975	0.9525	10	0	0
0.1975	0.9575	10	0	0
0.1975	0.9625	10	0	0
0.1975	0.9675	10	0	0
0.1975	0.9725	10	0	0
0.1975	0.9775	10	0	0
0.1975	0.9825	10	0	0
0.1975	0.9875	10	0	0
0.1975	0.9925	10	0	0
0.1975	0.9975	10	0	0
0.1975	1.0025	10	0	0
0.2025	0.0075	10	0	0
0.2025	0.0125	10	0	0
0.2025	0.0175	10	0	0
0.2025	0.0225	10	0	0
0.2025	0.0275	10	0	0
0.2025	0.0325	10	0	0
0.2025	0.0375	10	0	0
0.2025	0.0425	10	0	0
0.2025	0.0475	10	0	0
0.2025	0.0525	10	0	0
0.2025	0.0575	10	0	0
0.2025	0.0625	10	0	0
0.2025	0.0675	10	0	0
0.2025	0.0725	10	0	0
0.2025	0.0775	10	0	0
0.2025	0.0825	10	0	0
0.2025	0.0875	10	0	0
0.2025	0.0925	10	0	0
0.2025	0.0975	10	0	0
0.2025	0.1025	10	0	0
0.2025	0.1075	10	0	0
0.2025	0.1125	10	0	0
0.2025	0.1175	10	0	0
0.2025	0.1225	10	0	0
0.2025	0.1275	10	0	0
0.2025	0.1325	10	0	0
0.2025	0.1375	10	0	0
0.2025	0.1425	10	0	0
0.2025	0.1475	10	0	0
0.2025	0.1525	10	0	0
0.2025	0.1575	10	0	0
0.2025	0.1625	10	0	0
0.2025	0.1675	10	0	0
0.2025	0.1725	10	0	0
0.2025	0.1775	10	0	0
0.2025	0.1825	10	0	0
0.2025	0.1875	10	0	0
0.2025	0.1925	10	0	0
0.2025	0.1975	10	0	0
0.2025	0.2025	10	0	0
0.2025	0.2075	10	0	0
0.2025	0.2125	10	0	0
0.2025	0.2175	10	0	0
0.2025	0.2225	10	0	0
0.2025	0.2275	10	0	0
0.2025	0.2325	10	0	0
0.2025	0.2375	10	0	0
0.2025	0.2425	10	0	0
0.2025	0.2475	10	0	0
0.2025	0.2525	10	0	0
0.2025	0.2575	10	0	0
0.2025	0.2625	10	0	0
0.2025	0.2675	10	0	0
0.2025	0.2725	10	0	0
0.2025	0.2775	10	0	0
0.2025	0.2825	10	0	0
0.2025	0.2875	10	0	0
0.2025	0.2925	10	0	0
0.2025	0.2975	10	0	0
0.2025	0.3025	10	0	0
0.2025	0.3075	10	0	0
0.2025	0.3125	10	0	0
0.2025	0.3175	10	0	0
0.2025	0.3225	10	0	0
0.2025	0.3275	10	0	0
0.2025	0.3325	10	0	0
0.2025	0.3375	10	0	0
0.2025	0.3425	10	0	0
0.2025	0.3475	10	0	0
0.2025	0.3525	10	0	0
0.2025	0.3575	10	0	0
0.2025	0.3625	10	0	0
0.2025	0.3675	10	0	0
0.2025	0.3725	10	0	0
0.2025	0.3775	10	0	0
0.2025	0.3825	10	0	0
0.2025	0.3875	10	0	0
0.2025	0.3925	10	0	0
0.2025	0.3975	10	0	0
0.2025	0.4025	10	0	0
0.2025	0.4075	10	0	0
0.2025	0.4125	10	0	0
0.2025	0.4175	10	0	0
0.2025	0.4225	10	0	0
0.2025	0.4275	10	0	0
0.2025	0.4325	10	0	0
0.2025	0.4375	10	0	0
0.2025	0.4425	10	0	0
0.2025	0.4475	10	0	0
0.2025	0.4525	10	0	0
0.2025	0.4575	10	0	0
0.2025	0.4625	10	0	0
0.2025	0.4675	10	0	0
0.2025	0.4725	10	0	0
0.2025	0.4775	10	0	0
0.2025	0.4825	10	0	0
0.2025	0.4875	10	0	0
0.2025	0.4925	10	0	0
0.2025	0.4975	10	0	0
0.2025	0.5025	10	0	0
0.2025	0.5075	10	0	0
0.2025	0.5125	10	0	0
0.2025	0.5175	10	0	0
0.2025	0.5225	10	0	0
0.2025	0.5275	10	0	0
0.2025	0.5325	10	0	0
0.2025	0.5375	10	0	0
0.2025	0.5425	10	0	0
0.2025	0.5475	10	0	0
0.2025	0.5525	10	0	0
0.2025	0.5575	10	0	0
0.2025	0.5625	10	0	0
0.2025	0.5675	10	0	0
0.2025	0.5725	10	0	0
0.2025	0.5775	10	0	0
0.2025	0.5825	10	0	0
0.2025	0.5875	10	0	0
0.2025	0.5925	10	0	0
0.2025	0.5975	10	0	0
0.2025	0.6025	10	0	0
0.2025	0.6075	10	0	0
0.2025	0.6125	10	0	0
0.2025	0.6175	10	0	0
0.2025	0.6225	10	0	0
0.2025	0.6275	10	0	0
0.2025	0.6325	10	0	0
0.2025	0.6375	10	0	0
0.2025	0.6425	10	0	0
0.2025	0.6475	10	0	0
0.2025	0.6525	10	0	0
0.2025	0.6575	10	0	0
0.2025	0.6625	10	0	0
0.2025	0.6675	10	0	0
0.2025	0.6725	10	0	0
0.2025	0.6775	10	0	0
0.2025	0.6825	10	0	0
0.2025	0.6875	10	0	0
0.2025	0.6925	10	0	0
0.2025	0.6975	10	0	0
0.2025	0.7025	10	0	0
0.2025	0.7075	10	0	0
0.2025	0.7125	10	0	0
0.2025	0.7175	10	0	0
0.2025	0.7225	10	0	0
0.2025	0.7275	10	0	0
0.2025	0.7325	10	0	0
0.2025	0.7375	10	0	0
0.2025	0.7425	10	0	0
0.2025	0.7475	10	0	0
0.2025	0.7525	10	0	0
0.2025	0.7575	10	0	0
0.2025	0.7625	10	0	0
0.2025	0.7675	10	0	0
0.2025	0.7725	10	0	0
0.2025	0.7775	10	0	0
0.2025	0.7825	10	0	0
0.2025	0.7875	10	0	0
0.2025	0.7925	10	0	0
0.2025	0.7975	10	0	0
0.2025	0.8025	10	0	0
0.2025	0.8075	10	0	0
0.2025	0.8125	10	0	0
0.2025	0.8175	10	0	0
0.2025	0.8225	10	0	0
0.2025	0.8275	10	0	0
0.2025	0.8325	10	0	0
0.2025	0.8375	10	0	0
0.2025	0.8425	10	0	0
0.2025	0.8475	10	0	0
0.2025	0.8525	10	0	0
0.2025	0.8575	10	0	0
0.2025	0.8625	10	0	0
0.2025	0.8675	10	0	0
0.2025	0.8725	10	0	0
0.2025	0.8775	10	0	0
0.2025	0.8825	10	0	0
0.2025	0.8875	10	0	0
0.2025	0.8925	10	0	0
0.2025	0.8975	10	0	0
0.2025	0.9025	10	0	0
0.2025	0.9075	10	0	0
0.2025	0.9125	10	0	0
0.2025	0.9175	10	0	0
0.2025	0.9225	10	0	0
0.2025	0.9275	10	0	0
0.2025	0.9325	10	0	0
0.2025	0.9375	10	0	0
0.2025	0.9425	10	0	0
0.2025	0.9475	10	0	0
0.2025	0.9525	10	0	0
0.2025	0.9575	10	0	0
0.2025	0.9625	10	0	0
0.2025	0.9675	10	0	0
0.2025	0.9725	10	0	0
0.2025	0.9775	10	0	0
0.2025	0.9825	10	0	0
0.2025	0.9875	10	0	0
0.2025	0.9925	10	0	0
0.2025	0.9975	10	0	0
0.2025	1.0025	10	0	0
0.2075	0.0075	10	0	0
0.2075	0.0125	10	0	0
0.2075	0.0175	10	0	0
0.2075	0.0225	10	0	0
0.2075	0.0275	10	0	0
0.2075	0.0325	10	0	0
0.2075	0.0375	10	0	0
0.2075	0.0425	10	0	0
0.2075	0.0475	10	0	0
0.2075	0.0525	10	0	0
0.2075	0.0575	10	0	0
0.2075	0.0625	10	0	0
0.2075	0.0675	10	0	0
0.2075	0.0725	10	0	0
0.2075	0.0775	10	0	0
0.2075	0.0825	10	0	0
0.2075	0.0875	10	0	0
0.2075	0.0925	10	0	0
0.2075	0.0975	10	0	0
0.2075	0.1025	10	0	0
0.2075	0.1075	10	0	0
0.2075	0.1125	10	0	0
0.2075	0.1175	10	0	0
0.2075	0.1225	10	0	0
0.2075	0.1275	10	0	0
0.2075	0.1325	10	0	0
0.2075	0.1375	10	0	0
0.2075	0.1425	10	0	0
0.2075	0.1475	10	0	0
0.2075	0.1525	10	0	0
0.2075	0.1575	10	0	0
0.2075	0.1625	10	0	0
0.2075	0.1675	10	0	0
0.2075	0.1725	10	0	0
0.2075	0.1775	10	0	0
0.2075	0.1825	10	0	0
0.2075	0.1875	10	0	0
0.2075	0.1925	10	0	0
0.2075	0.1975	10	0	0
0.2075	0.2025	10	0	0
0.2075	0.2075	10	0	0
0.2075	0.2125	10	0	0
0.2075	0.2175	10	0	0
0.2075	0.2225	10	0	0
0.2075	0.2275	10	0	0
0.2075	0.2325	10	0	0
0.2075	0.2375	10	0	0
0.2075	0.2425	10	0	0
0.2075	0.2475	10	0	0
0.2075	0.2525	10	0	0
0.2075	0.2575	10	0	0
0.2075	0.2625	10	0	0
0.2075	0.2675	10	0	0
0.2075	0.2725	10	0	0
0.2075	0.2775	10	0	0
0.2075	0.2825	10	0	0
0.2075	0.2875	10	0	0
0.2075	0.2925	10	0	0
0.2075	0.2975	10	0	0
0.2075	0.3025	10	0	0
0.2075	0.3075	10	0	0
0.2075	0.3125	10	0	0
0.2075	0.3175	10	0	0
0.2075	0.3225	10	0	0
0.2075	0.3275	10	0	0
0.2075	0.3325	10	0	0
0.2075	0.3375	10	0	0
0.2075	0.3425	10	0	0
0.2075	0.3475	10	0	0
0.2075	0.3525	10	0	0
0.2075	0.3575	10	0	0
0.2075	0.3625	10	0	0
0.2075	0.3675	10	0	0
0.2075	0.3725	10	0	0
0.2075	0.3775	10	0	0
0.2075	0.3825	10	0	0
0.2075	0.3875	10	0	0
0.2075	0.3925	10	0	0
0.2075	0.3975	10	0	0
0.2075	0.4025	10	0	0
0.2075	0.4075	10	0	0
0.2075	0.4125	10	0	0
0.2075	0.4175	10	0	0
0.2075	0.4225	10	0	0
0.2075	0.4275	10	0	0
0.2075	0.4325	10	0	0
0.2075	0.4375	10	0	0
0.2075	0.4425	10	0	0
0.2075	0.4475	10	0	0
0.2075	0.4525	10	0	0
0.2075	0.4575	10	0	0
0.2075	0.4625	10	0	0
0.2075	0.4675	10	0	0
0.2075	0.4725	10	0	0
0.2075	0.4775	10	0	0
0.2075	0.4825	10	0	0
0.2075	0.4875	10	0	0
0.2075	0.4925	10	0	0
0.2075	0.4975	10	0	0
0.2075	0.5025	10	0	0
0.2075	0.5075	10	0	0
0.2075	0.5125	10	0	0
0.2075	0.5175	10	0	0
0.2075	0.5225	10	0	0
0.2075	0.5275	10	0	0
0.2075	0.5325	10	0	0
0.2075	0.5375	10	0	0
0.2075	0.5425	10	0	0
0.2075	0.5475	10	0	0
0.2075	0.5525	10	0	0
0.2075	0.5575	10	0	0
0.2075	0.5625	10	0	0
0.2075	0.5675	10	0	0
0.2075	0.5725	10	0	0
0.2075	0.5775	10	0	0
0.2075	0.5825	10	0	0
0.2075	0.5875	10	0	0
0.2075	0.5925	10	0	0
0.2075	0.5975	10	0	0
0.2075	0.6025	10	0	0
0.2075	0.6075	10	0	0
0.2075	0.6125	10	0	0
0.2075	0.6175	10	0	0
0.2075	0.6225	10	0	0
0.2075	0.6275	10	0	0
0.2075	0.6325	10	0	0
0.2075	0.6375	10	0	0
0.2075	0.6425	10	0	0
0.2075	0.6475	10	0	0
0.2075	0.6525	10	0	0
0.2075	0.6575	10	0	0
0.2075	0.6625	10	0	0
0.2075	0.6675	10	0	0
0.2075	0.6725	10	0	0
0.2075	0.6775	10	0	0
0.2075	0.6825	10	0	0
0.2075	0.6875	10	0	0
0.2075	0.6925	10	0	0
0.2075	0.6975	10	0	0
0.2075	0.7025	10	0	0
0.2075	0.7075	10	0	0
0.2075	0.7125	10	0	0
0.2075	0.7175	10	0	0
0.2075	0.7225	10	0	0
0.2075	0.7275	10	0	0
0.2075	0.7325	10	0	0
0.2075	0.7375	10	0	0
0.2075	0.7425	10	0	0
0.2075	0.7475	10	0	0
0.2075	0.7525	10	0	0
0.2075	0.7575	10	0	0
0.2075	0.7625	10	0	0
0.2075	0.7675	10	0	0
0.2075	0.7725	10	0	0
0.2075	0.7775	10	0	0
0.2075	0.7825	10	0	0
0.2075	0.7875	10	0	0
0.2075	0.7925	10	0	0
0.2075	0.7975	10	0	0
0.2075	0.8025	10	0	0
0.2075	0.8075	10	0	0
0.2075	0.8125	10	0	0
0.2075	0.8175	10	0	0
0.2075	0.8225	10	0	0
0.2075	0.8275	10	0	0
0.2075	0.8325	10	0	0
0.2075	0.8375	10	0	0
0.2075	0.8425	10	0	0
0.2075	0.8475	10	0	0
0.2075	0.8525	10	0	0
0.2075	0.8575	10	0	0
0.2075	0.8625	10	0	0
0.2075	0.8675	10	0	0
0.2075	0.8725	10	0	0
0.2075	0.8775	10	0	0
0.2075	0.8825	10	0	0
0.2075	0.8875	10	0	0
0.2075	0.8925	10	0	0
0.2075	0.8975	10	0	0
0.2075	0.9025	10	0	0
0.2075	0.9075	10	0	0
0.2075	0.9125	10	0	0
0.2075	0.9175	10	0	0
0.2075	0.9225	10	0	0
0.2075	0.9275	10	0	0
0.2075	0.9325	10	0	0
0.2075	0.9375	10	0	0
0.2075	0.9425	10	0	0
0.2075	0.9475	10	0	0
0.2075	0.9525	10	0	0
0.2075	0.9575	10	0	0
0.2075	0.9625	10	0	0
0.2075	0.9675	10	0	0
0.2075	0.9725	10	0	0
0.2075	0.9775	10	0	0
0.2075	0.9825	10	0	0
0.2075	0.9875	10	0	0
0.2075	0.9925	10	0	0
0.2075	0.9975	10	0	0
0.2075	1.0025	10	0	0
0.2125	0.0075	10	0	0
0.2125	0.0125	10	0	0
0.2125	0.0175	10	0	0
0.2125	0.0225	10	0	0
0.2125	0.0275	10	0	0
0.2125	0.0325	10	0	0
0.2125	0.0375	10	0	0
0.2125	0.0425	10	0	0
0.2125	0.0475	10	0	0
0.2125	0.0525	10	0	0
0.2125	0.0575	10	0	0
0.2125	0.0625	10	0	0
0.2125	0.0675	10	0	0
0.2125	0.0725	10	0	0
0.2125	0.0775	10	0	0
0.2125	0.0825	10	0	0
0.2125	0.0875	10	0	0
0.2125	0.0925	10	0	0
0.2125	0.0975	10	0	0
0.2125	0.1025	10	0	0
0.2125	0.1075	10	0	0
0.2125	0.1125	10	0	0
0.2125	0.1175	10	0	0
0.2125	0.1225	10	0	0
0.2125	0.1275	10	0	0
0.2125	0.1325	10	0	0
0.2125	0.1375	10	0	0
0.2125	0.1425	10	0	0
0.2125	0.1475	10	0	0
0.2125	0.1525	10	0	0
0.2125	0.1575	10	0	0
0.2125	0.1625	10	0	0
0.2125	0.1675	10	0	0
0.2125	0.1725	10	0	0
0.2125	0.1775	10	0	0
0.2125	0.1825	10	0	0
0.2125	0.1875	10	0	0
0.2125	0.1925	10	0	0
0.2125	0.1975	10	0	0
0.2125	0.2025	10	0	0
0.2125	0.2075	10	0	0
0.2125	0.2125	10	0	0
0.2125	0.2175	10	0	0
0.2125	0.2225	10	0	0
0.2125	0.2275	10	0	0
0.2125	0.2325	10	0	0
0.2125	0.2375	10	0	0
0.2125	0.2425	10	0	0
0.2125	0.2475	10	0	0
0.2125	0.2525	10	0	0
0.2125	0.2575	10	0	0
0.2125	0.2625	10	0	0
0.2125	0.2675	10	0	0
0.2125	0.2725	10	0	0
0.2125	0.2775	10	0	0
0.2125	0.2825	10	0	0
0.2125	0.2875	10	0	0
0.2125	0.2925	10	0	0
0.2125	0.2975	10	0	0
0.2125	0.3025	10	0	0
0.2125	0.3075	10	0	0
0.2125	0.3125	10	0	0
0.2125	0.3175	10	0	0
0.2125	0.3225	10	0	0
0.2125	0.3275	10	0	0
0.2125	0.3325	10	0	0
0.2125	0.3375	10	0	0
0.2125	0.3425	10	0	0
0.2125	0.3475	10	0	0
0.2125	0.3525	10	0	0
0.2125	0.3575	10	0	0
0.2125	0.3625	10	0	0
0.2125	0.3675	10	0	0
0.2125	0.3725	10	0	0
0.2125	0.3775	10	0	0
0.2125	0.3825	10	0	0
0.2125	0.3875	10	0	0
0.2125	0.3925	10	0	0
0.2125	0.3975	10	0	0
0.2125	0.4025	10	0	0
0.2125	0.4075	10	0	0
0.2125	0.4125	10	0	0
0.2125	0.4175	10	0	0
0.2125	0.4225	10	0	0
0.2125	0.4275	10	0	0
0.2125	0.4325	10	0	0
0.2125	0.4375	10	0	0
0.2125	0.4425	10	0	0
0.2125	0.4475	10	0	0
0.2125	0.4525	10	0	0
0.2125	0.4575	10	0	0
0.2125	0.4625	10	0	0
0.2125	0.4675	10	0	0
0.2125	0.4725	10	0	0
0.2125	0.4775	10	0	0
0.2125	0.4825	10	0	0
0.2125	0.4875	10	0	0
0.2125	0.4925	10	0	0
0.2125	0.4975	10	0	0
0.2125	0.5025	10	0	0
0.2125	0.5075	10	0	0
0.2125	0.5125	10	0	0
0.2125	0.5175	10	0	0
0.2125	0.5225	10	0	0
0.2125	0.5275	10	0	0
0.2125	0.5325	10	0	0
0.2125	0.5375	10	0	0
0.2125	0.5425	10	0	0
0.2125	0.5475	10	0	0
0.2125	0.5525	10	0	0
0.2125	0.5575	10	0	0
0.2125	0.5625	10	0	0
0.2125	0.5675	10	0	0
0.2125	0.5725	10	0	0
0.2125	0.5775	10	0	0
0.2125	0.5825	10	0	0
0.2125	0.5875	10	0	0
0.2125	0.5925	10	0	0
0.2125	0.5975	10	0	0
0.2125	0.6025	10	0	0
0.2125	0.6075	10	0	0
0.2125	0.6125	10	0	0
0.2125	0.6175	10	0	0
0.2125	0.6225	10	0	0
0.2125	0.6275	10	0	0
0.2125	0.6325	10	0	0
0.2125	0.6375	10	0	0
0.2125	0.6425	10	0	0
0.2125	0.6475	10	0	0
0.2125	0.6525	10	0	0
0.2125	0.6575	10	0	0
0.2125	0.6625	10	0	0
0.2125	0.6675	10	0	0
0.2125	0.6725	10	0	0
0.2125	0.6775	10	0	0
0.2125	0.6825	10	0	0
0.2125	0.6875	10	0	0
0.2125	0.6925	10	0	0
0.2125	0.6975	10	0	0
0.2125	0.7025	10	0	0
0.2125	0.7075	10	0	0
0.2125	0.7125	10	0	0
0.2125	0.7175	10	0	0
0.2125	0.7225	10	0	0
0.2125	0.7275	10	0	0
0.2125	0.7325	10	0	0
0.2125	0.7375	10	0	0
0.2125	0.7425	10	0	0
0.2125	0.7475	10	0	0
0.2125	0.7525	10	0	0
0.2125	0.7575	10	0	0
0.2125	0.7625	10	0	0
0.2125	0.7675	10	0	0
0.2125	0.7725	10	0	0
0.2125	0.7775	10	0	0
0.2125	0.7825	10	0	0
0.2125	0.7875	10	0	0
0.2125	0.7925	10	0	0
0.2125	0.7975	10	0	0
0.2125	0.8025	10	0	0
0.2125	0.8075	10	0	0
0.2125	0.8125	10	0	0
0.2125	0.8175	10	0	0
0.2125	0.8225	10	0	0
0.2125	0.8275	10	0	0
0.2125	0.8325	10	0	0
0.2125	0.8375	10	0	0
0.2125	0.8425	10	0	0
0.2125	0.8475	10	0	0
0.2125	0.8525	10	0	0
0.2125	0.8575	10	0	0
0.2125	0.8625	10	0	0
0.2125	0.8675	10	0	0
0.2125	0.8725	10	0	0
0.2125	0.8775	10	0	0
0.2125	0.8825	10	0	0
0.2125	0.8875	10	0	0
0.2125	0.8925	10	0	0
0.2125	0.8975	10	0	0
0.2125	0.9025	10	0	0
0.2125	0.9075	10	0	0
0.2125	0.9125	10	0	0
0.2125	0.9175	10	0	0
0.2125	0.9225	10	0	0
0.2125	0.9275	10	0	0
0.2125	0.9325	10	0	0
0.2125	0.9375	10	0	0
0.2125	0.9425	10	0	0
0.2125	0.9475	10	0	0
0.2125	0.9525	10	0	0
0.2125	0.9575	10	0	0
0.2125	0.9625	10	0	0
0.2125	0.9675	10	0	0
0.2125	0.9725	10	0	0
0.2125	0.9775	10	0	0
0.2125	0.9825	10	0	0
0.2125	0.9875	10	0	0
0.2125	0.9925	10	0	0
0.2125	0.9975	10	0	0
0.2125	1.0025	10	0	0
0.2175	0.0075	10	0	0
0.2175	0.0125	10	0	0
0.2175	0.0175	10	0	0
0.2175	0.0225	10	0	0
0.2175	0.0275	10	0	0
0.2175	0.0325	10	0	0
0.2175	0.0375	10	0	0
0.2175	0.0425	10	0	0
0.2175	0.0475	10	0	0
0.2175	0.0525	10	0	0
0.2175	0.0575	10	0	0
0.2175	0.0625	10	0	0
0.2175	0.0675	10	0	0
0.2175	0.0725	10	0	0
0.2175	0.0775	10	0	0
0.2175	0.0825	10	0	0
0.2175	0.0875	10	0	0
0.2175	0.0925	10	0	0
0.2175	0.0975	10	0	0
0.2175	0.1025	10	0	0
0.2175	0.1075	10	0	0
0.2175	0.1125	10	0	0
0.2175	0.1175	10	0	0
0.2175	0.1225	10	0	0
0.2175	0.1275	10	0	0
0.2175	0.1325	10	0	0
0.2175	0.1375	10	0	0
0.2175	0.1425	10	0	0
0.2175	0.1475	10	0	0
0.2175	0.1525	10	0	0
0.2175	0.1575	10	0	0
0.2175	0.1625	10	0	0
0.2175	0.1675	10	0	0
0.2175	0.1725	10	0	0
0.2175	0.1775	10	0	0
0.2175	0.1825	10	0	0
0.2175	0.1875	10	0	0
0.2175	0.1925	10	0	0
0.2175	0.1975	10	0	0
0.2175	0.2025	10	0	0
0.2175	0.2075	10	0	0
0.2175	0.2125	10	0	0
0.2175	0.2175	10	0	0
0.2175	0.2225	10	0	0
0.2175	0.2275	10	0	0
0.2175	0.2325	10	0	0
0.2175	0.2375	10	0	0
0.2175	0.2425	10	0	0
0.2175	0.2475	10	0	0
0.2175	0.2525	10	0	0
0.2175	0.2575	10	0	0
0.2175	0.2625	10	0	0
0.2175	0.2675	10	0	0
0.2175	0.2725	10	0	0
0.2175	0.2775	10	0	0
0.2175	0.2825	10	0	0
0.2175	0.2875	10	0	0
0.2175	0.2925	10	0	0
0.2175	0.2975	10	0	0
0.2175	0.3025	10	0	0
0.2175	0.3075	10	0	0
0.2175	0.3125	10	0	0
0.2175	0.3175	10	0	0
0.2175	0.3225	10	0	0
0.2175	0.3275	10	0	0
0.2175	0.3325	10	0	0
0.2175	0.3375	10	0	0
0.2175	0.3425	10	0	0
0.2175	0.3475	10	0	0
0.2175	0.3525	10	0	0
0.2175	0.3575	10	0	0
0.2175	0.3625	10	0	0
0.2175	0.3675	10	0	0
0.2175	0.3725	10	0	0
0.2175	0.3775	10	0	0
0.2175	0.3825	10	0	0
0.2175	0.3875	10	0	0
0.2175	0.3925	10	0	0
0.2175	0.3975	10	0	0
0.2175	0.4025	10	0	0
0.2175	0.4075	10	0	0
0.2175	0.4125	10	0	0
0.2175	0.4175	10	0	0
0.2175	0.4225	10	0	0
0.2175	0.4275	10	0	0
0.2175	0.4325	10	0	0
0.2175	0.4375	10	0	0
0.2175	0.4425	10	0	0
0.2175	0.4475	10	0	0
0.2175	0.4525	10	0	0
0.2175	0.4575	10	0	0
0.2175	0.4625	10	0	0
0.2175	0.4675	10	0	0
0.2175	0.4725	10	0	0
0.2175	0.4775	10	0	0
0.2175	0.4825	10	0	0
0.2175	0.4875	10	0	0
0.2175	0.4925	10	0	0
0.2175	0.4975	10	0	0
0.2175	0.5025	10	0	0
0.2175	0.5075	10	0	0
0.2175	0.5125	10	0	0
0.2175	0.5175	10	0	0
0.2175	0.5225	10	0	0
0.2175	0.5275	10	0	0
0.2175	0.5325	10	0	0
0.2175	0.5375	10	0	0
0.2175	0.5425	10	0	0
0.2175	0.5475	10	0	0
0.2175	0.5525	10	0	0
0.2175	0.5575	10	0	0
0.2175	0.5625	10	0	0
0.2175	0.5675	10	0	0
0.2175	0.5725	10	0	0
0.2175	0.5775	10	0	0
0.2175	0.5825	10	0	0
0.2175	0.5875	10	0	0
0.2175	0.5925	10	0	0
0.2175	0.5975	10	0	0
0.2175	0.6025	10	0	0
0.2175	0.6075	10	0	0
0.2175	0.6125	10	0	0
0.2175	0.6175	10	0	0
0.2175	0.6225	10	0	0
0.2175	0.6275	10	0	0
0.2175	0.6325	10	0	0
0.2175	0.6375	10	0	0
0.2175	0.6425	10	0	0
0.2175	0.6475	10	0	0
0.2175	0.6525	10	0	0
0.2175	0.6575	10	0	0
0.2175	0.6625	10	0	0
0.2175	0.6675	10	0	0
0.2175	0.6725	10	0	0
0.2175	0.6775	10	0	0
0.2175	0.6825	10	0	0
0.2175	0.6875	10	0	0
0.2175	0.6925	10	0	0
0.2175	0.6975	10	0	0
0.2175	0.7025	10	0	0
0.2175	0.7075	10	0	0
0.2175	0.7125	10	0	0
0.2175	0.7175	10	0	0
0.2175	0.7225	10	0	0
0.2175	0.7275	10	0	0
0.2175	0.7325	10	0	0
0.2175	0.7375	10	0	0
0.2175	0.7425	10	0	0
0.2175	0.7475	10	0	0
0.2175	0.7525	10	0	0
0.2175	0.7575	10	0	0
0.2175	0.7625	10	0	0
0.2175	0.7675	10	0	0
0.2175	0.7725	10	0	0
0.2175	0.7775	10	0	0
0.2175	0.7825	10	0	0
0.2175	0.7875	10	0	0
0.2175	0.7925	10	0	0
0.2175	0.7975	10	0	0
0.2175	0.8025	10	0	0
0.2175	0.8075	10	0	0
0.2175	0.8125	10	0	0
0.2175	0.8175	10	0	0
0.2175	0.8225	10	0	0
0.2175	0.8275	10	0	0
0.2175	0.8325	10	0	0
0.2175	0.8375	10	0	0
0.2175	0.8425	10	0	0
0.2175	0.8475	10	0	0
0.2175	0.8525	10	0	0
0.2175	0.8575	10	0	0
0.2175	0.8625	10	0	0
0.2175	0.8675	10	0	0
0.2175	0.8725	10	0	0
0.2175	0.8775	10	0	0
0.2175	0.8825	10	0	0
0.2175	0.8875	10	0	0
0.2175	0.8925	10	0	0
0.2175	0.8975	10	0	0
0.2175	0.9025	10	0	0
0.2175	0.9075	10	0	0
0.2175	0.9125	10	0	0
0.2175	0.9175	10	0	0
0.2175	0.9225	10	0	0
0.2175	0.9275	10	0	0
0.2175	0.9325	10	0	0
0.2175	0.9375	10	0	0
0.2175	0.9425	10	0	0
0.2175	0.9475	10	0	0
0.2175	0.9525	10	0	0
0.2175	0.9575	10	0	0
0.2175	0.9625	10	0	0
0.2175	0.9675	10	0	0
0.2175	0.9725	10	0	0
0.2175	0.9775	10	0	0
0.2175	0.9825	10	0	0
0.2175	0.9875	10	0	0
0.2175	0.9925	10	0	0
0.2175	0.9975	10	0	0
0.2175	1.0025	10	0	0
0.2225	0.0075	10	0	0
0.2225	0.0125	10	0	0
0.2225	0.0175	10	0	0
0.2225	0.0225	10	0	0
0.2225	0.0275	10	0	0
0.2225	0.0325	10	0	0
0.2225	0.0375	10	0	0
0.2225	0.0425	10	0	0
0.2225	0.0475	10	0	0
0.2225	0.0525	10	0	0
0.2225	0.0575	10	0	0
0.2225	0.0625	10	0	0
0.2225	0.0675	10	0	0
0.2225	0.0725	10	0	0
0.2225	0.0775	10	0	0
0.2225	0.0825	10	0	0
0.2225	0.0875	10	0	0
0.2225	0.0925	10	0	0
0.2225	0.0975	10	0	0
0.2225	0.1025	10	0	0
0.2225	0.1075	10	0	0
0.2225	0.1125	10	0	0
0.2225	0.1175	10	0	0
0.2225	0.1225	10	0	0
0.2225	0.1275	10	0	0
0.2225	0.1325	10	0	0
0.2225	0.1375	10	0	0
0.2225	0.1425	10	0	0
0.2225	0.1475	10	0	0
0.2225	0.1525	10	0	0
0.2225	0.1575	10	0	0
0.2225	0.1625	10	0	0
0.2225	0.1675	10	0	0
0.2225	0.1725	10	0	0
0.2225	0.1775	10	0	0
0.2225	0.1825	10	0	0
0.2225	0.1875	10	0	0
0.2225	0.1925	10	0	0
0.2225	0.1975	10	0	0
0.2225	0.2025	10	0	0
0.2225	0.2075	10	0	0
0.2225	0.2125	10	0	0
0.2225	0.2175	10	0	0
0.2225	0.2225	10	0	0
0.2225	0.2275	10	0	0
0.2225	0.2325	10	0	0
0.2225	0.2375	10	0	0
0.2225	0.2425	10	0	0
0.2225	0.2475	10	0	0
0.2225	0.2525	10	0	0
0.2225	0.2575	10	0	0
0.2225	0.2625	10	0	0
0.2225	0.2675	10	0	0
0.2225	0.2725	10	0	0
0.2225	0.2775	10	0	0
0.2225	0.2825	10	0	0
0.2225	0.2875	10	0	0
0.2225	0.2925	10	0	0
0.2225	0.2975	10	0	0
0.2225	0.3025	10	0	0
0.2225	0.3075	10	0	0
0.2225	0.3125	10	0	0
0.2225	0.3175	10	0	0
0.2225	0.3225	10	0	0
0.2225	0.3275	10	0	0
0.2225	0.3325	10	0	0
0.2225	0.3375	10	0	0
0.2225	0.3425	10	0	0
0.2225	0.3475	10	0	0
0.2225	0.3525	10	0	0
0.2225	0.3575	10	0	0
0.2225	0.3625	10	0	0
0.2225	0.3675	10	0	0
0.2225	0.3725	10	0	0
0.2225	0.3775	10	0	0
0.2225	0.3825	10	0	0
0.2225	0.3875	10	0	0
0.2225	0.3925	10	0	0
0.2225	0.3975	10	0	0
0.2225	0.4025	10	0	0
0.2225	0.4075	10	0	0
0.2225	0.4125	10	0	0
0.2225	0.4175	10	0	0
0.2225	0.4225	10	0	0
0.2225	0.4275	10	0	0
0.2225	0.4325	10	0	0
0.2225	0.4375	10	0	0
0.2225	0.4425	10	0	0
0.2225	0.4475	10	0	0
0.2225	0.4525	10	0	0
0.2225	0.4575	10	0	0
0.2225	0.4625	10	0	0
0.2225	0.4675	10	0	0
0.2225	0.4725	10	0	0
0.2225	0.4775	10	0	0
0.2225	0.4825	10	0	0
0.2225	0.4875	10	0	0
0.2225	0.4925	10	0	0
0.2225	0.4975	10	0	0
0.2225	0.5025	10	0	0
0.2225	0.5075	10	0	0
0.2225	0.5125	10	0	0
0.2225	0.5175	10	0	0
0.2225	0.5225	10	0	0
0.2225	0.5275	10	0	0
0.2225	0.5325	10	0	0
0.2225	0.5375	10	0	0
0.2225	0.5425	10	0	0
0.2225	0.5475	10	0	0
0.2225	0.5525	10	0	0
0.2225	0.5575	10	0	0
0.2225	0.5625	10	0	0
0.2225	0.5675	10	0	0
0.2225	0.5725	10	0	0
0.2225	0.5775	10	0	0
0.2225	0.5825	10	0	0
0.2225	0.5875	10	0	0
0.2225	0.5925	10	0	0
0.2225	0.5975	10	0	0
0.2225	0.6025	10	0	0
0.2225	0.6075	10	0	0
0.2225	0.6125	10	0	0
0.2225	0.6175	10	0	0
0.2225	0.6225	10	0	0
0.2225	0.6275	10	0	0
0.2225	0.6325	10	0	0
0.2225	0.6375	10	0	0
0.2225	0.6425	10	0	0
0.2225	0.6475	10	0	0
0.2225	0.6525	10	0	0
0.2225	0.6575	10	0	0
0.2225	0.6625	10	0	0
0.2225	0.6675	10	0	0
0.2225	0.6725	10	0	0
0.2225	0.6775	10	0	0
0.2225	0.6825	10	0	0
0.2225	0.6875	10	0	0
0.2225	0.6925	10	0	0
0.2225	0.6975	10	0	0
0.2225	0.7025	10	0	0
0.2225	0.7075	10	0	0
0.2225	0.7125	10	0	0
0.2225	0.7175	10	0	0
0.2225	0.7225	10	0	0
0.2225	0.7275	10	0	0
0.2225	0.7325	10	0	0
0.2225	0.7375	10	0	0
0.2225	0.7425	10	0	0
0.2225	0.7475	10	0	0
0.2225	0.7525	10	0	0
0.2225	0.7575	10	0	0
0.2225	0.7625	10	0	0
0.2225	0.7675	10	0	0
0.2225	0.7725	10	0	0
0.2225	0.7775	10	0	0
0.2225	0.7825	10	0	0
0.2225	0.7875	10	0	0
0.2225	0.7925	10	0	0
0.2225	0.7975	10	0	0
0.2225	0.8025	10	0	0
0.2225	0.8075	10	0	0
0.2225	0.8125	10	0	0
0.2225	0.8175	10	0	0
0.2225	0.8225	10	0	0
0.2225	0.8275	10	0	0
0.2225	0.8325	10	0	0
0.2225	0.8375	10	0	0
0.2225	0.8425	10	0	0
0.2225	0.8475	10	0	0
0.2225	0.8525	10	0	0
0.2225	0.8575	10	0	0
0.2225	0.8625	10	0	0
0.2225	0.8675	10	0	0
0.2225	0.8725	10	0	0
0.2225	0.8775	10	0	0
0.2225	0.8825	10	0	0
0.2225	0.8875	10	0	0
0.2225	0.8925	10	0	0
0.2225	0.8975	10	0	0
0.2225	0.9025	10	0	0
0.2225	0.9075	10	0	0
0.2225	0.9125	10	0	0
0.2225	0.9175	10	0	0
0.2225	0.9225	10	0	0
0.2225	0.9275	10	0	0
0.2225	0.9325	10	0	0
0.2225	0.9375	10	0	0
0.2225	0.9425	10	0	0
0.2225	0.9475	10	0	0
0.2225	0.9525	10	0	0
0.2225	0.9575	10	0	0
0.2225	0.9625	10	0	0
0.2225	0.9675	10	0	0
0.2225	0.9725	10	0	0
0.2225	0.9775	10	0	0
0.2225	0.9825	10	0	0
0.2225	0.9875	10	0	0
0.2225	0.9925	10	0	0
0.2225	0.9975	10	0	0
0.2225	1.0025	10	0	0
0.2275	0.0075	10	0	0
0.2275	0.0125	10	0	0
0.2275	0.0175	10	0	0
0.2275	0.0225	10	0	0
0.2275	0.0275	10	0	0
0.2275	0.0325	10	0	0
0.2275	0.0375	10	0	0
0.2275	0.0425	10	0	0
0.2275	0.0475	10	0	0
0.2275	0.0525	10	0	0
0.2275	0.0575	10	0	0
0.2275	0.0625	10	0	0
0.2275	0.0675	10	0	0
0.2275	0.0725	10	0	0
0.2275	0.0775	10	0	0
0.2275	0.0825	10	0	0
0.2275	0.0875	10	0	0
0.2275	0.0925	10	0	0
0.2275	0.0975	10	0	0
0.2275	0.1025	10	0	0
0.2275	0.1075	10	0	0
0.2275	0.1125	10	0	0
0.2275	0.1175	10	0	0
0.2275	0.1225	10	0	0
0.2275	0.1275	10	0	0
0.2275	0.1325	10	0	0
0.2275	0.1375	10	0	0
0.2275	0.1425	10	0	0
0.2275	0.1475	10	0	0
0.2275	0.1525	10	0	0
0.2275	0.1575	10	0	0
0.2275	0.1625	10	0	0
0.2275	0.1675	10	0	0
0.2275	0.1725	10	0	0
0.2275	0.1775	10	0	0
0.2275	0.1825	10	0	0
0.2275	0.1875	10	0	0
0.2275	0.1925	10	0	0
0.2275	0.1975	10	0	0
0.2275	0.2025	10	0	0
0.2275	0.2075	10	0	0
0.2275	0.2125	10	0	0
0.2275	0.2175	10	0	0
0.2275	0.2225	10	0	0
0.2275	0.2275	10	0	0
0.2275	0.2325	10	0	0
0.2275	0.2375	10	0	0
0.2275	0.2425	10	0	0
0.2275	0.2475	10	0	0
0.2275	0.2525	10	0	0
0.2275	0.2575	10	0	0
0.2275	0.2625	10	0	0
0.2275	0.2675	10	0	0
0.2275	0.2725	10	0	0
0.2275	0.2775	10	0	0
0.2275	0.2825	10	0	0
0.2275	0.2875	10	0	0
0.2275	0.2925	10	0	0
0.2275	0.2975	10	0	0
0.2275	0.3025	10	0	0
0.2275	0.3075	10	0	0
0.2275	0.3125	10	0	0
0.2275	0.3175	10	0	0
0.2275	0.3225	10	0	0
0.2275	0.3275	10	0	0
0.2275	0.3325	10	0	0
0.2275	0.3375	10	0	0
0.2275	0.3425	10	0	0
0.2275	0.3475	10	0	0
0.2275	0.3525	10	0	0
0.2275	0.3575	10	0	0
0.2275	0.3625	10	0	0
0.2275	0.3675	10	0	0
0.2275	0.3725	10	0	0
0.2275	0.3775	10	0	0
0.2275	0.3825	10	0	0
0.2275	0.3875	10	0	0
0.2275	0.3925	10	0	0
0.2275	0.3975	10	0	0
0.2275	0.4025	10	0	0
0.2275	0.4075	10	0	0
0.2275	0.4125	10	0	0
0.2275	0.4175	10	0	0
0.2275	0.4225	10	0	0
0.2275	0.4275	10	0	0
0.2275	0.4325	10	0	0
0.2275	0.4375	10	0	0
0.2275	0.4425	10	0	0
0.2275	0.4475	10	0	0
0.2275	0.4525	10	0	0
0.2275	0.4575	10	0	0
0.2275	0.4625	10	0	0
0.2275	0.4675	10	0	0
0.2275	0.4725	10	0	0
0.2275	0.4775	10	0	0
0.2275	0.4825	10	0	0
0.2275	0.4875	10	0	0
0.2275	0.4925	10	0	0
0.2275	0.4975	10	0	0
0.2275	0.5025	10	0	0
0.2275	0.5075	10	0	0
0.2275	0.5125	10	0	0
0.2275	0.5175	10	0	0
0.2275	0.5225	10	0	0
0.2275	0.5275	10	0	0
0.2275	0.5325	10	0	0
0.2275	0.5375	10	0	0
0.2275	0.5425	10	0	0
0.2275	0.5475	10	0	0
0.2275	0.5525	10	0	0
0.2275	0.5575	10	0	0
0.2275	0.5625	10	0	0
0.2275	0.5675	10	0	0
0.2275	0.5725	10	0	0
0.2275	0.5775	10	0	0
0.2275	0.5825	10	0	0
0.2275	0.5875	10	0	0
0.2275	0.5925	10	0	0
0.2275	0.5975	10	0	0
0.2275	0.6025	10	0	0
0.2275	0.6075	10	0	0
0.2275	0.6125	10	0	0
0.2275	0.6175	10	0	0
0.2275	0.6225	10	0	0
0.2275	0.6275	10	0	0
0.2275	0.6325	10	0	0
0.2275	0.6375	10	0	0
0.2275	0.6425	10	0	0
0.2275	0.6475	10	0	0
0.2275	0.6525	10	0	0
0.2275	0.6575	10	0	0
0.2275	0.6625	10	0	0
0.2275	0.6675	10	0	0
0.2275	0.6725	10	0	0
0.2275	0.6775	10	0	0
0.2275	0.6825	10	0	0
0.2275	0.6875	10	0	0
0.2275	0.6925	10	0	0
0.2275	0.6975	10	0	0
0.2275	0.7025	10	0	0
0.2275	0.7075	10	0	0
0.2275	0.7125	10	0	0
0.2275	0.7175	10	0	0
0.2275	0.7225	10	0	0
0.2275	0.7275	10	0	0
0.2275	0.7325	10	0	0
0.2275	0.7375	10	0	0
0.2275	0.7425	10	0	0
0.2275	0.7475	10	0	0
0.2275	0.7525	10	0	0
0.2275	0.7575	10	0	0
0.2275	0.7625	10	0	0
0.2275	0.7675	10	0	0
0.2275	0.7725	10	0	0
0.2275	0.7775	10	0	0
0.2275	0.7825	10	0	0
0.2275	0.7875	10	0	0
0.2275	0.7925	10	0	0
0.2275	0.7975	10	0	0
0.2275	0.8025	10	0	0
0.2275	0.8075	10	0	0
0.2275	0.8125	10	0	0
0.2275	0.8175	10	0	0
0.2275	0.8225	10	0	0
0.2275	0.8275	10	0	0
0.2275	0.8325	10	0	0
0.2275	0.8375	10	0	0
0.2275	0.8425	10	0	0
0.2275	0.8475	10	0	0
0.2275	0.8525	10	0	0
0.2275	0.8575	10	0	0
0.2275	0.8625	10	0	0
0.2275	0.8675	10	0	0
0.2275	0.8725	10	0	0
0.2275	0.8775	10	0	0
0.2275	0.8825	10	0	0
0.2275	0.8875	10	0	0
0.2275	0.8925	10	0	0
0.2275	0.8975	10	0	0
0.2275	0.9025	10	0	0
0.2275	0.9075	10	0	0
0.2275	0.9125	10	0	0
0.2275	0.9175	10	0	0
0.2275	0.9225	10	0	0
0.2275	0.9275	10	0	0
0.2275	0.9325	10	0	0
0.2275	0.9375	10	0	0
0.2275	0.9425	10	0	0
0.2275	0.9475	10	0	0
0.2275	0.9525	10	0	0
0.2275	0.9575	10	0	0
0.2275	0.9625	10	0	0
0.2275	0.9675	10	0	0
0.2275	0.9725	10	0	0
0.2275	0.9775	10	0	0
0.2275	0.9825	10	0	0
0.2275	0.9875	10	0	0
0.2275	0.9925	10	0	0
0.2275	0.9975	10	0	0
0.2275	1.0025	10	0	0
0.2325	0.0075	10	0	0
0.2325	0.0125	10	0	0
0.2325	0.0175	10	0	0
0.2325	0.0225	10	0	0
0.2325	0.0275	10	0	0
0.2325	0.0325	10	0	0
0.2325	0.0375	10	0	0
0.2325	0.0425	10	0	0
0.2325	0.0475	10	0	0
0.2325	0.0525	10	0	0
0.2325	0.0575	10	0	0
0.2325	0.0625	10	0	0
0.2325	0.0675	10	0	0
0.2325	0.0725	10	0	0
0.2325	0.0775	10	0	0
0.2325	0.0825	10	0	0
0.2325	0.0875	10	0	0
0.2325	0.0925	10	0	0
0.2325	0.0975	10	0	0
0.2325	0.1025	10	0	0
0.2325	0.1075	10	0	0
0.2325	0.1125	10	0	0
0.2325	0.1175	10	0	0
0.2325	0.1225	10	0	0
0.2325	0.1275	10	0	0
0.2325	0.1325	10	0	0
0.2325	0.1375	10	0	0
0.2325	0.1425	10	0	0
0.2325	0.1475	10	0	0
0.2325	0.1525	10	0	0
0.2325	0.1575	10	0	0
0.2325	0.1625	10	0	0
0.2325	0.1675	10	0	0
0.2325	0.1725	10	0	0
0.2325	0.1775	10	0	0
0.2325	0.1825	10	0	0
0.2325	0.1875	10	0	0
0.2325	0.1925	10	0	0
0.2325	0.1975	10	0	0
0.2325	0.2025	10	0	0
0.2325	0.2075	10	0	0
0.2325	0.2125	10	0	0
0.2325	0.2175	10	0	0
0.2325	0.2225	10	0	0
0.2325	0.2275	10	0	0
0.2325	0.2325	10	0	0
0.2325	0.2375	10	0	0
0.2325	0.2425	10	0	0
0.2325	0.2475	10	0	0
0.2325	0.2525	10	0	0
0.2325	0.2575	10	0	0
0.2325	0.2625	10	0	0
0.2325	0.2675	10	0	0
0.2325	0.2725	10	0	0
0.2325	0.2775	10	0	0
0.2325	0.2825	10	0	0
0.2325	0.2875	10	0	0
0.2325	0.2925	10	0	0
0.2325	0.2975	10	0	0
0.2325	0.3025	10	0	0
0.2325	0.3075	10	0	0
0.2325	0.3125	10	0	0
0.2325	0.3175	10	0	0
0.2325	0.3225	10	0	0
0.2325	0.3275	10	0	0
0.2325	0.3325	10	0	0
0.2325	0.3375	10	0	0
0.2325	0.3425	10	0	0
0.2325	0.3475	10	0	0
0.2325	0.3525	10	0	0
0.2325	0.3575	10	0	0
0.2325	0.3625	10	0	0
0.2325	0.3675	10	0	0
0.2325	0.3725	10	0	0
0.2325	0.3775	10	0	0
0.2325	0.3825	10	0	0
0.2325	0.3875	10	0	0
0.2325	0.3925	10	0	0
0.2325	0.3975	10	0	0
0.2325	0.4025	10	0	0
0.2325	0.4075	10	0	0
0.2325	0.4125	10	0	0
0.2325	0.4175	10	0	0
0.2325	0.4225	10	0	0
0.2325	0.4275	10	0	0
0.2325	0.4325	10	0	0
0.2325	0.4375	10	0	0
0.2325	0.4425	10	0	0
0.2325	0.4475	10	0	0
0.2325	0.4525	10	0	0
0.2325	0.4575	10	0	0
0.2325	0.4625	10	0	0
0.2325	0.4675	10	0	0
0.2325	0.4725	10	0	0
0.2325	0.4775	10	0	0
0.2325	0.4825	10	0	0
0.2325	0.4875	10	0	0
0.2325	0.4925	10	0	0
0.2325	0.4975	10	0	0
0.2325	0.5025	10	0	0
0.2325	0.5075	10	0	0
0.2325	0.5125	10	0	0
0.2325	0.5175	10	0	0
0.2325	0.5225	10	0	0
0.2325	0.5275	10	0	0
0.2325	0.5325	10	0	0
0.2325	0.5375	10	0	0
0.2325	0.5425	10	0	0
0.2325	0.5475	10	0	0
0.2325	0.5525	10	0	0
0.2325	0.5575	10	0	0
0.2325	0.5625	10	0	0
0.2325	0.5675	10	0	0
0.2325	0.5725	10	0	0
0.2325	0.5775	10	0	0
0.2325	0.5825	10	0	0
0.2325	0.5875	10	0	0
0.2325	0.5925	10	0	0
0.2325	0.5975	10	0	0
0.2325	0.6025	10	0	0
0.2325	0.6075	10	0	0
0.2325	0.6125	10	0	0
0.2325	0.6175	10	0	0
0.2325	0.6225	10	0	0
0.2325	0.6275	10	0	0
0.2325	0.6325	10	0	0
0.2325	0.6375	10	0	0
0.2325	0.6425	10	0	0
0.2325	0.6475	10	0	0
0.2325	0.6525	10	0	0
0.2325	0.6575	10	0	0
0.2325	0.6625	10	0	0
0.2325	0.6675	10	0	0
0.2325	0.6725	10	0	0
0.2325	0.6775	10	0	0
0.2325	0.6825	10	0	0
0.2325	0.6875	10	0	0
0.2325	0.6925	10	0	0
0.2325	0.6975	10	0	0
0.2325	0.7025	10	0	0
0.2325	0.7075	10	0	0
0.2325	0.7125	10	0	0
0.2325	0.7175	10	0	0
0.2325	0.7225	10	0	0
0.2325	0.7275	10	0	0
0.2325	0.7325	10	0	0
0.2325	0.7375	10	0	0
0.2325	0.7425	10	0	0
0.2325	0.7475	10	0	0
0.2325	0.7525	10	0	0
0.2325	0.7575	10	0	0
0.2325	0.7625	10	0	0
0.2325	0.7675	10	0	0
0.2325	0.7725	10	0	0
0.2325	0.7775	10	0	0
0.2325	0.7825	10	0	0
0.2325	0.7875	10	0	0
0.2325	0.7925	10	0	0
0.2325	0.7975	10	0	0
0.2325	0.8025	10	0	0
0.2325	0.8075	10	0	0
0.2325	0.8125	10	0	0
0.2325	0.8175	10	0	0
0.2325	0.8225	10	0	0
0.2325	0.8275	10	0	0
0.2325	0.8325	10	0	0
0.2325	0.8375	10	0	0
0.2325	0.8425	10	0	0
0.2325	0.8475	10	0	0
0.2325	0.8525	10	0	0
0.2325	0.8575	10	0	0
0.2325	0.8625	10	0	0
0.2325	0.8675	10	0	0
0.2325	0.8725	10	0	0
0.2325	0.8775	10	0	0
0.2325	0.8825	10	0	0
0.2325	0.8875	10	0	0
0.2325	0.8925	10	0	0
0.2325	0.8975	10	0	0
0.2325	0.9025	10	0	0
0.2325	0.9075	10	0	0
0.2325	0.9125	10	0	0
0.2325	0.9175	10	0	0
0.2325	0.9225	10	0	0
0.2325	0.9275	10	0	0
0.2325	0.9325	10	0	0
0.2325	0.9375	10	0	0
0.2325	0.9425	10	0	0
0.2325	0.9475	10	0	0
0.2325	0.9525	10	0	0
0.2325	0.9575	10	0	0
0.2325	0.9625	10	0	0
0.2325	0.9675	10	0	0
0.2325	0.9725	10	0	0
0.2325	0.9775	10	0	0
0.2325	0.9825	10	0	0
0.2325	0.9875	10	0	0
0.2325	0.9925	10	0	0
0.2325	0.9975	10	0	0
0.2325	1.0025	10	0	0
0.2375	0.0075	10	0	0
0.2375	0.0125	10	0	0
0.2375	0.0175	10	0	0
0.2375	0.0225	10	0	0
0.2375	0.0275	10	0	0
0.2375	0.0325	10	0	0
0.2375	0.0375	10	0	0
0.2375	0.0425	10	0	0
0.2375	0.0475	10	0	0
0.2375	0.0525	10	0	0
0.2375	0.0575	10	0	0
0.2375	0.0625	10	0	0
0.2375	0.0675	10	0	0
0.2375	0.0725	10	0	0
0.2375	0.0775	10	0	0
0.2375	0.0825	10	0	0
0.2375	0.0875	10	0	0
0.2375	0.0925	10	0	0
0.2375	0.0975	10	0	0
0.2375	0.1025	10	0	0
0.2375	0.1075	10	0	0
0.2375	0.1125	10	0	0
0.2375	0.1175	10	0	0
0.2375	0.1225	10	0	0
0.2375	0.1275	10	0	0
0.2375	0.1325	10	0	0
0.2375	0.1375	10	0	0
0.2375	0.1425	10	0	0
0.2375	0.1475	10	0	0
0.2375	0.1525	10	0	0
0.2375	0.1575	10	0	0
0.2375	0.1625	10	0	0
0.2375	0.1675	10	0	0
0.2375	0.1725	10	0	0
0.2375	0.1775	10	0	0
0.2375	0.1825	10	0	0
0.2375	0.1875	10	0	0
0.2375	0.1925	10	0	0
0.2375	0.1975	10	0	0
0.2375	0.2025	10	0	0
0.2375	0.2075	10	0	0
0.2375	0.2125	10	0	0
0.2375	0.2175	10	0	0
0.2375	0.2225	10	0	0
0.2375	0.2275	10	0	0
0.2375	0.2325	10	0	0
0.2375	0.2375	10	0	0
0.2375	0.2425	10	0	0
0.2375	0.2475	10	0	0
0.2375	0.2525	10	0	0
0.2375	0.2575	10	0	0
0.2375	0.2625	10	0	0
0.2375	0.2675	10	0	0
0.2375	0.2725	10	0	0
0.2375	0.2775	10	0	0
0.2375	0.2825	10	0	0
0.2375	0.2875	10	0	0
0.2375	0.2925	10	0	0
0.2375	0.2975	10	0	0
0.2375	0.3025	10	0	0
0.2375	0.3075	10	0	0
0.2375	0.3125	10	0	0
0.2375	0.3175	10	0	0
0.2375	0.3225	10	0	0
0.2375	0.3275	10	0	0
0.2375	0.3325	10	0	0
0.2375	0.3375	10	0	0
0.2375	0.3425	10	0	0
0.2375	0.3475	10	0	0
0.2375	0.3525	10	0	0
0.2375	0.3575	10	0	0
0.2375	0.3625	10	0	0
0.2375	0.3675	10	0	0
0.2375	0.3725	10	0	0
0.2375	0.3775	10	0	0
0.2375	0.3825	10	0	0
0.2375	0.3875	10	0	0
0.2375	0.3925	10	0	0
0.2375	0.3975	10	0	0
0.2375	0.4025	10	0	0
0.2375	0.4075	10	0	0
0.2375	0.4125	10	0	0
0.2375	0.4175	10	0	0
0.2375	0.4225	10	0	0
0.2375	0.4275	10	0	0
0.2375	0.4325	10	0	0
0.2375	0.4375	10	0	0
0.2375	0.4425	10	0	0
0.2375	0.4475	10	0	0
0.2375	0.4525	10	0	0
0.2375	0.4575	10	0	0
0.2375	0.4625	10	0	0
0.2375	0.4675	10	0	0
0.2375	0.4725	10	0	0
0.2375	0.4775	10	0	0
0.2375	0.4825	10	0	0
0.2375	0.4875	10	0	0
0.2375	0.4925	10	0	0
0.2375	0.4975	10	0	0
0.2375	0.5025	10	0	0
0.2375	0.5075	10	0	0
0.2375	0.5125	10	0	0
0.2375	0.5175	10	0	0
0.2375	0.5225	10	0	0
0.2375	0.5275	10	0	0
0.2375	0.5325	10	0	0
0.2375	0.5375	10	0	0
0.2375	0.5425	10	0	0
0.2375	0.5475	10	0	0
0.2375	0.5525	10	0	0
0.2375	0.5575	10	0	0
0.2375	0.5625	10	0	0
0.2375	0.5675	10	0	0
0.2375	0.5725	10	0	0
0.2375	0.5775	10	0	0
0.2375	0.5825	10	0	0
0.2375	0.5875	10	0	0
0.2375	0.5925	10	0	0
0.2375	0.5975	10	0	0
0.2375	0.6025	10	0	0
0.2375	0.6075	10	0	0
0.2375	0.6125	10	0	0
0.2375	0.6175	10	0	0
0.2375	0.6225	10	0	0
0.2375	0.6275	10	0	0
0.2375	0.6325	10	0	0
0.2375	0.6375	10	0	0
0.2375	0.6425	10	0	0
0.2375	0.6475	10	0	0
0.2375	0.6525	10	0	0
0.2375	0.6575	10	0	0
0.2375	0.6625	10	0	0
0.2375	0.6675	10	0	0
0.2375	0.6725	10	0	0
0.2375	0.6775	10	0	0
0.2375	0.6825	10	0	0
0.2375	0.6875	10	0	0
0.2375	0.6925	10	0	0
0.2375	0.6975	10	0	0
0.2375	0.7025	10	0	0
0.2375	0.7075	10	0	0
0.2375	0.7125	10	0	0
0.2375	0.7175	10	0	0
0.2375	0.7225	10	0	0
0.2375	0.7275	10	0	0
0.2375	0.7325	10	0	0
0.2375	0.7375	10	0	0
0.2375	0.7425	10	0	0
0.2375	0.7475	10	0	0
0.2375	0.7525	10	0	0
0.2375	0.7575	10	0	0
0.2375	0.7625	10	0	0
0.2375	0.7675	10	0	0
0.2375	0.7725	10	0	0
0.2375	0.7775	10	0	0
0.2375	0.7825	10	0	0
0.2375	0.7875	10	0	0
0.2375	0.7925	10	0	0
0.2375	0.7975	10	0	0
0.2375	0.8025	10	0	0
0.2375	0.8075	10	0	0
0.2375	0.8125	10	0	0
0.2375	0.8175	10	0	0
0.2375	0.8225	10	0	0
0.2375	0.8275	10	0	0
0.2375	0.8325	10	0	0
0.2375	0.8375	10	0	0
0.2375	0.8425	10	0	0
0.2375	0.8475	10	0	0
0.2375	0.8525	10	0	0
0.2375	0.8575	10	0	0
0.2375	0.8625	10	0	0
0.2375	0.8675	10	0	0
0.2375	0.8725	10	0	0
0.2375	0.8775	10	0	0
0.2375	0.8825	10	0	0
0.2375	0.8875	10	0	0
0.2375	0.8925	10	0	0
0.2375	0.8975	10	0	0
0.2375	0.9025	10	0	0
0.2375	0.9075	10	0	0
0.2375	0.9125	10	0	0
0.2375	0.9175	10	0	0
0.2375	0.9225	10	0	0
0.2375	0.9275	10	0	0
0.2375	0.9325	10	0	0
0.2375	0.9375	10	0	0
0.2375	0.9425	10	0	0
0.2375	0.9475	10	0	0
0.2375	0.9525	10	0	0
0.2375	0.9575	10	0	0
0.2375	0.9625	10	0	0
0.2375	0.9675	10	0	0
0.2375	0.9725	10	0	0
0.2375	0.9775	10	0	0
0.2375	0.9825	10	0	0
0.2375	0.9875	10	0	0
0.2375	0.9925	10	0	0
0.2375	0.9975	10	0	0
0.2375	1.0025	10	0	0
0.2425	0.0075	10	0	0
0.2425	0.0125	10	0	0
0.2425	0.0175	10	0	0
0.2425	0.0225	10	0	0
0.2425	0.0275	10	0	0
0.2425	0.0325	10	0	0
0.2425	0.0375	10	0	0
0.2425	0.0425	10	0	0
0.2425	0.0475	10	0	0
0.2425	0.0525	10	0	0
0.2425	0.0575	10	0	0
0.2425	0.0625	10	0	0
0.2425	0.0675	10	0	0
0.2425	0.0725	10	0	0
0.2425	0.0775	10	0	0
0.2425	0.0825	10	0	0
0.2425	0.0875	10	0	0
0.2425	0.0925	10	0	0
0.2425	0.0975	10	0	0
0.2425	0.1025	10	0	0
0.2425	0.1075	10	0	0
0.2425	0.1125	10	0	0
0.2425	0.1175	10	0	0
0.2425	0.1225	10	0	0
0.2425	0.1275	10	0	0
0.2425	0.1325	10	0	0
0.2425	0.1375	10	0	0
0.2425	0.1425	10	0	0
0.2425	0.1475	10	0	0
0.2425	0.1525	10	0	0
0.2425	0.1575	10	0	0
0.2425	0.1625	10	0	0
0.2425	0.1675	10	0	0
0.2425	0.1725	10	0	0
0.2425	0.1775	10	0	0
0.2425	0.1825	10	0	0
0.2425	0.1875	10	0	0
0.2425	0.1925	10	0	0
0.2425	0.1975	10	0	0
0.2425	0.2025	10	0	0
0.2425	0.2075	10	0	0
0.2425	0.2125	10	0	0
0.2425	0.2175	10	0	0
0.2425	0.2225	10	0	0
0.2425	0.2275	10	0	0
0.2425	0.2325	10	0	0
0.2425	0.2375	10	0	0
0.2425	0.2425	10	0	0
0.2425	0.2475	10	0	0
0.2425	0.2525	10	0	0
0.2425	0.2575	10	0	0
0.2425	0.2625	10	0	0
0.2425	0.2675	10	0	0
0.2425	0.2725	10	0	0
0.2425	0.2775	10	0	0
0.2425	0.2825	10	0	0
0.2425	0.2875	10	0	0
0.2425	0.2925	10	0	0
0.2425	0.2975	10	0	0
0.2425	0.3025	10	0	0
0.2425	0.3075	10	0	0
0.2425	0.3125	10	0	0
0.2425	0.3175	10	0	0
0.2425	0.3225	10	0	0
0.2425	0.3275	10	0	0
0.2425	0.3325	10	0	0
0.2425	0.3375	10	0	0
0.2425	0.3425	10	0	0
0.2425	0.3475	10	0	0
0.2425	0.3525	10	0	0
0.2425	0.3575	10	0	0
0.2425	0.3625	10	0	0
0.2425	0.3675	10	0	0
0.2425	0.3725	10	0	0
0.2425	0.3775	10	0	0
0.2425	0.3825	10	0	0
0.2425	0.3875	10	0	0
0.2425	0.3925	10	0	0
0.2425	0.3975	10	0	0
0.2425	0.4025	10	0	0
0.2425	0.4075	10	0	0
0.2425	0.4125	10	0	0
0.2425	0.4175	10	0	0
0.2425	0.4225	10	0	0
0.2425	0.4275	10	0	0
0.2425	0.4325	10	0	0
0.2425	0.4375	10	0	0
0.2425	0.4425	10	0	0
0.2425	0.4475	10	0	0
0.2425	0.4525	10	0	0
0.2425	0.4575	10	0	0
0.2425	0.4625	10	0	0
0.2425	0.4675	10	0	0
0.2425	0.4725	10	0	0
0.2425	0.4775	10	0	0
0.2425	0.4825	10	0	0
0.2425	0.4875	10	0	0
0.2425	0.4925	10	0	0
0.2425	0.4975	10	0	0
0.2425	0.5025	10	0	0
0.2425	0.5075	10	0	0
0.2425	0.5125	10	0	0
0.2425	0.5175	10	0	0
0.2425	0.5225	10	0	0
0.2425	0.5275	10	0	0
0.2425	0.5325	10	0	0
0.2425	0.5375	10	0	0
0.2425	0.5425	10	0	0
0.2425	0.5475	10	0	0
0.2425	0.5525	10	0	0
0.2425	0.5575	10	0	0
0.2425	0.5625	10	0	0
0.2425	0.5675	10	0	0
0.2425	0.5725	10	0	0
0.2425	0.5775	10	0	0
0.2425	0.5825	10	0	0
0.2425	0.5875	10	0	0
0.2425	0.5925	10	0	0
0.2425	0.5975	10	0	0
0.2425	0.6025	10	0	0
0.2425	0.6075	10	0	0
0.2425	0.6125	10	0	0
0.2425	0.6175	10	0	0
0.2425	0.6225	10	0	0
0.2425	0.6275	10	0	0
0.2425	0.6325	10	0	0
0.2425	0.6375	10	0	0
0.2425	0.6425	10	0	0
0.2425	0.6475	10	0	0
0.2425	0.6525	10	0	0
0.2425	0.6575	10	0	0
0.2425	0.6625	10	0	0
0.2425	0.6675	10	0	0
0.2425	0.6725	10	0	0
0.2425	0.6775	10	0	0
0.2425	0.6825	10	0	0
0.2425	0.6875	10	0	0
0.2425	0.6925	10	0	0
0.2425	0.6975	10	0	0
0.2425	0.7025	10	0	0
0.2425	0.7075	10	0	0
0.2425	0.7125	10	0	0
0.2425	0.7175	10	0	0
0.2425	0.7225	10	0	0
0.2425	0.7275	10	0	0
0.2425	0.7325	10	0	0
0.2425	0.7375	10	0	0
0.2425	0.7425	10	0	0
0.2425	0.7475	10	0	0
0.2425	0.7525	10	0	0
0.2425	0.7575	10	0	0
0.2425	0.7625	10	0	0
0.2425	0.7675	10	0	0
0.2425	0.7725	10	0	0
0.2425	0.7775	10	0	0
0.2425	0.7825	10	0	0
0.2425	0.7875	10	0	0
0.2425	0.7925	10	0	0
0.2425	0.7975	10	0	0
0.2425	0.8025	10	0	0
0.2425	0.8075	10	0	0
0.2425	0.8125	10	0	0
0.2425	0.8175	10	0	0
0.2425	0.8225	10	0	0
0.2425	0.8275	10	0	0
0.2425	0.8325	10	0	0
0.2425	0.8375	10	0	0
0.2425	0.8425	10	0	0
0.2425	0.8475	10	0	0
0.2425	0.8525	10	0	0
0.2425	0.8575	10	0	0
0.2425	0.8625	10	0	0
0.2425	0.8675	10	0	0
0.2425	0.8725	10	0	0
0.2425	0.8775	10	0	0
0.2425	0.8825	10	0	0
0.2425	0.8875	10	0	0
0.2425	0.8925	10	0	0
0.2425	0.8975	10	0	0
0.2425	0.9025	10	0	0
0.2425	0.9075	10	0	0
0.2425	0.9125	10	0	0
0.2425	0.9175	10	0	0
0.2425	0.9225	10	0	0
0.2425	0.9275	10	0	0
0.2425	0.9325	10	0	0
0.2425	0.9375	10	0	0
0.2425	0.9425	10	0	0
0.2425	0.9475	10	0	0
0.2425	0.9525	10	0	0
0.2425	0.9575	10	0	0
0.2425	0.9625	10	0	0
0.2425	0.9675	10	0	0
0.2425	0.9725	10	0	0
0.2425	0.9775	10	0	0
0.2425	0.9825	10	0	0
0.2425	0.9875	10	0	0
0.2425	0.9925	10	0	0
0.2425	0.9975	10	0	0
0.2425	1.0025	10	0	0
0.2475	0.0075	10	0	0
0.2475	0.0125	10	0	0
0.2475	0.0175	10	0	0
0.2475	0.0225	10	0	0
0.2475	0.0275	10	0	0
0.2475	0.0325	10	0	0
0.2475	0.0375	10	0	0
0.2475	0.0425	10	0	0
0.2475	0.0475	10	0	0
0.2475	0.0525	10	0	0
0.2475	0.0575	10	0	0
0.2475	0.0625	10	0	0
0.2475	0.0675	10	0	0
0.2475	0.0725	10	0	0
0.2475	0.0775	10	0	0
0.2475	0.0825	10	0	0
0.2475	0.0875	10	0	0
0.2475	0.0925	10	0	0
0.2475	0.0975	10	0	0
0.2475	0.1025	10	0	0
0.2475	0.1075	10	0	0
0.2475	0.1125	10	0	0
0.2475	0.1175	10	0	0
0.2475	0.1225	10	0	0
0.2475	0.1275	10	0	0
0.2475	0.1325	10	0	0
0.2475	0.1375	10	0	0
0.2475	0.1425	10	0	0
0.2475	0.1475	10	0	0
0.2475	0.1525	10	0	0
0.2475	0.1575	10	0	0
0.2475	0.1625	10	0	0
0.2475	0.1675	10	0	0
0.2475	0.1725	10	0	0
0.2475	0.1775	10	0	0
0.2475	0.1825	10	0	0
0.2475	0.1875	10	0	0
0.2475	0.1925	10	0	0
0.2475	0.1975	10	0	0
0.2475	0.2025	10	0	0
0.2475	0.2075	10	0	0
0.2475	0.2125	10	0	0
0.2475	0.2175	10	0	0
0.2475	0.2225	10	0	0
0.2475	0.2275	10	0	0
0.2475	0.2325	10	0	0
0.2475	0.2375	10	0	0
0.2475	0.2425	10	0	0
0.2475	0.2475	10	0	0
0.2475	0.2525	10	0	0
0.2475	0.2575	10	0	0
0.2475	0.2625	10	0	0
0.2475	0.2675	10	0	0
0.2475	0.2725	10	0	0
0.2475	0.2775	10	0	0
0.2475	0.2825	10	0	0
0.2475	0.2875	10	0	0
0.2475	0.2925	10	0	0
0.2475	0.2975	10	0	0
0.2475	0.3025	10	0	0
0.2475	0.3075	10	0	0
0.2475	0.3125	10	0	0
0.2475	0.3175	10	0	0
0.2475	0.3225	10	0	0
0.2475	0.3275	10	0	0
0.2475	0.3325	10	0	0
0.2475	0.3375	10	0	0
0.2475	0.3425	10	0	0
0.2475	0.3475	10	0	0
0.2475	0.3525	10	0	0
0.2475	0.3575	10	0	0
0.2475	0.3625	10	0	0
0.2475	0.3675	10	0	0
0.2475	0.3725	10	0	0
0.2475	0.3775	10	0	0
0.2475	0.3825	10	0	0
0.2475	0.3875	10	0	0
0.2475	0.3925	10	0	0
0.2475	0.3975	10	0	0
0.2475	0.4025	10	0	0
0.2475	0.4075	10	0	0
0.2475	0.4125	10	0	0
0.2475	0.4175	10	0	0
0.2475	0.4225	10	0	0
0.2475	0.4275	10	0	0
0.2475	0.4325	10	0	0
0.2475	0.4375	10	0	0
0.2475	0.4425	10	0	0
0.2475	0.4475	10	0	0
0.2475	0.4525	10	0	0
0.2475	0.4575	10	0	0
0.2475	0.4625	10	0	0
0.2475	0.4675	10	0	0
0.2475	0.4725	10	0	0
0.2475	0.4775	10	0	0
0.2475	0.4825	10	0	0
0.2475	0.4875	10	0	0
0.2475	0.4925	10	0	0
0.2475	0.4975	10	0	0
0.2475	0.5025	10	0	0
0.2475	0.5075	10	0	0
0.2475	0.5125	10	0	0
0.2475	0.5175	10	0	0
0.2475	0.5225	10	0	0
0.2475	0.5275	10	0	0
0.2475	0.5325	10	0	0
0.2475	0.5375	10	0	0
0.2475	0.5425	10	0	0
0.2475	0.5475	10	0	0
0.2475	0.5525	10	0	0
0.2475	0.5575	10	0	0
0.2475	0.5625	10	0	0
0.2475	0.5675	10	0	0
0.2475	0.5725	10	0	0
0.2475	0.5775	10	0	0
0.2475	0.5825	10	0	0
0.2475	0.5875	10	0	0
0.2475	0.5925	10	0	0
0.2475	0.5975	10	0	0
0.2475	0.6025	10	0	0
0.2475	0.6075	10	0	0
0.2475	0.6125	10	0	0
0.2475	0.6175	10	0	0
0.2475	0.6225	10	0	0
0.2475	0.6275	10	0	0
0.2475	0.6325	10	0	0
0.2475	0.6375	10	0	0
0.2475	0.6425	10	0	0
0.2475	0.6475	10	0	0
0.2475	0.6525	10	0	0
0.2475	0.6575	10	0	0
0.2475	0.6625	10	0	0
0.2475	0.6675	10	0	0
0.2475	0.6725	10	0	0
0.2475	0.6775	10	0	0
0.2475	0.6825	10	0	0
0.2475	0.6875	10	0	0
0.2475	0.6925	10	0	0
0.2475	0.6975	10	0	0
0.2475	0.7025	10	0	0
0.2475	0.7075	10	0	0
0.2475	0.7125	10	0	0
0.2475	0.7175	10	0	0
0.2475	0.7225	10	0	0
0.2475	0.7275	10	0	0
0.2475	0.7325	10	0	0
0.2475	0.7375	10	0	0
0.2475	0.7425	10	0	0
0.2475	0.7475	10	0	0
0.2475	0.7525	10	0	0
0.2475	0.7575	10	0	0
0.2475	0.7625	10	0	0
0.2475	0.7675	10	0	0
0.2475	0.7725	10	0	0
0.2475	0.7775	10	0	0
0.2475	0.7825	10	0	0
0.2475	0.7875	10	0	0
0.2475	0.7925	10	0	0
0.2475	0.7975	10	0	0
0.2475	0.8025	10	0	0
0.2475	0.8075	10	0	0
0.2475	0.8125	10	0	0
0.2475	0.8175	10	0	0
0.2475	0.8225	10	0	0
0.2475	0.8275	10	0	0
0.2475	0.8325	10	0	0
0.2475	0.8375	10	0	0
0.2475	0.8425	10	0	0
0.2475	0.8475	10	0	0
0.2475	0.8525	10	0	0
0.2475	0.8575	10	0	0
0.2475	0.8625	10	0	0
0.2475	0.8675	10	0	0
0.2475	0.8725	10	0	0
0.2475	0.8775	10	0	0
0.2475	0.8825	10	0	0
0.2475	0.8875	10	0	0
0.2475	0.8925	10	0	0
0.2475	0.8975	10	0	0
0.2475	0.9025	10	0	0
0.2475	0.9075	10	0	0
0.2475	0.9125	10	0	0
0.2475	0.9175	10	0	0
0.2475	0.9225	10	0	0
0.2475	0.9275	10	0	0
0.2475	0.9325	10	0	0
0.2475	0.9375	10	0	0
0.2475	0.9425	10	0	0
0.2475	0.9475	10	0	0
0.2475	0.9525	10	0	0
0.2475	0.9575	10	0	0
0.2475	0.9625	10	0	0
0.2475	0.9675	10	0	0
0.2475	0.9725	10	0	0
0.2475	0.9775	10	0	0
0.2475	0.9825	10	0	0
0.2475	0.9875	10	0	0
0.2475	0.9925	10	0	0
0.2475	0.9975	10	0	0
0.2475	1.0025	10	0	0
0.2525	0.0075	10	0	0
0.2525	0.0125	10	0	0
0.2525	0.0175	10	0	0
0.2525	0.0225	10	0	0
0.2525	0.0275	10	0	0
0.2525	0.0325	10	0	0
0.2525	0.0375	10	0	0
0.2525	0.0425	10	0	0
0.2525	0.0475	10	0	0
0.2525	0.0525	10	0	0
0.2525	0.0575	10	0	0
0.2525	0.0625	10	0	0
0.2525	0.0675	10	0	0
0.2525	0.0725	10	0	0
0.2525	0.0775	10	0	0
0.2525	0.0825	10	0	0
0.2525	0.0875	10	0	0
0.2525	0.0925	10	0	0
0.2525	0.0975	10	0	0
0.2525	0.1025	10	0	0
0.2525	0.1075	10	0	0
0.2525	0.1125	10	0	0
0.2525	0.1175	10	0	0
0.2525	0.1225	10	0	0
0.2525	0.1275	10	0	0
0.2525	0.1325	10	0	0
0.2525	0.1375	10	0	0
0.2525	0.1425	10	0	0
0.2525	0.1475	10	0	0
0.2525	0.1525	10	0	0
0.2525	0.1575	10	0	0
0.2525	0.1625	10	0	0
0.2525	0.1675	10	0	0
0.2525	0.1725	10	0	0
0.2525	0.1775	10	0	0
0.2525	0.1825	10	0	0
0.2525	0.1875	10	0	0
0.2525	0.1925	10	0	0
0.2525	0.1975	10	0	0
0.2525	0.2025	10	0	0
0.2525	0.2075	10	0	0
0.2525	0.2125	10	0	0
0.2525	0.2175	10	0	0
0.2525	0.2225	10	0	0
0.2525	0.2275	10	0	0
0.2525	0.2325	10	0	0
0.2525	0.2375	10	0	0
0.2525	0.2425	10	0	0
0.2525	0.2475	10	0	0
0.2525	0.2525	10	0	0
0.2525	0.2575	10	0	0
0.2525	0.2625	10	0	0
0.2525	0.2675	10	0	0
0.2525	0.2725	10	0	0
0.2525	0.2775	10	0	0
0.2525	0.2825	10	0	0
0.2525	0.2875	10	0	0
0.2525	0.2925	10	0	0
0.2525	0.2975	10	0	0
0.2525	0.3025	10	0	0
0.2525	0.3075	10	0	0
0.2525	0.3125	10	0	0
0.2525	0.3175	10	0	0
0.2525	0.3225	10	0	0
0.2525	0.3275	10	0	0
0.2525	0.3325	10	0	0
0.2525	0.3375	10	0	0
0.2525	0.3425	10	0	0
0.2525	0.3475	10	0	0
0.2525	0.3525	10	0	0
0.2525	0.3575	10	0	0
0.2525	0.3625	10	0	0
0.2525	0.3675	10	0	0
0.2525	0.3725	10	0	0
0.2525	0.3775	10	0	0
0.2525	0.3825	10	0	0
0.2525	0.3875	10	0	0
0.2525	0.3925	10	0	0
0.2525	0.3975	10	0	0
0.2525	0.4025	10	0	0
0.2525	0.4075	10	0	0
0.2525	0.4125	10	0	0
0.2525	0.4175	10	0	0
0.2525	0.4225	10	0	0
0.2525	0.4275	10	0	0
0.2525	0.4325	10	0	0
0.2525	0.4375	10	0	0
0.2525	0.4425	10	0	0
0.2525	0.4475	10	0	0
0.2525	0.4525	10	0	0
0.2525	0.4575	10	0	0
0.2525	0.4625	10	0	0
0.2525	0.4675	10	0	0
0.2525	0.4725	10	0	0
0.2525	0.4775	10	0	0
0.2525	0.4825	10	0	0
0.2525	0.4875	10	0	0
0.2525	0.4925	10	0	0
0.2525	0.4975	10	0	0
0.2525	0.5025	10	0	0
0.2525	0.5075	10	0	0
0.2525	0.5125	10	0	0
0.2525	0.5175	10	0	0
0.2525	0.5225	10	0	0
0.2525	0.5275	10	0	0
0.2525	0.5325	10	0	0
0.2525	0.5375	10	0	0
0.2525	0.5425	10	0	0
0.2525	0.5475	10	0	0
0.2525	0.5525	10	0	0
0.2525	0.5575	10	0	0
0.2525	0.5625	10	0	0
0.2525	0.5675	10	0	0
0.2525	0.5725	10	0	0
0.2525	0.5775	10	0	0
0.2525	0.5825	10	0	0
0.2525	0.5875	10	0	0
0.2525	0.5925	10	0	0
0.2525	0.5975	10	0	0
0.2525	0.6025	10	0	0
0.2525	0.6075	10	0	0
0.2525	0.6125	10	0	0
0.2525	0.6175	10	0	0
0.2525	0.6225	10	0	0
0.2525	0.6275	10	0	0
0.2525	0.6325	10	0	0
0.2525	0.6375	10	0	0
0.2525	0.6425	10	0	0
0.2525	0.6475	10	0	0
0.2525	0.6525	10	0	0
0.2525	0.6575	10	0	0
0.2525	0.6625	10	0	0
0.2525	0.6675	10	0	0
0.2525	0.6725	10	0	0
0.2525	0.6775	10	0	0
0.2525	0.6825	10	0	0
0.2525	0.6875	10	0	0
0.2525	0.6925	10	0	0
0.2525	0.6975	10	0	0
0.2525	0.7025	10	0	0
0.2525	0.7075	10	0	0
0.2525	0.7125	10	0	0
0.2525	0.7175	10	0	0
0.2525	0.7225	10	0	0
0.2525	0.7275	10	0	0
0.2525	0.7325	10	0	0
0.2525	0.7375	10	0	0
0.2525	0.7425	10	0	0
0.2525	0.7475	10	0	0
0.2525	0.7525	10	0	0
0.2525	0.7575	10	0	0
0.2525	0.7625	10	0	0
0.2525	0.7675	10	0	0
0.2525	0.7725	10	0	0
0.2525	0.7775	10	0	0
0.2525	0.7825	10	0	0
0.2525	0.7875	10	0	0
0.2525	0.7925	10	0	0
0.2525	0.7975	10	0	0
0.2525	0.8025	10	0	0
0.2525	0.8075	10	0	0
0.2525	0.8125	10	0	0
0.2525	0.8175	10	0	0
0.2525	0.8225	10	0	0
0.2525	0.8275	10	0	0
0.2525	0.8325	10	0	0
0.2525	0.8375	10	0	0
0.2525	0.8425	10	0	0
0.2525	0.8475	10	0	0
0.2525	0.8525	10	0	0
0.2525	0.8575	10	0	0
0.2525	0.8625	10	0	0
0.2525	0.8675	10	0	0
0.2525	0.8725	10	0	0
0.2525	0.8775	10	0	0
0.2525	0.8825	10	0	0
0.2525	0.8875	10	0	0
0.2525	0.8925	10	0	0
0.2525	0.8975	10	0	0
0.2525	0.9025	10	0	0
0.2525	0.9075	10	0	0
0.2525	0.9125	10	0	0
0.2525	0.9175	10	0	0
0.2525	0.9225	10	0	0
0.2525	0.9275	10	0	0
0.2525	0.9325	10	0	0
0.2525	0.9375	10	0	0
0.2525	0.9425	10	0	0
0.2525	0.9475	10	0	0
0.2525	0.9525	10	0	0
0.2525	0.9575	10	0	0
0.2525	0.9625	10	0	0
0.2525	0.9675	10	0	0
0.2525	0.9725	10	0	0
0.2525	0.9775	10	0	0
0.2525	0.9825	10	0	0
0.2525	0.9875	10	0	0
0.2525	0.9925	10	0	0
0.2525	0.9975	10	0	0
0.2525	1.0025	10	0	0
0.2575	0.0075	10	0	0
0.2575	0.0125	10	0	0
0.2575	0.0175	10	0	0
0.2575	0.0225	10	0	0
0.2575	0.0275	10	0	0
0.2575	0.0325	10	0	0
0.2575	0.0375	10	0	0
0.2575	0.0425	10	0	0
0.2575	0.0475	10	0	0
0.2575	0.0525	10	0	0
0.2575	0.0575	10	0	0
0.2575	0.0625	10	0	0
0.2575	0.0675	10	0	0
0.2575	0.0725	10	0	0
0.2575	0.0775	10	0	0
0.2575	0.0825	10	0	0
0.2575	0.0875	10	0	0
0.2575	0.0925	10	0	0
0.2575	0.0975	10	0	0
0.2575	0.1025	10	0	0
0.2575	0.1075	10	0	0
0.2575	0.1125	10	0	0
0.2575	0.1175	10	0	0
0.2575	0.1225	10	0	0
0.2575	0.1275	10	0	0
0.2575	0.1325	10	0	0
0.2575	0.1375	10	0	0
0.2575	0.1425	10	0	0
0.2575	0.1475	10	0	0
0.2575	0.1525	10	0	0
0.2575	0.1575	10	0	0
0.2575	0.1625	10	0	0
0.2575	0.1675	10	0	0
0.2575	0.1725	10	0	0
0.2575	0.1775	10	0	0
0.2575	0.1825	10	0	0
0.2575	0.1875	10	0	0
0.2575	0.1925	10	0	0
0.2575	0.1975	10	0	0
0.2575	0.2025	10	0	0
0.2575	0.2075	10	0	0
0.2575	0.2125	10	0	0
0.2575	0.2175	10	0	0
0.2575	0.2225	10	0	0
0.2575	0.2275	10	0	0
0.2575	0.2325	10	0	0
0.2575	0.2375	10	0	0
0.2575	0.2425	10	0	0
0.2575	0.2475	10	0	0
0.2575	0.2525	10	0	0
0.2575	0.2575	10	0	0
0.2575	0.2625	10	0	0
0.2575	0.2675	10	0	0
0.2575	0.2725	10	0	0
0.2575	0.2775	10	0	0
0.2575	0.2825	10	0	0
0.2575	0.2875	10	0	0
0.2575	0.2925	10	0	0
0.2575	0.2975	10	0	0
0.2575	0.3025	10	0	0
0.2575	0.3075	10	0	0
0.2575	0.3125	10	0	0
0.2575	0.3175	10	0	0
0.2575	0.3225	10	0	0
0.2575	0.3275	10	0	0
0.2575	0.3325	10	0	0
0.2575	0.3375	10	0	0
0.2575	0.3425	10	0	0
0.2575	0.3475	10	0	0
0.2575	0.3525	10	0	0
0.2575	0.3575	10	0	0
0.2575	0.3625	10	0	0
0.2575	0.3675	10	0	0
0.2575	0.3725	10	0	0
0.2575	0.3775	10	0	0
0.2575	0.3825	10	0	0
0.2575	0.3875	10	0	0
0.2575	0.3925	10	0	0
0.2575	0.3975	10	0	0
0.2575	0.4025	10	0	0
0.2575	0.4075	10	0	0
0.2575	0.4125	10	0	0
0.2575	0.4175	10	0	0
0.2575	0.4225	10	0	0
0.2575	0.4275	10	0	0
0.2575	0.4325	10	0	0
0.2575	0.4375	10	0	0
0.2575	0.4425	10	0	0
0.2575	0.4475	10	0	0
0.2575	0.4525	10	0	0
0.2575	0.4575	10	0	0
0.2575	0.4625	10	0	0
0.2575	0.4675	10	0	0
0.2575	0.4725	10	0	0
0.2575	0.4775	10	0	0
0.2575	0.4825	10	0	0
0.2575	0.4875	10	0	0
0.2575	0.4925	10	0	0
0.2575	0.4975	10	0	0
0.2575	0.5025	10	0	0
0.2575	0.5075	10	0	0
0.2575	0.5125	10	0	0
0.2575	0.5175	10	0	0
0.2575	0.5225	10	0	0
0.2575	0.5275	10	0	0
0.2575	0.5325	10	0	0
0.2575	0.5375	10	0	0
0.2575	0.5425	10	0	0
0.2575	0.5475	10	0	0
0.2575	0.5525	10	0	0
0.2575	0.5575	10	0	0
0.2575	0.5625	10	0	0
0.2575	0.5675	10	0	0
0.2575	0.5725	10	0	0
0.2575	0.5775	10	0	0
0.2575	0.5825	10	0	0
0.2575	0.5875	10	0	0
0.2575	0.5925	10	0	0
0.2575	0.5975	10	0	0
0.2575	0.6025	10	0	0
0.2575	0.6075	10	0	0
0.2575	0.6125	10	0	0
0.2575	0.6175	10	0	0
0.2575	0.6225	10	0	0
0.2575	0.6275	10	0	0
0.2575	0.6325	10	0	0
0.2575	0.6375	10	0	0
0.2575	0.6425	10	0	0
0.2575	0.6475	10	0	0
0.2575	0.6525	10	0	0
0.2575	0.6575	10	0	0
0.2575	0.6625	10	0	0
0.2575	0.6675	10	0	0
0.2575	0.6725	10	0	0
0.2575	0.6775	10	0	0
0.2575	0.6825	10	0	0
0.2575	0.6875	10	0	0
0.2575	0.6925	10	0	0
0.2575	0.6975	10	0	0
0.2575	0.7025	10	0	0
0.2575	0.7075	10	0	0
0.2575	0.7125	10	0	0
0.2575	0.7175	10	0	0
0.2575	0.7225	10	0	0
0.2575	0.7275	10	0	0
0.2575	0.7325	10	0	0
0.2575	0.7375	10	0	0
0.2575	0.7425	10	0	0
0.2575	0.7475	10	0	0
0.2575	0.7525	10	0	0
0.2575	0.7575	10	0	0
0.2575	0.7625	10	0	0
0.2575	0.7675	10	0	0
0.2575	0.7725	10	0	0
0.2575	0.7775	10	0	0
0.2575	0.7825	10	0	0
0.2575	0.7875	10	0	0
0.2575	0.7925	10	0	0
0.2575	0.7975	10	0	0
0.2575	0.8025	10	0	0
0.2575	0.8075	10	0	0
0.2575	0.8125	10	0	0
0.2575	0.8175	10	0	0
0.2575	0.8225	10	0	0
0.2575	0.8275	10	0	0
0.2575	0.8325	10	0	0
0.2575	0.8375	10	0	0
0.2575	0.8425	10	0	0
0.2575	0.8475	10	0	0
0.2575	0.8525	10	0	0
0.2575	0.8575	10	0	0
0.2575	0.8625	10	0	0
0.2575	0.8675	10	0	0
0.2575	0.8725	10	0	0
0.2575	0.8775	10	0	0
0.2575	0.8825	10	0	0
0.2575	0.8875	10	0	0
0.2575	0.8925	10	0	0
0.2575	0.8975	10	0	0
0.2575	0.9025	10	0	0
0.2575	0.9075	10	0	0
0.2575	0.9125	10	0	0
0.2575	0.9175	10	0	0
0.2575	0.9225	10	0	0
0.2575	0.9275	10	0	0
0.2575	0.9325	10	0	0
0.2575	0.9375	10	0	0
0.2575	0.9425	10	0	0
0.2575	0.9475	10	0	0
0.2575	0.9525	10	0	0
0.2575	0.9575	10	0	0
0.2575	0.9625	10	0	0
0.2575	0.9675	10	0	0
0.2575	0.9725	10	0	0
0.2575	0.9775	10	0	0
0.2575	0.9825	10	0	0
0.2575	0.9875	10	0	0
0.2575	0.9925	10	0	0
0.2575	0.9975	10	0	0
0.2575	1.0025	10	0	0
0.2625	0.0075	10	0	0
0.2625	0.0125	10	0	0
0.2625	0.0175	10	0	0
0.2625	0.0225	10	0	0
0.2625	0.0275	10	0	0
0.2625	0.0325	10	0	0
0.2625	0.0375	10	0	0
0.2625	0.0425	10	0	0
0.2625	0.0475	10	0	0
0.2625	0.0525	10	0	0
0.2625	0.0575	10	0	0
0.2625	0.0625	10	0	0
0.2625	0.0675	10	0	0
0.2625	0.0725	10	0	0
0.2625	0.0775	10	0	0
0.2625	0.0825	10	0	0
0.2625	0.0875	10	0	0
0.2625	0.0925	10	0	0
0.2625	0.0975	10	0	0
0.2625	0.1025	10	0	0
0.2625	0.1075	10	0	0
0.2625	0.1125	10	0	0
0.2625	0.1175	10	0	0
0.2625	0.1225	10	0	0
0.2625	0.1275	10	0	0
0.2625	0.1325	10	0	0
0.2625	0.1375	10	0	0
0.2625	0.1425	10	0	0
0.2625	0.1475	10	0	0
0.2625	0.1525	10	0	0
0.2625	0.1575	10	0	0
0.2625	0.1625	10	0	0
0.2625	0.1675	10	0	0
0.2625	0.1725	10	0	0
0.2625	0.1775	10	0	0
0.2625	0.1825	10	0	0
0.2625	0.1875	10	0	0
0.2625	0.1925	10	0	0
0.2625	0.1975	10	0	0
0.2625	0.2025	10	0	0
0.2625	0.2075	10	0	0
0.2625	0.2125	10	0	0
0.2625	0.2175	10	0	0
0.2625	0.2225	10	0	0
0.2625	0.2275	10	0	0
0.2625	0.2325	10	0	0
0.2625	0.2375	10	0	0
0.2625	0.2425	10	0	0
0.2625	0.2475	10	0	0
0.2625	0.2525	10	0	0
0.2625	0.2575	10	0	0
0.2625	0.2625	10	0	0
0.2625	0.2675	10	0	0
0.2625	0.2725	10	0	0
0.2625	0.2775	10	0	0
0.2625	0.2825	10	0	0
0.2625	0.2875	10	0	0
0.2625	0.2925	10	0	0
0.2625	0.2975	10	0	0
0.2625	0.3025	10	0	0
0.2625	0.3075	10	0	0
0.2625	0.3125	10	0	0
0.2625	0.3175	10	0	0
0.2625	0.3225	10	0	0
0.2625	0.3275	10	0	0
0.2625	0.3325	10	0	0
0.2625	0.3375	10	0	0
0.2625	0.3425	10	0	0
0.2625	0.3475	10	0	0
0.2625	0.3525	10	0	0
0.2625	0.3575	10	0	0
0.2625	0.3625	10	0	0
0.2625	0.3675	10	0	0
0.2625	0.3725	10	0	0
0.2625	0.3775	10	0	0
0.2625	0.3825	10	0	0
0.2625	0.3875	10	0	0
0.2625	0.3925	10	0	0
0.2625	0.3975	10	0	0
0.2625	0.4025	10	0	0
0.2625	0.4075	10	0	0
0.2625	0.4125	10	0	0
0.2625	0.4175	10	0	0
0.2625	0.4225	10	0	0
0.2625	0.4275	10	0	0
0.2625	0.4325	10	0	0
0.2625	0.4375	10	0	0
0.2625	0.4425	10	0	0
0.2625	0.4475	10	0	0
0.2625	0.4525	10	0	0
0.2625	0.4575	10	0	0
0.2625	0.4625	10	0	0
0.2625	0.4675	10	0	0
0.2625	0.4725	10	0	0
0.2625	0.4775	10	0	0
0.2625	0.4825	10	0	0
0.2625	0.4875	10	0	0
0.2625	0.4925	10	0	0
0.2625	0.4975	10	0	0
0.2625	0.5025	10	0	0
0.2625	0.5075	10	0	0
0.2625	0.5125	10	0	0
0.2625	0.5175	10	0	0
0.2625	0.5225	10	0	0
0.2625	0.5275	10	0	0
0.2625	0.5325	10	0	0
0.2625	0.5375	10	0	0
0.2625	0.5425	10	0	0
0.2625	0.5475	10	0	0
0.2625	0.5525	10	0	0
0.2625	0.5575	10	0	0
0.2625	0.5625	10	0	0
0.2625	0.5675	10	0	0
0.2625	0.5725	10	0	0
0.2625	0.5775	10	0	0
0.2625	0.5825	10	0	0
0.2625	0.5875	10	0	0
0.2625	0.5925	10	0	0
0.2625	0.5975	10	0	0
0.2625	0.6025	10	0	0
0.2625	0.6075	10	0	0
0.2625	0.6125	10	0	0
0.2625	0.6175	10	0	0
0.2625	0.6225	10	0	0
0.2625	0.6275	10	0	0
0.2625	0.6325	10	0	0
0.2625	0.6375	10	0	0
0.2625	0.6425	10	0	0
0.2625	0.6475	10	0	0
0.2625	0.6525	10	0	0
0.2625	0.6575	10	0	0
0.2625	0.6625	10	0	0
0.2625	0.6675	10	0	0
0.2625	0.6725	10	0	0
0.2625	0.6775	10	0	0
0.2625	0.6825	10	0	0
0.2625	0.6875	10	0	0
0.2625	0.6925	10	0	0
0.2625	0.6975	10	0	0
0.2625	0.7025	10	0	0
0.2625	0.7075	10	0	0
0.2625	0.7125	10	0	0
0.2625	0.7175	10	0	0
0.2625	0.7225	10	0	0
0.2625	0.7275	10	0	0
0.2625	0.7325	10	0	0
0.2625	0.7375	10	0	0
0.2625	0.7425	10	0	0
0.2625	0.7475	10	0	0
0.2625	0.7525	10	0	0
0.2625	0.7575	10	0	0
0.2625	0.7625	10	0	0
0.2625	0.7675	10	0	0
0.2625	0.7725	10	0	0
0.2625	0.7775	10	0	0
0.2625	0.7825	10	0	0
0.2625	0.7875	10	0	0
0.2625	0.7925	10	0	0
0.2625	0.7975	10	0	0
0.2625	0.8025	10	0	0
0.2625	0.8075	10	0	0
0.2625	0.8125	10	0	0
0.2625	0.8175	10	0	0
0.2625	0.8225	10	0	0
0.2625	0.8275	10	0	0
0.2625	0.8325	10	0	0
0.2625	0.8375	10	0	0
0.2625	0.8425	10	0	0
0.2625	0.8475	10	0	0
0.2625	0.8525	10	0	0
0.2625	0.8575	10	0	0
0.2625	0.8625	10	0	0
0.2625	0.8675	10	0	0
0.2625	0.8725	10	0	0
0.2625	0.8775	10	0	0
0.2625	0.8825	10	0	0
0.2625	0.8875	10	0	0
0.2625	0.8925	10	0	0
0.2625	0.8975	10	0	0
0.2625	0.9025	10	0	0
0.2625	0.9075	10	0	0
0.2625	0.9125	10	0	0
0.2625	0.9175	10	0	0
0.2625	0.9225	10	0	0
0.2625	0.9275	10	0	0
0.2625	0.9325	10	0	0
0.2625	0.9375	10	0	0
0.2625	0.9425	10	0	0
0.2625	0.9475	10	0	0
0.2625	0.9525	10	0	0
0.2625	0.9575	10	0	0
0.2625	0.9625	10	0	0
0.2625	0.9675	10	0	0
0.2625	0.9725	10	0	0
0.2625	0.9775	10	0	0
0.2625	0.9825	10	0	0
0.2625	0.9875	10	0	0
0.2625	0.9925	10	0	0
0.2625	0.9975	10	0	0
0.2625	1.0025	10	0	0
0.2675	0.0075	10	0	0
0.2675	0.0125	10	0	0
0.2675	0.0175	10	0	0
0.2675	0.0225	10	0	0
0.2675	0.0275	10	0	0
0.2675	0.0325	10	0	0
0.2675	0.0375	10	0	0
0.2675	0.0425	10	0	0
0.2675	0.0475	10	0	0
0.2675	0.0525	10	0	0
0.2675	0.0575	10	0	0
0.2675	0.0625	10	0	0
0.2675	0.0675	10	0	0
0.2675	0.0725	10	0	0
0.2675	0.0775	10	0	0
0.2675	0.0825	10	0	0
0.2675	0.0875	10	0	0
0.2675	0.0925	10	0	0
0.2675	0.0975	10	0	0
0.2675	0.1025	10	0	0
0.2675	0.1075	10	0	0
0.2675	0.1125	10	0	0
0.2675	0.1175	10	0	0
0.2675	0.1225	10	0	0
0.2675	0.1275	10	0	0
0.2675	0.1325	10	0	0
0.2675	0.1375	10	0	0
0.2675	0.1425	10	0	0
0.2675	0.1475	10	0	0
0.2675	0.1525	10	0	0
0.2675	0.1575	10	0	0
0.2675	0.1625	10	0	0
0.2675	0.1675	10	0	0
0.2675	0.1725	10	0	0
0.2675	0.1775	10	0	0
0.2675	0.1825	10	0	0
0.2675	0.1875	10	0	0
0.2675	0.1925	10	0	0
0.2675	0.1975	10	0	0
0.2675	0.2025	10	0	0
0.2675	0.2075	10	0	0
0.2675	0.2125	10	0	0
0.2675	0.2175	10	0	0
0.2675	0.2225	10	0	0
0.2675	0.2275	10	0	0
0.2675	0.2325	10	0	0
0.2675	0.2375	10	0	0
0.2675	0.2425	10	0	0
0.2675	0.2475	10	0	0
0.2675	0.2525	10	0	0
0.2675	0.2575	10	0	0
0.2675	0.2625	10	0	0
0.2675	0.2675	10	0	0
0.2675	0.2725	10	0	0
0.2675	0.2775	10	0	0
0.2675	0.2825	10	0	0
0.2675	0.2875	10	0	0
0.2675	0.2925	10	0	0
0.2675	0.2975	10	0	0
0.2675	0.3025	10	0	0
0.2675	0.3075	10	0	0
0.2675	0.3125	10	0	0
0.2675	0.3175	10	0	0
0.2675	0.3225	10	0	0
0.2675	0.3275	10	0	0
0.2675	0.3325	10	0	0
0.2675	0.3375	10	0	0
0.2675	0.3425	10	0	0
0.2675	0.3475	10	0	0
0.2675	0.3525	10	0	0
0.2675	0.3575	10	0	0
0.2675	0.3625	10	0	0
0.2675	0.3675	10	0	0
0.2675	0.3725	10	0	0
0.2675	0.3775	10	0	0
0.2675	0.3825	10	0	0
0.2675	0.3875	10	0	0
0.2675	0.3925	10	0	0
0.2675	0.3975	10	0	0
0.2675	0.4025	10	0	0
0.2675	0.4075	10	0	0
0.2675	0.4125	10	0	0
0.2675	0.4175	10	0	0
0.2675	0.4225	10	0	0
0.2675	0.4275	10	0	0
0.2675	0.4325	10	0	0
0.2675	0.4375	10	0	0
0.2675	0.4425	10	0	0
0.2675	0.4475	10	0	0
0.2675	0.4525	10	0	0
0.2675	0.4575	10	0	0
0.2675	0.4625	10	0	0
0.2675	0.4675	10	0	0
0.2675	0.4725	10	0	0
0.2675	0.4775	10	0	0
0.2675	0.4825	10	0	0
0.2675	0.4875	10	0	0
0.2675	0.4925	10	0	0
0.2675	0.4975	10	0	0
0.2675	0.5025	10	0	0
0.2675	0.5075	10	0	0
0.2675	0.5125	10	0	0
0.2675	0.5175	10	0	0
0.2675	0.5225	10	0	0
0.2675	0.5275	10	0	0
0.2675	0.5325	10	0	0
0.2675	0.5375	10	0	0
0.2675	0.5425	10	0	0
0.2675	0.5475	10	0	0
0.2675	0.5525	10	0	0
0.2675	0.5575	10	0	0
0.2675	0.5625	10	0	0
0.2675	0.5675	10	0	0
0.2675	0.5725	10	0	0
0.2675	0.5775	10	0	0
0.2675	0.5825	10	0	0
0.2675	0.5875	10	0	0
0.2675	0.5925	10	0	0
0.2675	0.5975	10	0	0
0.2675	0.6025	10	0	0
0.2675	0.6075	10	0	0
0.2675	0.6125	10	0	0
0.2675	0.6175	10	0	0
0.2675	0.6225	10	0	0
0.2675	0.6275	10	0	0
0.2675	0.6325	10	0	0
0.2675	0.6375	10	0	0
0.2675	0.6425	10	0	0
0.2675	0.6475	10	0	0
0.2675	0.6525	10	0	0
0.2675	0.6575	10	0	0
0.2675	0.6625	10	0	0
0.2675	0.6675	10	0	0
0.2675	0.6725	10	0	0
0.2675	0.6775	10	0	0
0.2675	0.6825	10	0	0
0.2675	0.6875	10	0	0
0.2675	0.6925	10	0	0
0.2675	0.6975	10	0	0
0.2675	0.7025	10	0	0
0.2675	0.7075	10	0	0
0.2675	0.7125	10	0	0
0.2675	0.7175	10	0	0
0.2675	0.7225	10	0	0
0.2675	0.7275	10	0	0
0.2675	0.7325	10	0	0
0.2675	0.7375	10	0	0
0.2675	0.7425	10	0	0
0.2675	0.7475	10	0	0
0.2675	0.7525	10	0	0
0.2675	0.7575	10	0	0
0.2675	0.7625	10	0	0
0.2675	0.7675	10	0	0
0.2675	0.7725	10	0	0
0.2675	0.7775	10	0	0
0.2675	0.7825	10	0	0
0.2675	0.7875	10	0	0
0.2675	0.7925	10	0	0
0.2675	0.7975	10	0	0
0.2675	0.8025	10	0	0
0.2675	0.8075	10	0	0
0.2675	0.8125	10	0	0
0.2675	0.8175	10	0	0
0.2675	0.8225	10	0	0
0.2675	0.8275	10	0	0
0.2675	0.8325	10	0	0
0.2675	0.8375	10	0	0
0.2675	0.8425	10	0	0
0.2675	0.8475	10	0	0
0.2675	0.8525	10	0	0
0.2675	0.8575	10	0	0
0.2675	0.8625	10	0	0
0.2675	0.8675	10	0	0
0.2675	0.8725	10	0	0
0.2675	0.8775	10	0	0
0.2675	0.8825	10	0	0
0.2675	0.8875	10	0	0
0.2675	0.8925	10	0	0
0.2675	0.8975	10	0	0
0.2675	0.9025	10	0	0
0.2675	0.9075	10	0	0
0.2675	0.9125	10	0	0
0.2675	0.9175	10	0	0
0.2675	0.9225	10	0	0
0.2675	0.9275	10	0	0
0.2675	0.9325	10	0	0
0.2675	0.9375	10	0	0
0.2675	0.9425	10	0	0
0.2675	0.9475	10	0	0
0.2675	0.9525	10	0	0
0.2675	0.9575	10	0	0
0.2675	0.9625	10	0	0
0.2675	0.9675	10	0	0
0.2675	0.9725	10	0	0
0.2675	0.9775	10	0	0
0.2675	0.9825	10	0	0
0.2675	0.9875	10	0	0
0.2675	0.9925	10	0	0
0.2675	0.9975	10	0	0
0.2675	1.0025	10	0	0
0.2725	0.0075	10	0	0
0.2725	0.0125	10	0	0
0.2725	0.0175	10	0	0
0.2725	0.0225	10	0	0
0.2725	0.0275	10	0	0
0.2725	0.0325	10	0	0
0.2725	0.0375	10	0	0
0.2725	0.0425	10	0	0
0.2725	0.0475	10	0	0
0.2725	0.0525	10	0	0
0.2725	0.0575	10	0	0
0.2725	0.0625	10	0	0
0.2725	0.0675	10	0	0
0.2725	0.0725	10	0	0
0.2725	0.0775	10	0	0
0.2725	0.0825	10	0	0
0.2725	0.0875	10	0	0
0.2725	0.0925	10	0	0
0.2725	0.0975	10	0	0
0.2725	0.1025	10	0	0
0.2725	0.1075	10	0	0
0.2725	0.1125	10	0	0
0.2725	0.1175	10	0	0
0.2725	0.1225	10	0	0
0.2725	0.1275	10	0	0
0.2725	0.1325	10	0	0
0.2725	0.1375	10	0	0
0.2725	0.1425	10	0	0
0.2725	0.1475	10	0	0
0.2725	0.1525	10	0	0
0.2725	0.1575	10	0	0
0.2725	0.1625	10	0	0
0.2725	0.1675	10	0	0
0.2725	0.1725	10	0	0
0.2725	0.1775	10	0	0
0.2725	0.1825	10	0	0
0.2725	0.1875	10	0	0
0.2725	0.1925	10	0	0
0.2725	0.1975	10	0	0
0.2725	0.2025	10	0	0
0.2725	0.2075	10	0	0
0.2725	0.2125	10	0	0
0.2725	0.2175	10	0	0
0.2725	0.2225	10	0	0
0.2725	0.2275	10	0	0
0.2725	0.2325	10	0	0
0.2725	0.2375	10	0	0
0.2725	0.2425	10	0	0
0.2725	0.2475	10	0	0
0.2725	0.2525	10	0	0
0.2725	0.2575	10	0	0
0.2725	0.2625	10	0	0
0.2725	0.2675	10	0	0
0.2725	0.2725	10	0	0
0.2725	0.2775	10	0	0
0.2725	0.2825	10	0	0
0.2725	0.2875	10	0	0
0.2725	0.2925	10	0	0
0.2725	0.2975	10	0	0
0.2725	0.3025	10	0	0
0.2725	0.3075	10	0	0
0.2725	0.3125	10	0	0
0.2725	0.3175	10	0	0
0.2725	0.3225	10	0	0
0.2725	0.3275	10	0	0
0.2725	0.3325	10	0	0
0.2725	0.3375	10	0	0
0.2725	0.3425	10	0	0
0.2725	0.3475	10	0	0
0.2725	0.3525	10	0	0
0.2725	0.3575	10	0	0
0.2725	0.3625	10	0	0
0.2725	0.3675	10	0	0
0.2725	0.3725	10	0	0
0.2725	0.3775	10	0	0
0.2725	0.3825	10	0	0
0.2725	0.3875	10	0	0
0.2725	0.3925	10	0	0
0.2725	0.3975	10	0	0
0.2725	0.4025	10	0	0
0.2725	0.4075	10	0	0
0.2725	0.4125	10	0	0
0.2725	0.4175	10	0	0
0.2725	0.4225	10	0	0
0.2725	0.4275	10	0	0
0.2725	0.4325	10	0	0
0.2725	0.4375	10	0	0
0.2725	0.4425	10	0	0
0.2725	0.4475	10	0	0
0.2725	0.4525	10	0	0
0.2725	0.4575	10	0	0
0.2725	0.4625	10	0	0
0.2725	0.4675	10	0	0
0.2725	0.4725	10	0	0
0.2725	0.4775	10	0	0
0.2725	0.4825	10	0	0
0.2725	0.4875	10	0	0
0.2725	0.4925	10	0	0
0.2725	0.4975	10	0	0
0.2725	0.5025	10	0	0
0.2725	0.5075	10	0	0
0.2725	0.5125	10	0	0
0.2725	0.5175	10	0	0
0.2725	0.5225	10	0	0
0.2725	0.5275	10	0	0
0.2725	0.5325	10	0	0
0.2725	0.5375	10	0	0
0.2725	0.5425	10	0	0
0.2725	0.5475	10	0	0
0.2725	0.5525	10	0	0
0.2725	0.5575	10	0	0
0.2725	0.5625	10	0	0
0.2725	0.5675	10	0	0
0.2725	0.5725	10	0	0
0.2725	0.5775	10	0	0
0.2725	0.5825	10	0	0
0.2725	0.5875	10	0	0
0.2725	0.5925	10	0	0
0.2725	0.5975	10	0	0
0.2725	0.6025	10	0	0
0.2725	0.6075	10	0	0
0.2725	0.6125	10	0	0
0.2725	0.6175	10	0	0
0.2725	0.6225	10	0	0
0.2725	0.6275	10	0	0
0.2725	0.6325	10	0	0
0.2725	0.6375	10	0	0
0.2725	0.6425	10	0	0
0.2725	0.6475	10	0	0
0.2725	0.6525	10	0	0
0.2725	0.6575	10	0	0
0.2725	0.6625	10	0	0
0.2725	0.6675	10	0	0
0.2725	0.6725	10	0	0
0.2725	0.6775	10	0	0
0.2725	0.6825	10	0	0
0.2725	0.6875	10	0	0
0.2725	0.6925	10	0	0
0.2725	0.6975	10	0	0
0.2725	0.7025	10	0	0
0.2725	0.7075	10	0	0
0.2725	0.7125	10	0	0
0.2725	0.7175	10	0	0
0.2725	0.7225	10	0	0
0.2725	0.7275	10	0	0
0.2725	0.7325	10	0	0
0.2725	0.7375	10	0	0
0.2725	0.7425	10	0	0
0.2725	0.7475	10	0	0
0.2725	0.7525	10	0	0
0.2725	0.7575	10	0	0
0.2725	0.7625	10	0	0
0.2725	0.7675	10	0	0
0.2725	0.7725	10	0	0
0.2725	0.7775	10	0	0
0.2725	0.7825	10	0	0
0.2725	0.7875	10	0	0
0.2725	0.7925	10	0	0
0.2725	0.7975	10	0	0
0.2725	0.8025	10	0	0
0.2725	0.8075	10	0	0
0.2725	0.8125	10	0	0
0.2725	0.8175	10	0	0
0.2725	0.8225	10	0	0
0.2725	0.8275	10	0	0
0.2725	0.8325	10	0	0
0.2725	0.8375	10	0	0
0.2725	0.8425	10	0	0
0.2725	0.8475	10	0	0
0.2725	0.8525	10	0	0
0.2725	0.8575	10	0	0
0.2725	0.8625	10	0	0
0.2725	0.8675	10	0	0
0.2725	0.8725	10	0	0
0.2725	0.8775	10	0	0
0.2725	0.8825	10	0	0
0.2725	0.8875	10	0	0
0.2725	0.8925	10	0	0
0.2725	0.8975	10	0	0
0.2725	0.9025	10	0	0
0.2725	0.9075	10	0	0
0.2725	0.9125	10	0	0
0.2725	0.9175	10	0	0
0.2725	0.9225	10	0	0
0.2725	0.9275	10	0	0
0.2725	0.9325	10	0	0
0.2725	0.9375	10	0	0
0.2725	0.9425	10	0	0
0.2725	0.9475	10	0	0
0.2725	0.9525	10	0	0
0.2725	0.9575	10	0	0
0.2725	0.9625	10	0	0
0.2725	0.9675	10	0	0
0.2725	0.9725	10	0	0
0.2725	0.9775	10	0	0
0.2725	0.9825	10	0	0
0.2725	0.9875	10	0	0
0.2725	0.9925	10	0	0
0.2725	0.9975	10	0	0
0.2725	1.0025	10	0	0
0.2775	0.0075	10	0	0
0.2775	0.0125	10	0	0
0.2775	0.0175	10	0	0
0.2775	0.0225	10	0	0
0.2775	0.0275	10	0	0
0.2775	0.0325	10	0	0
0.2775	0.0375	10	0	0
0.2775	0.0425	10	0	0
0.2775	0.0475	10	0	0
0.2775	0.0525	10	0	0
0.2775	0.0575	10	0	0
0.2775	0.0625	10	0	0
0.2775	0.0675	10	0	0
0.2775	0.0725	10	0	0
0.2775	0.0775	10	0	0
0.2775	0.0825	10	0	0
0.2775	0.0875	10	0	0
0.2775	0.0925	10	0	0
0.2775	0.0975	10	0	0
0.2775	0.1025	10	0	0
0.2775	0.1075	10	0	0
0.2775	0.1125	10	0	0
0.2775	0.1175	10	0	0
0.2775	0.1225	10	0	0
0.2775	0.1275	10	0	0
0.2775	0.1325	10	0	0
0.2775	0.1375	10	0	0
0.2775	0.1425	10	0	0
0.2775	0.1475	10	0	0
0.2775	0.1525	10	0	0
0.2775	0.1575	10	0	0
0.2775	0.1625	10	0	0
0.2775	0.1675	10	0	0
0.2775	0.1725	10	0	0
0.2775	0.1775	10	0	0
0.2775	0.1825	10	0	0
0.2775	0.1875	10	0	0
0.2775	0.1925	10	0	0
0.2775	0.1975	10	0	0
0.2775	0.2025	10	0	0
0.2775	0.2075	10	0	0
0.2775	0.2125	10	0	0
0.2775	0.2175	10	0	0
0.2775	0.2225	10	0	0
0.2775	0.2275	10	0	0
0.2775	0.2325	10	0	0
0.2775	0.2375	10	0	0
0.2775	0.2425	10	0	0
0.2775	0.2475	10	0	0
0.2775	0.2525	10	0	0
0.2775	0.2575	10	0	0
0.2775	0.2625	10	0	0
0.2775	0.2675	10	0	0
0.2775	0.2725	10	0	0
0.2775	0.2775	10	0	0
0.2775	0.2825	10	0	0
0.2775	0.2875	10	0	0
0.2775	0.2925	10	0	0
0.2775	0.2975	10	0	0
0.2775	0.3025	10	0	0
0.2775	0.3075	10	0	0
0.2775	0.3125	10	0	0
0.2775	0.3175	10	0	0
0.2775	0.3225	10	0	0
0.2775	0.3275	10	0	0
0.2775	0.3325	10	0	0
0.2775	0.3375	10	0	0
0.2775	0.3425	10	0	0
0.2775	0.3475	10	0	0
0.2775	0.3525	10	0	0
0.2775	0.3575	10	0	0
0.2775	0.3625	10	0	0
0.2775	0.3675	10	0	0
0.2775	0.3725	10	0	0
0.2775	0.3775	10	0	0
0.2775	0.3825	10	0	0
0.2775	0.3875	10	0	0
0.2775	0.3925	10	0	0
0.2775	0.3975	10	0	0
0.2775	0.4025	10	0	0
0.2775	0.4075	10	0	0
0.2775	0.4125	10	0	0
0.2775	0.4175	10	0	0
0.2775	0.4225	10	0	0
0.2775	0.4275	10	0	0
0.2775	0.4325	10	0	0
0.2775	0.4375	10	0	0
0.2775	0.4425	10	0	0
0.2775	0.4475	10	0	0
0.2775	0.4525	10	0	0
0.2775	0.4575	10	0	0
0.2775	0.4625	10	0	0
0.2775	0.4675	10	0	0
0.2775	0.4725	10	0	0
0.2775	0.4775	10	0	0
0.2775	0.4825	10	0	0
0.2775	0.4875	10	0	0
0.2775	0.4925	10	0	0
0.2775	0.4975	10	0	0
0.2775	0.5025	10	0	0
0.2775	0.5075	10	0	0
0.2775	0.5125	10	0	0
0.2775	0.5175	10	0	0
0.2775	0.5225	10	0	0
0.2775	0.5275	10	0	0
0.2775	0.5325	10	0	0
0.2775	0.5375	10	0	0
0.2775	0.5425	10	0	0
0.2775	0.5475	10	0	0
0.2775	0.5525	10	0	0
0.2775	0.5575	10	0	0
0.2775	0.5625	10	0	0
0.2775	0.5675	10	0	0
0.2775	0.5725	10	0	0
0.2775	0.5775	10	0	0
0.2775	0.5825	10	0	0
0.2775	0.5875	10	0	0
0.2775	0.5925	10	0	0
0.2775	0.5975	10	0	0
0.2775	0.6025	10	0	0
0.2775	0.6075	10	0	0
0.2775	0.6125	10	0	0
0.2775	0.6175	10	0	0
0.2775	0.6225	10	0	0
0.2775	0.6275	10	0	0
0.2775	0.6325	10	0	0
0.2775	0.6375	10	0	0
0.2775	0.6425	10	0	0
0.2775	0.6475	10	0	0
0.2775	0.6525	10	0	0
0.2775	0.6575	10	0	0
0.2775	0.6625	10	0	0
0.2775	0.6675	10	0	0
0.2775	0.6725	10	0	0
0.2775	0.6775	10	0	0
0.2775	0.6825	10	0	0
0.2775	0.6875	10	0	0
0.2775	0.6925	10	0	0
0.2775	0.6975	10	0	0
0.2775	0.7025	10	0	0
0.2775	0.7075	10	0	0
0.2775	0.7125	10	0	0
0.2775	0.7175	10	0	0
0.2775	0.7225	10	0	0
0.2775	0.7275	10	0	0
0.2775	0.7325	10	0	0
0.2775	0.7375	10	0	0
0.2775	0.7425	10	0	0
0.2775	0.7475	10	0	0
0.2775	0.7525	10	0	0
0.2775	0.7575	10	0	0
0.2775	0.7625	10	0	0
0.2775	0.7675	10	0	0
0.2775	0.7725	10	0	0
0.2775	0.7775	10	0	0
0.2775	0.7825	10	0	0
0.2775	0.7875	10	0	0
0.2775	0.7925	10	0	0
0.2775	0.7975	10	0	0
0.2775	0.8025	10	0	0
0.2775	0.8075	10	0	0
0.2775	0.8125	10	0	0
0.2775	0.8175	10	0	0
0.2775	0.8225	10	0	0
0.2775	0.8275	10	0	0
0.2775	0.8325	10	0	0
0.2775	0.8375	10	0	0
0.2775	0.8425	10	0	0
0.2775	0.8475	10	0	0
0.2775	0.8525	10	0	0
0.2775	0.8575	10	0	0
0.2775	0.8625	10	0	0
0.2775	0.8675	10	0	0
0.2775	0.8725	10	0	0
0.2775	0.8775	10	0	0
0.2775	0.8825	10	0	0
0.2775	0.8875	10	0	0
0.2775	0.8925	10	0	0
0.2775	0.8975	10	0	0
0.2775	0.9025	10	0	0
0.2775	0.9075	10	0	0
0.2775	0.9125	10	0	0
0.2775	0.9175	10	0	0
0.2775	0.9225	10	0	0
0.2775	0.9275	10	0	0
0.2775	0.9325	10	0	0
0.2775	0.9375	10	0	0
0.2775	0.9425	10	0	0
0.2775	0.9475	10	0	0
0.2775	0.9525	10	0	0
0.2775	0.9575	10	0	0
0.2775	0.9625	10	0	0
0.2775	0.9675	10	0	0
0.2775	0.9725	10	0	0
0.2775	0.9775	10	0	0
0.2775	0.9825	10	0	0
0.2775	0.9875	10	0	0
0.2775	0.9925	10	0	0
0.2775	0.9975	10	0	0
0.2775	1.0025	10	0	0
0.2825	0.0075	10	0	0
0.2825	0.0125	10	0	0
0.2825	0.0175	10	0	0
0.2825	0.0225	10	0	0
0.2825	0.0275	10	0	0
0.2825	0.0325	10	0	0
0.2825	0.0375	10	0	0
0.2825	0.0425	10	0	0
0.2825	0.0475	10	0	0
0.2825	0.0525	10	0	0
0.2825	0.0575	10	0	0
0.2825	0.0625	10	0	0
0.2825	0.0675	10	0	0
0.2825	0.0725	10	0	0
0.2825	0.0775	10	0	0
0.2825	0.0825	10	0	0
0.2825	0.0875	10	0	0
0.2825	0.0925	10	0	0
0.2825	0.0975	10	0	0
0.2825	0.1025	10	0	0
0.2825	0.1075	10	0	0
0.2825	0.1125	10	0	0
0.2825	0.1175	10	0	0
0.2825	0.1225	10	0	0
0.2825	0.1275	10	0	0
0.2825	0.1325	10	0	0
0.2825	0.1375	10	0	0
0.2825	0.1425	10	0	0
0.2825	0.1475	10	0	0
0.2825	0.1525	10	0	0
0.2825	0.1575	10	0	0
0.2825	0.1625	10	0	0
0.2825	0.1675	10	0	0
0.2825	0.1725	10	0	0
0.2825	0.1775	10	0	0
0.2825	0.1825	10	0	0
0.2825	0.1875	10	0	0
0.2825	0.1925	10	0	0
0.2825	0.1975	10	0	0
0.2825	0.2025	10	0	0
0.2825	0.2075	10	0	0
0.2825	0.2125	10	0	0
0.2825	0.2175	10	0	0
0.2825	0.2225	10	0	0
0.2825	0.2275	10	0	0
0.2825	0.2325	10	0	0
0.2825	0.2375	10	0	0
0.2825	0.2425	10	0	0
0.2825	0.2475	10	0	0
0.2825	0.2525	10	0	0
0.2825	0.2575	10	0	0
0.2825	0.2625	10	0	0
0.2825	0.2675	10	0	0
0.2825	0.2725	10	0	0
0.2825	0.2775	10	0	0
0.2825	0.2825	10	0	0
0.2825	0.2875	10	0	0
0.2825	0.2925	10	0	0
0.2825	0.2975	10	0	0
0.2825	0.3025	10	0	0
0.2825	0.3075	10	0	0
0.2825	0.3125	10	0	0
0.2825	0.3175	10	0	0
0.2825	0.3225	10	0	0
0.2825	0.3275	10	0	0
0.2825	0.3325	10	0	0
0.2825	0.3375	10	0	0
0.2825	0.3425	10	0	0
0.2825	0.3475	10	0	0
0.2825	0.3525	10	0	0
0.2825	0.3575	10	0	0
0.2825	0.3625	10	0	0
0.2825	0.3675	10	0	0
0.2825	0.3725	10	0	0
0.2825	0.3775	10	0	0
0.2825	0.3825	10	0	0
0.2825	0.3875	10	0	0
0.2825	0.3925	10	0	0
0.2825	0.3975	10	0	0
0.2825	0.4025	10	0	0
0.2825	0.4075	10	0	0
0.2825	0.4125	10	0	0
0.2825	0.4175	10	0	0
0.2825	0.4225	10	0	0
0.2825	0.4275	10	0	0
0.2825	0.4325	10	0	0
0.2825	0.4375	10	0	0
0.2825	0.4425	10	0	0
0.2825	0.4475	10	0	0
0.2825	0.4525	10	0	0
0.2825	0.4575	10	0	0
0.2825	0.4625	10	0	0
0.2825	0.4675	10	0	0
0.2825	0.4725	10	0	0
0.2825	0.4775	10	0	0
0.2825	0.4825	10	0	0
0.2825	0.4875	10	0	0
0.2825	0.4925	10	0	0
0.2825	0.4975	10	0	0
0.2825	0.5025	10	0	0
0.2825	0.5075	10	0	0
0.2825	0.5125	10	0	0
0.2825	0.5175	10	0	0
0.2825	0.5225	10	0	0
0.2825	0.5275	10	0	0
0.2825	0.5325	10	0	0
0.2825	0.5375	10	0	0
0.2825	0.5425	10	0	0
0.2825	0.5475	10	0	0
0.2825	0.5525	10	0	0
0.2825	0.5575	10	0	0
0.2825	0.5625	10	0	0
0.2825	0.5675	10	0	0
0.2825	0.5725	10	0	0
0.2825	0.5775	10	0	0
0.2825	0.5825	10	0	0
0.2825	0.5875	10	0	0
0.2825	0.5925	10	0	0
0.2825	0.5975	10	0	0
0.2825	0.6025	10	0	0
0.2825	0.6075	10	0	0
0.2825	0.6125	10	0	0
0.2825	0.6175	10	0	0
0.2825	0.6225	10	0	0
0.2825	0.6275	10	0	0
0.2825	0.6325	10	0	0
0.2825	0.6375	10	0	0
0.2825	0.6425	10	0	0
0.2825	0.6475	10	0	0
0.2825	0.6525	10	0	0
0.2825	0.6575	10	0	0
0.2825	0.6625	10	0	0
0.2825	0.6675	10	0	0
0.2825	0.6725	10	0	0
0.2825	0.6775	10	0	0
0.2825	0.6825	10	0	0
0.2825	0.6875	10	0	0
0.2825	0.6925	10	0	0
0.2825	0.6975	10	0	0
0.2825	0.7025	10	0	0
0.2825	0.7075	10	0	0
0.2825	0.7125	10	0	0
0.2825	0.7175	10	0	0
0.2825	0.7225	10	0	0
0.2825	0.7275	10	0	0
0.2825	0.7325	10	0	0
0.2825	0.7375	10	0	0
0.2825	0.7425	10	0	0
0.2825	0.7475	10	0	0
0.2825	0.7525	10	0	0
0.2825	0.7575	10	0	0
0.2825	0.7625	10	0	0
0.2825	0.7675	10	0	0
0.2825	0.7725	10	0	0
0.2825	0.7775	10	0	0
0.2825	0.7825	10	0	0
0.2825	0.7875	10	0	0
0.2825	0.7925	10	0	0
0.2825	0.7975	10	0	0
0.2825	0.8025	10	0	0
0.2825	0.8075	10	0	0
0.2825	0.8125	10	0	0
0.2825	0.8175	10	0	0
0.2825	0.8225	10	0	0
0.2825	0.8275	10	0	0
0.2825	0.8325	10	0	0
0.2825	0.8375	10	0	0
0.2825	0.8425	10	0	0
0.2825	0.8475	10	0	0
0.2825	0.8525	10	0	0
0.2825	0.8575	10	0	0
0.2825	0.8625	10	0	0
0.2825	0.8675	10	0	0
0.2825	0.8725	10	0	0
0.2825	0.8775	10	0	0
0.2825	0.8825	10	0	0
0.2825	0.8875	10	0	0
0.2825	0.8925	10	0	0
0.2825	0.8975	10	0	0
0.2825	0.9025	10	0	0
0.2825	0.9075	10	0	0
0.2825	0.9125	10	0	0
0.2825	0.9175	10	0	0
0.2825	0.9225	10	0	0
0.2825	0.9275	10	0	0
0.2825	0.9325	10	0	0
0.2825	0.9375	10	0	0
0.2825	0.9425	10	0	0
0.2825	0.9475	10	0	0
0.2825	0.9525	10	0	0
0.2825	0.9575	10	0	0
0.2825	0.9625	10	0	0
0.2825	0.9675	10	0	0
0.2825	0.9725	10	0	0
0.2825	0.9775	10	0	0
0.2825	0.9825	10	0	0
0.2825	0.9875	10	0	0
0.2825	0.9925	10	0	0
0.2825	0.9975	10	0	0
0.2825	1.0025	10	0	0
0.2875	0.0075	10	0	0
0.2875	0.0125	10	0	0
0.2875	0.0175	10	0	0
0.2875	0.0225	10	0	0
0.2875	0.0275	10	0	0
0.2875	0.0325	10	0	0
0.2875	0.0375	10	0	0
0.2875	0.0425	10	0	0
0.2875	0.0475	10	0	0
0.2875	0.0525	10	0	0
0.2875	0.0575	10	0	0
0.2875	0.0625	10	0	0
0.2875	0.0675	10	0	0
0.2875	0.0725	10	0	0
0.2875	0.0775	10	0	0
0.2875	0.0825	10	0	0
0.2875	0.0875	10	0	0
0.2875	0.0925	10	0	0
0.2875	0.0975	10	0	0
0.2875	0.1025	10	0	0
0.2875	0.1075	10	0	0
0.2875	0.1125	10	0	0
0.2875	0.1175	10	0	0
0.2875	0.1225	10	0	0
0.2875	0.1275	10	0	0
0.2875	0.1325	10	0	0
0.2875	0.1375	10	0	0
0.2875	0.1425	10	0	0
0.2875	0.1475	10	0	0
0.2875	0.1525	10	0	0
0.2875	0.1575	10	0	0
0.2875	0.1625	10	0	0
0.2875	0.1675	10	0	0
0.2875	0.1725	10	0	0
0.2875	0.1775	10	0	0
0.2875	0.1825	10	0	0
0.2875	0.1875	10	0	0
0.2875	0.1925	10	0	0
0.2875	0.1975	10	0	0
0.2875	0.2025	10	0	0
0.2875	0.2075	10	0	0
0.2875	0.2125	10	0	0
0.2875	0.2175	10	0	0
0.2875	0.2225	10	0	0
0.2875	0.2275	10	0	0
0.2875	0.2325	10	0	0
0.2875	0.2375	10	0	0
0.2875	0.2425	10	0	0
0.2875	0.2475	10	0	0
0.2875	0.2525	10	0	0
0.2875	0.2575	10	0	0
0.2875	0.2625	10	0	0
0.2875	0.2675	10	0	0
0.2875	0.2725	10	0	0
0.2875	0.2775	10	0	0
0.2875	0.2825	10	0	0
0.2875	0.2875	10	0	0
0.2875	0.2925	10	0	0
0.2875	0.2975	10	0	0
0.2875	0.3025	10	0	0
0.2875	0.3075	10	0	0
0.2875	0.3125	10	0	0
0.2875	0.3175	10	0	0
0.2875	0.3225	10	0	0
0.2875	0.3275	10	0	0
0.2875	0.3325	10	0	0
0.2875	0.3375	10	0	0
0.2875	0.3425	10	0	0
0.2875	0.3475	10	0	0
0.2875	0.3525	10	0	0
0.2875	0.3575	10	0	0
0.2875	0.3625	10	0	0
0.2875	0.3675	10	0	0
0.2875	0.3725	10	0	0
0.2875	0.3775	10	0	0
0.2875	0.3825	10	0	0
0.2875	0.3875	10	0	0
0.2875	0.3925	10	0	0
0.2875	0.3975	10	0	0
0.2875	0.4025	10	0	0
0.2875	0.4075	10	0	0
0.2875	0.4125	10	0	0
0.2875	0.4175	10	0	0
0.2875	0.4225	10	0	0
0.2875	0.4275	10	0	0
0.2875	0.4325	10	0	0
0.2875	0.4375	10	0	0
0.2875	0.4425	10	0	0
0.2875	0.4475	10	0	0
0.2875	0.4525	10	0	0
0.2875	0.4575	10	0	0
0.2875	0.4625	10	0	0
0.2875	0.4675	10	0	0
0.2875	0.4725	10	0	0
0.2875	0.4775	10	0	0
0.2875	0.4825	10	0	0
0.2875	0.4875	10	0	0
0.2875	0.4925	10	0	0
0.2875	0.4975	10	0	0
0.2875	0.5025	10	0	0
0.2875	0.5075	10	0	0
0.2875	0.5125	10	0	0
0.2875	0.5175	10	0	0
0.2875	0.5225	10	0	0
0.2875	0.5275	10	0	0
0.2875	0.5325	10	0	0
0.2875	0.5375	10	0	0
0.2875	0.5425	10	0	0
0.2875	0.5475	10	0	0
0.2875	0.5525	10	0	0
0.2875	0.5575	10	0	0
0.2875	0.5625	10	0	0
0.2875	0.5675	10	0	0
0.2875	0.5725	10	0	0
0.2875	0.5775	10	0	0
0.2875	0.5825	10	0	0
0.2875	0.5875	10	0	0
0.2875	0.5925	10	0	0
0.2875	0.5975	10	0	0
0.2875	0.6025	10	0	0
0.2875	0.6075	10	0	0
0.2875	0.6125	10	0	0
0.2875	0.6175	10	0	0
0.2875	0.6225	10	0	0
0.2875	0.6275	10	0	0
0.2875	0.6325	10	0	0
0.2875	0.6375	10	0	0
0.2875	0.6425	10	0	0
0.2875	0.6475	10	0	0
0.2875	0.6525	10	0	0
0.2875	0.6575	10	0	0
0.2875	0.6625	10	0	0
0.2875	0.6675	10	0	0
0.2875	0.6725	10	0	0
0.2875	0.6775	10	0	0
0.2875	0.6825	10	0	0
0.2875	0.6875	10	0	0
0.2875	0.6925	10	0	0
0.2875	0.6975	10	0	0
0.2875	0.7025	10	0	0
0.2875	0.7075	10	0	0
0.2875	0.7125	10	0	0
0.2875	0.7175	10	0	0
0.2875	0.7225	10	0	0
0.2875	0.7275	10	0	0
0.2875	0.7325	10	0	0
0.2875	0.7375	10	0	0
0.2875	0.7425	10	0	0
0.2875	0.7475	10	0	0
0.2875	0.7525	10	0	0
0.2875	0.7575	10	0	0
0.2875	0.7625	10	0	0
0.2875	0.7675	10	0	0
0.2875	0.7725	10	0	0
0.2875	0.7775	10	0	0
0.2875	0.7825	10	0	0
0.2875	0.7875	10	0	0
0.2875	0.7925	10	0	0
0.2875	0.7975	10	0	0
0.2875	0.8025	10	0	0
0.2875	0.8075	10	0	0
0.2875	0.8125	10	0	0
0.2875	0.8175	10	0	0
0.2875	0.8225	10	0	0
0.2875	0.8275	10	0	0
0.2875	0.8325	10	0	0
0.2875	0.8375	10	0	0
0.2875	0.8425	10	0	0
0.2875	0.8475	10	0	0
0.2875	0.8525	10	0	0
0.2875	0.8575	10	0	0
0.2875	0.8625	10	0	0
0.2875	0.8675	10	0	0
0.2875	0.8725	10	0	0
0.2875	0.8775	10	0	0
0.2875	0.8825	10	0	0
0.2875	0.8875	10	0	0
0.2875	0.8925	10	0	0
0.2875	0.8975	10	0	0
0.2875	0.9025	10	0	0
0.2875	0.9075	10	0	0
0.2875	0.9125	10	0	0
0.2875	0.9175	10	0	0
0.2875	0.9225	10	0	0
0.2875	0.9275	10	0	0
0.2875	0.9325	10	0	0
0.2875	0.9375	10	0	0
0.2875	0.9425	10	0	0
0.2875	0.9475	10	0	0
0.2875	0.9525	10	0	0
0.2875	0.9575	10	0	0
0.2875	0.9625	10	0	0
0.2875	0.9675	10	0	0
0.2875	0.9725	10	0	0
0.2875	0.9775	10	0	0
0.2875	0.9825	10	0	0
0.2875	0.9875	10	0	0
0.2875	0.9925	10	0	0
0.2875	0.9975	10	0	0
0.2875	1.0025	10	0	0
0.2925	0.0075	10	0	0
0.2925	0.0125	10	0	0
0.2925	0.0175	10	0	0
0.2925	0.0225	10	0	0
0.2925	0.0275	10	0	0
0.2925	0.0325	10	0	0
0.2925	0.0375	10	0	0
0.2925	0.0425	10	0	0
0.2925	0.0475	10	0	0
0.2925	0.0525	10	0	0
0.2925	0.0575	10	0	0
0.2925	0.0625	10	0	0
0.2925	0.0675	10	0	0
0.2925	0.0725	10	0	0
0.2925	0.0775	10	0	0
0.2925	0.0825	10	0	0
0.2925	0.0875	10	0	0
0.2925	0.0925	10	0	0
0.2925	0.0975	10	0	0
0.2925	0.1025	10	0	0
0.2925	0.1075	10	0	0
0.2925	0.1125	10	0	0
0.2925	0.1175	10	0	0
0.2925	0.1225	10	0	0
0.2925	0.1275	10	0	0
0.2925	0.1325	10	0	0
0.2925	0.1375	10	0	0
0.2925	0.1425	10	0	0
0.2925	0.1475	10	0	0
0.2925	0.1525	10	0	0
0.2925	0.1575	10	0	0
0.2925	0.1625	10	0	0
0.2925	0.1675	10	0	0
0.2925	0.1725	10	0	0
0.2925	0.1775	10	0	0
0.2925	0.1825	10	0	0
0.2925	0.1875	10	0	0
0.2925	0.1925	10	0	0
0.2925	0.1975	10	0	0
0.2925	0.2025	10	0	0
0.2925	0.2075	10	0	0
0.2925	0.2125	10	0	0
0.2925	0.2175	10	0	0
0.2925	0.2225	10	0	0
0.2925	0.2275	10	0	0
0.2925	0.2325	10	0	0
0.2925	0.2375	10	0	0
0.2925	0.2425	10	0	0
0.2925	0.2475	10	0	0
0.2925	0.2525	10	0	0
0.2925	0.2575	10	0	0
0.2925	0.2625	10	0	0
0.2925	0.2675	10	0	0
0.2925	0.2725	10	0	0
0.2925	0.2775	10	0	0
0.2925	0.2825	10	0	0
0.2925	0.2875	10	0	0
0.2925	0.2925	10	0	0
0.2925	0.2975	10	0	0
0.2925	0.3025	10	0	0
0.2925	0.3075	10	0	0
0.2925	0.3125	10	0	0
0.2925	0.3175	10	0	0
0.2925	0.3225	10	0	0
0.2925	0.3275	10	0	0
0.2925	0.3325	10	0	0
0.2925	0.3375	10	0	0
0.2925	0.3425	10	0	0
0.2925	0.3475	10	0	0
0.2925	0.3525	10	0	0
0.2925	0.3575	10	0	0
0.2925	0.3625	10	0	0
0.2925	0.3675	10	0	0
0.2925	0.3725	10	0	0
0.2925	0.3775	10	0	0
0.2925	0.3825	10	0	0
0.2925	0.3875	10	0	0
0.2925	0.3925	10	0	0
0.2925	0.3975	10	0	0
0.2925	0.4025	10	0	0
0.2925	0.4075	10	0	0
0.2925	0.4125	10	0	0
0.2925	0.4175	10	0	0
0.2925	0.4225	10	0	0
0.2925	0.4275	10	0	0
0.2925	0.4325	10	0	0
0.2925	0.4375	10	0	0
0.2925	0.4425	10	0	0
0.2925	0.4475	10	0	0
0.2925	0.4525	10	0	0
0.2925	0.4575	10	0	0
0.2925	0.4625	10	0	0
0.2925	0.4675	10	0	0
0.2925	0.4725	10	0	0
0.2925	0.4775	10	0	0
0.2925	0.4825	10	0	0
0.2925	0.4875	10	0	0
0.2925	0.4925	10	0	0
0.2925	0.4975	10	0	0
0.2925	0.5025	10	0	0
0.2925	0.5075	10	0	0
0.2925	0.5125	10	0	0
0.2925	0.5175	10	0	0
0.2925	0.5225	10	0	0
0.2925	0.5275	10	0	0
0.2925	0.5325	10	0	0
0.2925	0.5375	10	0	0
0.2925	0.5425	10	0	0
0.2925	0.5475	10	0	0
0.2925	0.5525	10	0	0
0.2925	0.5575	10	0	0
0.2925	0.5625	10	0	0
0.2925	0.5675	10	0	0
0.2925	0.5725	10	0	0
0.2925	0.5775	10	0	0
0.2925	0.5825	10	0	0
0.2925	0.5875	10	0	0
0.2925	0.5925	10	0	0
0.2925	0.5975	10	0	0
0.2925	0.6025	10	0	0
0.2925	0.6075	10	0	0
0.2925	0.6125	10	0	0
0.2925	0.6175	10	0	0
0.2925	0.6225	10	0	0
0.2925	0.6275	10	0	0
0.2925	0.6325	10	0	0
0.2925	0.6375	10	0	0
0.2925	0.6425	10	0	0
0.2925	0.6475	10	0	0
0.2925	0.6525	10	0	0
0.2925	0.6575	10	0	0
0.2925	0.6625	10	0	0
0.2925	0.6675	10	0	0
0.2925	0.6725	10	0	0
0.2925	0.6775	10	0	0
0.2925	0.6825	10	0	0
0.2925	0.6875	10	0	0
0.2925	0.6925	10	0	0
0.2925	0.6975	10	0	0
0.2925	0.7025	10	0	0
0.2925	0.7075	10	0	0
0.2925	0.7125	10	0	0
0.2925	0.7175	10	0	0
0.2925	0.7225	10	0	0
0.2925	0.7275	10	0	0
0.2925	0.7325	10	0	0
0.2925	0.7375	10	0	0
0.2925	0.7425	10	0	0
0.2925	0.7475	10	0	0
0.2925	0.7525	10	0	0
0.2925	0.7575	10	0	0
0.2925	0.7625	10	0	0
0.2925	0.7675	10	0	0
0.2925	0.7725	10	0	0
0.2925	0.7775	10	0	0
0.2925	0.7825	10	0	0
0.2925	0.7875	10	0	0
0.2925	0.7925	10	0	0
0.2925	0.7975	10	0	0
0.2925	0.8025	10	0	0
0.2925	0.8075	10	0	0
0.2925	0.8125	10	0	0
0.2925	0.8175	10	0	0
0.2925	0.8225	10	0	0
0.2925	0.8275	10	0	0
0.2925	0.8325	10	0	0
0.2925	0.8375	10	0	0
0.2925	0.8425	10	0	0
0.2925	0.8475	10	0	0
0.2925	0.8525	10	0	0
0.2925	0.8575	10	0	0
0.2925	0.8625	10	0	0
0.2925	0.8675	10	0	0
0.2925	0.8725	10	0	0
0.2925	0.8775	10	0	0
0.2925	0.8825	10	0	0
0.2925	0.8875	10	0	0
0.2925	0.8925	10	0	0
0.2925	0.8975	10	0	0
0.2925	0.9025	10	0	0
0.2925	0.9075	10	0	0
0.2925	0.9125	10	0	0
0.2925	0.9175	10	0	0
0.2925	0.9225	10	0	0
0.2925	0.9275	10	0	0
0.2925	0.9325	10	0	0
0.2925	0.9375	10	0	0
0.2925	0.9425	10	0	0
0.2925	0.9475	10	0	0
0.2925	0.9525	10	0	0
0.2925	0.9575	10	0	0
0.2925	0.9625	10	0	0
0.2925	0.9675	10	0	0
0.2925	0.9725	10	0	0
0.2925	0.9775	10	0	0
0.2925	0.9825	10	0	0
0.2925	0.9875	10	0	0
0.2925	0.9925	10	0	0
0.2925	0.9975	10	0	0
0.2925	1.0025	10	0	0
0.2975	0.0075	10	0	0
0.2975	0.0125	10	0	0
0.2975	0.0175	10	0	0
0.2975	0.0225	10	0	0
0.2975	0.0275	10	0	0
0.2975	0.0325	10	0	0
0.2975	0.0375	10	0	0
0.2975	0.0425	10	0	0
0.2975	0.0475	10	0	0
0.2975	0.0525	10	0	0
0.2975	0.0575	10	0	0
0.2975	0.0625	10	0	0
0.2975	0.0675	10	0	0
0.2975	0.0725	10	0	0
0.2975	0.0775	10	0	0
0.2975	0.0825	10	0	0
0.2975	0.0875	10	0	0
0.2975	0.0925	10	0	0
0.2975	0.0975	10	0	0
0.2975	0.1025	10	0	0
0.2975	0.1075	10	0	0
0.2975	0.1125	10	0	0
0.2975	0.1175	10	0	0
0.2975	0.1225	10	0	0
0.2975	0.1275	10	0	0
0.2975	0.1325	10	0	0
0.2975	0.1375	10	0	0
0.2975	0.1425	10	0	0
0.2975	0.1475	10	0	0
0.2975	0.1525	10	0	0
0.2975	0.1575	10	0	0
0.2975	0.1625	10	0	0
0.2975	0.1675	10	0	0
0.2975	0.1725	10	0	0
0.2975	0.1775	10	0	0
0.2975	0.1825	10	0	0
0.2975	0.1875	10	0	0
0.2975	0.1925	10	0	0
0.2975	0.1975	10	0	0
0.2975	0.2025	10	0	0
0.2975	0.2075	10	0	0
0.2975	0.2125	10	0	0
0.2975	0.2175	10	0	0
0.2975	0.2225	10	0	0
0.2975	0.2275	10	0	0
0.2975	0.2325	10	0	0
0.2975	0.2375	10	0	0
0.2975	0.2425	10	0	0
0.2975	0.2475	10	0	0
0.2975	0.2525	10	0	0
0.2975	0.2575	10	0	0
0.2975	0.2625	10	0	0
0.2975	0.2675	10	0	0
0.2975	0.2725	10	0	0
0.2975	0.2775	10	0	0
0.2975	0.2825	10	0	0
0.2975	0.2875	10	0	0
0.2975	0.2925	10	0	0
0.2975	0.2975	10	0	0
0.2975	0.3025	10	0	0
0.2975	0.3075	10	0	0
0.2975	0.3125	10	0	0
0.2975	0.3175	10	0	0
0.2975	0.3225	10	0	0
0.2975	0.3275	10	0	0
0.2975	0.3325	10	0	0
0.2975	0.3375	10	0	0
0.2975	0.3425	10	0	0
0.2975	0.3475	10	0	0
0.2975	0.3525	10	0	0
0.2975	0.3575	10	0	0
0.2975	0.3625	10	0	0
0.2975	0.3675	10	0	0
0.2975	0.3725	10	0	0
0.2975	0.3775	10	0	0
0.2975	0.3825	10	0	0
0.2975	0.3875	10	0	0
0.2975	0.3925	10	0	0
0.2975	0.3975	10	0	0
0.2975	0.4025	10	0	0
0.2975	0.4075	10	0	0
0.2975	0.4125	10	0	0
0.2975	0.4175	10	0	0
0.2975	0.4225	10	0	0
0.2975	0.4275	10	0	0
0.2975	0.4325	10	0	0
0.2975	0.4375	10	0	0
0.2975	0.4425	10	0	0
0.2975	0.4475	10	0	0
0.2975	0.4525	10	0	0
0.2975	0.4575	10	0	0
0.2975	0.4625	10	0	0
0.2975	0.4675	10	0	0
0.2975	0.4725	10	0	0
0.2975	0.4775	10	0	0
0.2975	0.4825	10	0	0
0.2975	0.4875	10	0	0
0.2975	0.4925	10	0	0
0.2975	0.4975	10	0	0
0.2975	0.5025	10	0	0
0.2975	0.5075	10	0	0
0.2975	0.5125	10	0	0
0.2975	0.5175	10	0	0
0.2975	0.5225	10	0	0
0.2975	0.5275	10	0	0
0.2975	0.5325	10	0	0
0.2975	0.5375	10	0	0
0.2975	0.5425	10	0	0
0.2975	0.5475	10	0	0
0.2975	0.5525	10	0	0
0.2975	0.5575	10	0	0
0.2975	0.5625	10	0	0
0.2975	0.5675	10	0	0
0.2975	0.5725	10	0	0
0.2975	0.5775	10	0	0
0.2975	0.5825	10	0	0
0.2975	0.5875	10	0	0
0.2975	0.5925	10	0	0
0.2975	0.5975	10	0	0
0.2975	0.6025	10	0	0
0.2975	0.6075	10	0	0
0.2975	0.6125	10	0	0
0.2975	0.6175	10	0	0
0.2975	0.6225	10	0	0
0.2975	0.6275	10	0	0
0.2975	0.6325	10	0	0
0.2975	0.6375	10	0	0
0.2975	0.6425	10	0	0
0.2975	0.6475	10	0	0
0.2975	0.6525	10	0	0
0.2975	0.6575	10	0	0
0.2975	0.6625	10	0	0
0.2975	0.6675	10	0	0
0.2975	0.6725	10	0	0
0.2975	0.6775	10	0	0
0.2975	0.6825	10	0	0
0.2975	0.6875	10	0	0
0.2975	0.6925	10	0	0
0.2975	0.6975	10	0	0
0.2975	0.7025	10	0	0
0.2975	0.7075	10	0	0
0.2975	0.7125	10	0	0
0.2975	0.7175	10	0	0
0.2975	0.7225	10	0	0
0.2975	0.7275	10	0	0
0.2975	0.7325	10	0	0
0.2975	0.7375	10	0	0
0.2975	0.7425	10	0	0
0.2975	0.7475	10	0	0
0.2975	0.7525	10	0	0
0.2975	0.7575	10	0	0
0.2975	0.7625	10	0	0
0.2975	0.7675	10	0	0
0.2975	0.7725	10	0	0
0.2975	0.7775	10	0	0
0.2975	0.7825	10	0	0
0.2975	0.7875	10	0	0
0.2975	0.7925	10	0	0
0.2975	0.7975	10	0	0
0.2975	0.8025	10	0	0
0.2975	0.8075	10	0	0
0.2975	0.8125	10	0	0
0.2975	0.8175	10	0	0
0.2975	0.8225	10	0	0
0.2975	0.8275	10	0	0
0.2975	0.8325	10	0	0
0.2975	0.8375	10	0	0
0.2975	0.8425	10	0	0
0.2975	0.8475	10	0	0
0.2975	0.8525	10	0	0
0.2975	0.8575	10	0	0
0.2975	0.8625	10	0	0
0.2975	0.8675	10	0	0
0.2975	0.8725	10	0	0
0.2975	0.8775	10	0	0
0.2975	0.8825	10	0	0
0.2975	0.8875	10	0	0
0.2975	0.8925	10	0	0
0.2975	0.8975	10	0	0
0.2975	0.9025	10	0	0
0.2975	0.9075	10	0	0
0.2975	0.9125	10	0	0
0.2975	0.9175	10	0	0
0.2975	0.9225	10	0	0
0.2975	0.9275	10	0	0
0.2975	0.9325	10	0	0
0.2975	0.9375	10	0	0
0.2975	0.9425	10	0	0
0.2975	0.9475	10	0	0
0.2975	0.9525	10	0	0
0.2975	0.9575	10	0	0
0.2975	0.9625	10	0	0
0.2975	0.9675	10	0	0
0.2975	0.9725	10	0	0
0.2975	0.9775	10	0	0
0.2975	0.9825	10	0	0
0.2975	0.9875	10	0	0
0.2975	0.9925	10	0	0
0.2975	0.9975	10	0	0
0.2975	1.0025	10	0	0
0.3025	0.0075	10	0	0
0.3025	0.0125	10	0	0
0.3025	0.0175	10	0	0
0.3025	0.0225	10	0	0
0.3025	0.0275	10	0	0
0.3025	0.0325	10	0	0
0.3025	0.0375	10	0	0
0.3025	0.0425	10	0	0
0.3025	0.0475	10	0	0
0.3025	0.0525	10	0	0
0.3025	0.0575	10	0	0
0.3025	0.0625	10	0	0
0.3025	0.0675	10	0	0
0.3025	0.0725	10	0	0
0.3025	0.0775	10	0	0
0.3025	0.0825	10	0	0
0.3025	0.0875	10	0	0
0.3025	0.0925	10	0	0
0.3025	0.0975	10	0	0
0.3025	0.1025	10	0	0
0.3025	0.1075	10	0	0
0.3025	0.1125	10	0	0
0.3025	0.1175	10	0	0
0.3025	0.1225	10	0	0
0.3025	0.1275	10	0	0
0.3025	0.1325	10	0	0
0.3025	0.1375	10	0	0
0.3025	0.1425	10	0	0
0.3025	0.1475	10	0	0
0.3025	0.1525	10	0	0
0.3025	0.1575	10	0	0
0.3025	0.1625	10	0	0
0.3025	0.1675	10	0	0
0.3025	0.1725	10	0	0
0.3025	0.1775	10	0	0
0.3025	0.1825	10	0	0
0.3025	0.1875	10	0	0
0.3025	0.1925	10	0	0
0.3025	0.1975	10	0	0
0.3025	0.2025	10	0	0
0.3025	0.2075	10	0	0
0.3025	0.2125	10	0	0
0.3025	0.2175	10	0	0
0.3025	0.2225	10	0	0
0.3025	0.2275	10	0	0
0.3025	0.2325	10	0	0
0.3025	0.2375	10	0	0
0.3025	0.2425	10	0	0
0.3025	0.2475	10	0	0
0.3025	0.2525	10	0	0
0.3025	0.2575	10	0	0
0.3025	0.2625	10	0	0
0.3025	0.2675	10	0	0
0.3025	0.2725	10	0	0
0.3025	0.2775	10	0	0
0.3025	0.2825	10	0	0
0.3025	0.2875	10	0	0
0.3025	0.2925	10	0	0
0.3025	0.2975	10	0	0
0.3025	0.3025	10	0	0
0.3025	0.3075	10	0	0
0.3025	0.3125	10	0	0
0.3025	0.3175	10	0	0
0.3025	0.3225	10	0	0
0.3025	0.3275	10	0	0
0.3025	0.3325	10	0	0
0.3025	0.3375	10	0	0
0.3025	0.3425	10	0	0
0.3025	0.3475	10	0	0
0.3025	0.3525	10	0	0
0.3025	0.3575	10	0	0
0.3025	0.3625	10	0	0
0.3025	0.3675	10	0	0
0.3025	0.3725	10	0	0
0.3025	0.3775	10	0	0
0.3025	0.3825	10	0	0
0.3025	0.3875	10	0	0
0.3025	0.3925	10	0	0
0.3025	0.3975	10	0	0
0.3025	0.4025	10	0	0
0.3025	0.4075	10	0	0
0.3025	0.4125	10	0	0
0.3025	0.4175	10	0	0
0.3025	0.4225	10	0	0
0.3025	0.4275	10	0	0
0.3025	0.4325	10	0	0
0.3025	0.4375	10	0	0
0.3025	0.4425	10	0	0
0.3025	0.4475	10	0	0
0.3025	0.4525	10	0	0
0.3025	0.4575	10	0	0
0.3025	0.4625	10	0	0
0.3025	0.4675	10	0	0
0.3025	0.4725	10	0	0
0.3025	0.4775	10	0	0
0.3025	0.4825	10	0	0
0.3025	0.4875	10	0	0
0.3025	0.4925	10	0	0
0.3025	0.4975	10	0	0
0.3025	0.5025	10	0	0
0.3025	0.5075	10	0	0
0.3025	0.5125	10	0	0
0.3025	0.5175	10	0	0
0.3025	0.5225	10	0	0
0.3025	0.5275	10	0	0
0.3025	0.5325	10	0	0
0.3025	0.5375	10	0	0
0.3025	0.5425	10	0	0
0.3025	0.5475	10	0	0
0.3025	0.5525	10	0	0
0.3025	0.5575	10	0	0
0.3025	0.5625	10	0	0
0.3025	0.5675	10	0	0
0.3025	0.5725	10	0	0
0.3025	0.5775	10	0	0
0.3025	0.5825	10	0	0
0.3025	0.5875	10	0	0
0.3025	0.5925	10	0	0
0.3025	0.5975	10	0	0
0.3025	0.6025	10	0	0
0.3025	0.6075	10	0	0
0.3025	0.6125	10	0	0
0.3025	0.6175	10	0	0
0.3025	0.6225	10	0	0
0.3025	0.6275	10	0	0
0.3025	0.6325	10	0	0
0.3025	0.6375	10	0	0
0.3025	0.6425	10	0	0
0.3025	0.6475	10	0	0
0.3025	0.6525	10	0	0
0.3025	0.6575	10	0	0
0.3025	0.6625	10	0	0
0.3025	0.6675	10	0	0
0.3025	0.6725	10	0	0
0.3025	0.6775	10	0	0
0.3025	0.6825	10	0	0
0.3025	0.6875	10	0	0
0.3025	0.6925	10	0	0
0.3025	0.6975	10	0	0
0.3025	0.7025	10	0	0
0.3025	0.7075	10	0	0
0.3025	0.7125	10	0	0
0.3025	0.7175	10	0	0
0.3025	0.7225	10	0	0
0.3025	0.7275	10	0	0
0.3025	0.7325	10	0	0
0.3025	0.7375	10	0	0
0.3025	0.7425	10	0	0
0.3025	0.7475	10	0	0
0.3025	0.7525	10	0	0
0.3025	0.7575	10	0	0
0.3025	0.7625	10	0	0
0.3025	0.7675	10	0	0
0.3025	0.7725	10	0	0
0.3025	0.7775	10	0	0
0.3025	0.7825	10	0	0
0.3025	0.7875	10	0	0
0.3025	0.7925	10	0	0
0.3025	0.7975	10	0	0
0.3025	0.8025	10	0	0
0.3025	0.8075	10	0	0
0.3025	0.8125	10	0	0
0.3025	0.8175	10	0	0
0.3025	0.8225	10	0	0
0.3025	0.8275	10	0	0
0.3025	0.8325	10	0	0
0.3025	0.8375	10	0	0
0.3025	0.8425	10	0	0
0.3025	0.8475	10	0	0
0.3025	0.8525	10	0	0
0.3025	0.8575	10	0	0
0.3025	0.8625	10	0	0
0.3025	0.8675	10	0	0
0.3025	0.8725	10	0	0
0.3025	0.8775	10	0	0
0.3025	0.8825	10	0	0
0.3025	0.8875	10	0	0
0.3025	0.8925	10	0	0
0.3025	0.8975	10	0	0
0.3025	0.9025	10	0	0
0.3025	0.9075	10	0	0
0.3025	0.9125	10	0	0
0.3025	0.9175	10	0	0
0.3025	0.9225	10	0	0
0.3025	0.9275	10	0	0
0.3025	0.9325	10	0	0
0.3025	0.9375	10	0	0
0.3025	0.9425	10	0	0
0.3025	0.9475	10	0	0
0.3025	0.9525	10	0	0
0.3025	0.9575	10	0	0
0.3025	0.9625	10	0	0
0.3025	0.9675	10	0	0
0.3025	0.9725	10	0	0
0.3025	0.9775	10	0	0
0.3025	0.9825	10	0	0
0.3025	0.9875	10	0	0
0.3025	0.9925	10	0	0
0.3025	0.9975	10	0	0
0.3025	1.0025	10	0	0
0.3075	0.0075	10	0	0
0.3075	0.0125	10	0	0
0.3075	0.0175	10	0	0
0.3075	0.0225	10	0	0
0.3075	0.0275	10	0	0
0.3075	0.0325	10	0	0
0.3075	0.0375	10	0	0
0.3075	0.0425	10	0	0
0.3075	0.0475	10	0	0
0.3075	0.0525	10	0	0
0.3075	0.0575	10	0	0
0.3075	0.0625	10	0	0
0.3075	0.0675	10	0	0
0.3075	0.0725	10	0	0
0.3075	0.0775	10	0	0
0.3075	0.0825	10	0	0
0.3075	0.0875	10	0	0
0.3075	0.0925	10	0	0
0.3075	0.0975	10	0	0
0.3075	0.1025	10	0	0
0.3075	0.1075	10	0	0
0.3075	0.1125	10	0	0
0.3075	0.1175	10	0	0
0.3075	0.1225	10	0	0
0.3075	0.1275	10	0	0
0.3075	0.1325	10	0	0
0.3075	0.1375	10	0	0
0.3075	0.1425	10	0	0
0.3075	0.1475	10	0	0
0.3075	0.1525	10	0	0
0.3075	0.1575	10	0	0
0.3075	0.1625	10	0	0
0.3075	0.1675	10	0	0
0.3075	0.1725	10	0	0
0.3075	0.1775	10	0	0
0.3075	0.1825	10	0	0
0.3075	0.1875	10	0	0
0.3075	0.1925	10	0	0
0.3075	0.1975	10	0	0
0.3075	0.2025	10	0	0
0.3075	0.2075	10	0	0
0.3075	0.2125	10	0	0
0.3075	0.2175	10	0	0
0.3075	0.2225	10	0	0
0.3075	0.2275	10	0	0
0.3075	0.2325	10	0	0
0.3075	0.2375	10	0	0
0.3075	0.2425	10	0	0
0.3075	0.2475	10	0	0
0.3075	0.2525	10	0	0
0.3075	0.2575	10	0	0
0.3075	0.2625	10	0	0
0.3075	0.2675	10	0	0
0.3075	0.2725	10	0	0
0.3075	0.2775	10	0	0
0.3075	0.2825	10	0	0
0.3075	0.2875	10	0	0
0.3075	0.2925	10	0	0
0.3075	0.2975	10	0	0
0.3075	0.3025	10	0	0
0.3075	0.3075	10	0	0
0.3075	0.3125	10	0	0
0.3075	0.3175	10	0	0
0.3075	0.3225	10	0	0
0.3075	0.3275	10	0	0
0.3075	0.3325	10	0	0
0.3075	0.3375	10	0	0
0.3075	0.3425	10	0	0
0.3075	0.3475	10	0	0
0.3075	0.3525	10	0	0
0.3075	0.3575	10	0	0
0.3075	0.3625	10	0	0
0.3075	0.3675	10	0	0
0.3075	0.3725	10	0	0
0.3075	0.3775	10	0	0
0.3075	0.3825	10	0	0
0.3075	0.3875	10	0	0
0.3075	0.3925	10	0	0
0.3075	0.3975	10	0	0
0.3075	0.4025	10	0	0
0.3075	0.4075	10	0	0
0.3075	0.4125	10	0	0
0.3075	0.4175	10	0	0
0.3075	0.4225	10	0	0
0.3075	0.4275	10	0	0
0.3075	0.4325	10	0	0
0.3075	0.4375	10	0	0
0.3075	0.4425	10	0	0
0.3075	0.4475	10	0	0
0.3075	0.4525	10	0	0
0.3075	0.4575	10	0	0
0.3075	0.4625	10	0	0
0.3075	0.4675	10	0	0
0.3075	0.4725	10	0	0
0.3075	0.4775	10	0	0
0.3075	0.4825	10	0	0
0.3075	0.4875	10	0	0
0.3075	0.4925	10	0	0
0.3075	0.4975	10	0	0
0.3075	0.5025	10	0	0
0.3075	0.5075	10	0	0
0.3075	0.5125	10	0	0
0.3075	0.5175	10	0	0
0.3075	0.5225	10	0	0
0.3075	0.5275	10	0	0
0.3075	0.5325	10	0	0
0.3075	0.5375	10	0	0
0.3075	0.5425	10	0	0
0.3075	0.5475	10	0	0
0.3075	0.5525	10	0	0
0.3075	0.5575	10	0	0
0.3075	0.5625	10	0	0
0.3075	0.5675	10	0	0
0.3075	0.5725	10	0	0
0.3075	0.5775	10	0	0
0.3075	0.5825	10	0	0
0.3075	0.5875	10	0	0
0.3075	0.5925	10	0	0
0.3075	0.5975	10	0	0
0.3075	0.6025	10	0	0
0.3075	0.6075	10	0	0
0.3075	0.6125	10	0	0
0.3075	0.6175	10	0	0
0.3075	0.6225	10	0	0
0.3075	0.6275	10	0	0
0.3075	0.6325	10	0	0
0.3075	0.6375	10	0	0
0.3075	0.6425	10	0	0
0.3075	0.6475	10	0	0
0.3075	0.6525	10	0	0
0.3075	0.6575	10	0	0
0.3075	0.6625	10	0	0
0.3075	0.6675	10	0	0
0.3075	0.6725	10	0	0
0.3075	0.6775	10	0	0
0.3075	0.6825	10	0	0
0.3075	0.6875	10	0	0
0.3075	0.6925	10	0	0
0.3075	0.6975	10	0	0
0.3075	0.7025	10	0	0
0.3075	0.7075	10	0	0
0.3075	0.7125	10	0	0
0.3075	0.7175	10	0	0
0.3075	0.7225	10	0	0
0.3075	0.7275	10	0	0
0.3075	0.7325	10	0	0
0.3075	0.7375	10	0	0
0.3075	0.7425	10	0	0
0.3075	0.7475	10	0	0
0.3075	0.7525	10	0	0
0.3075	0.7575	10	0	0
0.3075	0.7625	10	0	0
0.3075	0.7675	10	0	0
0.3075	0.7725	10	0	0
0.3075	0.7775	10	0	0
0.3075	0.7825	10	0	0
0.3075	0.7875	10	0	0
0.3075	0.7925	10	0	0
0.3075	0.7975	10	0	0
0.3075	0.8025	10	0	0
0.3075	0.8075	10	0	0
0.3075	0.8125	10	0	0
0.3075	0.8175	10	0	0
0.3075	0.8225	10	0	0
0.3075	0.8275	10	0	0
0.3075	0.8325	10	0	0
0.3075	0.8375	10	0	0
0.3075	0.8425	10	0	0
0.3075	0.8475	10	0	0
0.3075	0.8525	10	0	0
0.3075	0.8575	10	0	0
0.3075	0.8625	10	0	0
0.3075	0.8675	10	0	0
0.3075	0.8725	10	0	0
0.3075	0.8775	10	0	0
0.3075	0.8825	10	0	0
0.3075	0.8875	10	0	0
0.3075	0.8925	10	0	0
0.3075	0.8975	10	0	0
0.3075	0.9025	10	0	0
0.3075	0.9075	10	0	0
0.3075	0.9125	10	0	0
0.3075	0.9175	10	0	0
0.3075	0.9225	10	0	0
0.3075	0.9275	10	0	0
0.3075	0.9325	10	0	0
0.3075	0.9375	10	0	0
0.3075	0.9425	10	0	0
0.3075	0.9475	10	0	0
0.3075	0.9525	10	0	0
0.3075	0.9575	10	0	0
0.3075	0.9625	10	0	0
0.3075	0.9675	10	0	0
0.3075	0.9725	10	0	0
0.3075	0.9775	10	0	0
0.3075	0.9825	10	0	0
0.3075	0.9875	10	0	0
0.3075	0.9925	10	0	0
0.3075	0.9975	10	0	0
0.3075	1.0025	10	0	0
0.3125	0.0075	10	0	0
0.3125	0.0125	10	0	0
0.3125	0.0175	10	0	0
0.3125	0.0225	10	0	0
0.3125	0.0275	10	0	0
0.3125	0.0325	10	0	0
0.3125	0.0375	10	0	0
0.3125	0.0425	10	0	0
0.3125	0.0475	10	0	0
0.3125	0.0525	10	0	0
0.3125	0.0575	10	0	0
0.3125	0.0625	10	0	0
0.3125	0.0675	10	0	0
0.3125	0.0725	10	0	0
0.3125	0.0775	10	0	0
0.3125	0.0825	10	0	0
0.3125	0.0875	10	0	0
0.3125	0.0925	10	0	0
0.3125	0.0975	10	0	0
0.3125	0.1025	10	0	0
0.3125	0.1075	10	0	0
0.3125	0.1125	10	0	0
0.3125	0.1175	10	0	0
0.3125	0.1225	10	0	0
0.3125	0.1275	10	0	0
0.3125	0.1325	10	0	0
0.3125	0.1375	10	0	0
0.3125	0.1425	10	0	0
0.3125	0.1475	10	0	0
0.3125	0.1525	10	0	0
0.3125	0.1575	10	0	0
0.3125	0.1625	10	0	0
0.3125	0.1675	10	0	0
0.3125	0.1725	10	0	0
0.3125	0.1775	10	0	0
0.3125	0.1825	10	0	0
0.3125	0.1875	10	0	0
0.3125	0.1925	10	0	0
0.3125	0.1975	10	0	0
0.3125	0.2025	10	0	0
0.3125	0.2075	10	0	0
0.3125	0.2125	10	0	0
0.3125	0.2175	10	0	0
0.3125	0.2225	10	0	0
0.3125	0.2275	10	0	0
0.3125	0.2325	10	0	0
0.3125	0.2375	10	0	0
0.3125	0.2425	10	0	0
0.3125	0.2475	10	0	0
0.3125	0.2525	10	0	0
0.3125	0.2575	10	0	0
0.3125	0.2625	10	0	0
0.3125	0.2675	10	0	0
0.3125	0.2725	10	0	0
0.3125	0.2775	10	0	0
0.3125	0.2825	10	0	0
0.3125	0.2875	10	0	0
0.3125	0.2925	10	0	0
0.3125	0.2975	10	0	0
0.3125	0.3025	10	0	0
0.3125	0.3075	10	0	0
0.3125	0.3125	10	0	0
0.3125	0.3175	10	0	0
0.3125	0.3225	10	0	0
0.3125	0.3275	10	0	0
0.3125	0.3325	10	0	0
0.3125	0.3375	10	0	0
0.3125	0.3425	10	0	0
0.3125	0.3475	10	0	0
0.3125	0.3525	10	0	0
0.3125	0.3575	10	0	0
0.3125	0.3625	10	0	0
0.3125	0.3675	10	0	0
0.3125	0.3725	10	0	0
0.3125	0.3775	10	0	0
0.3125	0.3825	10	0	0
0.3125	0.3875	10	0	0
0.3125	0.3925	10	0	0
0.3125	0.3975	10	0	0
0.3125	0.4025	10	0	0
0.3125	0.4075	10	0	0
0.3125	0.4125	10	0	0
0.3125	0.4175	10	0	0
0.3125	0.4225	10	0	0
0.3125	0.4275	10	0	0
0.3125	0.4325	10	0	0
0.3125	0.4375	10	0	0
0.3125	0.4425	10	0	0
0.3125	0.4475	10	0	0
0.3125	0.4525	10	0	0
0.3125	0.4575	10	0	0
0.3125	0.4625	10	0	0
0.3125	0.4675	10	0	0
0.3125	0.4725	10	0	0
0.3125	0.4775	10	0	0
0.3125	0.4825	10	0	0
0.3125	0.4875	10	0	0
0.3125	0.4925	10	0	0
0.3125	0.4975	10	0	0
0.3125	0.5025	10	0	0
0.3125	0.5075	10	0	0
0.3125	0.5125	10	0	0
0.3125	0.5175	10	0	0
0.3125	0.5225	10	0	0
0.3125	0.5275	10	0	0
0.3125	0.5325	10	0	0
0.3125	0.5375	10	0	0
0.3125	0.5425	10	0	0
0.3125	0.5475	10	0	0
0.3125	0.5525	10	0	0
0.3125	0.5575	10	0	0
0.3125	0.5625	10	0	0
0.3125	0.5675	10	0	0
0.3125	0.5725	10	0	0
0.3125	0.5775	10	0	0
0.3125	0.5825	10	0	0
0.3125	0.5875	10	0	0
0.3125	0.5925	10	0	0
0.3125	0.5975	10	0	0
0.3125	0.6025	10	0	0
0.3125	0.6075	10	0	0
0.3125	0.6125	10	0	0
0.3125	0.6175	10	0	0
0.3125	0.6225	10	0	0
0.3125	0.6275	10	0	0
0.3125	0.6325	10	0	0
0.3125	0.6375	10	0	0
0.3125	0.6425	10	0	0
0.3125	0.6475	10	0	0
0.3125	0.6525	10	0	0
0.3125	0.6575	10	0	0
0.3125	0.6625	10	0	0
0.3125	0.6675	10	0	0
0.3125	0.6725	10	0	0
0.3125	0.6775	10	0	0
0.3125	0.6825	10	0	0
0.3125	0.6875	10	0	0
0.3125	0.6925	10	0	0
0.3125	0.6975	10	0	0
0.3125	0.7025	10	0	0
0.3125	0.7075	10	0	0
0.3125	0.7125	10	0	0
0.3125	0.7175	10	0	0
0.3125	0.7225	10	0	0
0.3125	0.7275	10	0	0
0.3125	0.7325	10	0	0
0.3125	0.7375	10	0	0
0.3125	0.7425	10	0	0
0.3125	0.7475	10	0	0
0.3125	0.7525	10	0	0
0.3125	0.7575	10	0	0
0.3125	0.7625	10	0	0
0.3125	0.7675	10	0	0
0.3125	0.7725	10	0	0
0.3125	0.7775	10	0	0
0.3125	0.7825	10	0	0
0.3125	0.7875	10	0	0
0.3125	0.7925	10	0	0
0.3125	0.7975	10	0	0
0.3125	0.8025	10	0	0
0.3125	0.8075	10	0	0
0.3125	0.8125	10	0	0
0.3125	0.8175	10	0	0
0.3125	0.8225	10	0	0
0.3125	0.8275	10	0	0
0.3125	0.8325	10	0	0
0.3125	0.8375	10	0	0
0.3125	0.8425	10	0	0
0.3125	0.8475	10	0	0
0.3125	0.8525	10	0	0
0.3125	0.8575	10	0	0
0.3125	0.8625	10	0	0
0.3125	0.8675	10	0	0
0.3125	0.8725	10	0	0
0.3125	0.8775	10	0	0
0.3125	0.8825	10	0	0
0.3125	0.8875	10	0	0
0.3125	0.8925	10	0	0
0.3125	0.8975	10	0	0
0.3125	0.9025	10	0	0
0.3125	0.9075	10	0	0
0.3125	0.9125	10	0	0
0.3125	0.9175	10	0	0
0.3125	0.9225	10	0	0
0.3125	0.9275	10	0	0
0.3125	0.9325	10	0	0
0.3125	0.9375	10	0	0
0.3125	0.9425	10	0	0
0.3125	0.9475	10	0	0
0.3125	0.9525	10	0	0
0.3125	0.9575	10	0	0
0.3125	0.9625	10	0	0
0.3125	0.9675	10	0	0
0.3125	0.9725	10	0	0
0.3125	0.9775	10	0	0
0.3125	0.9825	10	0	0
0.3125	0.9875	10	0	0
0.3125	0.9925	10	0	0
0.3125	0.9975	10	0	0
0.3125	1.0025	10	0	0
0.3175	0.0075	10	0	0
0.3175	0.0125	10	0	0
0.3175	0.0175	10	0	0
0.3175	0.0225	10	0	0
0.3175	0.0275	10	0	0
0.3175	0.0325	10	0	0
0.3175	0.0375	10	0	0
0.3175	0.0425	10	0	0
0.3175	0.0475	10	0	0
0.3175	0.0525	10	0	0
0.3175	0.0575	10	0	0
0.3175	0.0625	10	0	0
0.3175	0.0675	10	0	0
0.3175	0.0725	10	0	0
0.3175	0.0775	10	0	0
0.3175	0.0825	10	0	0
0.3175	0.0875	10	0	0
0.3175	0.0925	10	0	0
0.3175	0.0975	10	0	0
0.3175	0.1025	10	0	0
0.3175	0.1075	10	0	0
0.3175	0.1125	10	0	0
0.3175	0.1175	10	0	0
0.3175	0.1225	10	0	0
0.3175	0.1275	10	0	0
0.3175	0.1325	10	0	0
0.3175	0.1375	10	0	0
0.3175	0.1425	10	0	0
0.3175	0.1475	10	0	0
0.3175	0.1525	10	0	0
0.3175	0.1575	10	0	0
0.3175	0.1625	10	0	0
0.3175	0.1675	10	0	0
0.3175	0.1725	10	0	0
0.3175	0.1775	10	0	0
0.3175	0.1825	10	0	0
0.3175	0.1875	10	0	0
0.3175	0.1925	10	0	0
0.3175	0.1975	10	0	0
0.3175	0.2025	10	0	0
0.3175	0.2075	10	0	0
0.3175	0.2125	10	0	0
0.3175	0.2175	10	0	0
0.3175	0.2225	10	0	0
0.3175	0.2275	10	0	0
0.3175	0.2325	10	0	0
0.3175	0.2375	10	0	0
0.3175	0.2425	10	0	0
0.3175	0.2475	10	0	0
0.3175	0.2525	10	0	0
0.3175	0.2575	10	0	0
0.3175	0.2625	10	0	0
0.3175	0.2675	10	0	0
0.3175	0.2725	10	0	0
0.3175	0.2775	10	0	0
0.3175	0.2825	10	0	0
0.3175	0.2875	10	0	0
0.3175	0.2925	10	0	0
0.3175	0.2975	10	0	0
0.3175	0.3025	10	0	0
0.3175	0.3075	10	0	0
0.3175	0.3125	10	0	0
0.3175	0.3175	10	0	0
0.3175	0.3225	10	0	0
0.3175	0.3275	10	0	0
0.3175	0.3325	10	0	0
0.3175	0.3375	10	0	0
0.3175	0.3425	10	0	0
0.3175	0.3475	10	0	0
0.3175	0.3525	10	0	0
0.3175	0.3575	10	0	0
0.3175	0.3625	10	0	0
0.3175	0.3675	10	0	0
0.3175	0.3725	10	0	0
0.3175	0.3775	10	0	0
0.3175	0.3825	10	0	0
0.3175	0.3875	10	0	0
0.3175	0.3925	10	0	0
0.3175	0.3975	10	0	0
0.3175	0.4025	10	0	3.97296e-40
0.3175	0.4075	10	0	2.77597e-40
0.3175	0.4125	10	0	0
0.3175	0.4175	10	0	0
0.3175	0.4225	10	0	0
0.3175	0.4275	10	0	0
0.3175	0.4325	10	0	0
0.3175	0.4375	10	0	0
0.3175	0.4425	10	0	0
0.3175	0.4475	10	0	0
0.3175	0.4525	10	0	0
0.3175	0.4575	10	0	0
0.3175	0.4625	10	0	0
0.3175	0.4675	10	0	0
0.3175	0.4725	10	0	0
0.3175	0.4775	10	0	0
0.3175	0.4825	10	0	0
0.3175	0.4875	10	0	0
0.3175	0.4925	10	0	0
0.3175	0.4975	10	0	0
0.3175	0.5025	10	0	0
0.3175	0.5075	10	0	0
0.3175	0.5125	10	0	0
0.3175	0.5175	10	0	0
0.3175	0.5225	10	0	0
0.3175	0.5275	10	0	0
0.3175	0.5325	10	0	0
0.3175	0.5375	10	0	0
0.3175	0.5425	10	0	0
0.3175	0.5475	10	0	0
0.3175	0.5525	10	0	0
0.3175	0.5575	10	0	0
0.3175	0.5625	10	0	0
0.3175	0.5675	10	0	0
0.3175	0.5725	10	0	0
0.3175	0.5775	10	0	0
0.3175	0.5825	10	0	0
0.3175	0.5875	10	0	0
0.3175	0.5925	10	0	0
0.3175	0.5975	10	0	-2.77597e-40
0.3175	0.6025	10	0	-3.97296e-40
0.3175	0.6075	10	0	0
0.3175	0.6125	10	0	0
0.3175	0.6175	10	0	0
0.3175	0.6225	10	0	0
0.3175	0.6275	10	0	0
0.3175	0.6325	10	0	0
0.3175	0.6375	10	0	0
0.3175	0.6425	10	0	0
0.3175	0.6475	10	0	0
0.3175	0.6525	10	0	0
0.3175	0.6575	10	0	0
0.3175	0.6625	10	0	0
0.3175	0.6675	10	0	0
0.3175	0.6725	10	0	0
0.3175	0.6775	10	0	0
0.3175	0.6825	10	0	0
0.3175	0.6875	10	0	0
0.3175	0.6925	10	0	0
0.3175	0.6975	10	0	0
0.3175	0.7025	10	0	0
0.3175	0.7075	10	0	0
0.3175	0.7125	10	0	0
0.3175	0.7175	10	0	0
0.3175	0.7225	10	0	0
0.3175	0.7275	10	0	0
0.3175	0.7325	10	0	0
0.3175	0.7375	10	0	0
0.3175	0.7425	10	0	0
0.3175	0.7475	10	0	0
0.3175	0.7525	10	0	0
0.3175	0.7575	10	0	0
0.3175	0.7625	10	0	0
0.3175	0.7675	10	0	0
0.3175	0.7725	10	0	0
0.3175	0.7775	10	0	0
0.3175	0.7825	10	0	0
0.3175	0.7875	10	0	0
0.3175	0.7925	10	0	0
0.3175	0.7975	10	0	0
0.3175	0.8025	10	0	0
0.3175	0.8075	10	0	0
0.3175	0.8125	10	0	0
0.3175	0.8175	10	0	0
0.3175	0.8225	10	0	0
0.3175	0.8275	10	0	0
0.3175	0.8325	10	0	0
0.3175	0.8375	10	0	0
0.3175	0.8425	10	0	0
0.3175	0.8475	10	0	0
0.3175	0.8525	10	0	0
0.3175	0.8575	10	0	0
0.3175	0.8625	10	0	0
0.3175	0.8675	10	0	0
0.3175	0.8725	10	0	0
0.3175	0.8775	10	0	0
0.3175	0.8825	10	0	0
0.3175	0.8875	10	0	0
0.3175	0.8925	10	0	0
0.3175	0.8975	10	0	0
0.3175	0.9025	10	0	0
0.3175	0.9075	10	0	0
0.3175	0.9125	10	0	0
0.3175	0.9175	10	0	0
0.3175	0.9225	10	0	0
0.3175	0.9275	10	0	0
0.3175	0.9325	10	0	0
0.3175	0.9375	10	0	0
0.3175	0.9425	10	0	0
0.3175	0.9475	10	0	0
0.3175	0.9525	10	0	0
0.3175	0.9575	10	0	0
0.3175	0.9625	10	0	0
0.3175	0.9675	10	0	0
0.3175	0.9725	10	0	0
0.3175	0.9775	10	0	0
0.3175	0.9825	10	0	0
0.3175	0.9875	10	0	0
0.3175	0.9925	10	0	0
0.3175	0.9975	10	0	0
0.3175	1.0025	10	0	0
0.3225	0.0075	10	0	0
0.3225	0.0125	10	0	0
0.3225	0.0175	10	0	0
0.3225	0.0225	10	0	0
0.3225	0.0275	10	0	0
0.3225	0.0325	10	0	0
0.3225	0.0375	10	0	0
0.3225	0.0425	10	0	0
0.3225	0.0475	10	0	0
0.3225	0.0525	10	0	0
0.3225	0.0575	10	0	0
0.3225	0.0625	10	0	0
0.3225	0.0675	10	0	0
0.3225	0.0725	10	0	0
0.3225	0.0775	10	0	0
0.3225	0.0825	10	0	0
0.3225	0.0875	10	0	0
0.3225	0.0925	10	0	0
0.3225	0.0975	10	0	0
0.3225	0.1025	10	0	0
0.3225	0.1075	10	0	0
0.3225	0.1125	10	0	0
0.3225	0.1175	10	0	0
0.3225	0.1225	10	0	0
0.3225	0.1275	10	0	0
0.3225	0.1325	10	0	0
0.3225	0.1375	10	0	0
0.3225	0.1425	10	0	0
0.3225	0.1475	10	0	0
0.3225	0.1525	10	0	0
0.3225	0.1575	10	0	0
0.3225	0.1625	10	0	0
0.3225	0.1675	10	0	0
0.3225	0.1725	10	0	0
0.3225	0.1775	10	0	0
0.3225	0.1825	10	0	0
0.3225	0.1875	10	0	0
0.3225	0.1925	10	0	0
0.3225	0.1975	10	0	0
0.3225	0.2025	10	0	0
0.3225	0.2075	10	0	0
0.3225	0.2125	10	0	0
0.3225	0.2175	10	0	0
0.3225	0.2225	10	0	0
0.3225	0.2275	10	0	0
0.3225	0.2325	10	0	0
0.3225	0.2375	10	0	0
0.3225	0.2425	10	0	0
0.3225	0.2475	10	0	0
0.3225	0.2525	10	0	0
0.3225	0.2575	10	0	0
0.3225	0.2625	10	0	0
0.3225	0.2675	10	0	0
0.3225	0.2725	10	0	0
0.3225	0.2775	10	0	0
0.3225	0.2825	10	0	0
0.3225	0.2875	10	0	0
0.3225	0.2925	10	0	0
0.3225	0.2975	10	0	0
0.3225	0.3025	10	0	0
0.3225	0.3075	10	0	0
0.3225	0.3125	10	0	0
0.3225	0.3175	10	0	0
0.3225	0.3225	10	0	0
0.3225	0.3275	10	0	0
0.3225	0.3325	10	0	0
0.3225	0.3375	10	0	0
0.3225	0.3425	10	0	0
0.3225	0.3475	10	0	0
0.3225	0.3525	10	0	0
0.3225	0.3575	10	0	0
0.3225	0.3625	10	0	0
0.3225	0.3675	10	0	0
0.3225	0.3725	10	0	0
0.3225	0.3775	10	0	0
0.3225	0.3825	10	0	0
0.3225	0.3875	10	0	0
0.3225	0.3925	10	0	5.15846e-40
0.3225	0.3975	10	0	4.54727e-39
0.3225	0.4025	10	0	1.56416e-38
0.3225	0.4075	10	0	1.05944e-38
0.3225	0.4125	10	0	1.38132e-39
0.3225	0.4175	10	0	0
0.3225	0.4225	10	0	0
0.3225	0.4275	10	0	0
0.3225	0.4325	10	0	0
0.3225	0.4375	10	0	0
0.3225	0.4425	10	0	0
0.3225	0.4475	10	0	0
0.3225	0.4525	10	0	0
0.3225	0.4575	10	0	0
0.3225	0.4625	10	0	0
0.3225	0.4675	10	0	0
0.3225	0.4725	10	0	0
0.3225	0.4775	10	0	0
0.3225	0.4825	10	0	0
0.3225	0.4875	10	0	0
0.3225	0.4925	10	0	0
0.3225	0.4975	10	0	0
0.3225	0.5025	10	0	0
0.3225	0.5075	10	0	0
0.3225	0.5125	10	0	0
0.3225	0.5175	10	0	0
0.3225	0.5225	10	0	0
0.3225	0.5275	10	0	0
0.3225	0.5325	10	0	0
0.3225	0.5375	10	0	0
0.3225	0.5425	10	0	0
0.3225	0.5475	10	0	0
0.3225	0.5525	10	0	0
0.3225	0.5575	10	0	0
0.3225	0.5625	10	0	0
0.3225	0.5675	10	0	0
0.3225	0.5725	10	0	0
0.3225	0.5775	10	0	0
0.3225	0.5825	10	0	0
0.3225	0.5875	10	0	0
0.3225	0.5925	10	0	-1.38132e-39
0.3225	0.5975	10	0	-1.05944e-38
0.3225	0.6025	10	0	-1.56416e-38
0.3225	0.6075	10	0	-4.54727e-39
0.3225	0.6125	10	0	-5.15846e-40
0.3225	0.6175	10	0	0
0.3225	0.6225	10	0	0
0.3225	0.6275	10	0	0
0.3225	0.6325	10	0	0
0.3225	0.6375	10	0	0
0.3225	0.6425	10	0	0
0.3225	0.6475	10	0	0
0.3225	0.6525	10	0	0
0.3225	0.6575	10	0	0
0.3225	0.6625	10	0	0
0.3225	0.6675	10	0	0
0.3225	0.6725	10	0	0
0.3225	0.6775	10	0	0
0.3225	0.6825	10	0	0
0.3225	0.6875	10	0	0
0.3225	0.6925	10	0	0
0.3225	0.6975	10	0	0
0.3225	0.7025	10	0	0
0.3225	0.7075	10	0	0
0.3225	0.7125	10	0	0
0.3225	0.7175	10	0	0
0.3225	0.7225	10	0	0
0.3225	0.7275	10	0	0
0.3225	0.7325	10	0	0
0.3225	0.7375	10	0	0
0.3225	0.7425	10	0	0
0.3225	0.7475	10	0	0
0.3225	0.7525	10	0	0
0.3225	0.7575	10	0	0
0.3225	0.7625	10	0	0
0.3225	0.7675	10	0	0
0.3225	0.7725	10	0	0
0.3225	0.7775	10	0	0
0.3225	0.7825	10	0	0
0.3225	0.7875	10	0	0
0.3225	0.7925	10	0	0
0.3225	0.7975	10	0	0
0.3225	0.8025	10	0	0
0.3225	0.8075	10	0	0
0.3225	0.8125	10	0	0
0.3225	0.8175	10	0	0
0.3225	0.8225	10	0	0
0.3225	0.8275	10	0	0
0.3225	0.8325	10	0	0
0.3225	0.8375	10	0	0
0.3225	0.8425	10	0	0
0.3225	0.8475	10	0	0
0.3225	0.8525	10	0	0
0.3225	0.8575	10	0	0
0.3225	0.8625	10	0	0
0.3225	0.8675	10	0	0
0.3225	0.8725	10	0	0
0.3225	0.8775	10	0	0
0.3225	0.8825	10	0	0
0.3225	0.8875	10	0	0
0.3225	0.8925	10	0	0
0.3225	0.8975	10	0	0
0.3225	0.9025	10	0	0
0.3225	0.9075	10	0	0
0.3225	0.9125	10	0	0
0.3225	0.9175	10	0	0
0.3225	0.9225	10	0	0
0.3225	0.9275	10	0	0
0.3225	0.9325	10	0	0
0.3225	0.9375	10	0	0
0.3225	0.9425	10	0	0
0.3225	0.9475	10	0	0
0.3225	0.9525	10	0	0
0.3225	0.9575	10	0	0
0.3225	0.9625	10	0	0
0.3225	0.9675	10	0	0
0.3225	0.9725	10	0	0
0.3225	0.9775	10	0	0
0.3225	0.9825	10	0	0
0.3225	0.9875	10	0	0
0.3225	0.9925	10	0	0
0.3225	0.9975	10	0	0
0.3225	1.0025	10	0	0
0.3275	0.0075	10	0	0
0.3275	0.0125	10	0	0
0.3275	0.0175	10	0	0
0.3275	0.0225	10	0	0
0.3275	0.0275	10	0	0
0.3275	0.0325	10	0	0
0.3275	0.0375	10	0	0
0.3275	0.0425	10	0	0
0.3275	0.0475	10	0	0
0.3275	0.0525	10	0	0
0.3275	0.0575	10	0	0
0.3275	0.0625	10	0	0
0.3275	0.0675	10	0	0
0.3275	0.0725	10	0	0
0.3275	0.0775	10	0	0
0.3275	0.0825	10	0	0
0.3275	0.0875	10	0	0
0.3275	0.0925	10	0	0
0.3275	0.0975	10	0	0
0.3275	0.1025	10	0	0
0.3275	0.1075	10	0	0
0.3275	0.1125	10	0	0
0.3275	0.1175	10	0	0
0.3275	0.1225	10	0	0
0.3275	0.1275	10	0	0
0.3275	0.1325	10	0	0
0.3275	0.1375	10	0	0
0.3275	0.1425	10	0	0
0.3275	0.1475	10	0	0
0.3275	0.1525	10	0	0
0.3275	0.1575	10	0	0
0.3275	0.1625	10	0	0
0.3275	0.1675	10	0	0
0.3275	0.1725	10	0	0
0.3275	0.1775	10	0	0
0.3275	0.1825	10	0	0
0.3275	0.1875	10	0	0
0.3275	0.1925	10	0	0
0.3275	0.1975	10	0	0
0.3275	0.2025	10	0	0
0.3275	0.2075	10	0	0
0.3275	0.2125	10	0	0
0.3275	0.2175	10	0	0
0.3275	0.2225	10	0	0
0.3275	0.2275	10	0	0
0.3275	0.2325	10	0	0
0.3275	0.2375	10	0	0
0.3275	0.2425	10	0	0
0.3275	0.2475	10	0	0
0.3275	0.2525	10	0	0
0.3275	0.2575	10	0	0
0.3275	0.2625	10	0	0
0.3275	0.2675	10	0	0
0.3275	0.2725	10	0	0
0.3275	0.2775	10	0	0
0.3275	0.2825	10	0	0
0.3275	0.2875	10	0	0
0.3275	0.2925	10	0	0
0.3275	0.2975	10	0	0
0.3275	0.3025	10	0	0
0.3275	0.3075	10	0	0
0.3275	0.3125	10	0	0
0.3275	0.3175	10	0	0
0.3275	0.3225	10	0	0
0.3275	0.3275	10	0	0
0.3275	0.3325	10	0	0
0.3275	0.3375	10	0	0
0.3275	0.3425	10	0	0
0.3275	0.3475	10	0	0
0.3275	0.3525	10	0	0
0.3275	0.3575	10	0	0
0.3275	0.3625	10	0	0
0.3275	0.3675	10	0	0
0.3275	0.3725	10	0	0
0.3275	0.3775	10	0	0
0.3275	0.3825	10	0	0
0.3275	0.3875	10	0	1.78649e-39
0.3275	0.3925	10	0	1.99651e-38
0.3275	0.3975	10	0	1.53673e-37
0.3275	0.4025	10	0	5.0685e-37
0.3275	0.4075	10	0	3.45878e-37
0.3275	0.4125	10	0	5.2351e-38
0.3275	0.4175	10	0	3.36581e-39
0.3275	0.4225	10	0	-3.64954e-40
0.3275	0.4275	10	0	0
0.3275	0.4325	10	0	0
0.3275	0.4375	10	0	0
0.3275	0.4425	10	0	0
0.3275	0.4475	10	0	0
0.3275	0.4525	10	0	0
0.3275	0.4575	10	0	0
0.3275	0.4625	10	0	0
0.3275	0.4675	10	0	0
0.3275	0.4725	10	0	0
0.3275	0.4775	10	0	0
0.3275	0.4825	10	0	0
0.3275	0.4875	10	0	0
0.3275	0.4925	10	0	0
0.3275	0.4975	10	0	0
0.3275	0.5025	10	0	0
0.3275	0.5075	10	0	0
0.3275	0.5125	10	0	0
0.3275	0.5175	10	0	0
0.3275	0.5225	10	0	0
0.3275	0.5275	10	0	0
0.3275	0.5325	10	0	0
0.3275	0.5375	10	0	0
0.3275	0.5425	10	0	0
0.3275	0.5475	10	0	0
0.3275	0.5525	10	0	0
0.3275	0.5575	10	0	0
0.3275	0.5625	10	0	0
0.3275	0.5675	10	0	0
0.3275	0.5725	10	0	0
0.3275	0.5775	10	0	0
0.3275	0.5825	10	0	3.64954e-40
0.3275	0.5875	10	0	-3.36581e-39
0.3275	0.5925	10	0	-5.2351e-38
0.3275	0.5975	10	0	-3.45878e-37
0.3275	0.6025	10	0	-5.0685e-37
0.3275	0.6075	10	0	-1.53673e-37
0.3275	0.6125	10	0	-1.99651e-38
0.3275	0.6175	10	0	-1.78649e-39
0.3275	0.6225	10	0	0
0.3275	0.6275	10	0	0
0.3275	0.6325	10	0	0
0.3275	0.6375	10	0	0
0.3275	0.6425	10	0	0
0.3275	0.6475	10	0	0
0.3275	0.6525	10	0	0
0.3275	0.6575	10	0	0
0.3275	0.6625	10	0	0
0.3275	0.6675	10	0	0
0.3275	0.6725	10	0	0
0.3275	0.6775	10	0	0
0.3275	0.6825	10	0	0
0.3275	0.6875	10	0	0
0.3275	0.6925	10	0	0
0.3275	0.6975	10	0	0
0.3275	0.7025	10	0	0
0.3275	0.7075	10	0	0
0.3275	0.7125	10	0	0
0.3275	0.7175	10	0	0
0.3275	0.7225	10	0	0
0.3275	0.7275	10	0	0
0.3275	0.7325	10	0	0
0.3275	0.7375	10	0	0
0.3275	0.7425	10	0	0
0.3275	0.7475	10	0	0
0.3275	0.7525	10	0	0
0.3275	0.7575	10	0	0
0.3275	0.7625	10	0	0
0.3275	0.7675	10	0	0
0.3275	0.7725	10	0	0
0.3275	0.7775	10	0	0
0.3275	0.7825	10	0	0
0.3275	0.7875	10	0	0
0.3275	0.7925	10	0	0
0.3275	0.7975	10	0	0
0.3275	0.8025	10	0	0
0.3275	0.8075	10	0	0
0.3275	0.8125	10	0	0
0.3275	0.8175	10	0	0
0.3275	0.8225	10	0	0
0.3275	0.8275	10	0	0
0.3275	0.8325	10	0	0
0.3275	0.8375	10	0	0
0.3275	0.8425	10	0	0
0.3275	0.8475	10	0	0
0.3275	0.8525	10	0	0
0.3275	0.8575	10	0	0
0.3275	0.8625	10	0	0
0.3275	0.8675	10	0	0
0.3275	0.8725	10	0	0
0.3275	0.8775	10	0	0
0.3275	0.8825	10	0	0
0.3275	0.8875	10	0	0
0.3275	0.8925	10	0	0
0.3275	0.8975	10	0	0
0.3275	0.9025	10	0	0
0.3275	0.9075	10	0	0
0.3275	0.9125	10	0	0
0.3275	0.9175	10	0	0
0.3275	0.9225	10	0	0
0.3275	0.9275	10	0	0
0.3275	0.9325	10	0	0
0.3275	0.9375	10	0	0
0.3275	0.9425	10	0	0
0.3275	0.9475	10	0	0
0.3275	0.9525	10	0	0
0.3275	0.9575	10	0	0
0.3275	0.9625	10	0	0
0.3275	0.9675	10	0	0
0.3275	0.9725	10	0	0
0.3275	0.9775	10	0	0
0.3275	0.9825	10	0	0
0.3275	0.9875	10	0	0
0.3275	0.9925	10	0	0
0.3275	0.9975	10	0	0
0.3275	1.0025	10	0	0
0.3325	0.0075	10	0	0
0.3325	0.0125	10	0	0
0.3325	0.0175	10	0	0
0.3325	0.0225	10	0	0
0.3325	0.0275	10	0	0
0.3325	0.0325	10	0	0
0.3325	0.0375	10	0	0
0.3325	0.0425	10	0	0
0.3325	0.0475	10	0	0
0.3325	0.0525	10	0	0
0.3325	0.0575	10	0	0
0.3325	0.0625	10	0	0
0.3325	0.0675	10	0	0
0.3325	0.0725	10	0	0
0.3325	0.0775	10	0	0
0.3325	0.0825	10	0	0
0.3325	0.0875	10	0	0
0.3325	0.0925	10	0	0
0.3325	0.0975	10	0	0
0.3325	0.1025	10	0	0
0.3325	0.1075	10	0	0
0.3325	0.1125	10	0	0
0.3325	0.1175	10	0	0
0.3325	0.1225	10	0	0
0.3325	0.1275	10	0	0
0.3325	0.1325	10	0	0
0.3325	0.1375	10	0	0
0.3325	0.1425	10	0	0
0.3325	0.1475	10	0	0
0.3325	0.1525	10	0	0
0.3325	0.1575	10	0	0
0.3325	0.1625	10	0	0
0.3325	0.1675	10	0	0
0.3325	0.1725	10	0	0
0.3325	0.1775	10	0	0
0.3325	0.1825	10	0	0
0.3325	0.1875	10	0	0
0.3325	0.1925	10	0	0
0.3325	0.1975	10	0	0
0.3325	0.2025	10	0	0
0.3325	0.2075	10	0	0
0.3325	0.2125	10	0	0
0.3325	0.2175	10	0	0
0.3325	0.2225	10	0	0
0.3325	0.2275	10	0	0
0.3325	0.2325	10	0	0
0.3325	0.2375	10	0	0
0.3325	0.2425	10	0	0
0.3325	0.2475	10	0	0
0.3325	0.2525	10	0	0
0.3325	0.2575	10	0	0
0.3325	0.2625	10	0	0
0.3325	0.2675	10	0	0
0.3325	0.2725	10	0	0
0.3325	0.2775	10	0	0
0.3325	0.2825	10	0	0
0.3325	0.2875	10	0	0
0.3325	0.2925	10	0	0
0.3325	0.2975	10	0	0
0.3325	0.3025	10	0	0
0.3325	0.3075	10	0	0
0.3325	0.3125	10	0	0
0.3325	0.3175	10	0	0
0.3325	0.3225	10	0	0
0.3325	0.3275	10	0	0
0.3325	0.3325	10	0	0
0.3325	0.3375	10	0	0
0.3325	0.3425	10	0	0
0.3325	0.3475	10	0	0
0.3325	0.3525	10	0	0
0.3325	0.3575	10	0	0
0.3325	0.3625	10	0	0
0.3325	0.3675	10	0	0
0.3325	0.3725	10	0	0
0.3325	0.3775	10	0	8.94028e-41
0.3325	0.3825	10	0	3.8684e-39
0.3325	0.3875	10	0	6.31392e-38
0.3325	0.3925	10	0	6.78985e-37
0.3325	0.3975	10	0	5.0364e-36
0.3325	0.4025	10	0	1.59527e-35
0.3325	0.4075	10	0	1.095e-35
0.3325	0.4125	10	0	1.85114e-36
0.3325	0.4175	10	0	1.42104e-37
0.3325	0.4225	10	0	-1.17631e-38
0.3325	0.4275	10	0	-1.99825e-39
0.3325	0.4325	10	0	-3.47186e-40
0.3325	0.4375	10	0	0
0.3325	0.4425	10	0	0
0.3325	0.4475	10	0	0
0.3325	0.4525	10	0	0
0.3325	0.4575	10	0	0
0.3325	0.4625	10	0	0
0.3325	0.4675	10	0	0
0.3325	0.4725	10	0	0
0.3325	0.4775	10	0	0
0.3325	0.4825	10	0	0
0.3325	0.4875	10	0	0
0.3325	0.4925	10	0	0
0.3325	0.4975	10	0	0
0.3325	0.5025	10	0	0
0.3325	0.5075	10	0	0
0.3325	0.5125	10	0	0
0.3325	0.5175	10	0	0
0.3325	0.5225	10	0	0
0.3325	0.5275	10	0	0
0.3325	0.5325	10	0	0
0.3325	0.5375	10	0	0
0.3325	0.5425	10	0	0
0.3325	0.5475	10	0	0
0.3325	0.5525	10	0	0
0.3325	0.5575	10	0	0
0.3325	0.5625	10	0	0
0.3325	0.5675	10	0	0
0.3325	0.5725	10	0	3.47186e-40
0.3325	0.5775	10	0	1.99825e-39
0.3325	0.5825	10	0	1.17631e-38
0.3325	0.5875	10	0	-1.42104e-37
0.3325	0.5925	10	0	-1.85114e-36
0.3325	0.5975	10	0	-1.095e-35
0.3325	0.6025	10	0	-1.59527e-35
0.3325	0.6075	10	0	-5.0364e-36
0.3325	0.6125	10	0	-6.78985e-37
0.3325	0.6175	10	0	-6.31392e-38
0.3325	0.6225	10	0	-3.8684e-39
0.3325	0.6275	10	0	-8.94028e-41
0.3325	0.6325	10	0	0
0.3325	0.6375	10	0	0
0.3325	0.6425	10	0	0
0.3325	0.6475	10	0	0
0.3325	0.6525	10	0	0
0.3325	0.6575	10	0	0
0.3325	0.6625	10	0	0
0.3325	0.6675	10	0	0
0.3325	0.6725	10	0	0
0.3325	0.6775	10	0	0
0.3325	0.6825	10	0	0
0.3325	0.6875	10	0	0
0.3325	0.6925	10	0	0
0.3325	0.6975	10	0	0
0.3325	0.7025	10	0	0
0.3325	0.7075	10	0	0
0.3325	0.7125	10	0	0
0.3325	0.7175	10	0	0
0.3325	0.7225	10	0	0
0.3325	0.7275	10	0	0
0.3325	0.7325	10	0	0
0.3325	0.7375	10	0	0
0.3325	0.7425	10	0	0
0.3325	0.7475	10	0	0
0.3325	0.7525	10	0	0
0.3325	0.7575	10	0	0
0.3325	0.7625	10	0	0
0.3325	0.7675	10	0	0
0.3325	0.7725	10	0	0
0.3325	0.7775	10	0	0
0.3325	0.7825	10	0	0
0.3325	0.7875	10	0	0
0.3325	0.7925	10	0	0
0.3325	0.7975	10	0	0
0.3325	0.8025	10	0	0
0.3325	0.8075	10	0	0
0.3325	0.8125	10	0	0
0.3325	0.8175	10	0	0
0.3325	0.8225	10	0	0
0.3325	0.8275	10	0	0
0.3325	0.8325	10	0	0
0.3325	0.8375	10	0	0
0.3325	0.8425	10	0	0
0.3325	0.8475	10	0	0
0.3325	0.8525	10	0	0
0.3325	0.8575	10	0	0
0.3325	0.8625	10	0	0
0.3325	0.8675	10	0	0
0.3325	0.8725	10	0	0
0.3325	0.8775	10	0	0
0.3325	0.8825	10	0	0
0.3325	0.8875	10	0	0
0.3325	0.8925	10	0	0
0.3325	0.8975	10	0	0
0.3325	0.9025	10	0	0
0.3325	0.9075	10	0	0
0.3325	0.9125	10	0	0
0.3325	0.9175	10	0	0
0.3325	0.9225	10	0	0
0.3325	0.9275	10	0	0
0.3325	0.9325	10	0	0
0.3325	0.9375	10	0	0
0.3325	0.9425	10	0	0
0.3325	0.9475	10	0	0
0.3325	0.9525	10	0	0
0.3325	0.9575	10	0	0
0.3325	0.9625	10	0	0
0.3325	0.9675	10	0	0
0.3325	0.9725	10	0	0
0.3325	0.9775	10	0	0
0.3325	0.9825	10	0	0
0.3325	0.9875	10	0	0
0.3325	0.9925	10	0	0
0.3325	0.9975	10	0	0
0.3325	1.0025	10	0	0
0.3375	0.0075	10	0	0
0.3375	0.0125	10	0	0
0.3375	0.0175	10	0	0
0.3375	0.0225	10	0	0
0.3375	0.0275	10	0	0
0.3375	0.0325	10	0	0
0.3375	0.0375	10	0	0
0.3375	0.0425	10	0	0
0.3375	0.0475	10	0	0
0.3375	0.0525	10	0	0
0.3375	0.0575	10	0	0
0.3375	0.0625	10	0	0
0.3375	0.0675	10	0	0
0.3375	0.0725	10	0	0
0.3375	0.0775	10	0	0
0.3375	0.0825	10	0	0
0.3375	0.0875	10	0	0
0.3375	0.0925	10	0	0
0.3375	0.0975	10	0	0
0.3375	0.1025	10	0	0
0.3375	0.1075	10	0	0
0.3375	0.1125	10	0	0
0.3375	0.1175	10	0	0
0.3375	0.1225	10	0	0
0.3375	0.1275	10	0	0
0.3375	0.1325	10	0	0
0.3375	0.1375	10	0	0
0.3375	0.1425	10	0	0
0.3375	0.1475	10	0	0
0.3375	0.1525	10	0	0
0.3375	0.1575	10	0	0
0.3375	0.1625	10	0	0
0.3375	0.1675	10	0	0
0.3375	0.1725	10	0	0
0.3375	0.1775	10	0	0
0.3375	0.1825	10	0	0
0.3375	0.1875	10	0	0
0.3375	0.1925	10	0	0
0.3375	0.1975	10	0	0
0.3375	0.2025	10	0	0
0.3375	0.2075	10	0	0
0.3375	0.2125	10	0	0
0.3375	0.2175	10	0	0
0.3375	0.2225	10	0	0
0.3375	0.2275	10	0	0
0.3375	0.2325	10	0	0
0.3375	0.2375	10	0	0
0.3375	0.2425	10	0	0
0.3375	0.2475	10	0	0
0.3375	0.2525	10	0	0
0.3375	0.2575	10	0	0
0.3375	0.2625	10	0	0
0.3375	0.2675	10	0	0
0.3375	0.2725	10	0	0
0.3375	0.2775	10	0	0
0.3375	0.2825	10	0	0
0.3375	0.2875	10	0	0
0.3375	0.2925	10	0	0
0.3375	0.2975	10	0	0
0.3375	0.3025	10	0	0
0.3375	0.3075	10	0	0
0.3375	0.3125	10	0	0
0.3375	0.3175	10	0	0
0.3375	0.3225	10	0	0
0.3375	0.3275	10	0	0
0.3375	0.3325	10	0	0
0.3375	0.3375	10	0	0
0.3375	0.3425	10	0	0
0.3375	0.3475	10	0	0
0.3375	0.3525	10	0	0
0.3375	0.3575	10	0	0
0.3375	0.3625	10	0	0
0.3375	0.3675	10	0	0
0.3375	0.3725	10	0	2.10615e-40
0.3375	0.3775	10	0	6.59516e-39
0.3375	0.3825	10	0	1.38336e-37
0.3375	0.3875	10	0	2.16436e-36
0.3375	0.3925	10	0	2.24738e-35
0.3375	0.3975	10	0	1.60668e-34
0.3375	0.4025	10	0	4.88165e-34
0.3375	0.4075	10	0	3.36758e-34
0.3375	0.4125	10	0	6.25764e-35
0.3375	0.4175	10	0	5.51582e-36
0.3375	0.4225	10	0	-3.12469e-37
0.3375	0.4275	10	0	-5.16119e-38
0.3375	0.4325	10	0	-1.21674e-38
0.3375	0.4375	10	0	2.41556e-40
0.3375	0.4425	10	0	0
0.3375	0.4475	10	0	0
0.3375	0.4525	10	0	0
0.3375	0.4575	10	0	0
0.3375	0.4625	10	0	0
0.3375	0.4675	10	0	0
0.3375	0.4725	10	0	0
0.3375	0.4775	10	0	0
0.3375	0.4825	10	0	0
0.3375	0.4875	10	0	0
0.3375	0.4925	10	0	0
0.3375	0.4975	10	0	0
0.3375	0.5025	10	0	0
0.3375	0.5075	10	0	0
0.3375	0.5125	10	0	0
0.3375	0.5175	10	0	0
0.3375	0.5225	10	0	0
0.3375	0.5275	10	0	0
0.3375	0.5325	10	0	0
0.3375	0.5375	10	0	0
0.3375	0.5425	10	0	0
0.3375	0.5475	10	0	0
0.3375	0.5525	10	0	0
0.3375	0.5575	10	0	0
0.3375	0.5625	10	0	0
0.3375	0.5675	10	0	-2.41556e-40
0.3375	0.5725	10	0	1.21674e-38
0.3375	0.5775	10	0	5.16119e-38
0.3375	0.5825	10	0	3.12469e-37
0.3375	0.5875	10	0	-5.51582e-36
0.3375	0.5925	10	0	-6.25764e-35
0.3375	0.5975	10	0	-3.36758e-34
0.3375	0.6025	10	0	-4.88165e-34
0.3375	0.6075	10	0	-1.60668e-34
0.3375	0.6125	10	0	-2.24738e-35
0.3375	0.6175	10	0	-2.16436e-36
0.3375	0.6225	10	0	-1.38336e-37
0.3375	0.6275	10	0	-6.59516e-39
0.3375	0.6325	10	0	-2.10615e-40
0.3375	0.6375	10	0	0
0.3375	0.6425	10	0	0
0.3375	0.6475	10	0	0
0.3375	0.6525	10	0	0
0.3375	0.6575	10	0	0
0.3375	0.6625	10	0	0
0.3375	0.6675	10	0	0
0.3375	0.6725	10	0	0
0.3375	0.6775	10	0	0
0.3375	0.6825	10	0	0
0.3375	0.6875	10	0	0
0.3375	0.6925	10	0	0
0.3375	0.6975	10	0	0
0.3375	0.7025	10	0	0
0.3375	0.7075	10	0	0
0.3375	0.7125	10	0	0
0.3375	0.7175	10	0	0
0.3375	0.7225	10	0	0
0.3375	0.7275	10	0	0
0.3375	0.7325	10	0	0
0.3375	0.7375	10	0	0
0.3375	0.7425	10	0	0
0.3375	0.7475	10	0	0
0.3375	0.7525	10	0	0
0.3375	0.7575	10	0	0
0.3375	0.7625	10	0	0
0.3375	0.7675	10	0	0
0.3375	0.7725	10	0	0
0.3375	0.7775	10	0	0
0.3375	0.7825	10	0	0
0.3375	0.7875	10	0	0
0.3375	0.7925	10	0	0
0.3375	0.7975	10	0	0
0.3375	0.8025	10	0	0
0.3375	0.8075	10	0	0
0.3375	0.8125	10	0	0
0.3375	0.8175	10	0	0
0.3375	0.8225	10	0	0
0.3375	0.8275	10	0	0
0.3375	0.8325	10	0	0
0.3375	0.8375	10	0	0
0.3375	0.8425	10	0	0
0.3375	0.8475	10	0	0
0.3375	0.8525	10	0	0
0.3375	0.8575	10	0	0
0.3375	0.8625	10	0	0
0.3375	0.8675	10	0	0
0.3375	0.8725	10	0	0
0.3375	0.8775	10	0	0
0.3375	0.8825	10	0	0
0.3375	0.8875	10	0	0
0.3375	0.8925	10	0	0
0.3375	0.8975	10	0	0
0.3375	0.9025	10	0	0
0.3375	0.9075	10	0	0
0.3375	0.9125	10	0	0
0.3375	0.9175	10	0	0
0.3375	0.9225	10	0	0
0.3375	0.9275	10	0	0
0.3375	0.9325	10	0	0
0.3375	0.9375	10	0	0
0.3375	0.9425	10	0	0
0.3375	0.9475	10	0	0
0.3375	0.9525	10	0	0
0.3375	0.9575	10	0	0
0.3375	0.9625	10	0	0
0.3375	0.9675	10	0	0
0.3375	0.9725	10	0	0
0.3375	0.9775	10	0	0
0.3375	0.9825	10	0	0
0.3375	0.9875	10	0	0
0.3375	0.9925	10	0	0
0.3375	0.9975	10	0	0
0.3375	1.0025	10	0	0
0.3425	0.0075	10	0	0
0.3425	0.0125	10	0	0
0.3425	0.0175	10	0	0
0.3425	0.0225	10	0	0
0.3425	0.0275	10	0	0
0.3425	0.0325	10	0	0
0.3425	0.0375	10	0	0
0.3425	0.0425	10	0	0
0.3425	0.0475	10	0	0
0.3425	0.0525	10	0	0
0.3425	0.0575	10	0	0
0.3425	0.0625	10	0	0
0.3425	0.0675	10	0	0
0.3425	0.0725	10	0	0
0.3425	0.0775	10	0	0
0.3425	0.0825	10	0	0
0.3425	0.0875	10	0	0
0.3425	0.0925	10	0	0
0.3425	0.0975	10	0	0
0.3425	0.1025	10	0	0
0.3425	0.1075	10	0	0
0.3425	0.1125	10	0	0
0.3425	0.1175	10	0	0
0.3425	0.1225	10	0	0
0.3425	0.1275	10	0	0
0.3425	0.1325	10	0	0
0.3425	0.1375	10	0	0
0.3425	0.1425	10	0	0
0.3425	0.1475	10	0	0
0.3425	0.1525	10	0	0
0.3425	0.1575	10	0	0
0.3425	0.1625	10	0	0
0.3425	0.1675	10	0	0
0.3425	0.1725	10	0	0
0.3425	0.1775	10	0	0
0.3425	0.1825	10	0	0
0.3425	0.1875	10	0	0
0.3425	0.1925	10	0	0
0.3425	0.1975	10	0	0
0.3425	0.2025	10	0	0
0.3425	0.2075	10	0	0
0.3425	0.2125	10	0	0
0.3425	0.2175	10	0	0
0.3425	0.2225	10	0	0
0.3425	0.2275	10	0	0
0.3425	0.2325	10	0	0
0.3425	0.2375	10	0	0
0.3425	0.2425	10	0	0
0.3425	0.2475	10	0	0
0.3425	0.2525	10	0	0
0.3425	0.2575	10	0	0
0.3425	0.2625	10	0	0
0.3425	0.2675	10	0	0
0.3425	0.2725	10	0	0
0.3425	0.2775	10	0	0
0.3425	0.2825	10	0	0
0.3425	0.2875	10	0	0
0.3425	0.2925	10	0	0
0.3425	0.2975	10	0	0
0.3425	0.3025	10	0	0
0.3425	0.3075	10	0	0
0.3425	0.3125	10	0	0
0.3425	0.3175	10	0	0
0.3425	0.3225	10	0	0
0.3425	0.3275	10	0	0
0.3425	0.3325	10	0	0
0.3425	0.3375	10	0	0
0.3425	0.3425	10	0	0
0.3425	0.3475	10	0	0
0.3425	0.3525	10	0	0
0.3425	0.3575	10	0	0
0.3425	0.3625	10	0	0
0.3425	0.3675	10	0	2.71263e-40
0.3425	0.3725	10	0	9.45067e-39
0.3425	0.3775	10	0	2.38368e-37
0.3425	0.3825	10	0	4.79563e-36
0.3425	0.3875	10	0	7.22693e-35
0.3425	0.3925	10	0	7.24529e-34
0.3425	0.3975	10	0	4.98476e-33
0.3425	0.4025	10	0	1.45109e-32
0.3425	0.4075	10	0	1.00521e-32
0.3425	0.4125	10	0	2.02804e-33
0.3425	0.4175	10	0	2.00326e-34
0.3425	0.4225	10	0	-6.78805e-36
0.3425	0.4275	10	0	-9.97197e-37
0.3425	0.4325	10	0	-3.66924e-37
0.3425	0.4375	10	0	1.67128e-38
0.3425	0.4425	10	0	0
0.3425	0.4475	10	0	0
0.3425	0.4525	10	0	0
0.3425	0.4575	10	0	0
0.3425	0.4625	10	0	0
0.3425	0.4675	10	0	0
0.3425	0.4725	10	0	0
0.3425	0.4775	10	0	0
0.3425	0.4825	10	0	0
0.3425	0.4875	10	0	0
0.3425	0.4925	10	0	0
0.3425	0.4975	10	0	0
0.3425	0.5025	10	0	0
0.3425	0.5075	10	0	0
0.3425	0.5125	10	0	0
0.3425	0.5175	10	0	0
0.3425	0.5225	10	0	0
0.3425	0.5275	10	0	0
0.3425	0.5325	10	0	0
0.3425	0.5375	10	0	0
0.3425	0.5425	10	0	0
0.3425	0.5475	10	0	0
0.3425	0.5525	10	0	0
0.3425	0.5575	10	0	0
0.3425	0.5625	10	0	0
0.3425	0.5675	10	0	-1.67128e-38
0.3425	0.5725	10	0	3.66924e-37
0.3425	0.5775	10	0	9.97197e-37
0.3425	0.5825	10	0	6.78805e-36
0.3425	0.5875	10	0	-2.00326e-34
0.3425	0.5925	10	0	-2.02804e-33
0.3425	0.5975	10	0	-1.00521e-32
0.3425	0.6025	10	0	-1.45109e-32
0.3425	0.6075	10	0	-4.98476e-33
0.3425	0.6125	10	0	-7.24529e-34
0.3425	0.6175	10	0	-7.22693e-35
0.3425	0.6225	10	0	-4.79563e-36
0.3425	0.6275	10	0	-2.38368e-37
0.3425	0.6325	10	0	-9.45067e-39
0.3425	0.6375	10	0	-2.71263e-40
0.3425	0.6425	10	0	0
0.3425	0.6475	10	0	0
0.3425	0.6525	10	0	0
0.3425	0.6575	10	0	0
0.3425	0.6625	10	0	0
0.3425	0.6675	10	0	0
0.3425	0.6725	10	0	0
0.3425	0.6775	10	0	0
0.3425	0.6825	10	0	0
0.3425	0.6875	10	0	0
0.3425	0.6925	10	0	0
0.3425	0.6975	10	0	0
0.3425	0.7025	10	0	0
0.3425	0.7075	10	0	0
0.3425	0.7125	10	0	0
0.3425	0.7175	10	0	0
0.3425	0.7225	10	0	0
0.3425	0.7275	10	0	0
0.3425	0.7325	10	0	0
0.3425	0.7375	10	0	0
0.3425	0.7425	10	0	0
0.3425	0.7475	10	0	0
0.3425	0.7525	10	0	0
0.3425	0.7575	10	0	0
0.3425	0.7625	10	0	0
0.3425	0.7675	10	0	0
0.3425	0.7725	10	0	0
0.3425	0.7775	10	0	0
0.3425	0.7825	10	0	0
0.3425	0.7875	10	0	0
0.3425	0.7925	10	0	0
0.3425	0.7975	10	0	0
0.3425	0.8025	10	0	0
0.3425	0.8075	10	0	0
0.3425	0.8125	10	0	0
0.3425	0.8175	10	0	0
0.3425	0.8225	10	0	0
0.3425	0.8275	10	0	0
0.3425	0.8325	10	0	0
0.3425	0.8375	10	0	0
0.3425	0.8425	10	0	0
0.3425	0.8475	10	0	0
0.3425	0.8525	10	0	0
0.3425	0.8575	10	0	0
0.3425	0.8625	10	0	0
0.3425	0.8675	10	0	0
0.3425	0.8725	10	0	0
0.3425	0.8775	10	0	0
0.3425	0.8825	10	0	0
0.3425	0.8875	10	0	0
0.3425	0.8925	10	0	0
0.3425	0.8975	10	0	0
0.3425	0.9025	10	0	0
0.3425	0.9075	10	0	0
0.3425	0.9125	10	0	0
0.3425	0.9175	10	0	0
0.3425	0.9225	10	0	0
0.3425	0.9275	10	0	0
0.3425	0.9325	10	0	0
0.3425	0.9375	10	0	0
0.3425	0.9425	10	0	0
0.3425	0.9475	10	0	0
0.3425	0.9525	10	0	0
0.3425	0.9575	10	0	0
0.3425	0.9625	10	0	0
0.3425	0.9675	10	0	0
0.3425	0.9725	10	0	0
0.3425	0.9775	10	0	0
0.3425	0.9825	10	0	0
0.3425	0.9875	10	0	0
0.3425	0.9925	10	0	0
0.3425	0.9975	10	0	0
0.3425	1.0025	10	0	0
0.3475	0.0075	10	0	0
0.3475	0.0125	10	0	0
0.3475	0.0175	10	0	0
0.3475	0.0225	10	0	0
0.3475	0.0275	10	0	0
0.3475	0.0325	10	0	0
0.3475	0.0375	10	0	0
0.3475	0.0425	10	0	0
0.3475	0.0475	10	0	0
0.3475	0.0525	10	0	0
0.3475	0.0575	10	0	0
0.3475	0.0625	10	0	0
0.3475	0.0675	10	0	0
0.3475	0.0725	10	0	0
0.3475	0.0775	10	0	0
0.3475	0.0825	10	0	0
0.3475	0.0875	10	0	0
0.3475	0.0925	10	0	0
0.3475	0.0975	10	0	0
0.3475	0.1025	10	0	0
0.3475	0.1075	10	0	0
0.3475	0.1125	10	0	0
0.3475	0.1175	10	0	0
0.3475	0.1225	10	0	0
0.3475	0.1275	10	0	0
0.3475	0.1325	10	0	0
0.3475	0.1375	10	0	0
0.3475	0.1425	10	0	0
0.3475	0.1475	10	0	0
0.3475	0.1525	10	0	0
0.3475	0.1575	10	0	0
0.3475	0.1625	10	0	0
0.3475	0.1675	10	0	0
0.3475	0.1725	10	0	0
0.3475	0.1775	10	0	0
0.3475	0.1825	10	0	0
0.3475	0.1875	10	0	0
0.3475	0.1925	10	0	0
0.3475	0.1975	10	0	0
0.3475	0.2025	10	0	0
0.3475	0.2075	10	0	0
0.3475	0.2125	10	0	0
0.3475	0.2175	10	0	0
0.3475	0.2225	10	0	0
0.3475	0.2275	10	0	0
0.3475	0.2325	10	0	0
0.3475	0.2375	10	0	0
0.3475	0.2425	10	0	0
0.3475	0.2475	10	0	0
0.3475	0.2525	10	0	0
0.3475	0.2575	10	0	0
0.3475	0.2625	10	0	0
0.3475	0.2675	10	0	0
0.3475	0.2725	10	0	0
0.3475	0.2775	10	0	0
0.3475	0.2825	10	0	0
0.3475	0.2875	10	0	0
0.3475	0.2925	10	0	0
0.3475	0.2975	10	0	0
0.3475	0.3025	10	0	0
0.3475	0.3075	10	0	0
0.3475	0.3125	10	0	0
0.3475	0.3175	10	0	0
0.3475	0.3225	10	0	0
0.3475	0.3275	10	0	0
0.3475	0.3325	10	0	0
0.3475	0.3375	10	0	0
0.3475	0.3425	10	0	0
0.3475	0.3475	10	0	0
0.3475	0.3525	10	0	0
0.3475	0.3575	10	0	0
0.3475	0.3625	10	0	3.0411e-40
0.3475	0.3675	10	0	1.16474e-38
0.3475	0.3725	10	0	3.44591e-37
0.3475	0.3775	10	0	8.37102e-36
0.3475	0.3825	10	0	1.61921e-34
0.3475	0.3875	10	0	2.34896e-33
0.3475	0.3925	10	0	2.27349e-32
0.3475	0.3975	10	0	1.5025e-31
0.3475	0.4025	10	0	4.18583e-31
0.3475	0.4075	10	0	2.90981e-31
0.3475	0.4125	10	0	6.31511e-32
0.3475	0.4175	10	0	6.8855e-33
0.3475	0.4225	10	0	-7.23213e-35
0.3475	0.4275	10	0	-3.36868e-36
0.3475	0.4325	10	0	-1.05021e-35
0.3475	0.4375	10	0	8.93945e-37
0.3475	0.4425	10	0	-2.59899e-39
0.3475	0.4475	10	0	0
0.3475	0.4525	10	0	2.3794e-41
0.3475	0.4575	10	0	2.32616e-41
0.3475	0.4625	10	0	0
0.3475	0.4675	10	0	0
0.3475	0.4725	10	0	0
0.3475	0.4775	10	0	0
0.3475	0.4825	10	0	0
0.3475	0.4875	10	0	0
0.3475	0.4925	10	0	0
0.3475	0.4975	10	0	0
0.3475	0.5025	10	0	0
0.3475	0.5075	10	0	0
0.3475	0.5125	10	0	0
0.3475	0.5175	10	0	0
0.3475	0.5225	10	0	0
0.3475	0.5275	10	0	0
0.3475	0.5325	10	0	0
0.3475	0.5375	10	0	0
0.3475	0.5425	10	0	0
0.3475	0.5475	10	0	-2.32616e-41
0.3475	0.5525	10	0	-2.3794e-41
0.3475	0.5575	10	0	0
0.3475	0.5625	10	0	2.59899e-39
0.3475	0.5675	10	0	-8.93945e-37
0.3475	0.5725	10	0	1.05021e-35
0.3475	0.5775	10	0	3.36868e-36
0.3475	0.5825	10	0	7.23213e-35
0.3475	0.5875	10	0	-6.8855e-33
0.3475	0.5925	10	0	-6.31511e-32
0.3475	0.5975	10	0	-2.90981e-31
0.3475	0.6025	10	0	-4.18583e-31
0.3475	0.6075	10	0	-1.5025e-31
0.3475	0.6125	10	0	-2.27349e-32
0.3475	0.6175	10	0	-2.34896e-33
0.3475	0.6225	10	0	-1.61921e-34
0.3475	0.6275	10	0	-8.37102e-36
0.3475	0.6325	10	0	-3.44591e-37
0.3475	0.6375	10	0	-1.16474e-38
0.3475	0.6425	10	0	-3.0411e-40
0.3475	0.6475	10	0	0
0.3475	0.6525	10	0	0
0.3475	0.6575	10	0	0
0.3475	0.6625	10	0	0
0.3475	0.6675	10	0	0
0.3475	0.6725	10	0	0
0.3475	0.6775	10	0	0
0.3475	0.6825	10	0	0
0.3475	0.6875	10	0	0
0.3475	0.6925	10	0	0
0.3475	0.6975	10	0	0
0.3475	0.7025	10	0	0
0.3475	0.7075	10	0	0
0.3475	0.7125	10	0	0
0.3475	0.7175	10	0	0
0.3475	0.7225	10	0	0
0.3475	0.7275	10	0	0
0.3475	0.7325	10	0	0
0.3475	0.7375	10	0	0
0.3475	0.7425	10	0	0
0.3475	0.7475	10	0	0
0.3475	0.7525	10	0	0
0.3475	0.7575	10	0	0
0.3475	0.7625	10	0	0
0.3475	0.7675	10	0	0
0.3475	0.7725	10	0	0
0.3475	0.7775	10	0	0
0.3475	0.7825	10	0	0
0.3475	0.7875	10	0	0
0.3475	0.7925	10	0	0
0.3475	0.7975	10	0	0
0.3475	0.8025	10	0	0
0.3475	0.8075	10	0	0
0.3475	0.8125	10	0	0
0.3475	0.8175	10	0	0
0.3475	0.8225	10	0	0
0.3475	0.8275	10	0	0
0.3475	0.8325	10	0	0
0.3475	0.8375	10	0	0
0.3475	0.8425	10	0	0
0.3475	0.8475	10	0	0
0.3475	0.8525	10	0	0
0.3475	0.8575	10	0	0
0.3475	0.8625	10	0	0
0.3475	0.8675	10	0	0
0.3475	0.8725	10	0	0
0.3475	0.8775	10	0	0
0.3475	0.8825	10	0	0
0.3475	0.8875	10	0	0
0.3475	0.8925	10	0	0
0.3475	0.8975	10	0	0
0.3475	0.9025	10	0	0
0.3475	0.9075	10	0	0
0.3475	0.9125	10	0	0
0.3475	0.9175	10	0	0
0.3475	0.9225	10	0	0
0.3475	0.9275	10	0	0
0.3475	0.9325	10	0	0
0.3475	0.9375	10	0	0
0.3475	0.9425	10	0	0
0.3475	0.9475	10	0	0
0.3475	0.9525	10	0	0
0.3475	0.9575	10	0	0
0.3475	0.9625	10	0	0
0.3475	0.9675	10	0	0
0.3475	0.9725	10	0	0
0.3475	0.9775	10	0	0
0.3475	0.9825	10	0	0
0.3475	0.9875	10	0	0
0.3475	0.9925	10	0	0
0.3475	0.9975	10	0	0
0.3475	1.0025	10	0	0
0.3525	0.0075	10	0	0
0.3525	0.0125	10	0	0
0.3525	0.0175	10	0	0
0.3525	0.0225	10	0	0
0.3525	0.0275	10	0	0
0.3525	0.0325	10	0	0
0.3525	0.0375	10	0	0
0.3525	0.0425	10	0	0
0.3525	0.0475	10	0	0
0.3525	0.0525	10	0	0
0.3525	0.0575	10	0	0
0.3525	0.0625	10	0	0
0.3525	0.0675	10	0	0
0.3525	0.0725	10	0	0
0.3525	0.0775	10	0	0
0.3525	0.0825	10	0	0
0.3525	0.0875	10	0	0
0.3525	0.0925	10	0	0
0.3525	0.0975	10	0	0
0.3525	0.1025	10	0	0
0.3525	0.1075	10	0	0
0.3525	0.1125	10	0	0
0.3525	0.1175	10	0	0
0.3525	0.1225	10	0	0
0.3525	0.1275	10	0	0
0.3525	0.1325	10	0	0
0.3525	0.1375	10	0	0
0.3525	0.1425	10	0	0
0.3525	0.1475	10	0	0
0.3525	0.1525	10	0	0
0.3525	0.1575	10	0	0
0.3525	0.1625	10	0	0
0.3525	0.1675	10	0	0
0.3525	0.1725	10	0	0
0.3525	0.1775	10	0	0
0.3525	0.1825	10	0	0
0.3525	0.1875	10	0	0
0.3525	0.1925	10	0	0
0.3525	0.1975	10	0	0
0.3525	0.2025	10	0	0
0.3525	0.2075	10	0	0
0.3525	0.2125	10	0	0
0.3525	0.2175	10	0	0
0.3525	0.2225	10	0	0
0.3525	0.2275	10	0	0
0.3525	0.2325	10	0	0
0.3525	0.2375	10	0	0
0.3525	0.2425	10	0	0
0.3525	0.2475	10	0	0
0.3525	0.2525	10	0	0
0.3525	0.2575	10	0	0
0.3525	0.2625	10	0	0
0.3525	0.2675	10	0	0
0.3525	0.2725	10	0	0
0.3525	0.2775	10	0	0
0.3525	0.2825	10	0	0
0.3525	0.2875	10	0	0
0.3525	0.2925	10	0	0
0.3525	0.2975	10	0	0
0.3525	0.3025	10	0	0
0.3525	0.3075	10	0	0
0.3525	0.3125	10	0	0
0.3525	0.3175	10	0	0
0.3525	0.3225	10	0	0
0.3525	0.3275	10	0	0
0.3525	0.3325	10	0	0
0.3525	0.3375	10	0	0
0.3525	0.3425	10	0	0
0.3525	0.3475	10	0	0
0.3525	0.3525	10	0	0
0.3525	0.3575	10	0	3.42421e-40
0.3525	0.3625	10	0	1.30348e-38
0.3525	0.3675	10	0	4.26997e-37
0.3525	0.3725	10	0	1.22351e-35
0.3525	0.3775	10	0	2.86487e-34
0.3525	0.3825	10	0	5.32128e-33
0.3525	0.3875	10	0	7.42557e-32
0.3525	0.3925	10	0	6.93801e-31
0.3525	0.3975	10	0	4.39469e-30
0.3525	0.4025	10	0	1.17045e-29
0.3525	0.4075	10	0	8.1624e-30
0.3525	0.4125	10	0	1.89309e-30
0.3525	0.4175	10	0	2.25748e-31
0.3525	0.4225	10	0	2.88373e-33
0.3525	0.4275	10	0	9.2522e-34
0.3525	0.4325	10	0	-2.74181e-34
0.3525	0.4375	10	0	4.47982e-35
0.3525	0.4425	10	0	-4.97504e-38
0.3525	0.4475	10	0	-2.38302e-39
0.3525	0.4525	10	0	6.07656e-39
0.3525	0.4575	10	0	6.05762e-39
0.3525	0.4625	10	0	0
0.3525	0.4675	10	0	0
0.3525	0.4725	10	0	0
0.3525	0.4775	10	0	0
0.3525	0.4825	10	0	0
0.3525	0.4875	10	0	0
0.3525	0.4925	10	0	0
0.3525	0.4975	10	0	0
0.3525	0.5025	10	0	0
0.3525	0.5075	10	0	0
0.3525	0.5125	10	0	0
0.3525	0.5175	10	0	0
0.3525	0.5225	10	0	0
0.3525	0.5275	10	0	0
0.3525	0.5325	10	0	0
0.3525	0.5375	10	0	0
0.3525	0.5425	10	0	0
0.3525	0.5475	10	0	-6.05762e-39
0.3525	0.5525	10	0	-6.07656e-39
0.3525	0.5575	10	0	2.38302e-39
0.3525	0.5625	10	0	4.97504e-38
0.3525	0.5675	10	0	-4.47982e-35
0.3525	0.5725	10	0	2.74181e-34
0.3525	0.5775	10	0	-9.2522e-34
0.3525	0.5825	10	0	-2.88373e-33
0.3525	0.5875	10	0	-2.25748e-31
0.3525	0.5925	10	0	-1.89309e-30
0.3525	0.5975	10	0	-8.1624e-30
0.3525	0.6025	10	0	-1.17045e-29
0.3525	0.6075	10	0	-4.39469e-30
0.3525	0.6125	10	0	-6.93801e-31
0.3525	0.6175	10	0	-7.42557e-32
0.3525	0.6225	10	0	-5.32128e-33
0.3525	0.6275	10	0	-2.86487e-34
0.3525	0.6325	10	0	-1.22351e-35
0.3525	0.6375	10	0	-4.26997e-37
0.3525	0.6425	10	0	-1.30348e-38
0.3525	0.6475	10	0	-3.42421e-40
0.3525	0.6525	10	0	0
0.3525	0.6575	10	0	0
0.3525	0.6625	10	0	0
0.3525	0.6675	10	0	0
0.3525	0.6725	10	0	0
0.3525	0.6775	10	0	0
0.3525	0.6825	10	0	0
0.3525	0.6875	10	0	0
0.3525	0.6925	10	0	0
0.3525	0.6975	10	0	0
0.3525	0.7025	10	0	0
0.3525	0.7075	10	0	0
0.3525	0.7125	10	0	0
0.3525	0.7175	10	0	0
0.3525	0.7225	10	0	0
0.3525	0.7275	10	0	0
0.3525	0.7325	10	0	0
0.3525	0.7375	10	0	0
0.3525	0.7425	10	0	0
0.3525	0.7475	10	0	0
0.3525	0.7525	10	0	0
0.3525	0.7575	10	0	0
0.3525	0.7625	10	0	0
0.3525	0.7675	10	0	0
0.3525	0.7725	10	0	0
0.3525	0.7775	10	0	0
0.3525	0.7825	10	0	0
0.3525	0.7875	10	0	0
0.3525	0.7925	10	0	0
0.3525	0.7975	10	0	0
0.3525	0.8025	10	0	0
0.3525	0.8075	10	0	0
0.3525	0.8125	10	0	0
0.3525	0.8175	10	0	0
0.3525	0.8225	10	0	0
0.3525	0.8275	10	0	0
0.3525	0.8325	10	0	0
0.3525	0.8375	10	0	0
0.3525	0.8425	10	0	0
0.3525	0.8475	10	0	0
0.3525	0.8525	10	0	0
0.3525	0.8575	10	0	0
0.3525	0.8625	10	0	0
0.3525	0.8675	10	0	0
0.3525	0.8725	10	0	0
0.3525	0.8775	10	0	0
0.3525	0.8825	10	0	0
0.3525	0.8875	10	0	0
0.3525	0.8925	10	0	0
0.3525	0.8975	10	0	0
0.3525	0.9025	10	0	0
0.3525	0.9075	10	0	0
0.3525	0.9125	10	0	0
0.3525	0.9175	10	0	0
0.3525	0.9225	10	0	0
0.3525	0.9275	10	0	0
0.3525	0.9325	10	0	0
0.3525	0.9375	10	0	0
0.3525	0.9425	10	0	0
0.3525	0.9475	10	0	0
0.3525	0.9525	10	0	0
0.3525	0.9575	10	0	0
0.3525	0.9625	10	0	0
0.3525	0.9675	10	0	0
0.3525	0.9725	10	0	0
0.3525	0.9775	10	0	0
0.3525	0.9825	10	0	0
0.3525	0.9875	10	0	0
0.3525	0.9925	10	0	0
0.3525	0.9975	10	0	0
0.3525	1.0025	10	0	0
0.3575	0.0075	10	0	0
0.3575	0.0125	10	0	0
0.3575	0.0175	10	0	0
0.3575	0.0225	10	0	0
0.3575	0.0275	10	0	0
0.3575	0.0325	10	0	0
0.3575	0.0375	10	0	0
0.3575	0.0425	10	0	0
0.3575	0.0475	10	0	0
0.3575	0.0525	10	0	0
0.3575	0.0575	10	0	0
0.3575	0.0625	10	0	0
0.3575	0.0675	10	0	0
0.3575	0.0725	10	0	0
0.3575	0.0775	10	0	0
0.3575	0.0825	10	0	0
0.3575	0.0875	10	0	0
0.3575	0.0925	10	0	0
0.3575	0.0975	10	0	0
0.3575	0.1025	10	0	0
0.3575	0.1075	10	0	0
0.3575	0.1125	10	0	0
0.3575	0.1175	10	0	0
0.3575	0.1225	10	0	0
0.3575	0.1275	10	0	0
0.3575	0.1325	10	0	0
0.3575	0.1375	10	0	0
0.3575	0.1425	10	0	0
0.3575	0.1475	10	0	0
0.3575	0.1525	10	0	0
0.3575	0.1575	10	0	0
0.3575	0.1625	10	0	0
0.3575	0.1675	10	0	0
0.3575	0.1725	10	0	0
0.3575	0.1775	10	0	0
0.3575	0.1825	10	0	0
0.3575	0.1875	10	0	0
0.3575	0.1925	10	0	0
0.3575	0.1975	10	0	0
0.3575	0.2025	10	0	0
0.3575	0.2075	10	0	0
0.3575	0.2125	10	0	0
0.3575	0.2175	10	0	0
0.3575	0.2225	10	0	0
0.3575	0.2275	10	0	0
0.3575	0.2325	10	0	0
0.3575	0.2375	10	0	0
0.3575	0.2425	10	0	0
0.3575	0.2475	10	0	0
0.3575	0.2525	10	0	0
0.3575	0.2575	10	0	0
0.3575	0.2625	10	0	0
0.3575	0.2675	10	0	0
0.3575	0.2725	10	0	0
0.3575	0.2775	10	0	0
0.3575	0.2825	10	0	0
0.3575	0.2875	10	0	0
0.3575	0.2925	10	0	0
0.3575	0.2975	10	0	0
0.3575	0.3025	10	0	0
0.3575	0.3075	10	0	0
0.3575	0.3125	10	0	0
0.3575	0.3175	10	0	0
0.3575	0.3225	10	0	0
0.3575	0.3275	10	0	0
0.3575	0.3325	10	0	0
0.3575	0.3375	10	0	0
0.3575	0.3425	10	0	0
0.3575	0.3475	10	0	0
0.3575	0.3525	10	0	3.80621e-40
0.3575	0.3575	10	0	1.47255e-38
0.3575	0.3625	10	0	4.75882e-37
0.3575	0.3675	10	0	1.52653e-35
0.3575	0.3725	10	0	4.23863e-34
0.3575	0.3775	10	0	9.54892e-33
0.3575	0.3825	10	0	1.70082e-31
0.3575	0.3875	10	0	2.28099e-30
0.3575	0.3925	10	0	2.05716e-29
0.3575	0.3975	10	0	1.24571e-28
0.3575	0.4025	10	0	3.1688e-28
0.3575	0.4075	10	0	2.21748e-28
0.3575	0.4125	10	0	5.474e-29
0.3575	0.4175	10	0	7.10386e-30
0.3575	0.4225	10	0	2.59608e-31
0.3575	0.4275	10	0	6.33281e-32
0.3575	0.4325	10	0	-5.73161e-33
0.3575	0.4375	10	0	2.11719e-33
0.3575	0.4425	10	0	7.50459e-37
0.3575	0.4475	10	0	-8.69843e-38
0.3575	0.4525	10	0	4.40123e-37
0.3575	0.4575	10	0	4.38857e-37
0.3575	0.4625	10	0	0
0.3575	0.4675	10	0	0
0.3575	0.4725	10	0	0
0.3575	0.4775	10	0	0
0.3575	0.4825	10	0	0
0.3575	0.4875	10	0	0
0.3575	0.4925	10	0	0
0.3575	0.4975	10	0	0
0.3575	0.5025	10	0	0
0.3575	0.5075	10	0	0
0.3575	0.5125	10	0	0
0.3575	0.5175	10	0	0
0.3575	0.5225	10	0	0
0.3575	0.5275	10	0	0
0.3575	0.5325	10	0	0
0.3575	0.5375	10	0	0
0.3575	0.5425	10	0	0
0.3575	0.5475	10	0	-4.38857e-37
0.3575	0.5525	10	0	-4.40123e-37
0.3575	0.5575	10	0	8.69843e-38
0.3575	0.5625	10	0	-7.50459e-37
0.3575	0.5675	10	0	-2.11719e-33
0.3575	0.5725	10	0	5.73161e-33
0.3575	0.5775	10	0	-6.33281e-32
0.3575	0.5825	10	0	-2.59608e-31
0.3575	0.5875	10	0	-7.10386e-30
0.3575	0.5925	10	0	-5.474e-29
0.3575	0.5975	10	0	-2.21748e-28
0.3575	0.6025	10	0	-3.1688e-28
0.3575	0.6075	10	0	-1.24571e-28
0.3575	0.6125	10	0	-2.05716e-29
0.3575	0.6175	10	0	-2.28099e-30
0.3575	0.6225	10	0	-1.70082e-31
0.3575	0.6275	10	0	-9.54892e-33
0.3575	0.6325	10	0	-4.23863e-34
0.3575	0.6375	10	0	-1.52653e-35
0.3575	0.6425	10	0	-4.75882e-37
0.3575	0.6475	10	0	-1.47255e-38
0.3575	0.6525	10	0	-3.80621e-40
0.3575	0.6575	10	0	0
0.3575	0.6625	10	0	0
0.3575	0.6675	10	0	0
0.3575	0.6725	10	0	0
0.3575	0.6775	10	0	0
0.3575	0.6825	10	0	0
0.3575	0.6875	10	0	0
0.3575	0.6925	10	0	0
0.3575	0.6975	10	0	0
0.3575	0.7025	10	0	0
0.3575	0.7075	10	0	0
0.3575	0.7125	10	0	0
0.3575	0.7175	10	0	0
0.3575	0.7225	10	0	0
0.3575	0.7275	10	0	0
0.3575	0.7325	10	0	0
0.3575	0.7375	10	0	0
0.3575	0.7425	10	0	0
0.3575	0.7475	10	0	0
0.3575	0.7525	10	0	0
0.3575	0.7575	10	0	0
0.3575	0.7625	10	0	0
0.3575	0.7675	10	0	0
0.3575	0.7725	10	0	0
0.3575	0.7775	10	0	0
0.3575	0.7825	10	0	0
0.3575	0.7875	10	0	0
0.3575	0.7925	10	0	0
0.3575	0.7975	10	0	0
0.3575	0.8025	10	0	0
0.3575	0.8075	10	0	0
0.3575	0.8125	10	0	0
0.3575	0.8175	10	0	0
0.3575	0.8225	10	0	0
0.3575	0.8275	10	0	0
0.3575	0.8325	10	0	0
0.3575	0.8375	10	0	0
0.3575	0.8425	10	0	0
0.3575	0.8475	10	0	0
0.3575	0.8525	10	0	0
0.3575	0.8575	10	0	0
0.3575	0.8625	10	0	0
0.3575	0.8675	10	0	0
0.3575	0.8725	10	0	0
0.3575	0.8775	10	0	0
0.3575	0.8825	10	0	0
0.3575	0.8875	10	0	0
0.3575	0.8925	10	0	0
0.3575	0.8975	10	0	0
0.3575	0.9025	10	0	0
0.3575	0.9075	10	0	0
0.3575	0.9125	10	0	0
0.3575	0.9175	10	0	0
0.3575	0.9225	10	0	0
0.3575	0.9275	10	0	0
0.3575	0.9325	10	0	0
0.3575	0.9375	10	0	0
0.3575	0.9425	10	0	0
0.3575	0.9475	10	0	0
0.3575	0.9525	10	0	0
0.3575	0.9575	10	0	0
0.3575	0.9625	10	0	0
0.3575	0.9675	10	0	0
0.3575	0.9725	10	0	0
0.3575	0.9775	10	0	0
0.3575	0.9825	10	0	0
0.3575	0.9875	10	0	0
0.3575	0.9925	10	0	0
0.3575	0.9975	10	0	0
0.3575	1.0025	10	0	0
0.3625	0.0075	10	0	0
0.3625	0.0125	10	0	0
0.3625	0.0175	10	0	0
0.3625	0.0225	10	0	0
0.3625	0.0275	10	0	0
0.3625	0.0325	10	0	0
0.3625	0.0375	10	0	0
0.3625	0.0425	10	0	0
0.3625	0.0475	10	0	0
0.3625	0.0525	10	0	0
0.3625	0.0575	10	0	0
0.3625	0.0625	10	0	0
0.3625	0.0675	10	0	0
0.3625	0.0725	10	0	0
0.3625	0.0775	10	0	0
0.3625	0.0825	10	0	0
0.3625	0.0875	10	0	0
0.3625	0.0925	10	0	0
0.3625	0.0975	10	0	0
0.3625	0.1025	10	0	0
0.3625	0.1075	10	0	0
0.3625	0.1125	10	0	0
0.3625	0.1175	10	0	0
0.3625	0.1225	10	0	0
0.3625	0.1275	10	0	0
0.3625	0.1325	10	0	0
0.3625	0.1375	10	0	0
0.3625	0.1425	10	0	0
0.3625	0.1475	10	0	0
0.3625	0.1525	10	0	0
0.3625	0.1575	10	0	0
0.3625	0.1625	10	0	0
0.3625	0.1675	10	0	0
0.3625	0.1725	10	0	0
0.3625	0.1775	10	0	0
0.3625	0.1825	10	0	0
0.3625	0.1875	10	0	0
0.3625	0.1925	10	0	0
0.3625	0.1975	10	0	0
0.3625	0.2025	10	0	0
0.3625	0.2075	10	0	0
0.3625	0.2125	10	0	0
0.3625	0.2175	10	0	0
0.3625	0.2225	10	0	0
0.3625	0.2275	10	0	0
0.3625	0.2325	10	0	0
0.3625	0.2375	10	0	0
0.3625	0.2425	10	0	0
0.3625	0.2475	10	0	0
0.3625	0.2525	10	0	0
0.3625	0.2575	10	0	0
0.3625	0.2625	10	0	0
0.3625	0.2675	10	0	0
0.3625	0.2725	10	0	0
0.3625	0.2775	10	0	0
0.3625	0.2825	10	0	0
0.3625	0.2875	10	0	0
0.3625	0.2925	10	0	0
0.3625	0.2975	10	0	0
0.3625	0.3025	10	0	0
0.3625	0.3075	10	0	0
0.3625	0.3125	10	0	0
0.3625	0.3175	10	0	0
0.3625	0.3225	10	0	0
0.3625	0.3275	10	0	0
0.3625	0.3325	10	0	0
0.3625	0.3375	10	0	0
0.3625	0.3425	10	0	0
0.3625	0.3475	10	0	4.31544e-40
0.3625	0.3525	10	0	1.69602e-38
0.3625	0.3575	10	0	5.29132e-37
0.3625	0.3625	10	0	1.69625e-35
0.3625	0.3675	10	0	5.33018e-34
0.3625	0.3725	10	0	1.43185e-32
0.3625	0.3775	10	0	3.09769e-31
0.3625	0.3825	10	0	5.28321e-30
0.3625	0.3875	10	0	6.80195e-29
0.3625	0.3925	10	0	5.91993e-28
0.3625	0.3975	10	0	3.41701e-27
0.3625	0.4025	10	0	8.29581e-27
0.3625	0.4075	10	0	5.83232e-27
0.3625	0.4125	10	0	1.53006e-27
0.3625	0.4175	10	0	2.15705e-28
0.3625	0.4225	10	0	1.31211e-29
0.3625	0.4275	10	0	3.01787e-30
0.3625	0.4325	10	0	-4.12376e-32
0.3625	0.4375	10	0	9.47038e-32
0.3625	0.4425	10	0	1.67405e-34
0.3625	0.4475	10	0	-3.07283e-36
0.3625	0.4525	10	0	3.02892e-35
0.3625	0.4575	10	0	3.02082e-35
0.3625	0.4625	10	0	4.61223e-40
0.3625	0.4675	10	0	8.90918e-40
0.3625	0.4725	10	0	0
0.3625	0.4775	10	0	0
0.3625	0.4825	10	0	0
0.3625	0.4875	10	0	0
0.3625	0.4925	10	0	0
0.3625	0.4975	10	0	0
0.3625	0.5025	10	0	0
0.3625	0.5075	10	0	0
0.3625	0.5125	10	0	0
0.3625	0.5175	10	0	0
0.3625	0.5225	10	0	0
0.3625	0.5275	10	0	0
0.3625	0.5325	10	0	0
0.3625	0.5375	10	0	-8.90918e-40
0.3625	0.5425	10	0	-4.61223e-40
0.3625	0.5475	10	0	-3.02082e-35
0.3625	0.5525	10	0	-3.02892e-35
0.3625	0.5575	10	0	3.07283e-36
0.3625	0.5625	10	0	-1.67405e-34
0.3625	0.5675	10	0	-9.47038e-32
0.3625	0.5725	10	0	4.12376e-32
0.3625	0.5775	10	0	-3.01787e-30
0.3625	0.5825	10	0	-1.31211e-29
0.3625	0.5875	10	0	-2.15705e-28
0.3625	0.5925	10	0	-1.53006e-27
0.3625	0.5975	10	0	-5.83232e-27
0.3625	0.6025	10	0	-8.29581e-27
0.3625	0.6075	10	0	-3.41701e-27
0.3625	0.6125	10	0	-5.91993e-28
0.3625	0.6175	10	0	-6.80195e-29
0.3625	0.6225	10	0	-5.28321e-30
0.3625	0.6275	10	0	-3.09769e-31
0.3625	0.6325	10	0	-1.43185e-32
0.3625	0.6375	10	0	-5.33018e-34
0.3625	0.6425	10	0	-1.69625e-35
0.3625	0.6475	10	0	-5.29132e-37
0.3625	0.6525	10	0	-1.69602e-38
0.3625	0.6575	10	0	-4.31544e-40
0.3625	0.6625	10	0	0
0.3625	0.6675	10	0	0
0.3625	0.6725	10	0	0
0.3625	0.6775	10	0	0
0.3625	0.6825	10	0	0
0.3625	0.6875	10	0	0
0.3625	0.6925	10	0	0
0.3625	0.6975	10	0	0
0.3625	0.7025	10	0	0
0.3625	0.7075	10	0	0
0.3625	0.7125	10	0	0
0.3625	0.7175	10	0	0
0.3625	0.7225	10	0	0
0.3625	0.7275	10	0	0
0.3625	0.7325	10	0	0
0.3625	0.7375	10	0	0
0.3625	0.7425	10	0	0
0.3625	0.7475	10	0	0
0.3625	0.7525	10	0	0
0.3625	0.7575	10	0	0
0.3625	0.7625	10	0	0
0.3625	0.7675	10	0	0
0.3625	0.7725	10	0	0
0.3625	0.7775	10	0	0
0.3625	0.7825	10	0	0
0.3625	0.7875	10	0	0
0.3625	0.7925	10	0	0
0.3625	0.7975	10	0	0
0.3625	0.8025	10	0	0
0.3625	0.8075	10	0	0
0.3625	0.8125	10	0	0
0.3625	0.8175	10	0	0
0.3625	0.8225	10	0	0
0.3625	0.8275	10	0	0
0.3625	0.8325	10	0	0
0.3625	0.8375	10	0	0
0.3625	0.8425	10	0	0
0.3625	0.8475	10	0	0
0.3625	0.8525	10	0	0
0.3625	0.8575	10	0	0
0.3625	0.8625	10	0	0
0.3625	0.8675	10	0	0
0.3625	0.8725	10	0	0
0.3625	0.8775	10	0	0
0.3625	0.8825	10	0	0
0.3625	0.8875	10	0	0
0.3625	0.8925	10	0	0
0.3625	0.8975	10	0	0
0.3625	0.9025	10	0	0
0.3625	0.9075	10	0	0
0.3625	0.9125	10	0	0
0.3625	0.9175	10	0	0
0.3625	0.9225	10	0	0
0.3625	0.9275	10	0	0
0.3625	0.9325	10	0	0
0.3625	0.9375	10	0	0
0.3625	0.9425	10	0	0
0.3625	0.9475	10	0	0
0.3625	0.9525	10	0	0
0.3625	0.9575	10	0	0
0.3625	0.9625	10	0	0
0.3625	0.9675	10	0	0
0.3625	0.9725	10	0	0
0.3625	0.9775	10	0	0
0.3625	0.9825	10	0	0
0.3625	0.9875	10	0	0
0.3625	0.9925	10	0	0
0.3625	0.9975	10	0	0
0.3625	1.0025	10	0	0
0.3675	0.0075	10	0	0
0.3675	0.0125	10	0	0
0.3675	0.0175	10	0	0
0.3675	0.0225	10	0	0
0.3675	0.0275	10	0	0
0.3675	0.0325	10	0	0
0.3675	0.0375	10	0	0
0.3675	0.0425	10	0	0
0.3675	0.0475	10	0	0
0.3675	0.0525	10	0	0
0.3675	0.0575	10	0	0
0.3675	0.0625	10	0	0
0.3675	0.0675	10	0	0
0.3675	0.0725	10	0	0
0.3675	0.0775	10	0	0
0.3675	0.0825	10	0	0
0.3675	0.0875	10	0	0
0.3675	0.0925	10	0	0
0.3675	0.0975	10	0	0
0.3675	0.1025	10	0	0
0.3675	0.1075	10	0	0
0.3675	0.1125	10	0	0
0.3675	0.1175	10	0	0
0.3675	0.1225	10	0	0
0.3675	0.1275	10	0	0
0.3675	0.1325	10	0	0
0.3675	0.1375	10	0	0
0.3675	0.1425	10	0	0
0.3675	0.1475	10	0	0
0.3675	0.1525	10	0	0
0.3675	0.1575	10	0	0
0.3675	0.1625	10	0	0
0.3675	0.1675	10	0	0
0.3675	0.1725	10	0	0
0.3675	0.1775	10	0	0
0.3675	0.1825	10	0	0
0.3675	0.1875	10	0	0
0.3675	0.1925	10	0	0
0.3675	0.1975	10	0	0
0.3675	0.2025	10	0	0
0.3675	0.2075	10	0	0
0.3675	0.2125	10	0	0
0.3675	0.2175	10	0	0
0.3675	0.2225	10	0	0
0.3675	0.2275	10	0	0
0.3675	0.2325	10	0	0
0.3675	0.2375	10	0	0
0.3675	0.2425	10	0	0
0.3675	0.2475	10	0	0
0.3675	0.2525	10	0	0
0.3675	0.2575	10	0	0
0.3675	0.2625	10	0	0
0.3675	0.2675	10	0	0
0.3675	0.2725	10	0	0
0.3675	0.2775	10	0	0
0.3675	0.2825	10	0	0
0.3675	0.2875	10	0	0
0.3675	0.2925	10	0	0
0.3675	0.2975	10	0	0
0.3675	0.3025	10	0	0
0.3675	0.3075	10	0	0
0.3675	0.3125	10	0	0
0.3675	0.3175	10	0	0
0.3675	0.3225	10	0	0
0.3675	0.3275	10	0	0
0.3675	0.3325	10	0	0
0.3675	0.3375	10	0	0
0.3675	0.3425	10	0	3.14676e-40
0.3675	0.3475	10	0	1.85035e-38
0.3675	0.3525	10	0	6.06045e-37
0.3675	0.3575	10	0	1.85673e-35
0.3675	0.3625	10	0	5.91176e-34
0.3675	0.3675	10	0	1.81661e-32
0.3675	0.3725	10	0	4.7134e-31
0.3675	0.3775	10	0	9.77378e-30
0.3675	0.3825	10	0	1.59366e-28
0.3675	0.3875	10	0	1.96701e-27
0.3675	0.3925	10	0	1.65131e-26
0.3675	0.3975	10	0	9.05564e-26
0.3675	0.4025	10	0	2.09736e-25
0.3675	0.4075	10	0	1.48509e-25
0.3675	0.4125	10	0	4.14409e-26
0.3675	0.4175	10	0	6.35007e-27
0.3675	0.4225	10	0	5.42073e-28
0.3675	0.4275	10	0	1.22558e-28
0.3675	0.4325	10	0	4.2155e-30
0.3675	0.4375	10	0	4.01568e-30
0.3675	0.4425	10	0	1.3388e-32
0.3675	0.4475	10	0	-1.05181e-34
0.3675	0.4525	10	0	1.98399e-33
0.3675	0.4575	10	0	1.97908e-33
0.3675	0.4625	10	0	3.79169e-38
0.3675	0.4675	10	0	7.16478e-38
0.3675	0.4725	10	0	0
0.3675	0.4775	10	0	0
0.3675	0.4825	10	0	0
0.3675	0.4875	10	0	0
0.3675	0.4925	10	0	0
0.3675	0.4975	10	0	0
0.3675	0.5025	10	0	0
0.3675	0.5075	10	0	0
0.3675	0.5125	10	0	0
0.3675	0.5175	10	0	0
0.3675	0.5225	10	0	0
0.3675	0.5275	10	0	0
0.3675	0.5325	10	0	0
0.3675	0.5375	10	0	-7.16478e-38
0.3675	0.5425	10	0	-3.79169e-38
0.3675	0.5475	10	0	-1.97908e-33
0.3675	0.5525	10	0	-1.98399e-33
0.3675	0.5575	10	0	1.05181e-34
0.3675	0.5625	10	0	-1.3388e-32
0.3675	0.5675	10	0	-4.01568e-30
0.3675	0.5725	10	0	-4.2155e-30
0.3675	0.5775	10	0	-1.22558e-28
0.3675	0.5825	10	0	-5.42073e-28
0.3675	0.5875	10	0	-6.35007e-27
0.3675	0.5925	10	0	-4.14409e-26
0.3675	0.5975	10	0	-1.48509e-25
0.3675	0.6025	10	0	-2.09736e-25
0.3675	0.6075	10	0	-9.05564e-26
0.3675	0.6125	10	0	-1.65131e-26
0.3675	0.6175	10	0	-1.96701e-27
0.3675	0.6225	10	0	-1.59366e-28
0.3675	0.6275	10	0	-9.77378e-30
0.3675	0.6325	10	0	-4.7134e-31
0.3675	0.6375	10	0	-1.81661e-32
0.3675	0.6425	10	0	-5.91176e-34
0.3675	0.6475	10	0	-1.85673e-35
0.3675	0.6525	10	0	-6.06045e-37
0.3675	0.6575	10	0	-1.85035e-38
0.3675	0.6625	10	0	-3.14676e-40
0.3675	0.6675	10	0	0
0.3675	0.6725	10	0	0
0.3675	0.6775	10	0	0
0.3675	0.6825	10	0	0
0.3675	0.6875	10	0	0
0.3675	0.6925	10	0	0
0.3675	0.6975	10	0	0
0.3675	0.7025	10	0	0
0.3675	0.7075	10	0	0
0.3675	0.7125	10	0	0
0.3675	0.7175	10	0	0
0.3675	0.7225	10	0	0
0.3675	0.7275	10	0	0
0.3675	0.7325	10	0	0
0.3675	0.7375	10	0	0
0.3675	0.7425	10	0	0
0.3675	0.7475	10	0	0
0.3675	0.7525	10	0	0
0.3675	0.7575	10	0	0
0.3675	0.7625	10	0	0
0.3675	0.7675	10	0	0
0.3675	0.7725	10	0	0
0.3675	0.7775	10	0	0
0.3675	0.7825	10	0	0
0.3675	0.7875	10	0	0
0.3675	0.7925	10	0	0
0.3675	0.7975	10	0	0
0.3675	0.8025	10	0	0
0.3675	0.8075	10	0	0
0.3675	0.8125	10	0	0
0.3675	0.8175	10	0	0
0.3675	0.8225	10	0	0
0.3675	0.8275	10	0	0
0.3675	0.8325	10	0	0
0.3675	0.8375	10	0	0
0.3675	0.8425	10	0	0
0.3675	0.8475	10	0	0
0.3675	0.8525	10	0	0
0.3675	0.8575	10	0	0
0.3675	0.8625	10	0	0
0.3675	0.8675	10	0	0
0.3675	0.8725	10	0	0
0.3675	0.8775	10	0	0
0.3675	0.8825	10	0	0
0.3675	0.8875	10	0	0
0.3675	0.8925	10	0	0
0.3675	0.8975	10	0	0
0.3675	0.9025	10	0	0
0.3675	0.9075	10	0	0
0.3675	0.9125	10	0	0
0.3675	0.9175	10	0	0
0.3675	0.9225	10	0	0
0.3675	0.9275	10	0	0
0.3675	0.9325	10	0	0
0.3675	0.9375	10	0	0
0.3675	0.9425	10	0	0
0.3675	0.9475	10	0	0
0.3675	0.9525	10	0	0
0.3675	0.9575	10	0	0
0.3675	0.9625	10	0	0
0.3675	0.9675	10	0	0
0.3675	0.9725	10	0	0
0.3675	0.9775	10	0	0
0.3675	0.9825	10	0	0
0.3675	0.9875	10	0	0
0.3675	0.9925	10	0	0
0.3675	0.9975	10	0	0
0.3675	1.0025	10	0	0
0.3725	0.0075	10	0	0
0.3725	0.0125	10	0	0
0.3725	0.0175	10	0	0
0.3725	0.0225	10	0	0
0.3725	0.0275	10	0	0
0.3725	0.0325	10	0	0
0.3725	0.0375	10	0	0
0.3725	0.0425	10	0	0
0.3725	0.0475	10	0	0
0.3725	0.0525	10	0	0
0.3725	0.0575	10	0	0
0.3725	0.0625	10	0	0
0.3725	0.0675	10	0	0
0.3725	0.0725	10	0	0
0.3725	0.0775	10	0	0
0.3725	0.0825	10	0	0
0.3725	0.0875	10	0	0
0.3725	0.0925	10	0	0
0.3725	0.0975	10	0	0
0.3725	0.1025	10	0	0
0.3725	0.1075	10	0	0
0.3725	0.1125	10	0	0
0.3725	0.1175	10	0	0
0.3725	0.1225	10	0	0
0.3725	0.1275	10	0	0
0.3725	0.1325	10	0	0
0.3725	0.1375	10	0	0
0.3725	0.1425	10	0	0
0.3725	0.1475	10	0	0
0.3725	0.1525	10	0	0
0.3725	0.1575	10	0	0
0.3725	0.1625	10	0	0
0.3725	0.1675	10	0	0
0.3725	0.1725	10	0	0
0.3725	0.1775	10	0	0
0.3725	0.1825	10	0	0
0.3725	0.1875	10	0	0
0.3725	0.1925	10	0	0
0.3725	0.1975	10	0	0
0.3725	0.2025	10	0	0
0.3725	0.2075	10	0	0
0.3725	0.2125	10	0	0
0.3725	0.2175	10	0	0
0.3725	0.2225	10	0	0
0.3725	0.2275	10	0	0
0.3725	0.2325	10	0	0
0.3725	0.2375	10	0	0
0.3725	0.2425	10	0	0
0.3725	0.2475	10	0	0
0.3725	0.2525	10	0	0
0.3725	0.2575	10	0	0
0.3725	0.2625	10	0	0
0.3725	0.2675	10	0	0
0.3725	0.2725	10	0	0
0.3725	0.2775	10	0	0
0.3725	0.2825	10	0	0
0.3725	0.2875	10	0	0
0.3725	0.2925	10	0	0
0.3725	0.2975	10	0	0
0.3725	0.3025	10	0	0
0.3725	0.3075	10	0	0
0.3725	0.3125	10	0	0
0.3725	0.3175	10	0	0
0.3725	0.3225	10	0	0
0.3725	0.3275	10	0	0
0.3725	0.3325	10	0	0
0.3725	0.3375	10	0	2.58119e-41
0.3725	0.3425	10	0	1.44856e-38
0.3725	0.3475	10	0	6.7145e-37
0.3725	0.3525	10	0	2.10891e-35
0.3725	0.3575	10	0	6.37219e-34
0.3725	0.3625	10	0	2.01339e-32
0.3725	0.3675	10	0	6.03876e-31
0.3725	0.3725	10	0	1.51082e-29
0.3725	0.3775	10	0	2.99729e-28
0.3725	0.3825	10	0	4.6646e-27
0.3725	0.3875	10	0	5.51025e-26
0.3725	0.3925	10	0	4.4583e-25
0.3725	0.3975	10	0	2.31458e-24
0.3725	0.4025	10	0	5.11394e-24
0.3725	0.4075	10	0	3.66238e-24
0.3725	0.4125	10	0	1.09046e-24
0.3725	0.4175	10	0	1.81982e-25
0.3725	0.4225	10	0	1.99891e-26
0.3725	0.4275	10	0	4.51184e-27
0.3725	0.4325	10	0	3.27166e-28
0.3725	0.4375	10	0	1.61475e-28
0.3725	0.4425	10	0	8.46253e-31
0.3725	0.4475	10	0	-3.43897e-33
0.3725	0.4525	10	0	1.23363e-31
0.3725	0.4575	10	0	1.23082e-31
0.3725	0.4625	10	0	2.76923e-36
0.3725	0.4675	10	0	5.28586e-36
0.3725	0.4725	10	0	0
0.3725	0.4775	10	0	0
0.3725	0.4825	10	0	0
0.3725	0.4875	10	0	0
0.3725	0.4925	10	0	0
0.3725	0.4975	10	0	0
0.3725	0.5025	10	0	0
0.3725	0.5075	10	0	0
0.3725	0.5125	10	0	0
0.3725	0.5175	10	0	0
0.3725	0.5225	10	0	0
0.3725	0.5275	10	0	0
0.3725	0.5325	10	0	0
0.3725	0.5375	10	0	-5.28586e-36
0.3725	0.5425	10	0	-2.76923e-36
0.3725	0.5475	10	0	-1.23082e-31
0.3725	0.5525	10	0	-1.23363e-31
0.3725	0.5575	10	0	3.43897e-33
0.3725	0.5625	10	0	-8.46253e-31
0.3725	0.5675	10	0	-1.61475e-28
0.3725	0.5725	10	0	-3.27166e-28
0.3725	0.5775	10	0	-4.51184e-27
0.3725	0.5825	10	0	-1.99891e-26
0.3725	0.5875	10	0	-1.81982e-25
0.3725	0.5925	10	0	-1.09046e-24
0.3725	0.5975	10	0	-3.66238e-24
0.3725	0.6025	10	0	-5.11394e-24
0.3725	0.6075	10	0	-2.31458e-24
0.3725	0.6125	10	0	-4.4583e-25
0.3725	0.6175	10	0	-5.51025e-26
0.3725	0.6225	10	0	-4.6646e-27
0.3725	0.6275	10	0	-2.99729e-28
0.3725	0.6325	10	0	-1.51082e-29
0.3725	0.6375	10	0	-6.03876e-31
0.3725	0.6425	10	0	-2.01339e-32
0.3725	0.6475	10	0	-6.37219e-34
0.3725	0.6525	10	0	-2.10891e-35
0.3725	0.6575	10	0	-6.7145e-37
0.3725	0.6625	10	0	-1.44856e-38
0.3725	0.6675	10	0	-2.58119e-41
0.3725	0.6725	10	0	0
0.3725	0.6775	10	0	0
0.3725	0.6825	10	0	0
0.3725	0.6875	10	0	0
0.3725	0.6925	10	0	0
0.3725	0.6975	10	0	0
0.3725	0.7025	10	0	0
0.3725	0.7075	10	0	0
0.3725	0.7125	10	0	0
0.3725	0.7175	10	0	0
0.3725	0.7225	10	0	0
0.3725	0.7275	10	0	0
0.3725	0.7325	10	0	0
0.3725	0.7375	10	0	0
0.3725	0.7425	10	0	0
0.3725	0.7475	10	0	0
0.3725	0.7525	10	0	0
0.3725	0.7575	10	0	0
0.3725	0.7625	10	0	0
0.3725	0.7675	10	0	0
0.3725	0.7725	10	0	0
0.3725	0.7775	10	0	0
0.3725	0.7825	10	0	0
0.3725	0.7875	10	0	0
0.3725	0.7925	10	0	0
0.3725	0.7975	10	0	0
0.3725	0.8025	10	0	0
0.3725	0.8075	10	0	0
0.3725	0.8125	10	0	0
0.3725	0.8175	10	0	0
0.3725	0.8225	10	0	0
0.3725	0.8275	10	0	0
0.3725	0.8325	10	0	0
0.3725	0.8375	10	0	0
0.3725	0.8425	10	0	0
0.3725	0.8475	10	0	0
0.3725	0.8525	10	0	0
0.3725	0.8575	10	0	0
0.3725	0.8625	10	0	0
0.3725	0.8675	10	0	0
0.3725	0.8725	10	0	0
0.3725	0.8775	10	0	0
0.3725	0.8825	10	0	0
0.3725	0.8875	10	0	0
0.3725	0.8925	10	0	0
0.3725	0.8975	10	0	0
0.3725	0.9025	10	0	0
0.3725	0.9075	10	0	0
0.3725	0.9125	10	0	0
0.3725	0.9175	10	0	0
0.3725	0.9225	10	0	0
0.3725	0.9275	10	0	0
0.3725	0.9325	10	0	0
0.3725	0.9375	10	0	0
0.3725	0.9425	10	0	0
0.3725	0.9475	10	0	0
0.3725	0.9525	10	0	0
0.3725	0.9575	10	0	0
0.3725	0.9625	10	0	0
0.3725	0.9675	10	0	0
0.3725	0.9725	10	0	0
0.3725	0.9775	10	0	0
0.3725	0.9825	10	0	0
0.3725	0.9875	10	0	0
0.3725	0.9925	10	0	0
0.3725	0.9975	10	0	0
0.3725	1.0025	10	0	0
0.3775	0.0075	10	0	0
0.3775	0.0125	10	0	0
0.3775	0.0175	10	0	0
0.3775	0.0225	10	0	0
0.3775	0.0275	10	0	0
0.3775	0.0325	10	0	0
0.3775	0.0375	10	0	0
0.3775	0.0425	10	0	0
0.3775	0.0475	10	0	0
0.3775	0.0525	10	0	0
0.3775	0.0575	10	0	0
0.3775	0.0625	10	0	0
0.3775	0.0675	10	0	0
0.3775	0.0725	10	0	0
0.3775	0.0775	10	0	0
0.3775	0.0825	10	0	0
0.3775	0.0875	10	0	0
0.3775	0.0925	10	0	0
0.3775	0.0975	10	0	0
0.3775	0.1025	10	0	0
0.3775	0.1075	10	0	0
0.3775	0.1125	10	0	0
0.3775	0.1175	10	0	0
0.3775	0.1225	10	0	0
0.3775	0.1275	10	0	0
0.3775	0.1325	10	0	0
0.3775	0.1375	10	0	0
0.3775	0.1425	10	0	0
0.3775	0.1475	10	0	0
0.3775	0.1525	10	0	0
0.3775	0.1575	10	0	0
0.3775	0.1625	10	0	0
0.3775	0.1675	10	0	0
0.3775	0.1725	10	0	0
0.3775	0.1775	10	0	0
0.3775	0.1825	10	0	0
0.3775	0.1875	10	0	0
0.3775	0.1925	10	0	0
0.3775	0.1975	10	0	0
0.3775	0.2025	10	0	0
0.3775	0.2075	10	0	0
0.3775	0.2125	10	0	0
0.3775	0.2175	10	0	0
0.3775	0.2225	10	0	0
0.3775	0.2275	10	0	0
0.3775	0.2325	10	0	0
0.3775	0.2375	10	0	0
0.3775	0.2425	10	0	0
0.3775	0.2475	10	0	0
0.3775	0.2525	10	0	0
0.3775	0.2575	10	0	0
0.3775	0.2625	10	0	0
0.3775	0.2675	10	0	0
0.3775	0.2725	10	0	0
0.3775	0.2775	10	0	0
0.3775	0.2825	10	0	0
0.3775	0.2875	10	0	0
0.3775	0.2925	10	0	0
0.3775	0.2975	10	0	0
0.3775	0.3025	10	0	0
0.3775	0.3075	10	0	0
0.3775	0.3125	10	0	0
0.3775	0.3175	10	0	0
0.3775	0.3225	10	0	0
0.3775	0.3275	10	0	0
0.3775	0.3325	10	0	0
0.3775	0.3375	10	0	5.70833e-39
0.3775	0.3425	10	0	5.53322e-37
0.3775	0.3475	10	0	2.36462e-35
0.3775	0.3525	10	0	7.15663e-34
0.3775	0.3575	10	0	2.13825e-32
0.3775	0.3625	10	0	6.69613e-31
0.3775	0.3675	10	0	1.95631e-29
0.3775	0.3725	10	0	4.71171e-28
0.3775	0.3775	10	0	8.92748e-27
0.3775	0.3825	10	0	1.32372e-25
0.3775	0.3875	10	0	1.49359e-24
0.3775	0.3925	10	0	1.1631e-23
0.3775	0.3975	10	0	5.69483e-23
0.3775	0.4025	10	0	1.20096e-22
0.3775	0.4075	10	0	8.75444e-23
0.3775	0.4125	10	0	2.79516e-23
0.3775	0.4175	10	0	5.09301e-24
0.3775	0.4225	10	0	6.8244e-25
0.3775	0.4275	10	0	1.54912e-25
0.3775	0.4325	10	0	1.63517e-26
0.3775	0.4375	10	0	6.15587e-27
0.3775	0.4425	10	0	4.73769e-29
0.3775	0.4475	10	0	-1.02937e-31
0.3775	0.4525	10	0	7.25993e-30
0.3775	0.4575	10	0	7.24486e-30
0.3775	0.4625	10	0	1.9141e-34
0.3775	0.4675	10	0	3.6818e-34
0.3775	0.4725	10	0	0
0.3775	0.4775	10	0	0
0.3775	0.4825	10	0	0
0.3775	0.4875	10	0	0
0.3775	0.4925	10	0	0
0.3775	0.4975	10	0	0
0.3775	0.5025	10	0	0
0.3775	0.5075	10	0	0
0.3775	0.5125	10	0	0
0.3775	0.5175	10	0	0
0.3775	0.5225	10	0	0
0.3775	0.5275	10	0	0
0.3775	0.5325	10	0	0
0.3775	0.5375	10	0	-3.6818e-34
0.3775	0.5425	10	0	-1.9141e-34
0.3775	0.5475	10	0	-7.24486e-30
0.3775	0.5525	10	0	-7.25993e-30
0.3775	0.5575	10	0	1.02937e-31
0.3775	0.5625	10	0	-4.73769e-29
0.3775	0.5675	10	0	-6.15587e-27
0.3775	0.5725	10	0	-1.63517e-26
0.3775	0.5775	10	0	-1.54912e-25
0.3775	0.5825	10	0	-6.8244e-25
0.3775	0.5875	10	0	-5.09301e-24
0.3775	0.5925	10	0	-2.79516e-23
0.3775	0.5975	10	0	-8.75444e-23
0.3775	0.6025	10	0	-1.20096e-22
0.3775	0.6075	10	0	-5.69483e-23
0.3775	0.6125	10	0	-1.1631e-23
0.3775	0.6175	10	0	-1.49359e-24
0.3775	0.6225	10	0	-1.32372e-25
0.3775	0.6275	10	0	-8.92748e-27
0.3775	0.6325	10	0	-4.71171e-28
0.3775	0.6375	10	0	-1.95631e-29
0.3775	0.6425	10	0	-6.69613e-31
0.3775	0.6475	10	0	-2.13825e-32
0.3775	0.6525	10	0	-7.15663e-34
0.3775	0.6575	10	0	-2.36462e-35
0.3775	0.6625	10	0	-5.53322e-37
0.3775	0.6675	10	0	-5.70833e-39
0.3775	0.6725	10	0	0
0.3775	0.6775	10	0	0
0.3775	0.6825	10	0	0
0.3775	0.6875	10	0	0
0.3775	0.6925	10	0	0
0.3775	0.6975	10	0	0
0.3775	0.7025	10	0	0
0.3775	0.7075	10	0	0
0.3775	0.7125	10	0	0
0.3775	0.7175	10	0	0
0.3775	0.7225	10	0	0
0.3775	0.7275	10	0	0
0.3775	0.7325	10	0	0
0.3775	0.7375	10	0	0
0.3775	0.7425	10	0	0
0.3775	0.7475	10	0	0
0.3775	0.7525	10	0	0
0.3775	0.7575	10	0	0
0.3775	0.7625	10	0	0
0.3775	0.7675	10	0	0
0.3775	0.7725	10	0	0
0.3775	0.7775	10	0	0
0.3775	0.7825	10	0	0
0.3775	0.7875	10	0	0
0.3775	0.7925	10	0	0
0.3775	0.7975	10	0	0
0.3775	0.8025	10	0	0
0.3775	0.8075	10	0	0
0.3775	0.8125	10	0	0
0.3775	0.8175	10	0	0
0.3775	0.8225	10	0	0
0.3775	0.8275	10	0	0
0.3775	0.8325	10	0	0
0.3775	0.8375	10	0	0
0.3775	0.8425	10	0	0
0.3775	0.8475	10	0	0
0.3775	0.8525	10	0	0
0.3775	0.8575	10	0	0
0.3775	0.8625	10	0	0
0.3775	0.8675	10	0	0
0.3775	0.8725	10	0	0
0.3775	0.8775	10	0	0
0.3775	0.8825	10	0	0
0.3775	0.8875	10	0	0
0.3775	0.8925	10	0	0
0.3775	0.8975	10	0	0
0.3775	0.9025	10	0	0
0.3775	0.9075	10	0	0
0.3775	0.9125	10	0	0
0.3775	0.9175	10	0	0
0.3775	0.9225	10	0	0
0.3775	0.9275	10	0	0
0.3775	0.9325	10	0	0
0.3775	0.9375	10	0	0
0.3775	0.9425	10	0	0
0.3775	0.9475	10	0	0
0.3775	0.9525	10	0	0
0.3775	0.9575	10	0	0
0.3775	0.9625	10	0	0
0.3775	0.9675	10	0	0
0.3775	0.9725	10	0	0
0.3775	0.9775	10	0	0
0.3775	0.9825	10	0	0
0.3775	0.9875	10	0	0
0.3775	0.9925	10	0	0
0.3775	0.9975	10	0	0
0.3775	1.0025	10	0	0
0.3825	0.0075	10	0	0
0.3825	0.0125	10	0	0
0.3825	0.0175	10	0	0
0.3825	0.0225	10	0	0
0.3825	0.0275	10	0	0
0.3825	0.0325	10	0	0
0.3825	0.0375	10	0	0
0.3825	0.0425	10	0	0
0.3825	0.0475	10	0	0
0.3825	0.0525	10	0	0
0.3825	0.0575	10	0	0
0.3825	0.0625	10	0	0
0.3825	0.0675	10	0	0
0.3825	0.0725	10	0	0
0.3825	0.0775	10	0	0
0.3825	0.0825	10	0	0
0.3825	0.0875	10	0	0
0.3825	0.0925	10	0	0
0.3825	0.0975	10	0	0
0.3825	0.1025	10	0	0
0.3825	0.1075	10	0	0
0.3825	0.1125	10	0	0
0.3825	0.1175	10	0	0
0.3825	0.1225	10	0	0
0.3825	0.1275	10	0	0
0.3825	0.1325	10	0	0
0.3825	0.1375	10	0	0
0.3825	0.1425	10	0	0
0.3825	0.1475	10	0	0
0.3825	0.1525	10	0	0
0.3825	0.1575	10	0	0
0.3825	0.1625	10	0	0
0.3825	0.1675	10	0	0
0.3825	0.1725	10	0	0
0.3825	0.1775	10	0	0
0.3825	0.1825	10	0	0
0.3825	0.1875	10	0	0
0.3825	0.1925	10	0	0
0.3825	0.1975	10	0	0
0.3825	0.2025	10	0	0
0.3825	0.2075	10	0	0
0.3825	0.2125	10	0	0
0.3825	0.2175	10	0	0
0.3825	0.2225	10	0	0
0.3825	0.2275	10	0	0
0.3825	0.2325	10	0	0
0.3825	0.2375	10	0	0
0.3825	0.2425	10	0	0
0.3825	0.2475	10	0	0
0.3825	0.2525	10	0	0
0.3825	0.2575	10	0	0
0.3825	0.2625	10	0	0
0.3825	0.2675	10	0	0
0.3825	0.2725	10	0	0
0.3825	0.2775	10	0	0
0.3825	0.2825	10	0	0
0.3825	0.2875	10	0	0
0.3825	0.2925	10	0	0
0.3825	0.2975	10	0	0
0.3825	0.3025	10	0	0
0.3825	0.3075	10	0	0
0.3825	0.3125	10	0	0
0.3825	0.3175	10	0	0
0.3825	0.3225	10	0	0
0.3825	0.3275	10	0	0
0.3825	0.3325	10	0	3.80817e-40
0.3825	0.3375	10	0	2.4254e-37
0.3825	0.3425	10	0	2.04294e-35
0.3825	0.3475	10	0	8.08945e-34
0.3825	0.3525	10	0	2.36798e-32
0.3825	0.3575	10	0	7.01269e-31
0.3825	0.3625	10	0	2.17296e-29
0.3825	0.3675	10	0	6.1705e-28
0.3825	0.3725	10	0	1.42833e-26
0.3825	0.3775	10	0	2.58066e-25
0.3825	0.3825	10	0	3.63895e-24
0.3825	0.3875	10	0	3.91269e-23
0.3825	0.3925	10	0	2.92656e-22
0.3825	0.3975	10	0	1.34604e-21
0.3825	0.4025	10	0	2.71302e-21
0.3825	0.4075	10	0	2.03075e-21
0.3825	0.4125	10	0	6.99492e-22
0.3825	0.4175	10	0	1.39435e-22
0.3825	0.4225	10	0	2.197e-23
0.3825	0.4275	10	0	5.0375e-24
0.3825	0.4325	10	0	6.80399e-25
0.3825	0.4375	10	0	2.22359e-25
0.3825	0.4425	10	0	2.43692e-27
0.3825	0.4475	10	0	-2.13879e-30
0.3825	0.4525	10	0	4.0302e-28
0.3825	0.4575	10	0	4.02266e-28
0.3825	0.4625	10	0	1.2475e-32
0.3825	0.4675	10	0	2.41333e-32
0.3825	0.4725	10	0	0
0.3825	0.4775	10	0	0
0.3825	0.4825	10	0	0
0.3825	0.4875	10	0	0
0.3825	0.4925	10	0	0
0.3825	0.4975	10	0	0
0.3825	0.5025	10	0	0
0.3825	0.5075	10	0	0
0.3825	0.5125	10	0	0
0.3825	0.5175	10	0	0
0.3825	0.5225	10	0	0
0.3825	0.5275	10	0	0
0.3825	0.5325	10	0	0
0.3825	0.5375	10	0	-2.41333e-32
0.3825	0.5425	10	0	-1.2475e-32
0.3825	0.5475	10	0	-4.02266e-28
0.3825	0.5525	10	0	-4.0302e-28
0.3825	0.5575	10	0	2.13879e-30
0.3825	0.5625	10	0	-2.43692e-27
0.3825	0.5675	10	0	-2.22359e-25
0.3825	0.5725	10	0	-6.80399e-25
0.3825	0.5775	10	0	-5.0375e-24
0.3825	0.5825	10	0	-2.197e-23
0.3825	0.5875	10	0	-1.39435e-22
0.3825	0.5925	10	0	-6.99492e-22
0.3825	0.5975	10	0	-2.03075e-21
0.3825	0.6025	10	0	-2.71302e-21
0.3825	0.6075	10	0	-1.34604e-21
0.3825	0.6125	10	0	-2.92656e-22
0.3825	0.6175	10	0	-3.91269e-23
0.3825	0.6225	10	0	-3.63895e-24
0.3825	0.6275	10	0	-2.58066e-25
0.3825	0.6325	10	0	-1.42833e-26
0.3825	0.6375	10	0	-6.1705e-28
0.3825	0.6425	10	0	-2.17296e-29
0.3825	0.6475	10	0	-7.01269e-31
0.3825	0.6525	10	0	-2.36798e-32
0.3825	0.6575	10	0	-8.08945e-34
0.3825	0.6625	10	0	-2.04294e-35
0.3825	0.6675	10	0	-2.4254e-37
0.3825	0.6725	10	0	-3.80817e-40
0.3825	0.6775	10	0	0
0.3825	0.6825	10	0	0
0.3825	0.6875	10	0	0
0.3825	0.6925	10	0	0
0.3825	0.6975	10	0	0
0.3825	0.7025	10	0	0
0.3825	0.7075	10	0	0
0.3825	0.7125	10	0	0
0.3825	0.7175	10	0	0
0.3825	0.7225	10	0	0
0.3825	0.7275	10	0	0
0.3825	0.7325	10	0	0
0.3825	0.7375	10	0	0
0.3825	0.7425	10	0	0
0.3825	0.7475	10	0	0
0.3825	0.7525	10	0	0
0.3825	0.7575	10	0	0
0.3825	0.7625	10	0	0
0.3825	0.7675	10	0	0
0.3825	0.7725	10	0	0
0.3825	0.7775	10	0	0
0.3825	0.7825	10	0	0
0.3825	0.7875	10	0	0
0.3825	0.7925	10	0	0
0.3825	0.7975	10	0	0
0.3825	0.8025	10	0	0
0.3825	0.8075	10	0	0
0.3825	0.8125	10	0	0
0.3825	0.8175	10	0	0
0.3825	0.8225	10	0	0
0.3825	0.8275	10	0	0
0.3825	0.8325	10	0	0
0.3825	0.8375	10	0	0
0.3825	0.8425	10	0	0
0.3825	0.8475	10	0	0
0.3825	0.8525	10	0	0
0.3825	0.8575	10	0	0
0.3825	0.8625	10	0	0
0.3825	0.8675	10	0	0
0.3825	0.8725	10	0	0
0.3825	0.8775	10	0	0
0.3825	0.8825	10	0	0
0.3825	0.8875	10	0	0
0.3825	0.8925	10	0	0
0.3825	0.8975	10	0	0
0.3825	0.9025	10	0	0
0.3825	0.9075	10	0	0
0.3825	0.9125	10	0	0
0.3825	0.9175	10	0	0
0.3825	0.9225	10	0	0
0.3825	0.9275	10	0	0
0.3825	0.9325	10	0	0
0.3825	0.9375	10	0	0
0.3825	0.9425	10	0	0
0.3825	0.9475	10	0	0
0.3825	0.9525	10	0	0
0.3825	0.9575	10	0	0
0.3825	0.9625	10	0	0
0.3825	0.9675	10	0	0
0.3825	0.9725	10	0	0
0.3825	0.9775	10	0	0
0.3825	0.9825	10	0	0
0.3825	0.9875	10	0	0
0.3825	0.9925	10	0	0
0.3825	0.9975	10	0	0
0.3825	1.0025	10	0	0
0.3875	0.0075	10	0	0
0.3875	0.0125	10	0	0
0.3875	0.0175	10	0	0
0.3875	0.0225	10	0	0
0.3875	0.0275	10	0	0
0.3875	0.0325	10	0	0
0.3875	0.0375	10	0	0
0.3875	0.0425	10	0	0
0.3875	0.0475	10	0	0
0.3875	0.0525	10	0	0
0.3875	0.0575	10	0	0
0.3875	0.0625	10	0	0
0.3875	0.0675	10	0	0
0.3875	0.0725	10	0	0
0.3875	0.0775	10	0	0
0.3875	0.0825	10	0	0
0.3875	0.0875	10	0	0
0.3875	0.0925	10	0	0
0.3875	0.0975	10	0	0
0.3875	0.1025	10	0	0
0.3875	0.1075	10	0	0
0.3875	0.1125	10	0	0
0.3875	0.1175	10	0	0
0.3875	0.1225	10	0	0
0.3875	0.1275	10	0	0
0.3875	0.1325	10	0	0
0.3875	0.1375	10	0	0
0.3875	0.1425	10	0	0
0.3875	0.1475	10	0	0
0.3875	0.1525	10	0	0
0.3875	0.1575	10	0	0
0.3875	0.1625	10	0	0
0.3875	0.1675	10	0	0
0.3875	0.1725	10	0	0
0.3875	0.1775	10	0	0
0.3875	0.1825	10	0	0
0.3875	0.1875	10	0	0
0.3875	0.1925	10	0	0
0.3875	0.1975	10	0	0
0.3875	0.2025	10	0	0
0.3875	0.2075	10	0	0
0.3875	0.2125	10	0	0
0.3875	0.2175	10	0	0
0.3875	0.2225	10	0	0
0.3875	0.2275	10	0	0
0.3875	0.2325	10	0	0
0.3875	0.2375	10	0	0
0.3875	0.2425	10	0	0
0.3875	0.2475	10	0	0
0.3875	0.2525	10	0	0
0.3875	0.2575	10	0	0
0.3875	0.2625	10	0	0
0.3875	0.2675	10	0	0
0.3875	0.2725	10	0	0
0.3875	0.2775	10	0	0
0.3875	0.2825	10	0	0
0.3875	0.2875	10	0	0
0.3875	0.2925	10	0	0
0.3875	0.2975	10	0	0
0.3875	0.3025	10	0	0
0.3875	0.3075	10	0	0
0.3875	0.3125	10	0	0
0.3875	0.3175	10	0	0
0.3875	0.3225	10	0	0
0.3875	0.3275	10	0	0
0.3875	0.3325	10	0	2.1893e-38
0.3875	0.3375	10	0	9.89892e-36
0.3875	0.3425	10	0	7.29693e-34
0.3875	0.3475	10	0	2.68716e-32
0.3875	0.3525	10	0	7.63818e-31
0.3875	0.3575	10	0	2.24672e-29
0.3875	0.3625	10	0	6.87392e-28
0.3875	0.3675	10	0	1.89289e-26
0.3875	0.3725	10	0	4.20437e-25
0.3875	0.3775	10	0	7.23378e-24
0.3875	0.3825	10	0	9.6817e-23
0.3875	0.3875	10	0	9.89376e-22
0.3875	0.3925	10	0	7.08722e-21
0.3875	0.3975	10	0	3.04979e-20
0.3875	0.4025	10	0	5.88899e-20
0.3875	0.4075	10	0	4.57732e-20
0.3875	0.4125	10	0	1.711e-20
0.3875	0.4175	10	0	3.7339e-21
0.3875	0.4225	10	0	6.72882e-22
0.3875	0.4275	10	0	1.56431e-22
0.3875	0.4325	10	0	2.53305e-23
0.3875	0.4375	10	0	7.6055e-24
0.3875	0.4425	10	0	1.16872e-25
0.3875	0.4475	10	0	1.32972e-29
0.3875	0.4525	10	0	2.10242e-26
0.3875	0.4575	10	0	2.09892e-26
0.3875	0.4625	10	0	7.63234e-31
0.3875	0.4675	10	0	1.48277e-30
0.3875	0.4725	10	0	0
0.3875	0.4775	10	0	0
0.3875	0.4825	10	0	0
0.3875	0.4875	10	0	0
0.3875	0.4925	10	0	0
0.3875	0.4975	10	0	0
0.3875	0.5025	10	0	0
0.3875	0.5075	10	0	0
0.3875	0.5125	10	0	0
0.3875	0.5175	10	0	0
0.3875	0.5225	10	0	0
0.3875	0.5275	10	0	0
0.3875	0.5325	10	0	0
0.3875	0.5375	10	0	-1.48277e-30
0.3875	0.5425	10	0	-7.63234e-31
0.3875	0.5475	10	0	-2.09892e-26
0.3875	0.5525	10	0	-2.10242e-26
0.3875	0.5575	10	0	-1.32972e-29
0.3875	0.5625	10	0	-1.16872e-25
0.3875	0.5675	10	0	-7.6055e-24
0.3875	0.5725	10	0	-2.53305e-23
0.3875	0.5775	10	0	-1.56431e-22
0.3875	0.5825	10	0	-6.72882e-22
0.3875	0.5875	10	0	-3.7339e-21
0.3875	0.5925	10	0	-1.711e-20
0.3875	0.5975	10	0	-4.57732e-20
0.3875	0.6025	10	0	-5.88899e-20
0.3875	0.6075	10	0	-3.04979e-20
0.3875	0.6125	10	0	-7.08722e-21
0.3875	0.6175	10	0	-9.89376e-22
0.3875	0.6225	10	0	-9.6817e-23
0.3875	0.6275	10	0	-7.23378e-24
0.3875	0.6325	10	0	-4.20437e-25
0.3875	0.6375	10	0	-1.89289e-26
0.3875	0.6425	10	0	-6.87392e-28
0.3875	0.6475	10	0	-2.24672e-29
0.3875	0.6525	10	0	-7.63818e-31
0.3875	0.6575	10	0	-2.68716e-32
0.3875	0.6625	10	0	-7.29693e-34
0.3875	0.6675	10	0	-9.89892e-36
0.3875	0.6725	10	0	-2.1893e-38
0.3875	0.6775	10	0	0
0.3875	0.6825	10	0	0
0.3875	0.6875	10	0	0
0.3875	0.6925	10	0	0
0.3875	0.6975	10	0	0
0.3875	0.7025	10	0	0
0.3875	0.7075	10	0	0
0.3875	0.7125	10	0	0
0.3875	0.7175	10	0	0
0.3875	0.7225	10	0	0
0.3875	0.7275	10	0	0
0.3875	0.7325	10	0	0
0.3875	0.7375	10	0	0
0.3875	0.7425	10	0	0
0.3875	0.7475	10	0	0
0.3875	0.7525	10	0	0
0.3875	0.7575	10	0	0
0.3875	0.7625	10	0	0
0.3875	0.7675	10	0	0
0.3875	0.7725	10	0	0
0.3875	0.7775	10	0	0
0.3875	0.7825	10	0	0
0.3875	0.7875	10	0	0
0.3875	0.7925	10	0	0
0.3875	0.7975	10	0	0
0.3875	0.8025	10	0	0
0.3875	0.8075	10	0	0
0.3875	0.8125	10	0	0
0.3875	0.8175	10	0	0
0.3875	0.8225	10	0	0
0.3875	0.8275	10	0	0
0.3875	0.8325	10	0	0
0.3875	0.8375	10	0	0
0.3875	0.8425	10	0	0
0.3875	0.8475	10	0	0
0.3875	0.8525	10	0	0
0.3875	0.8575	10	0	0
0.3875	0.8625	10	0	0
0.3875	0.8675	10	0	0
0.3875	0.8725	10	0	0
0.3875	0.8775	10	0	0
0.3875	0.8825	10	0	0
0.3875	0.8875	10	0	0
0.3875	0.8925	10	0	0
0.3875	0.8975	10	0	0
0.3875	0.9025	10	0	0
0.3875	0.9075	10	0	0
0.3875	0.9125	10	0	0
0.3875	0.9175	10	0	0
0.3875	0.9225	10	0	0
0.3875	0.9275	10	0	0
0.3875	0.9325	10	0	0
0.3875	0.9375	10	0	0
0.3875	0.9425	10	0	0
0.3875	0.9475	10	0	0
0.3875	0.9525	10	0	0
0.3875	0.9575	10	0	0
0.3875	0.9625	10	0	0
0.3875	0.9675	10	0	0
0.3875	0.9725	10	0	0
0.3875	0.9775	10	0	0
0.3875	0.9825	10	0	0
0.3875	0.9875	10	0	0
0.3875	0.9925	10	0	0
0.3875	0.9975	10	0	0
0.3875	1.0025	10	0	0
0.3925	0.0075	10	0	0
0.3925	0.0125	10	0	0
0.3925	0.0175	10	0	0
0.3925	0.0225	10	0	0
0.3925	0.0275	10	0	0
0.3925	0.0325	10	0	0
0.3925	0.0375	10	0	0
0.3925	0.0425	10	0	0
0.3925	0.0475	10	0	0
0.3925	0.0525	10	0	0
0.3925	0.0575	10	0	0
0.3925	0.0625	10	0	0
0.3925	0.0675	10	0	0
0.3925	0.0725	10	0	0
0.3925	0.0775	10	0	0
0.3925	0.0825	10	0	0
0.3925	0.0875	10	0	0
0.3925	0.0925	10	0	0
0.3925	0.0975	10	0	0
0.3925	0.1025	10	0	0
0.3925	0.1075	10	0	0
0.3925	0.1125	10	0	0
0.3925	0.1175	10	0	0
0.3925	0.1225	10	0	0
0.3925	0.1275	10	0	0
0.3925	0.1325	10	0	0
0.3925	0.1375	10	0	0
0.3925	0.1425	10	0	0
0.3925	0.1475	10	0	0
0.3925	0.1525	10	0	0
0.3925	0.1575	10	0	0
0.3925	0.1625	10	0	0
0.3925	0.1675	10	0	0
0.3925	0.1725	10	0	0
0.3925	0.1775	10	0	0
0.3925	0.1825	10	0	0
0.3925	0.1875	10	0	0
0.3925	0.1925	10	0	0
0.3925	0.1975	10	0	0
0.3925	0.2025	10	0	0
0.3925	0.2075	10	0	0
0.3925	0.2125	10	0	0
0.3925	0.2175	10	0	0
0.3925	0.2225	10	0	0
0.3925	0.2275	10	0	0
0.3925	0.2325	10	0	0
0.3925	0.2375	10	0	0
0.3925	0.2425	10	0	0
0.3925	0.2475	10	0	0
0.3925	0.2525	10	0	0
0.3925	0.2575	10	0	0
0.3925	0.2625	10	0	0
0.3925	0.2675	10	0	0
0.3925	0.2725	10	0	0
0.3925	0.2775	10	0	0
0.3925	0.2825	10	0	0
0.3925	0.2875	10	0	0
0.3925	0.2925	10	0	0
0.3925	0.2975	10	0	0
0.3925	0.3025	10	0	0
0.3925	0.3075	10	0	0
0.3925	0.3125	10	0	0
0.3925	0.3175	10	0	0
0.3925	0.3225	10	0	0
0.3925	0.3275	10	0	0
0.3925	0.3325	10	0	1.10473e-36
0.3925	0.3375	10	0	3.89081e-34
0.3925	0.3425	10	0	2.51947e-32
0.3925	0.3475	10	0	8.66361e-31
0.3925	0.3525	10	0	2.40144e-29
0.3925	0.3575	10	0	7.02703e-28
0.3925	0.3625	10	0	2.11747e-26
0.3925	0.3675	10	0	5.64063e-25
0.3925	0.3725	10	0	1.20021e-23
0.3925	0.3775	10	0	1.96422e-22
0.3925	0.3825	10	0	2.49048e-21
0.3925	0.3875	10	0	2.41157e-20
0.3925	0.3925	10	0	1.64803e-19
0.3925	0.3975	10	0	6.60902e-19
0.3925	0.4025	10	0	1.22715e-18
0.3925	0.4075	10	0	1.00348e-18
0.3925	0.4125	10	0	4.08855e-19
0.3925	0.4175	10	0	9.75844e-20
0.3925	0.4225	10	0	1.96686e-20
0.3925	0.4275	10	0	4.65573e-21
0.3925	0.4325	10	0	8.69128e-22
0.3925	0.4375	10	0	2.46222e-22
0.3925	0.4425	10	0	5.25725e-24
0.3925	0.4475	10	0	5.1767e-27
0.3925	0.4525	10	0	1.02618e-24
0.3925	0.4575	10	0	1.0247e-24
0.3925	0.4625	10	0	4.36218e-29
0.3925	0.4675	10	0	8.50144e-29
0.3925	0.4725	10	0	0
0.3925	0.4775	10	0	0
0.3925	0.4825	10	0	0
0.3925	0.4875	10	0	0
0.3925	0.4925	10	0	0
0.3925	0.4975	10	0	0
0.3925	0.5025	10	0	0
0.3925	0.5075	10	0	0
0.3925	0.5125	10	0	0
0.3925	0.5175	10	0	0
0.3925	0.5225	10	0	0
0.3925	0.5275	10	0	0
0.3925	0.5325	10	0	0
0.3925	0.5375	10	0	-8.50144e-29
0.3925	0.5425	10	0	-4.36218e-29
0.3925	0.5475	10	0	-1.0247e-24
0.3925	0.5525	10	0	-1.02618e-24
0.3925	0.5575	10	0	-5.1767e-27
0.3925	0.5625	10	0	-5.25725e-24
0.3925	0.5675	10	0	-2.46222e-22
0.3925	0.5725	10	0	-8.69128e-22
0.3925	0.5775	10	0	-4.65573e-21
0.3925	0.5825	10	0	-1.96686e-20
0.3925	0.5875	10	0	-9.75844e-20
0.3925	0.5925	10	0	-4.08855e-19
0.3925	0.5975	10	0	-1.00348e-18
0.3925	0.6025	10	0	-1.22715e-18
0.3925	0.6075	10	0	-6.60902e-19
0.3925	0.6125	10	0	-1.64803e-19
0.3925	0.6175	10	0	-2.41157e-20
0.3925	0.6225	10	0	-2.49048e-21
0.3925	0.6275	10	0	-1.96422e-22
0.3925	0.6325	10	0	-1.20021e-23
0.3925	0.6375	10	0	-5.64063e-25
0.3925	0.6425	10	0	-2.11747e-26
0.3925	0.6475	10	0	-7.02703e-28
0.3925	0.6525	10	0	-2.40144e-29
0.3925	0.6575	10	0	-8.66361e-31
0.3925	0.6625	10	0	-2.51947e-32
0.3925	0.6675	10	0	-3.89081e-34
0.3925	0.6725	10	0	-1.10473e-36
0.3925	0.6775	10	0	0
0.3925	0.6825	10	0	0
0.3925	0.6875	10	0	0
0.3925	0.6925	10	0	0
0.3925	0.6975	10	0	0
0.3925	0.7025	10	0	0
0.3925	0.7075	10	0	0
0.3925	0.7125	10	0	0
0.3925	0.7175	10	0	0
0.3925	0.7225	10	0	0
0.3925	0.7275	10	0	0
0.3925	0.7325	10	0	0
0.3925	0.7375	10	0	0
0.3925	0.7425	10	0	0
0.3925	0.7475	10	0	0
0.3925	0.7525	10	0	0
0.3925	0.7575	10	0	0
0.3925	0.7625	10	0	0
0.3925	0.7675	10	0	0
0.3925	0.7725	10	0	0
0.3925	0.7775	10	0	0
0.3925	0.7825	10	0	0
0.3925	0.7875	10	0	0
0.3925	0.7925	10	0	0
0.3925	0.7975	10	0	0
0.3925	0.8025	10	0	0
0.3925	0.8075	10	0	0
0.3925	0.8125	10	0	0
0.3925	0.8175	10	0	0
0.3925	0.8225	10	0	0
0.3925	0.8275	10	0	0
0.3925	0.8325	10	0	0
0.3925	0.8375	10	0	0
0.3925	0.8425	10	0	0
0.3925	0.8475	10	0	0
0.3925	0.8525	10	0	0
0.3925	0.8575	10	0	0
0.3925	0.8625	10	0	0
0.3925	0.8675	10	0	0
0.3925	0.8725	10	0	0
0.3925	0.8775	10	0	0
0.3925	0.8825	10	0	0
0.3925	0.8875	10	0	0
0.3925	0.8925	10	0	0
0.3925	0.8975	10	0	0
0.3925	0.9025	10	0	0
0.3925	0.9075	10	0	0
0.3925	0.9125	10	0	0
0.3925	0.9175	10	0	0
0.3925	0.9225	10	0	0
0.3925	0.9275	10	0	0
0.3925	0.9325	10	0	0
0.3925	0.9375	10	0	0
0.3925	0.9425	10	0	0
0.3925	0.9475	10	0	0
0.3925	0.9525	10	0	0
0.3925	0.9575	10	0	0
0.3925	0.9625	10	0	0
0.3925	0.9675	10	0	0
0.3925	0.9725	10	0	0
0.3925	0.9775	10	0	0
0.3925	0.9825	10	0	0
0.3925	0.9875	10	0	0
0.3925	0.9925	10	0	0
0.3925	0.9975	10	0	0
0.3925	1.0025	10	0	0
0.3975	0.0075	10	0	0
0.3975	0.0125	10	0	0
0.3975	0.0175	10	0	0
0.3975	0.0225	10	0	0
0.3975	0.0275	10	0	0
0.3975	0.0325	10	0	0
0.3975	0.0375	10	0	0
0.3975	0.0425	10	0	0
0.3975	0.0475	10	0	0
0.3975	0.0525	10	0	0
0.3975	0.0575	10	0	0
0.3975	0.0625	10	0	0
0.3975	0.0675	10	0	0
0.3975	0.0725	10	0	0
0.3975	0.0775	10	0	0
0.3975	0.0825	10	0	0
0.3975	0.0875	10	0	0
0.3975	0.0925	10	0	0
0.3975	0.0975	10	0	0
0.3975	0.1025	10	0	0
0.3975	0.1075	10	0	0
0.3975	0.1125	10	0	0
0.3975	0.1175	10	0	0
0.3975	0.1225	10	0	0
0.3975	0.1275	10	0	0
0.3975	0.1325	10	0	0
0.3975	0.1375	10	0	0
0.3975	0.1425	10	0	0
0.3975	0.1475	10	0	0
0.3975	0.1525	10	0	0
0.3975	0.1575	10	0	0
0.3975	0.1625	10	0	0
0.3975	0.1675	10	0	0
0.3975	0.1725	10	0	0
0.3975	0.1775	10	0	0
0.3975	0.1825	10	0	0
0.3975	0.1875	10	0	0
0.3975	0.1925	10	0	0
0.3975	0.1975	10	0	0
0.3975	0.2025	10	0	0
0.3975	0.2075	10	0	0
0.3975	0.2125	10	0	0
0.3975	0.2175	10	0	0
0.3975	0.2225	10	0	0
0.3975	0.2275	10	0	0
0.3975	0.2325	10	0	0
0.3975	0.2375	10	0	0
0.3975	0.2425	10	0	0
0.3975	0.2475	10	0	0
0.3975	0.2525	10	0	0
0.3975	0.2575	10	0	0
0.3975	0.2625	10	0	0
0.3975	0.2675	10	0	0
0.3975	0.2725	10	0	0
0.3975	0.2775	10	0	0
0.3975	0.2825	10	0	0
0.3975	0.2875	10	0	0
0.3975	0.2925	10	0	0
0.3975	0.2975	10	0	0
0.3975	0.3025	10	0	0
0.3975	0.3075	10	0	0
0.3975	0.3125	10	0	0
0.3975	0.3175	10	0	0
0.3975	0.3225	10	0	0
0.3975	0.3275	10	0	4.53356e-39
0.3975	0.3325	10	0	5.34161e-35
0.3975	0.3375	10	0	1.47124e-32
0.3975	0.3425	10	0	8.40321e-31
0.3975	0.3475	10	0	2.71001e-29
0.3975	0.3525	10	0	7.35768e-28
0.3975	0.3575	10	0	2.14394e-26
0.3975	0.3625	10	0	6.34405e-25
0.3975	0.3675	10	0	1.63058e-23
0.3975	0.3725	10	0	3.31804e-22
0.3975	0.3775	10	0	5.16002e-21
0.3975	0.3825	10	0	6.18683e-20
0.3975	0.3875	10	0	5.65739e-19
0.3975	0.3925	10	0	3.67043e-18
0.3975	0.3975	10	0	1.36665e-17
0.3975	0.4025	10	0	2.45328e-17
0.3975	0.4075	10	0	2.13964e-17
0.3975	0.4125	10	0	9.51834e-18
0.3975	0.4175	10	0	2.47852e-18
0.3975	0.4225	10	0	5.48619e-19
0.3975	0.4275	10	0	1.32882e-19
0.3975	0.4325	10	0	2.78306e-20
0.3975	0.4375	10	0	7.54489e-21
0.3975	0.4425	10	0	2.22184e-22
0.3975	0.4475	10	0	4.10344e-25
0.3975	0.4525	10	0	4.663e-23
0.3975	0.4575	10	0	4.65735e-23
0.3975	0.4625	10	0	2.31644e-27
0.3975	0.4675	10	0	4.52514e-27
0.3975	0.4725	10	0	0
0.3975	0.4775	10	0	0
0.3975	0.4825	10	0	0
0.3975	0.4875	10	0	0
0.3975	0.4925	10	0	0
0.3975	0.4975	10	0	0
0.3975	0.5025	10	0	0
0.3975	0.5075	10	0	0
0.3975	0.5125	10	0	0
0.3975	0.5175	10	0	0
0.3975	0.5225	10	0	0
0.3975	0.5275	10	0	0
0.3975	0.5325	10	0	0
0.3975	0.5375	10	0	-4.52514e-27
0.3975	0.5425	10	0	-2.31644e-27
0.3975	0.5475	10	0	-4.65735e-23
0.3975	0.5525	10	0	-4.663e-23
0.3975	0.5575	10	0	-4.10344e-25
0.3975	0.5625	10	0	-2.22184e-22
0.3975	0.5675	10	0	-7.54489e-21
0.3975	0.5725	10	0	-2.78306e-20
0.3975	0.5775	10	0	-1.32882e-19
0.3975	0.5825	10	0	-5.48619e-19
0.3975	0.5875	10	0	-2.47852e-18
0.3975	0.5925	10	0	-9.51834e-18
0.3975	0.5975	10	0	-2.13964e-17
0.3975	0.6025	10	0	-2.45328e-17
0.3975	0.6075	10	0	-1.36665e-17
0.3975	0.6125	10	0	-3.67043e-18
0.3975	0.6175	10	0	-5.65739e-19
0.3975	0.6225	10	0	-6.18683e-20
0.3975	0.6275	10	0	-5.16002e-21
0.3975	0.6325	10	0	-3.31804e-22
0.3975	0.6375	10	0	-1.63058e-23
0.3975	0.6425	10	0	-6.34405e-25
0.3975	0.6475	10	0	-2.14394e-26
0.3975	0.6525	10	0	-7.35768e-28
0.3975	0.6575	10	0	-2.71001e-29
0.3975	0.6625	10	0	-8.40321e-31
0.3975	0.6675	10	0	-1.47124e-32
0.3975	0.6725	10	0	-5.34161e-35
0.3975	0.6775	10	0	-4.53356e-39
0.3975	0.6825	10	0	0
0.3975	0.6875	10	0	0
0.3975	0.6925	10	0	0
0.3975	0.6975	10	0	0
0.3975	0.7025	10	0	0
0.3975	0.7075	10	0	0
0.3975	0.7125	10	0	0
0.3975	0.7175	10	0	0
0.3975	0.7225	10	0	0
0.3975	0.7275	10	0	0
0.3975	0.7325	10	0	0
0.3975	0.7375	10	0	0
0.3975	0.7425	10	0	0
0.3975	0.7475	10	0	0
0.3975	0.7525	10	0	0
0.3975	0.7575	10	0	0
0.3975	0.7625	10	0	0
0.3975	0.7675	10	0	0
0.3975	0.7725	10	0	0
0.3975	0.7775	10	0	0
0.3975	0.7825	10	0	0
0.3975	0.7875	10	0	0
0.3975	0.7925	10	0	0
0.3975	0.7975	10	0	0
0.3975	0.8025	10	0	0
0.3975	0.8075	10	0	0
0.3975	0.8125	10	0	0
0.3975	0.8175	10	0	0
0.3975	0.8225	10	0	0
0.3975	0.8275	10	0	0
0.3975	0.8325	10	0	0
0.3975	0.8375	10	0	0
0.3975	0.8425	10	0	0
0.3975	0.8475	10	0	0
0.3975	0.8525	10	0	0
0.3975	0.8575	10	0	0
0.3975	0.8625	10	0	0
0.3975	0.8675	10	0	0
0.3975	0.8725	10	0	0
0.3975	0.8775	10	0	0
0.3975	0.8825	10	0	0
0.3975	0.8875	10	0	0
0.3975	0.8925	10	0	0
0.3975	0.8975	10	0	0
0.3975	0.9025	10	0	0
0.3975	0.9075	10	0	0
0.3975	0.9125	10	0	0
0.3975	0.9175	10	0	0
0.3975	0.9225	10	0	0
0.3975	0.9275	10	0	0
0.3975	0.9325	10	0	0
0.3975	0.9375	10	0	0
0.3975	0.9425	10	0	0
0.3975	0.9475	10	0	0
0.3975	0.9525	10	0	0
0.3975	0.9575	10	0	0
0.3975	0.9625	10	0	0
0.3975	0.9675	10	0	0
0.3975	0.9725	10	0	0
0.3975	0.9775	10	0	0
0.3975	0.9825	10	0	0
0.3975	0.9875	10	0	0
0.3975	0.9925	10	0	0
0.3975	0.9975	10	0	0
0.3975	1.0025	10	0	0
0.4025	0.0075	10	0	0
0.4025	0.0125	10	0	0
0.4025	0.0175	10	0	0
0.4025	0.0225	10	0	0
0.4025	0.0275	10	0	0
0.4025	0.0325	10	0	0
0.4025	0.0375	10	0	0
0.4025	0.0425	10	0	0
0.4025	0.0475	10	0	0
0.4025	0.0525	10	0	0
0.4025	0.0575	10	0	0
0.4025	0.0625	10	0	0
0.4025	0.0675	10	0	0
0.4025	0.0725	10	0	0
0.4025	0.0775	10	0	0
0.4025	0.0825	10	0	0
0.4025	0.0875	10	0	0
0.4025	0.0925	10	0	0
0.4025	0.0975	10	0	0
0.4025	0.1025	10	0	0
0.4025	0.1075	10	0	0
0.4025	0.1125	10	0	0
0.4025	0.1175	10	0	0
0.4025	0.1225	10	0	0
0.4025	0.1275	10	0	0
0.4025	0.1325	10	0	0
0.4025	0.1375	10	0	0
0.4025	0.1425	10	0	0
0.4025	0.1475	10	0	0
0.4025	0.1525	10	0	0
0.4025	0.1575	10	0	0
0.4025	0.1625	10	0	0
0.4025	0.1675	10	0	0
0.4025	0.1725	10	0	0
0.4025	0.1775	10	0	0
0.4025	0.1825	10	0	0
0.4025	0.1875	10	0	0
0.4025	0.1925	10	0	0
0.4025	0.1975	10	0	0
0.4025	0.2025	10	0	0
0.4025	0.2075	10	0	0
0.4025	0.2125	10	0	0
0.4025	0.2175	10	0	0
0.4025	0.2225	10	0	0
0.4025	0.2275	10	0	0
0.4025	0.2325	10	0	0
0.4025	0.2375	10	0	0
0.4025	0.2425	10	0	0
0.4025	0.2475	10	0	0
0.4025	0.2525	10	0	0
0.4025	0.2575	10	0	0
0.4025	0.2625	10	0	0
0.4025	0.2675	10	0	0
0.4025	0.2725	10	0	0
0.4025	0.2775	10	0	0
0.4025	0.2825	10	0	0
0.4025	0.2875	10	0	0
0.4025	0.2925	10	0	0
0.4025	0.2975	10	0	0
0.4025	0.3025	10	0	0
0.4025	0.3075	10	0	0
0.4025	0.3125	10	0	0
0.4025	0.3175	10	0	0
0.4025	0.3225	10	0	0
0.4025	0.3275	10	0	3.28455e-37
0.4025	0.3325	10	0	2.47276e-33
0.4025	0.3375	10	0	5.34614e-31
0.4025	0.3425	10	0	2.70541e-29
0.4025	0.3475	10	0	8.22176e-28
0.4025	0.3525	10	0	2.19637e-26
0.4025	0.3575	10	0	6.37467e-25
0.4025	0.3625	10	0	1.84622e-23
0.4025	0.3675	10	0	4.56617e-22
0.4025	0.3725	10	0	8.86918e-21
0.4025	0.3775	10	0	1.30932e-19
0.4025	0.3825	10	0	1.48221e-18
0.4025	0.3875	10	0	1.27497e-17
0.4025	0.3925	10	0	7.80781e-17
0.4025	0.3975	10	0	2.69048e-16
0.4025	0.4025	10	0	4.70344e-16
0.4025	0.4075	10	0	4.43003e-16
0.4025	0.4125	10	0	2.14832e-16
0.4025	0.4175	10	0	6.08259e-17
0.4025	0.4225	10	0	1.45741e-17
0.4025	0.4275	10	0	3.63244e-18
0.4025	0.4325	10	0	8.36085e-19
0.4025	0.4375	10	0	2.18953e-19
0.4025	0.4425	10	0	8.81553e-21
0.4025	0.4475	10	0	2.51432e-23
0.4025	0.4525	10	0	1.96117e-21
0.4025	0.4575	10	0	1.95928e-21
0.4025	0.4625	10	0	1.13584e-25
0.4025	0.4675	10	0	2.22279e-25
0.4025	0.4725	10	0	0
0.4025	0.4775	10	0	0
0.4025	0.4825	10	0	0
0.4025	0.4875	10	0	0
0.4025	0.4925	10	0	0
0.4025	0.4975	10	0	0
0.4025	0.5025	10	0	0
0.4025	0.5075	10	0	0
0.4025	0.5125	10	0	0
0.4025	0.5175	10	0	0
0.4025	0.5225	10	0	0
0.4025	0.5275	10	0	0
0.4025	0.5325	10	0	0
0.4025	0.5375	10	0	-2.22279e-25
0.4025	0.5425	10	0	-1.13584e-25
0.4025	0.5475	10	0	-1.95928e-21
0.4025	0.5525	10	0	-1.96117e-21
0.4025	0.5575	10	0	-2.51432e-23
0.4025	0.5625	10	0	-8.81553e-21
0.4025	0.5675	10	0	-2.18953e-19
0.4025	0.5725	10	0	-8.36085e-19
0.4025	0.5775	10	0	-3.63244e-18
0.4025	0.5825	10	0	-1.45741e-17
0.4025	0.5875	10	0	-6.08259e-17
0.4025	0.5925	10	0	-2.14832e-16
0.4025	0.5975	10	0	-4.43003e-16
0.4025	0.6025	10	0	-4.70344e-16
0.4025	0.6075	10	0	-2.69048e-16
0.4025	0.6125	10	0	-7.80781e-17
0.4025	0.6175	10	0	-1.27497e-17
0.4025	0.6225	10	0	-1.48221e-18
0.4025	0.6275	10	0	-1.30932e-19
0.4025	0.6325	10	0	-8.86918e-21
0.4025	0.6375	10	0	-4.56617e-22
0.4025	0.6425	10	0	-1.84622e-23
0.4025	0.6475	10	0	-6.37467e-25
0.4025	0.6525	10	0	-2.19637e-26
0.4025	0.6575	10	0	-8.22176e-28
0.4025	0.6625	10	0	-2.70541e-29
0.4025	0.6675	10	0	-5.34614e-31
0.4025	0.6725	10	0	-2.47276e-33
0.4025	0.6775	10	0	-3.28455e-37
0.4025	0.6825	10	0	0
0.4025	0.6875	10	0	0
0.4025	0.6925	10	0	0
0.4025	0.6975	10	0	0
0.4025	0.7025	10	0	0
0.4025	0.7075	10	0	0
0.4025	0.7125	10	0	0
0.4025	0.7175	10	0	0
0.4025	0.7225	10	0	0
0.4025	0.7275	10	0	0
0.4025	0.7325	10	0	0
0.4025	0.7375	10	0	0
0.4025	0.7425	10	0	0
0.4025	0.7475	10	0	0
0.4025	0.7525	10	0	0
0.4025	0.7575	10	0	0
0.4025	0.7625	10	0	0
0.4025	0.7675	10	0	0
0.4025	0.7725	10	0	0
0.4025	0.7775	10	0	0
0.4025	0.7825	10	0	0
0.4025	0.7875	10	0	0
0.4025	0.7925	10	0	0
0.4025	0.7975	10	0	0
0.4025	0.8025	10	0	0
0.4025	0.8075	10	0	0
0.4025	0.8125	10	0	0
0.4025	0.8175	10	0	0
0.4025	0.8225	10	0	0
0.4025	0.8275	10	0	0
0.4025	0.8325	10	0	0
0.4025	0.8375	10	0	0
0.4025	0.8425	10	0	0
0.4025	0.8475	10	0	0
0.4025	0.8525	10	0	0
0.4025	0.8575	10	0	0
0.4025	0.8625	10	0	0
0.4025	0.8675	10	0	0
0.4025	0.8725	10	0	0
0.4025	0.8775	10	0	0
0.4025	0.8825	10	0	0
0.4025	0.8875	10	0	0
0.4025	0.8925	10	0	0
0.4025	0.8975	10	0	0
0.4025	0.9025	10	0	0
0.4025	0.9075	10	0	0
0.4025	0.9125	10	0	0
0.4025	0.9175	10	0	0
0.4025	0.9225	10	0	0
0.4025	0.9275	10	0	0
0.4025	0.9325	10	0	0
0.4025	0.9375	10	0	0
0.4025	0.9425	10	0	0
0.4025	0.9475	10	0	0
0.4025	0.9525	10	0	0
0.4025	0.9575	10	0	0
0.4025	0.9625	10	0	0
0.4025	0.9675	10	0	0
0.4025	0.9725	10	0	0
0.4025	0.9775	10	0	0
0.4025	0.9825	10	0	0
0.4025	0.9875	10	0	0
0.4025	0.9925	10	0	0
0.4025	0.9975	10	0	0
0.4025	1.0025	10	0	0
0.4075	0.0075	10	0	0
0.4075	0.0125	10	0	0
0.4075	0.0175	10	0	0
0.4075	0.0225	10	0	0
0.4075	0.0275	10	0	0
0.4075	0.0325	10	0	0
0.4075	0.0375	10	0	0
0.4075	0.0425	10	0	0
0.4075	0.0475	10	0	0
0.4075	0.0525	10	0	0
0.4075	0.0575	10	0	0
0.4075	0.0625	10	0	0
0.4075	0.0675	10	0	0
0.4075	0.0725	10	0	0
0.4075	0.0775	10	0	0
0.4075	0.0825	10	0	0
0.4075	0.0875	10	0	0
0.4075	0.0925	10	0	0
0.4075	0.0975	10	0	0
0.4075	0.1025	10	0	0
0.4075	0.1075	10	0	0
0.4075	0.1125	10	0	0
0.4075	0.1175	10	0	0
0.4075	0.1225	10	0	0
0.4075	0.1275	10	0	0
0.4075	0.1325	10	0	0
0.4075	0.1375	10	0	0
0.4075	0.1425	10	0	0
0.4075	0.1475	10	0	0
0.4075	0.1525	10	0	0
0.4075	0.1575	10	0	0
0.4075	0.1625	10	0	0
0.4075	0.1675	10	0	0
0.4075	0.1725	10	0	0
0.4075	0.1775	10	0	0
0.4075	0.1825	10	0	0
0.4075	0.1875	10	0	0
0.4075	0.1925	10	0	0
0.4075	0.1975	10	0	0
0.4075	0.2025	10	0	0
0.4075	0.2075	10	0	0
0.4075	0.2125	10	0	0
0.4075	0.2175	10	0	0
0.4075	0.2225	10	0	0
0.4075	0.2275	10	0	0
0.4075	0.2325	10	0	0
0.4075	0.2375	10	0	0
0.4075	0.2425	10	0	0
0.4075	0.2475	10	0	0
0.4075	0.2525	10	0	0
0.4075	0.2575	10	0	0
0.4075	0.2625	10	0	0
0.4075	0.2675	10	0	0
0.4075	0.2725	10	0	0
0.4075	0.2775	10	0	0
0.4075	0.2825	10	0	0
0.4075	0.2875	10	0	0
0.4075	0.2925	10	0	0
0.4075	0.2975	10	0	0
0.4075	0.3025	10	0	0
0.4075	0.3075	10	0	0
0.4075	0.3125	10	0	0
0.4075	0.3175	10	0	0
0.4075	0.3225	10	0	0
0.4075	0.3275	10	0	2.25897e-35
0.4075	0.3325	10	0	1.09397e-31
0.4075	0.3375	10	0	1.86472e-29
0.4075	0.3425	10	0	8.40183e-28
0.4075	0.3475	10	0	2.41861e-26
0.4075	0.3525	10	0	6.38627e-25
0.4075	0.3575	10	0	1.84512e-23
0.4075	0.3625	10	0	5.21127e-22
0.4075	0.3675	10	0	1.2368e-20
0.4075	0.3725	10	0	2.28839e-19
0.4075	0.3775	10	0	3.20255e-18
0.4075	0.3825	10	0	3.41862e-17
0.4075	0.3875	10	0	2.75391e-16
0.4075	0.3925	10	0	1.58164e-15
0.4075	0.3975	10	0	5.03145e-15
0.4075	0.4025	10	0	8.64559e-15
0.4075	0.4075	10	0	8.87308e-15
0.4075	0.4125	10	0	4.66959e-15
0.4075	0.4175	10	0	1.43257e-15
0.4075	0.4225	10	0	3.67672e-16
0.4075	0.4275	10	0	9.48653e-17
0.4075	0.4325	10	0	2.36111e-17
0.4075	0.4375	10	0	6.02383e-18
0.4075	0.4425	10	0	3.27612e-19
0.4075	0.4475	10	0	1.37868e-21
0.4075	0.4525	10	0	7.58196e-20
0.4075	0.4575	10	0	7.5767e-20
0.4075	0.4625	10	0	5.10565e-24
0.4075	0.4675	10	0	1.00056e-23
0.4075	0.4725	10	0	-1.81065e-39
0.4075	0.4775	10	0	0
0.4075	0.4825	10	0	0
0.4075	0.4875	10	0	0
0.4075	0.4925	10	0	0
0.4075	0.4975	10	0	0
0.4075	0.5025	10	0	0
0.4075	0.5075	10	0	0
0.4075	0.5125	10	0	0
0.4075	0.5175	10	0	0
0.4075	0.5225	10	0	0
0.4075	0.5275	10	0	0
0.4075	0.5325	10	0	1.81065e-39
0.4075	0.5375	10	0	-1.00056e-23
0.4075	0.5425	10	0	-5.10565e-24
0.4075	0.5475	10	0	-7.5767e-20
0.4075	0.5525	10	0	-7.58196e-20
0.4075	0.5575	10	0	-1.37868e-21
0.4075	0.5625	10	0	-3.27612e-19
0.4075	0.5675	10	0	-6.02383e-18
0.4075	0.5725	10	0	-2.36111e-17
0.4075	0.5775	10	0	-9.48653e-17
0.4075	0.5825	10	0	-3.67672e-16
0.4075	0.5875	10	0	-1.43257e-15
0.4075	0.5925	10	0	-4.66959e-15
0.4075	0.5975	10	0	-8.87308e-15
0.4075	0.6025	10	0	-8.64559e-15
0.4075	0.6075	10	0	-5.03145e-15
0.4075	0.6125	10	0	-1.58164e-15
0.4075	0.6175	10	0	-2.75391e-16
0.4075	0.6225	10	0	-3.41862e-17
0.4075	0.6275	10	0	-3.20255e-18
0.4075	0.6325	10	0	-2.28839e-19
0.4075	0.6375	10	0	-1.2368e-20
0.4075	0.6425	10	0	-5.21127e-22
0.4075	0.6475	10	0	-1.84512e-23
0.4075	0.6525	10	0	-6.38627e-25
0.4075	0.6575	10	0	-2.41861e-26
0.4075	0.6625	10	0	-8.40183e-28
0.4075	0.6675	10	0	-1.86472e-29
0.4075	0.6725	10	0	-1.09397e-31
0.4075	0.6775	10	0	-2.25897e-35
0.4075	0.6825	10	0	0
0.4075	0.6875	10	0	0
0.4075	0.6925	10	0	0
0.4075	0.6975	10	0	0
0.4075	0.7025	10	0	0
0.4075	0.7075	10	0	0
0.4075	0.7125	10	0	0
0.4075	0.7175	10	0	0
0.4075	0.7225	10	0	0
0.4075	0.7275	10	0	0
0.4075	0.7325	10	0	0
0.4075	0.7375	10	0	0
0.4075	0.7425	10	0	0
0.4075	0.7475	10	0	0
0.4075	0.7525	10	0	0
0.4075	0.7575	10	0	0
0.4075	0.7625	10	0	0
0.4075	0.7675	10	0	0
0.4075	0.7725	10	0	0
0.4075	0.7775	10	0	0
0.4075	0.7825	10	0	0
0.4075	0.7875	10	0	0
0.4075	0.7925	10	0	0
0.4075	0.7975	10	0	0
0.4075	0.8025	10	0	0
0.4075	0.8075	10	0	0
0.4075	0.8125	10	0	0
0.4075	0.8175	10	0	0
0.4075	0.8225	10	0	0
0.4075	0.8275	10	0	0
0.4075	0.8325	10	0	0
0.4075	0.8375	10	0	0
0.4075	0.8425	10	0	0
0.4075	0.8475	10	0	0
0.4075	0.8525	10	0	0
0.4075	0.8575	10	0	0
0.4075	0.8625	10	0	0
0.4075	0.8675	10	0	0
0.4075	0.8725	10	0	0
0.4075	0.8775	10	0	0
0.4075	0.8825	10	0	0
0.4075	0.8875	10	0	0
0.4075	0.8925	10	0	0
0.4075	0.8975	10	0	0
0.4075	0.9025	10	0	0
0.4075	0.9075	10	0	0
0.4075	0.9125	10	0	0
0.4075	0.9175	10	0	0
0.4075	0.9225	10	0	0
0.4075	0.9275	10	0	0
0.4075	0.9325	10	0	0
0.4075	0.9375	10	0	0
0.4075	0.9425	10	0	0
0.4075	0.9475	10	0	0
0.4075	0.9525	10	0	0
0.4075	0.9575	10	0	0
0.4075	0.9625	10	0	0
0.4075	0.9675	10	0	0
0.4075	0.9725	10	0	0
0.4075	0.9775	10	0	0
0.4075	0.9825	10	0	0
0.4075	0.9875	10	0	0
0.4075	0.9925	10	0	0
0.4075	0.9975	10	0	0
0.4075	1.0025	10	0	0
0.4125	0.0075	10	0	0
0.4125	0.0125	10	0	0
0.4125	0.0175	10	0	0
0.4125	0.0225	10	0	0
0.4125	0.0275	10	0	0
0.4125	0.0325	10	0	0
0.4125	0.0375	10	0	0
0.4125	0.0425	10	0	0
0.4125	0.0475	10	0	0
0.4125	0.0525	10	0	0
0.4125	0.0575	10	0	0
0.4125	0.0625	10	0	0
0.4125	0.0675	10	0	0
0.4125	0.0725	10	0	0
0.4125	0.0775	10	0	0
0.4125	0.0825	10	0	0
0.4125	0.0875	10	0	0
0.4125	0.0925	10	0	0
0.4125	0.0975	10	0	0
0.4125	0.1025	10	0	0
0.4125	0.1075	10	0	0
0.4125	0.1125	10	0	0
0.4125	0.1175	10	0	0
0.4125	0.1225	10	0	0
0.4125	0.1275	10	0	0
0.4125	0.1325	10	0	0
0.4125	0.1375	10	0	0
0.4125	0.1425	10	0	0
0.4125	0.1475	10	0	0
0.4125	0.1525	10	0	0
0.4125	0.1575	10	0	0
0.4125	0.1625	10	0	0
0.4125	0.1675	10	0	0
0.4125	0.1725	10	0	0
0.4125	0.1775	10	0	0
0.4125	0.1825	10	0	0
0.4125	0.1875	10	0	0
0.4125	0.1925	10	0	0
0.4125	0.1975	10	0	0
0.4125	0.2025	10	0	0
0.4125	0.2075	10	0	0
0.4125	0.2125	10	0	0
0.4125	0.2175	10	0	0
0.4125	0.2225	10	0	0
0.4125	0.2275	10	0	0
0.4125	0.2325	10	0	0
0.4125	0.2375	10	0	0
0.4125	0.2425	10	0	0
0.4125	0.2475	10	0	0
0.4125	0.2525	10	0	0
0.4125	0.2575	10	0	0
0.4125	0.2625	10	0	0
0.4125	0.2675	10	0	0
0.4125	0.2725	10	0	0
0.4125	0.2775	10	0	0
0.4125	0.2825	10	0	0
0.4125	0.2875	10	0	0
0.4125	0.2925	10	0	0
0.4125	0.2975	10	0	0
0.4125	0.3025	10	0	0
0.4125	0.3075	10	0	0
0.4125	0.3125	10	0	0
0.4125	0.3175	10	0	0
0.4125	0.3225	10	0	0
0.4125	0.3275	10	0	1.47994e-33
0.4125	0.3325	10	0	4.61642e-30
0.4125	0.3375	10	0	6.23594e-28
0.4125	0.3425	10	0	2.51529e-26
0.4125	0.3475	10	0	6.89759e-25
0.4125	0.3525	10	0	1.80805e-23
0.4125	0.3575	10	0	5.19204e-22
0.4125	0.3625	10	0	1.42448e-20
0.4125	0.3675	10	0	3.23502e-19
0.4125	0.3725	10	0	5.6893e-18
0.4125	0.3775	10	0	7.53309e-17
0.4125	0.3825	10	0	7.57262e-16
0.4125	0.3875	10	0	5.6853e-15
0.4125	0.3925	10	0	3.04132e-14
0.4125	0.3975	10	0	8.92025e-14
0.4125	0.4025	10	0	1.52298e-13
0.4125	0.4075	10	0	1.70905e-13
0.4125	0.4125	10	0	9.69865e-14
0.4125	0.4175	10	0	3.21434e-14
0.4125	0.4225	10	0	8.77957e-15
0.4125	0.4275	10	0	2.35914e-15
0.4125	0.4325	10	0	6.26773e-16
0.4125	0.4375	10	0	1.57282e-16
0.4125	0.4425	10	0	1.13622e-17
0.4125	0.4475	10	0	6.95771e-20
0.4125	0.4525	10	0	2.67232e-18
0.4125	0.4575	10	0	2.67127e-18
0.4125	0.4625	10	0	2.08589e-22
0.4125	0.4675	10	0	4.09281e-22
0.4125	0.4725	10	0	-1.44775e-37
0.4125	0.4775	10	0	0
0.4125	0.4825	10	0	0
0.4125	0.4875	10	0	0
0.4125	0.4925	10	0	0
0.4125	0.4975	10	0	0
0.4125	0.5025	10	0	0
0.4125	0.5075	10	0	0
0.4125	0.5125	10	0	0
0.4125	0.5175	10	0	0
0.4125	0.5225	10	0	0
0.4125	0.5275	10	0	0
0.4125	0.5325	10	0	1.44775e-37
0.4125	0.5375	10	0	-4.09281e-22
0.4125	0.5425	10	0	-2.08589e-22
0.4125	0.5475	10	0	-2.67127e-18
0.4125	0.5525	10	0	-2.67232e-18
0.4125	0.5575	10	0	-6.95771e-20
0.4125	0.5625	10	0	-1.13622e-17
0.4125	0.5675	10	0	-1.57282e-16
0.4125	0.5725	10	0	-6.26773e-16
0.4125	0.5775	10	0	-2.35914e-15
0.4125	0.5825	10	0	-8.77957e-15
0.4125	0.5875	10	0	-3.21434e-14
0.4125	0.5925	10	0	-9.69865e-14
0.4125	0.5975	10	0	-1.70905e-13
0.4125	0.6025	10	0	-1.52298e-13
0.4125	0.6075	10	0	-8.92025e-14
0.4125	0.6125	10	0	-3.04132e-14
0.4125	0.6175	10	0	-5.6853e-15
0.4125	0.6225	10	0	-7.57262e-16
0.4125	0.6275	10	0	-7.53309e-17
0.4125	0.6325	10	0	-5.6893e-18
0.4125	0.6375	10	0	-3.23502e-19
0.4125	0.6425	10	0	-1.42448e-20
0.4125	0.6475	10	0	-5.19204e-22
0.4125	0.6525	10	0	-1.80805e-23
0.4125	0.6575	10	0	-6.89759e-25
0.4125	0.6625	10	0	-2.51529e-26
0.4125	0.6675	10	0	-6.23594e-28
0.4125	0.6725	10	0	-4.61642e-30
0.4125	0.6775	10	0	-1.47994e-33
0.4125	0.6825	10	0	0
0.4125	0.6875	10	0	0
0.4125	0.6925	10	0	0
0.4125	0.6975	10	0	0
0.4125	0.7025	10	0	0
0.4125	0.7075	10	0	0
0.4125	0.7125	10	0	0
0.4125	0.7175	10	0	0
0.4125	0.7225	10	0	0
0.4125	0.7275	10	0	0
0.4125	0.7325	10	0	0
0.4125	0.7375	10	0	0
0.4125	0.7425	10	0	0
0.4125	0.7475	10	0	0
0.4125	0.7525	10	0	0
0.4125	0.7575	10	0	0
0.4125	0.7625	10	0	0
0.4125	0.7675	10	0	0
0.4125	0.7725	10	0	0
0.4125	0.7775	10	0	0
0.4125	0.7825	10	0	0
0.4125	0.7875	10	0	0
0.4125	0.7925	10	0	0
0.4125	0.7975	10	0	0
0.4125	0.8025	10	0	0
0.4125	0.8075	10	0	0
0.4125	0.8125	10	0	0
0.4125	0.8175	10	0	0
0.4125	0.8225	10	0	0
0.4125	0.8275	10	0	0
0.4125	0.8325	10	0	0
0.4125	0.8375	10	0	0
0.4125	0.8425	10	0	0
0.4125	0.8475	10	0	0
0.4125	0.8525	10	0	0
0.4125	0.8575	10	0	0
0.4125	0.8625	10	0	0
0.4125	0.8675	10	0	0
0.4125	0.8725	10	0	0
0.4125	0.8775	10	0	0
0.4125	0.8825	10	0	0
0.4125	0.8875	10	0	0
0.4125	0.8925	10	0	0
0.4125	0.8975	10	0	0
0.4125	0.9025	10	0	0
0.4125	0.9075	10	0	0
0.4125	0.9125	10	0	0
0.4125	0.9175	10	0	0
0.4125	0.9225	10	0	0
0.4125	0.9275	10	0	0
0.4125	0.9325	10	0	0
0.4125	0.9375	10	0	0
0.4125	0.9425	10	0	0
0.4125	0.9475	10	0	0
0.4125	0.9525	10	0	0
0.4125	0.9575	10	0	0
0.4125	0.9625	10	0	0
0.4125	0.9675	10	0	0
0.4125	0.9725	10	0	0
0.4125	0.9775	10	0	0
0.4125	0.9825	10	0	0
0.4125	0.9875	10	0	0
0.4125	0.9925	10	0	0
0.4125	0.9975	10	0	0
0.4125	1.0025	10	0	0
0.4175	0.0075	10	0	0
0.4175	0.0125	10	0	0
0.4175	0.0175	10	0	0
0.4175	0.0225	10	0	0
0.4175	0.0275	10	0	0
0.4175	0.0325	10	0	0
0.4175	0.0375	10	0	0
0.4175	0.0425	10	0	0
0.4175	0.0475	10	0	0
0.4175	0.0525	10	0	0
0.4175	0.0575	10	0	0
0.4175	0.0625	10	0	0
0.4175	0.0675	10	0	0
0.4175	0.0725	10	0	0
0.4175	0.0775	10	0	0
0.4175	0.0825	10	0	0
0.4175	0.0875	10	0	0
0.4175	0.0925	10	0	0
0.4175	0.0975	10	0	0
0.4175	0.1025	10	0	0
0.4175	0.1075	10	0	0
0.4175	0.1125	10	0	0
0.4175	0.1175	10	0	0
0.4175	0.1225	10	0	0
0.4175	0.1275	10	0	0
0.4175	0.1325	10	0	0
0.4175	0.1375	10	0	0
0.4175	0.1425	10	0	0
0.4175	0.1475	10	0	0
0.4175	0.1525	10	0	0
0.4175	0.1575	10	0	0
0.4175	0.1625	10	0	0
0.4175	0.1675	10	0	0
0.4175	0.1725	10	0	0
0.4175	0.1775	10	0	0
0.4175	0.1825	10	0	0
0.4175	0.1875	10	0	0
0.4175	0.1925	10	0	0
0.4175	0.1975	10	0	0
0.4175	0.2025	10	0	0
0.4175	0.2075	10	0	0
0.4175	0.2125	10	0	0
0.4175	0.2175	10	0	0
0.4175	0.2225	10	0	0
0.4175	0.2275	10	0	0
0.4175	0.2325	10	0	0
0.4175	0.2375	10	0	0
0.4175	0.2425	10	0	0
0.4175	0.2475	10	0	0
0.4175	0.2525	10	0	0
0.4175	0.2575	10	0	0
0.4175	0.2625	10	0	0
0.4175	0.2675	10	0	0
0.4175	0.2725	10	0	0
0.4175	0.2775	10	0	0
0.4175	0.2825	10	0	0
0.4175	0.2875	10	0	0
0.4175	0.2925	10	0	0
0.4175	0.2975	10	0	0
0.4175	0.3025	10	0	0
0.4175	0.3075	10	0	0
0.4175	0.3125	10	0	0
0.4175	0.3175	10	0	0
0.4175	0.3225	10	0	1.60939e-39
0.4175	0.3275	10	0	9.21353e-32
0.4175	0.3325	10	0	1.85441e-28
0.4175	0.3375	10	0	1.9971e-26
0.4175	0.3425	10	0	7.2548e-25
0.4175	0.3475	10	0	1.90688e-23
0.4175	0.3525	10	0	4.98162e-22
0.4175	0.3575	10	0	1.41811e-20
0.4175	0.3625	10	0	3.76366e-19
0.4175	0.3675	10	0	8.15559e-18
0.4175	0.3725	10	0	1.36042e-16
0.4175	0.3775	10	0	1.69984e-15
0.4175	0.3825	10	0	1.60549e-14
0.4175	0.3875	10	0	1.11821e-13
0.4175	0.3925	10	0	5.53241e-13
0.4175	0.3975	10	0	1.49678e-12
0.4175	0.4025	10	0	2.56798e-12
0.4175	0.4075	10	0	3.14065e-12
0.4175	0.4125	10	0	1.90891e-12
0.4175	0.4175	10	0	6.81903e-13
0.4175	0.4225	10	0	1.97697e-13
0.4175	0.4275	10	0	5.56267e-14
0.4175	0.4325	10	0	1.56112e-14
0.4175	0.4375	10	0	3.89737e-15
0.4175	0.4425	10	0	3.65865e-16
0.4175	0.4475	10	0	3.22573e-18
0.4175	0.4525	10	0	8.50124e-17
0.4175	0.4575	10	0	8.50086e-17
0.4175	0.4625	10	0	7.66475e-21
0.4175	0.4675	10	0	1.506e-20
0.4175	0.4725	10	0	-1.64949e-36
0.4175	0.4775	10	0	0
0.4175	0.4825	10	0	0
0.4175	0.4875	10	0	0
0.4175	0.4925	10	0	0
0.4175	0.4975	10	0	0
0.4175	0.5025	10	0	0
0.4175	0.5075	10	0	0
0.4175	0.5125	10	0	0
0.4175	0.5175	10	0	0
0.4175	0.5225	10	0	0
0.4175	0.5275	10	0	0
0.4175	0.5325	10	0	1.64949e-36
0.4175	0.5375	10	0	-1.506e-20
0.4175	0.5425	10	0	-7.66475e-21
0.4175	0.5475	10	0	-8.50086e-17
0.4175	0.5525	10	0	-8.50124e-17
0.4175	0.5575	10	0	-3.22573e-18
0.4175	0.5625	10	0	-3.65865e-16
0.4175	0.5675	10	0	-3.89737e-15
0.4175	0.5725	10	0	-1.56112e-14
0.4175	0.5775	10	0	-5.56267e-14
0.4175	0.5825	10	0	-1.97697e-13
0.4175	0.5875	10	0	-6.81903e-13
0.4175	0.5925	10	0	-1.90891e-12
0.4175	0.5975	10	0	-3.14065e-12
0.4175	0.6025	10	0	-2.56798e-12
0.4175	0.6075	10	0	-1.49678e-12
0.4175	0.6125	10	0	-5.53241e-13
0.4175	0.6175	10	0	-1.11821e-13
0.4175	0.6225	10	0	-1.60549e-14
0.4175	0.6275	10	0	-1.69984e-15
0.4175	0.6325	10	0	-1.36042e-16
0.4175	0.6375	10	0	-8.15559e-18
0.4175	0.6425	10	0	-3.76366e-19
0.4175	0.6475	10	0	-1.41811e-20
0.4175	0.6525	10	0	-4.98162e-22
0.4175	0.6575	10	0	-1.90688e-23
0.4175	0.6625	10	0	-7.2548e-25
0.4175	0.6675	10	0	-1.9971e-26
0.4175	0.6725	10	0	-1.85441e-28
0.4175	0.6775	10	0	-9.21353e-32
0.4175	0.6825	10	0	-1.60939e-39
0.4175	0.6875	10	0	0
0.4175	0.6925	10	0	0
0.4175	0.6975	10	0	0
0.4175	0.7025	10	0	0
0.4175	0.7075	10	0	0
0.4175	0.7125	10	0	0
0.4175	0.7175	10	0	0
0.4175	0.7225	10	0	0
0.4175	0.7275	10	0	0
0.4175	0.7325	10	0	0
0.4175	0.7375	10	0	0
0.4175	0.7425	10	0	0
0.4175	0.7475	10	0	0
0.4175	0.7525	10	0	0
0.4175	0.7575	10	0	0
0.4175	0.7625	10	0	0
0.4175	0.7675	10	0	0
0.4175	0.7725	10	0	0
0.4175	0.7775	10	0	0
0.4175	0.7825	10	0	0
0.4175	0.7875	10	0	0
0.4175	0.7925	10	0	0
0.4175	0.7975	10	0	0
0.4175	0.8025	10	0	0
0.4175	0.8075	10	0	0
0.4175	0.8125	10	0	0
0.4175	0.8175	10	0	0
0.4175	0.8225	10	0	0
0.4175	0.8275	10	0	0
0.4175	0.8325	10	0	0
0.4175	0.8375	10	0	0
0.4175	0.8425	10	0	0
0.4175	0.8475	10	0	0
0.4175	0.8525	10	0	0
0.4175	0.8575	10	0	0
0.4175	0.8625	10	0	0
0.4175	0.8675	10	0	0
0.4175	0.8725	10	0	0
0.4175	0.8775	10	0	0
0.4175	0.8825	10	0	0
0.4175	0.8875	10	0	0
0.4175	0.8925	10	0	0
0.4175	0.8975	10	0	0
0.4175	0.9025	10	0	0
0.4175	0.9075	10	0	0
0.4175	0.9125	10	0	0
0.4175	0.9175	10	0	0
0.4175	0.9225	10	0	0
0.4175	0.9275	10	0	0
0.4175	0.9325	10	0	0
0.4175	0.9375	10	0	0
0.4175	0.9425	10	0	0
0.4175	0.9475	10	0	0
0.4175	0.9525	10	0	0
0.4175	0.9575	10	0	0
0.4175	0.9625	10	0	0
0.4175	0.9675	10	0	0
0.4175	0.9725	10	0	0
0.4175	0.9775	10	0	0
0.4175	0.9825	10	0	0
0.4175	0.9875	10	0	0
0.4175	0.9925	10	0	0
0.4175	0.9975	10	0	0
0.4175	1.0025	10	0	0
0.4225	0.0075	10	0	0
0.4225	0.0125	10	0	0
0.4225	0.0175	10	0	0
0.4225	0.0225	10	0	0
0.4225	0.0275	10	0	0
0.4225	0.0325	10	0	0
0.4225	0.0375	10	0	0
0.4225	0.0425	10	0	0
0.4225	0.0475	10	0	0
0.4225	0.0525	10	0	0
0.4225	0.0575	10	0	0
0.4225	0.0625	10	0	0
0.4225	0.0675	10	0	0
0.4225	0.0725	10	0	0
0.4225	0.0775	10	0	0
0.4225	0.0825	10	0	0
0.4225	0.0875	10	0	0
0.4225	0.0925	10	0	0
0.4225	0.0975	10	0	0
0.4225	0.1025	10	0	0
0.4225	0.1075	10	0	0
0.4225	0.1125	10	0	0
0.4225	0.1175	10	0	0
0.4225	0.1225	10	0	0
0.4225	0.1275	10	0	0
0.4225	0.1325	10	0	0
0.4225	0.1375	10	0	0
0.4225	0.1425	10	0	0
0.4225	0.1475	10	0	0
0.4225	0.1525	10	0	0
0.4225	0.1575	10	0	0
0.4225	0.1625	10	0	0
0.4225	0.1675	10	0	0
0.4225	0.1725	10	0	0
0.4225	0.1775	10	0	0
0.4225	0.1825	10	0	0
0.4225	0.1875	10	0	0
0.4225	0.1925	10	0	0
0.4225	0.1975	10	0	0
0.4225	0.2025	10	0	0
0.4225	0.2075	10	0	0
0.4225	0.2125	10	0	0
0.4225	0.2175	10	0	0
0.4225	0.2225	10	0	0
0.4225	0.2275	10	0	0
0.4225	0.2325	10	0	0
0.4225	0.2375	10	0	0
0.4225	0.2425	10	0	0
0.4225	0.2475	10	0	0
0.4225	0.2525	10	0	0
0.4225	0.2575	10	0	0
0.4225	0.2625	10	0	0
0.4225	0.2675	10	0	0
0.4225	0.2725	10	0	0
0.4225	0.2775	10	0	0
0.4225	0.2825	10	0	0
0.4225	0.2875	10	0	0
0.4225	0.2925	10	0	0
0.4225	0.2975	10	0	0
0.4225	0.3025	10	0	0
0.4225	0.3075	10	0	0
0.4225	0.3125	10	0	0
0.4225	0.3175	10	0	0
0.4225	0.3225	10	0	2.6541e-37
0.4225	0.3275	10	0	5.43602e-30
0.4225	0.3325	10	0	7.07594e-27
0.4225	0.3375	10	0	6.11793e-25
0.4225	0.3425	10	0	2.01502e-23
0.4225	0.3475	10	0	5.11041e-22
0.4225	0.3525	10	0	1.3347e-20
0.4225	0.3575	10	0	3.75208e-19
0.4225	0.3625	10	0	9.58961e-18
0.4225	0.3675	10	0	1.97672e-16
0.4225	0.3725	10	0	3.12166e-15
0.4225	0.3775	10	0	3.67134e-14
0.4225	0.3825	10	0	3.24219e-13
0.4225	0.3875	10	0	2.08845e-12
0.4225	0.3925	10	0	9.48561e-12
0.4225	0.3975	10	0	2.37418e-11
0.4225	0.4025	10	0	4.13339e-11
0.4225	0.4075	10	0	5.4556e-11
0.4225	0.4125	10	0	3.53041e-11
0.4225	0.4175	10	0	1.35703e-11
0.4225	0.4225	10	0	4.17778e-12
0.4225	0.4275	10	0	1.23649e-12
0.4225	0.4325	10	0	3.63251e-13
0.4225	0.4375	10	0	9.14031e-14
0.4225	0.4425	10	0	1.08599e-14
0.4225	0.4475	10	0	1.35826e-16
0.4225	0.4525	10	0	2.41077e-15
0.4225	0.4575	10	0	2.41165e-15
0.4225	0.4625	10	0	2.50038e-19
0.4225	0.4675	10	0	4.92251e-19
0.4225	0.4725	10	0	3.2825e-33
0.4225	0.4775	10	0	7.00369e-41
0.4225	0.4825	10	0	0
0.4225	0.4875	10	0	0
0.4225	0.4925	10	0	0
0.4225	0.4975	10	0	0
0.4225	0.5025	10	0	0
0.4225	0.5075	10	0	0
0.4225	0.5125	10	0	0
0.4225	0.5175	10	0	0
0.4225	0.5225	10	0	0
0.4225	0.5275	10	0	-7.00369e-41
0.4225	0.5325	10	0	-3.2825e-33
0.4225	0.5375	10	0	-4.92251e-19
0.4225	0.5425	10	0	-2.50038e-19
0.4225	0.5475	10	0	-2.41165e-15
0.4225	0.5525	10	0	-2.41077e-15
0.4225	0.5575	10	0	-1.35826e-16
0.4225	0.5625	10	0	-1.08599e-14
0.4225	0.5675	10	0	-9.14031e-14
0.4225	0.5725	10	0	-3.63251e-13
0.4225	0.5775	10	0	-1.23649e-12
0.4225	0.5825	10	0	-4.17778e-12
0.4225	0.5875	10	0	-1.35703e-11
0.4225	0.5925	10	0	-3.53041e-11
0.4225	0.5975	10	0	-5.4556e-11
0.4225	0.6025	10	0	-4.13339e-11
0.4225	0.6075	10	0	-2.37418e-11
0.4225	0.6125	10	0	-9.48561e-12
0.4225	0.6175	10	0	-2.08845e-12
0.4225	0.6225	10	0	-3.24219e-13
0.4225	0.6275	10	0	-3.67134e-14
0.4225	0.6325	10	0	-3.12166e-15
0.4225	0.6375	10	0	-1.97672e-16
0.4225	0.6425	10	0	-9.58961e-18
0.4225	0.6475	10	0	-3.75208e-19
0.4225	0.6525	10	0	-1.3347e-20
0.4225	0.6575	10	0	-5.11041e-22
0.4225	0.6625	10	0	-2.01502e-23
0.4225	0.6675	10	0	-6.11793e-25
0.4225	0.6725	10	0	-7.07594e-27
0.4225	0.6775	10	0	-5.43602e-30
0.4225	0.6825	10	0	-2.6541e-37
0.4225	0.6875	10	0	0
0.4225	0.6925	10	0	0
0.4225	0.6975	10	0	0
0.4225	0.7025	10	0	0
0.4225	0.7075	10	0	0
0.4225	0.7125	10	0	0
0.4225	0.7175	10	0	0
0.4225	0.7225	10	0	0
0.4225	0.7275	10	0	0
0.4225	0.7325	10	0	0
0.4225	0.7375	10	0	0
0.4225	0.7425	10	0	0
0.4225	0.7475	10	0	0
0.4225	0.7525	10	0	0
0.4225	0.7575	10	0	0
0.4225	0.7625	10	0	0
0.4225	0.7675	10	0	0
0.4225	0.7725	10	0	0
0.4225	0.7775	10	0	0
0.4225	0.7825	10	0	0
0.4225	0.7875	10	0	0
0.4225	0.7925	10	0	0
0.4225	0.7975	10	0	0
0.4225	0.8025	10	0	0
0.4225	0.8075	10	0	0
0.4225	0.8125	10	0	0
0.4225	0.8175	10	0	0
0.4225	0.8225	10	0	0
0.4225	0.8275	10	0	0
0.4225	0.8325	10	0	0
0.4225	0.8375	10	0	0
0.4225	0.8425	10	0	0
0.4225	0.8475	10	0	0
0.4225	0.8525	10	0	0
0.4225	0.8575	10	0	0
0.4225	0.8625	10	0	0
0.4225	0.8675	10	0	0
0.4225	0.8725	10	0	0
0.4225	0.8775	10	0	0
0.4225	0.8825	10	0	0
0.4225	0.8875	10	0	0
0.4225	0.8925	10	0	0
0.4225	0.8975	10	0	0
0.4225	0.9025	10	0	0
0.4225	0.9075	10	0	0
0.4225	0.9125	10	0	0
0.4225	0.9175	10	0	0
0.4225	0.9225	10	0	0
0.4225	0.9275	10	0	0
0.4225	0.9325	10	0	0
0.4225	0.9375	10	0	0
0.4225	0.9425	10	0	0
0.4225	0.9475	10	0	0
0.4225	0.9525	10	0	0
0.4225	0.9575	10	0	0
0.4225	0.9625	10	0	0
0.4225	0.9675	10	0	0
0.4225	0.9725	10	0	0
0.4225	0.9775	10	0	0
0.4225	0.9825	10	0	0
0.4225	0.9875	10	0	0
0.4225	0.9925	10	0	0
0.4225	0.9975	10	0	0
0.4225	1.0025	10	0	0
0.4275	0.0075	10	0	0
0.4275	0.0125	10	0	0
0.4275	0.0175	10	0	0
0.4275	0.0225	10	0	0
0.4275	0.0275	10	0	0
0.4275	0.0325	10	0	0
0.4275	0.0375	10	0	0
0.4275	0.0425	10	0	0
0.4275	0.0475	10	0	0
0.4275	0.0525	10	0	0
0.4275	0.0575	10	0	0
0.4275	0.0625	10	0	0
0.4275	0.0675	10	0	0
0.4275	0.0725	10	0	0
0.4275	0.0775	10	0	0
0.4275	0.0825	10	0	0
0.4275	0.0875	10	0	0
0.4275	0.0925	10	0	0
0.4275	0.0975	10	0	0
0.4275	0.1025	10	0	0
0.4275	0.1075	10	0	0
0.4275	0.1125	10	0	0
0.4275	0.1175	10	0	0
0.4275	0.1225	10	0	0
0.4275	0.1275	10	0	0
0.4275	0.1325	10	0	0
0.4275	0.1375	10	0	0
0.4275	0.1425	10	0	0
0.4275	0.1475	10	0	0
0.4275	0.1525	10	0	0
0.4275	0.1575	10	0	0
0.4275	0.1625	10	0	0
0.4275	0.1675	10	0	0
0.4275	0.1725	10	0	0
0.4275	0.1775	10	0	0
0.4275	0.1825	10	0	0
0.4275	0.1875	10	0	0
0.4275	0.1925	10	0	0
0.4275	0.1975	10	0	0
0.4275	0.2025	10	0	0
0.4275	0.2075	10	0	0
0.4275	0.2125	10	0	0
0.4275	0.2175	10	0	0
0.4275	0.2225	10	0	0
0.4275	0.2275	10	0	0
0.4275	0.2325	10	0	0
0.4275	0.2375	10	0	0
0.4275	0.2425	10	0	0
0.4275	0.2475	10	0	0
0.4275	0.2525	10	0	0
0.4275	0.2575	10	0	0
0.4275	0.2625	10	0	0
0.4275	0.2675	10	0	0
0.4275	0.2725	10	0	0
0.4275	0.2775	10	0	0
0.4275	0.2825	10	0	0
0.4275	0.2875	10	0	0
0.4275	0.2925	10	0	0
0.4275	0.2975	10	0	0
0.4275	0.3025	10	0	0
0.4275	0.3075	10	0	0
0.4275	0.3125	10	0	0
0.4275	0.3175	10	0	0
0.4275	0.3225	10	0	4.10012e-35
0.4275	0.3275	10	0	3.03043e-28
0.4275	0.3325	10	0	2.5591e-25
0.4275	0.3375	10	0	1.79076e-23
0.4275	0.3425	10	0	5.38781e-22
0.4275	0.3475	10	0	1.32774e-20
0.4275	0.3525	10	0	3.4729e-19
0.4275	0.3575	10	0	9.593e-18
0.4275	0.3625	10	0	2.34979e-16
0.4275	0.3675	10	0	4.59068e-15
0.4275	0.3725	10	0	6.85031e-14
0.4275	0.3775	10	0	7.5736e-13
0.4275	0.3825	10	0	6.19908e-12
0.4275	0.3875	10	0	3.69192e-11
0.4275	0.3925	10	0	1.52677e-10
0.4275	0.3975	10	0	3.55692e-10
0.4275	0.4025	10	0	6.31904e-10
0.4275	0.4075	10	0	8.86653e-10
0.4275	0.4125	10	0	6.08176e-10
0.4275	0.4175	10	0	2.51214e-10
0.4275	0.4225	10	0	8.22461e-11
0.4275	0.4275	10	0	2.56948e-11
0.4275	0.4325	10	0	7.83244e-12
0.4275	0.4375	10	0	2.01338e-12
0.4275	0.4425	10	0	2.9423e-13
0.4275	0.4475	10	0	5.11494e-15
0.4275	0.4525	10	0	5.99818e-14
0.4275	0.4575	10	0	6.0034e-14
0.4275	0.4625	10	0	7.1209e-18
0.4275	0.4675	10	0	1.40656e-17
0.4275	0.4725	10	0	1.16673e-30
0.4275	0.4775	10	0	1.512e-38
0.4275	0.4825	10	0	0
0.4275	0.4875	10	0	0
0.4275	0.4925	10	0	0
0.4275	0.4975	10	0	0
0.4275	0.5025	10	0	0
0.4275	0.5075	10	0	0
0.4275	0.5125	10	0	0
0.4275	0.5175	10	0	0
0.4275	0.5225	10	0	0
0.4275	0.5275	10	0	-1.512e-38
0.4275	0.5325	10	0	-1.16673e-30
0.4275	0.5375	10	0	-1.40656e-17
0.4275	0.5425	10	0	-7.1209e-18
0.4275	0.5475	10	0	-6.0034e-14
0.4275	0.5525	10	0	-5.99818e-14
0.4275	0.5575	10	0	-5.11494e-15
0.4275	0.5625	10	0	-2.9423e-13
0.4275	0.5675	10	0	-2.01338e-12
0.4275	0.5725	10	0	-7.83244e-12
0.4275	0.5775	10	0	-2.56948e-11
0.4275	0.5825	10	0	-8.22461e-11
0.4275	0.5875	10	0	-2.51214e-10
0.4275	0.5925	10	0	-6.08176e-10
0.4275	0.5975	10	0	-8.86653e-10
0.4275	0.6025	10	0	-6.31904e-10
0.4275	0.6075	10	0	-3.55692e-10
0.4275	0.6125	10	0	-1.52677e-10
0.4275	0.6175	10	0	-3.69192e-11
0.4275	0.6225	10	0	-6.19908e-12
0.4275	0.6275	10	0	-7.5736e-13
0.4275	0.6325	10	0	-6.85031e-14
0.4275	0.6375	10	0	-4.59068e-15
0.4275	0.6425	10	0	-2.34979e-16
0.4275	0.6475	10	0	-9.593e-18
0.4275	0.6525	10	0	-3.4729e-19
0.4275	0.6575	10	0	-1.32774e-20
0.4275	0.6625	10	0	-5.38781e-22
0.4275	0.6675	10	0	-1.79076e-23
0.4275	0.6725	10	0	-2.5591e-25
0.4275	0.6775	10	0	-3.03043e-28
0.4275	0.6825	10	0	-4.10012e-35
0.4275	0.6875	10	0	0
0.4275	0.6925	10	0	0
0.4275	0.6975	10	0	0
0.4275	0.7025	10	0	0
0.4275	0.7075	10	0	0
0.4275	0.7125	10	0	0
0.4275	0.7175	10	0	0
0.4275	0.7225	10	0	0
0.4275	0.7275	10	0	0
0.4275	0.7325	10	0	0
0.4275	0.7375	10	0	0
0.4275	0.7425	10	0	0
0.4275	0.7475	10	0	0
0.4275	0.7525	10	0	0
0.4275	0.7575	10	0	0
0.4275	0.7625	10	0	0
0.4275	0.7675	10	0	0
0.4275	0.7725	10	0	0
0.4275	0.7775	10	0	0
0.4275	0.7825	10	0	0
0.4275	0.7875	10	0	0
0.4275	0.7925	10	0	0
0.4275	0.7975	10	0	0
0.4275	0.8025	10	0	0
0.4275	0.8075	10	0	0
0.4275	0.8125	10	0	0
0.4275	0.8175	10	0	0
0.4275	0.8225	10	0	0
0.4275	0.8275	10	0	0
0.4275	0.8325	10	0	0
0.4275	0.8375	10	0	0
0.4275	0.8425	10	0	0
0.4275	0.8475	10	0	0
0.4275	0.8525	10	0	0
0.4275	0.8575	10	0	0
0.4275	0.8625	10	0	0
0.4275	0.8675	10	0	0
0.4275	0.8725	10	0	0
0.4275	0.8775	10	0	0
0.4275	0.8825	10	0	0
0.4275	0.8875	10	0	0
0.4275	0.8925	10	0	0
0.4275	0.8975	10	0	0
0.4275	0.9025	10	0	0
0.4275	0.9075	10	0	0
0.4275	0.9125	10	0	0
0.4275	0.9175	10	0	0
0.4275	0.9225	10	0	0
0.4275	0.9275	10	0	0
0.4275	0.9325	10	0	0
0.4275	0.9375	10	0	0
0.4275	0.9425	10	0	0
0.4275	0.9475	10	0	0
0.4275	0.9525	10	0	0
0.4275	0.9575	10	0	0
0.4275	0.9625	10	0	0
0.4275	0.9675	10	0	0
0.4275	0.9725	10	0	0
0.4275	0.9775	10	0	0
0.4275	0.9825	10	0	0
0.4275	0.9875	10	0	0
0.4275	0.9925	10	0	0
0.4275	0.9975	10	0	0
0.4275	1.0025	10	0	0
0.4325	0.0075	10	0	0
0.4325	0.0125	10	0	0
0.4325	0.0175	10	0	0
0.4325	0.0225	10	0	0
0.4325	0.0275	10	0	0
0.4325	0.0325	10	0	0
0.4325	0.0375	10	0	0
0.4325	0.0425	10	0	0
0.4325	0.0475	10	0	0
0.4325	0.0525	10	0	0
0.4325	0.0575	10	0	0
0.4325	0.0625	10	0	0
0.4325	0.0675	10	0	0
0.4325	0.0725	10	0	0
0.4325	0.0775	10	0	0
0.4325	0.0825	10	0	0
0.4325	0.0875	10	0	0
0.4325	0.0925	10	0	0
0.4325	0.0975	10	0	0
0.4325	0.1025	10	0	0
0.4325	0.1075	10	0	0
0.4325	0.1125	10	0	0
0.4325	0.1175	10	0	0
0.4325	0.1225	10	0	0
0.4325	0.1275	10	0	0
0.4325	0.1325	10	0	0
0.4325	0.1375	10	0	0
0.4325	0.1425	10	0	0
0.4325	0.1475	10	0	0
0.4325	0.1525	10	0	0
0.4325	0.1575	10	0	0
0.4325	0.1625	10	0	0
0.4325	0.1675	10	0	0
0.4325	0.1725	10	0	0
0.4325	0.1775	10	0	0
0.4325	0.1825	10	0	0
0.4325	0.1875	10	0	0
0.4325	0.1925	10	0	0
0.4325	0.1975	10	0	0
0.4325	0.2025	10	0	0
0.4325	0.2075	10	0	0
0.4325	0.2125	10	0	0
0.4325	0.2175	10	0	0
0.4325	0.2225	10	0	0
0.4325	0.2275	10	0	0
0.4325	0.2325	10	0	0
0.4325	0.2375	10	0	0
0.4325	0.2425	10	0	0
0.4325	0.2475	10	0	0
0.4325	0.2525	10	0	0
0.4325	0.2575	10	0	0
0.4325	0.2625	10	0	0
0.4325	0.2675	10	0	0
0.4325	0.2725	10	0	0
0.4325	0.2775	10	0	0
0.4325	0.2825	10	0	0
0.4325	0.2875	10	0	0
0.4325	0.2925	10	0	0
0.4325	0.2975	10	0	0
0.4325	0.3025	10	0	0
0.4325	0.3075	10	0	0
0.4325	0.3125	10	0	0
0.4325	0.3175	10	0	0
0.4325	0.3225	10	0	5.96184e-33
0.4325	0.3275	10	4.61537e-39	1.5909e-26
0.4325	0.3325	10	7.35166e-37	8.7529e-24
0.4325	0.3375	10	1.12127e-34	5.00346e-22
0.4325	0.3425	10	1.64146e-32	1.38663e-20
0.4325	0.3475	10	2.30313e-30	3.34398e-19
0.4325	0.3525	10	3.08819e-28	8.75943e-18
0.4325	0.3575	10	3.93758e-26	2.36361e-16
0.4325	0.3625	10	4.73923e-24	5.52233e-15
0.4325	0.3675	10	5.33184e-22	1.01752e-13
0.4325	0.3725	10	5.53914e-20	1.42945e-12
0.4325	0.3775	10	5.23757e-18	1.48741e-11
0.4325	0.3825	10	4.43296e-16	1.11628e-10
0.4325	0.3875	10	3.29583e-14	6.15211e-10
0.4325	0.3925	10	2.11967e-12	2.29711e-09
0.4325	0.3975	10	1.24816e-10	5.02863e-09
0.4325	0.4025	10	1.04512e-08	9.10956e-09
0.4325	0.4075	10	9.71681e-08	1.33257e-08
0.4325	0.4125	10	1.45065e-07	9.66187e-09
0.4325	0.4175	10	1.72964e-07	4.28713e-09
0.4325	0.4225	10	1.90264e-07	1.49046e-09
0.4325	0.4275	10	1.96008e-07	4.92911e-10
0.4325	0.4325	10	1.97786e-07	1.54403e-10
0.4325	0.4375	10	1.98278e-07	4.10461e-11
0.4325	0.4425	10	1.98396e-07	7.17777e-12
0.4325	0.4475	10	1.98413e-07	1.69097e-13
0.4325	0.4525	10	1.98417e-07	1.28234e-12
0.4325	0.4575	10	1.98421e-07	1.28427e-12
0.4325	0.4625	10	1.98421e-07	1.73135e-16
0.4325	0.4675	10	1.98421e-07	3.44036e-16
0.4325	0.4725	10	1.98421e-07	3.03151e-28
0.4325	0.4775	10	1.98421e-07	2.41793e-36
0.4325	0.4825	10	1.98421e-07	0
0.4325	0.4875	10	1.98421e-07	0
0.4325	0.4925	10	1.98421e-07	0
0.4325	0.4975	10	1.98421e-07	0
0.4325	0.5025	10	1.98421e-07	0
0.4325	0.5075	10	1.98421e-07	0
0.4325	0.5125	10	1.98421e-07	0
0.4325	0.5175	10	1.98421e-07	0
0.4325	0.5225	10	1.98421e-07	0
0.4325	0.5275	10	1.98421e-07	-2.41793e-36
0.4325	0.5325	10	1.98421e-07	-3.03151e-28
0.4325	0.5375	10	1.98421e-07	-3.44036e-16
0.4325	0.5425	10	1.98421e-07	-1.73135e-16
0.4325	0.5475	10	1.98421e-07	-1.28427e-12
0.4325	0.5525	10	1.98417e-07	-1.28234e-12
0.4325	0.5575	10	1.98413e-07	-1.69097e-13
0.4325	0.5625	10	1.98396e-07	-7.17777e-12
0.4325	0.5675	10	1.98278e-07	-4.10461e-11
0.4325	0.5725	10	1.97786e-07	-1.54403e-10
0.4325	0.5775	10	1.96008e-07	-4.92911e-10
0.4325	0.5825	10	1.90264e-07	-1.49046e-09
0.4325	0.5875	10	1.72964e-07	-4.28713e-09
0.4325	0.5925	10	1.45065e-07	-9.66187e-09
0.4325	0.5975	10	9.71681e-08	-1.33257e-08
0.4325	0.6025	10	1.04512e-08	-9.10956e-09
0.4325	0.6075	10	1.24816e-10	-5.02863e-09
0.4325	0.6125	10	2.11967e-12	-2.29711e-09
0.4325	0.6175	10	3.29583e-14	-6.15211e-10
0.4325	0.6225	10	4.43296e-16	-1.11628e-10
0.4325	0.6275	10	5.23757e-18	-1.48741e-11
0.4325	0.6325	10	5.53914e-20	-1.42945e-12
0.4325	0.6375	10	5.33184e-22	-1.01752e-13
0.4325	0.6425	10	4.73923e-24	-5.52233e-15
0.4325	0.6475	10	3.93758e-26	-2.36361e-16
0.4325	0.6525	10	3.08819e-28	-8.75943e-18
0.4325	0.6575	10	2.30313e-30	-3.34398e-19
0.4325	0.6625	10	1.64146e-32	-1.38663e-20
0.4325	0.6675	10	1.12127e-34	-5.00346e-22
0.4325	0.6725	10	7.35166e-37	-8.7529e-24
0.4325	0.6775	10	4.61537e-39	-1.5909e-26
0.4325	0.6825	10	0	-5.96184e-33
0.4325	0.6875	10	0	0
0.4325	0.6925	10	0	0
0.4325	0.6975	10	0	0
0.4325	0.7025	10	0	0
0.4325	0.7075	10	0	0
0.4325	0.7125	10	0	0
0.4325	0.7175	10	0	0
0.4325	0.7225	10	0	0
0.4325	0.7275	10	0	0
0.4325	0.7325	10	0	0
0.4325	0.7375	10	0	0
0.4325	0.7425	10	0	0
0.4325	0.7475	10	0	0
0.4325	0.7525	10	0	0
0.4325	0.7575	10	0	0
0.4325	0.7625	10	0	0
0.4325	0.7675	10	0	0
0.4325	0.7725	10	0	0
0.4325	0.7775	10	0	0
0.4325	0.7825	10	0	0
0.4325	0.7875	10	0	0
0.4325	0.7925	10	0	0
0.4325	0.7975	10	0	0
0.4325	0.8025	10	0	0
0.4325	0.8075	10	0	0
0.4325	0.8125	10	0	0
0.4325	0.8175	10	0	0
0.4325	0.8225	10	0	0
0.4325	0.8275	10	0	0
0.4325	0.8325	10	0	0
0.4325	0.8375	10	0	0
0.4325	0.8425	10	0	0
0.4325	0.8475	10	0	0
0.4325	0.8525	10	0	0
0.4325	0.8575	10	0	0
0.4325	0.8625	10	0	0
0.4325	0.8675	10	0	0
0.4325	0.8725	10	0	0
0.4325	0.8775	10	0	0
0.4325	0.8825	10	0	0
0.4325	0.8875	10	0	0
0.4325	0.8925	10	0	0
0.4325	0.8975	10	0	0
0.4325	0.9025	10	0	0
0.4325	0.9075	10	0	0
0.4325	0.9125	10	0	0
0.4325	0.9175	10	0	0
0.4325	0.9225	10	0	0
0.4325	0.9275	10	0	0
0.4325	0.9325	10	0	0
0.4325	0.9375	10	0	0
0.4325	0.9425	10	0	0
0.4325	0.9475	10	0	0
0.4325	0.9525	10	0	0
0.4325	0.9575	10	0	0
0.4325	0.9625	10	0	0
0.4325	0.9675	10	0	0
0.4325	0.9725	10	0	0
0.4325	0.9775	10	0	0
0.4325	0.9825	10	0	0
0.4325	0.9875	10	0	0
0.4325	0.9925	10	0	0
0.4325	0.9975	10	0	0
0.4325	1.0025	10	0	0
0.4375	0.0075	10	0	0
0.4375	0.0125	10	0	0
0.4375	0.0175	10	0	0
0.4375	0.0225	10	0	0
0.4375	0.0275	10	0	0
0.4375	0.0325	10	0	0
0.4375	0.0375	10	0	0
0.4375	0.0425	10	0	0
0.4375	0.0475	10	0	0
0.4375	0.0525	10	0	0
0.4375	0.0575	10	0	0
0.4375	0.0625	10	0	0
0.4375	0.0675	10	0	0
0.4375	0.0725	10	0	0
0.4375	0.0775	10	0	0
0.4375	0.0825	10	0	0
0.4375	0.0875	10	0	0
0.4375	0.0925	10	0	0
0.4375	0.0975	10	0	0
0.4375	0.1025	10	0	0
0.4375	0.1075	10	0	0
0.4375	0.1125	10	0	0
0.4375	0.1175	10	0	0
0.4375	0.1225	10	0	0
0.4375	0.1275	10	0	0
0.4375	0.1325	10	0	0
0.4375	0.1375	10	0	0
0.4375	0.1425	10	0	0
0.4375	0.1475	10	0	0
0.4375	0.1525	10	0	0
0.4375	0.1575	10	0	0
0.4375	0.1625	10	0	0
0.4375	0.1675	10	0	0
0.4375	0.1725	10	0	0
0.4375	0.1775	10	0	0
0.4375	0.1825	10	0	0
0.4375	0.1875	10	0	0
0.4375	0.1925	10	0	0
0.4375	0.1975	10	0	0
0.4375	0.2025	10	0	0
0.4375	0.2075	10	0	0
0.4375	0.2125	10	0	0
0.4375	0.2175	10	0	0
0.4375	0.2225	10	0	0
0.4375	0.2275	10	0	0
0.4375	0.2325	10	0	0
0.4375	0.2375	10	0	0
0.4375	0.2425	10	0	0
0.4375	0.2475	10	0	0
0.4375	0.2525	10	0	0
0.4375	0.2575	10	0	0
0.4375	0.2625	10	0	0
0.4375	0.2675	10	0	0
0.4375	0.2725	10	0	0
0.4375	0.2775	10	0	0
0.4375	0.2825	10	0	0
0.4375	0.2875	10	0	0
0.4375	0.2925	10	0	0
0.4375	0.2975	10	1.0322e-40	0
0.4375	0.3025	10	1.05574e-38	0
0.4375	0.3075	10	8.21794e-37	0
0.4375	0.3125	10	6.17993e-35	0
0.4375	0.3175	10	4.49729e-33	0
0.4375	0.3225	10	3.16436e-31	8.12831e-31
0.4375	0.3275	10	2.14962e-29	7.83552e-25
0.4375	0.3325	10	1.40663e-27	2.82503e-22
0.4375	0.3375	10	8.83658e-26	1.33341e-20
0.4375	0.3425	10	5.30564e-24	3.43506e-19
0.4375	0.3475	10	3.02904e-22	8.15988e-18
0.4375	0.3525	10	1.63637e-20	2.13657e-16
0.4375	0.3575	10	8.34305e-19	5.60062e-15
0.4375	0.3625	10	4.02313e-17	1.24336e-13
0.4375	0.3675	10	1.85018e-15	2.14746e-12
0.4375	0.3725	10	8.1926e-14	2.81237e-11
0.4375	0.3775	10	3.47309e-12	2.76024e-10
0.4375	0.3825	10	1.35243e-10	1.89402e-09
0.4375	0.3875	10	4.44198e-09	9.57941e-09
0.4375	0.3925	10	1.07699e-07	3.2174e-08
0.4375	0.3975	10	2.98355e-07	6.69719e-08
0.4375	0.4025	10	6.48049e-07	1.22976e-07
0.4375	0.4075	10	1.22341e-06	1.82397e-07
0.4375	0.4125	10	1.88618e-06	1.39536e-07
0.4375	0.4175	10	2.2785e-06	6.69161e-08
0.4375	0.4225	10	2.44614e-06	2.44147e-08
0.4375	0.4275	10	2.50831e-06	8.55766e-09
0.4375	0.4325	10	2.52812e-06	2.72775e-09
0.4375	0.4375	10	2.5337e-06	7.56341e-10
0.4375	0.4425	10	2.53508e-06	1.54757e-10
0.4375	0.4475	10	2.53529e-06	4.79726e-12
0.4375	0.4525	10	2.53534e-06	2.289e-11
0.4375	0.4575	10	2.5354e-06	2.29428e-11
0.4375	0.4625	10	2.53543e-06	3.4837e-15
0.4375	0.4675	10	2.53543e-06	6.99847e-15
0.4375	0.4725	10	2.53544e-06	6.80035e-26
0.4375	0.4775	10	2.53544e-06	3.63412e-34
0.4375	0.4825	10	2.53544e-06	0
0.4375	0.4875	10	2.53544e-06	0
0.4375	0.4925	10	2.53544e-06	0
0.4375	0.4975	10	2.53544e-06	0
0.4375	0.5025	10	2.53544e-06	0
0.4375	0.5075	10	2.53544e-06	0
0.4375	0.5125	10	2.53544e-06	0
0.4375	0.5175	10	2.53544e-06	0
0.4375	0.5225	10	2.53544e-06	0
0.4375	0.5275	10	2.53544e-06	-3.63412e-34
0.4375	0.5325	10	2.53544e-06	-6.80035e-26
0.4375	0.5375	10	2.53543e-06	-6.99847e-15
0.4375	0.5425	10	2.53543e-06	-3.4837e-15
0.4375	0.5475	10	2.5354e-06	-2.29428e-11
0.4375	0.5525	10	2.53534e-06	-2.289e-11
0.4375	0.5575	10	2.53529e-06	-4.79726e-12
0.4375	0.5625	10	2.53508e-06	-1.54757e-10
0.4375	0.5675	10	2.5337e-06	-7.56341e-10
0.4375	0.5725	10	2.52812e-06	-2.72775e-09
0.4375	0.5775	10	2.50831e-06	-8.55766e-09
0.4375	0.5825	10	2.44614e-06	-2.44147e-08
0.4375	0.5875	10	2.2785e-06	-6.69161e-08
0.4375	0.5925	10	1.88618e-06	-1.39536e-07
0.4375	0.5975	10	1.22341e-06	-1.82397e-07
0.4375	0.6025	10	6.48049e-07	-1.22976e-07
0.4375	0.6075	10	2.98355e-07	-6.69719e-08
0.4375	0.6125	10	1.07699e-07	-3.2174e-08
0.4375	0.6175	10	4.44198e-09	-9.57941e-09
0.4375	0.6225	10	1.35243e-10	-1.89402e-09
0.4375	0.6275	10	3.47309e-12	-2.76024e-10
0.4375	0.6325	10	8.1926e-14	-2.81237e-11
0.4375	0.6375	10	1.85018e-15	-2.14746e-12
0.4375	0.6425	10	4.02313e-17	-1.24336e-13
0.4375	0.6475	10	8.34305e-19	-5.60062e-15
0.4375	0.6525	10	1.63637e-20	-2.13657e-16
0.4375	0.6575	10	3.02904e-22	-8.15988e-18
0.4375	0.6625	10	5.30564e-24	-3.43506e-19
0.4375	0.6675	10	8.83658e-26	-1.33341e-20
0.4375	0.6725	10	1.40663e-27	-2.82503e-22
0.4375	0.6775	10	2.14962e-29	-7.83552e-25
0.4375	0.6825	10	3.16436e-31	-8.12831e-31
0.4375	0.6875	10	4.49729e-33	0
0.4375	0.6925	10	6.17993e-35	0
0.4375	0.6975	10	8.21794e-37	0
0.4375	0.7025	10	1.05574e-38	0
0.4375	0.7075	10	1.0322e-40	0
0.4375	0.7125	10	0	0
0.4375	0.7175	10	0	0
0.4375	0.7225	10	0	0
0.4375	0.7275	10	0	0
0.4375	0.7325	10	0	0
0.4375	0.7375	10	0	0
0.4375	0.7425	10	0	0
0.4375	0.7475	10	0	0
0.4375	0.7525	10	0	0
0.4375	0.7575	10	0	0
0.4375	0.7625	10	0	0
0.4375	0.7675	10	0	0
0.4375	0.7725	10	0	0
0.4375	0.7775	10	0	0
0.4375	0.7825	10	0	0
0.4375	0.7875	10	0	0
0.4375	0.7925	10	0	0
0.4375	0.7975	10	0	0
0.4375	0.8025	10	0	0
0.4375	0.8075	10	0	0
0.4375	0.8125	10	0	0
0.4375	0.8175	10	0	0
0.4375	0.8225	10	0	0
0.4375	0.8275	10	0	0
0.4375	0.8325	10	0	0
0.4375	0.8375	10	0	0
0.4375	0.8425	10	0	0
0.4375	0.8475	10	0	0
0.4375	0.8525	10	0	0
0.4375	0.8575	10	0	0
0.4375	0.8625	10	0	0
0.4375	0.8675	10	0	0
0.4375	0.8725	10	0	0
0.4375	0.8775	10	0	0
0.4375	0.8825	10	0	0
0.4375	0.8875	10	0	0
0.4375	0.8925	10	0	0
0.4375	0.8975	10	0	0
0.4375	0.9025	10	0	0
0.4375	0.9075	10	0	0
0.4375	0.9125	10	0	0
0.4375	0.9175	10	0	0
0.4375	0.9225	10	0	0
0.4375	0.9275	10	0	0
0.4375	0.9325	10	0	0
0.4375	0.9375	10	0	0
0.4375	0.9425	10	0	0
0.4375	0.9475	10	0	0
0.4375	0.9525	10	0	0
0.4375	0.9575	10	0	0
0.4375	0.9625	10	0	0
0.4375	0.9675	10	0	0
0.4375	0.9725	10	0	0
0.4375	0.9775	10	0	0
0.4375	0.9825	10	0	0
0.4375	0.9875	10	0	0
0.4375	0.9925	10	0	0
0.4375	0.9975	10	0	0
0.4375	1.0025	10	0	0
0.4425	0.0075	10	0	0
0.4425	0.0125	10	0	0
0.4425	0.0175	10	0	0
0.4425	0.0225	10	0	0
0.4425	0.0275	10	0	0
0.4425	0.0325	10	0	0
0.4425	0.0375	10	0	0
0.4425	0.0425	10	0	0
0.4425	0.0475	10	0	0
0.4425	0.0525	10	0	0
0.4425	0.0575	10	0	0
0.4425	0.0625	10	0	0
0.4425	0.0675	10	0	0
0.4425	0.0725	10	0	0
0.4425	0.0775	10	0	0
0.4425	0.0825	10	0	0
0.4425	0.0875	10	0	0
0.4425	0.0925	10	0	0
0.4425	0.0975	10	0	0
0.4425	0.1025	10	0	0
0.4425	0.1075	10	0	0
0.4425	0.1125	10	0	0
0.4425	0.1175	10	0	0
0.4425	0.1225	10	0	0
0.4425	0.1275	10	0	0
0.4425	0.1325	10	0	0
0.4425	0.1375	10	0	0
0.4425	0.1425	10	0	0
0.4425	0.1475	10	0	0
0.4425	0.1525	10	0	0
0.4425	0.1575	10	0	0
0.4425	0.1625	10	0	0
0.4425	0.1675	10	0	0
0.4425	0.1725	10	0	0
0.4425	0.1775	10	0	0
0.4425	0.1825	10	0	0
0.4425	0.1875	10	0	0
0.4425	0.1925	10	0	0
0.4425	0.1975	10	0	0
0.4425	0.2025	10	0	0
0.4425	0.2075	10	0	0
0.4425	0.2125	10	0	0
0.4425	0.2175	10	0	0
0.4425	0.2225	10	0	0
0.4425	0.2275	10	0	0
0.4425	0.2325	10	0	0
0.4425	0.2375	10	0	0
0.4425	0.2425	10	0	0
0.4425	0.2475	10	0	0
0.4425	0.2525	10	0	0
0.4425	0.2575	10	0	0
0.4425	0.2625	10	0	0
0.4425	0.2675	10	0	0
0.4425	0.2725	10	0	0
0.4425	0.2775	10	0	0
0.4425	0.2825	10	5.34091e-40	0
0.4425	0.2875	10	3.26677e-38	0
0.4425	0.2925	10	1.81207e-36	0
0.4425	0.2975	10	9.70786e-35	0
0.4425	0.3025	10	5.02161e-33	0
0.4425	0.3075	10	2.50591e-31	0
0.4425	0.3125	10	1.20531e-29	0
0.4425	0.3175	10	5.58251e-28	0
0.4425	0.3225	10	2.48749e-26	1.03452e-28
0.4425	0.3275	10	1.06552e-24	3.60537e-23
0.4425	0.3325	10	4.38565e-23	8.58589e-21
0.4425	0.3375	10	1.73448e-21	3.38766e-19
0.4425	0.3425	10	6.59212e-20	8.19107e-18
0.4425	0.3475	10	2.40614e-18	1.92702e-16
0.4425	0.3525	10	8.40729e-17	5.0304e-15
0.4425	0.3575	10	2.78994e-15	1.27633e-13
0.4425	0.3625	10	8.68049e-14	2.68832e-12
0.4425	0.3675	10	2.50597e-12	4.33163e-11
0.4425	0.3725	10	6.86098e-11	5.17933e-10
0.4425	0.3775	10	1.97367e-09	4.7658e-09
0.4425	0.3825	10	6.32745e-08	3.05851e-08
0.4425	0.3875	10	3.63226e-07	1.36664e-07
0.4425	0.3925	10	1.27394e-06	4.17982e-07
0.4425	0.3975	10	3.5071e-06	8.37829e-07
0.4425	0.4025	10	7.27339e-06	1.55324e-06
0.4425	0.4075	10	1.42024e-05	2.21793e-06
0.4425	0.4125	10	2.18048e-05	1.78327e-06
0.4425	0.4175	10	2.6426e-05	9.55352e-07
0.4425	0.4225	10	2.85162e-05	3.52847e-07
0.4425	0.4275	10	2.92943e-05	1.30122e-07
0.4425	0.4325	10	2.95462e-05	4.21632e-08
0.4425	0.4375	10	2.96195e-05	1.2168e-08
0.4425	0.4425	10	2.9639e-05	2.87443e-09
0.4425	0.4475	10	2.9642e-05	1.13511e-10
0.4425	0.4525	10	2.96426e-05	3.27172e-10
0.4425	0.4575	10	2.96432e-05	3.28284e-10
0.4425	0.4625	10	2.96435e-05	5.54196e-14
0.4425	0.4675	10	2.96435e-05	1.13504e-13
0.4425	0.4725	10	2.96435e-05	1.36278e-23
0.4425	0.4775	10	2.96435e-05	5.11684e-32
0.4425	0.4825	10	2.96435e-05	0
0.4425	0.4875	10	2.96435e-05	0
0.4425	0.4925	10	2.96435e-05	0
0.4425	0.4975	10	2.96435e-05	0
0.4425	0.5025	10	2.96435e-05	0
0.4425	0.5075	10	2.96435e-05	0
0.4425	0.5125	10	2.96435e-05	0
0.4425	0.5175	10	2.96435e-05	0
0.4425	0.5225	10	2.96435e-05	0
0.4425	0.5275	10	2.96435e-05	-5.11684e-32
0.4425	0.5325	10	2.96435e-05	-1.36278e-23
0.4425	0.5375	10	2.96435e-05	-1.13504e-13
0.4425	0.5425	10	2.96435e-05	-5.54196e-14
0.4425	0.5475	10	2.96432e-05	-3.28284e-10
0.4425	0.5525	10	2.96426e-05	-3.27172e-10
0.4425	0.5575	10	2.9642e-05	-1.13511e-10
0.4425	0.5625	10	2.9639e-05	-2.87443e-09
0.4425	0.5675	10	2.96195e-05	-1.2168e-08
0.4425	0.5725	10	2.95462e-05	-4.21632e-08
0.4425	0.5775	10	2.92943e-05	-1.30122e-07
0.4425	0.5825	10	2.85162e-05	-3.52847e-07
0.4425	0.5875	10	2.6426e-05	-9.55352e-07
0.4425	0.5925	10	2.18048e-05	-1.78327e-06
0.4425	0.5975	10	1.42024e-05	-2.21793e-06
0.4425	0.6025	10	7.27339e-06	-1.55324e-06
0.4425	0.6075	10	3.5071e-06	-8.37829e-07
0.4425	0.6125	10	1.27394e-06	-4.17982e-07
0.4425	0.6175	10	3.63226e-07	-1.36664e-07
0.4425	0.6225	10	6.32745e-08	-3.05851e-08
0.4425	0.6275	10	1.97367e-09	-4.7658e-09
0.4425	0.6325	10	6.86098e-11	-5.17933e-10
0.4425	0.6375	10	2.50597e-12	-4.33163e-11
0.4425	0.6425	10	8.68049e-14	-2.68832e-12
0.4425	0.6475	10	2.78994e-15	-1.27633e-13
0.4425	0.6525	10	8.40729e-17	-5.0304e-15
0.4425	0.6575	10	2.40614e-18	-1.92702e-16
0.4425	0.6625	10	6.59212e-20	-8.19107e-18
0.4425	0.6675	10	1.73448e-21	-3.38766e-19
0.4425	0.6725	10	4.38565e-23	-8.58589e-21
0.4425	0.6775	10	1.06552e-24	-3.60537e-23
0.4425	0.6825	10	2.48749e-26	-1.03452e-28
0.4425	0.6875	10	5.58251e-28	0
0.4425	0.6925	10	1.20531e-29	0
0.4425	0.6975	10	2.50591e-31	0
0.4425	0.7025	10	5.02161e-33	0
0.4425	0.7075	10	9.70786e-35	0
0.4425	0.7125	10	1.81207e-36	0
0.4425	0.7175	10	3.26677e-38	0
0.4425	0.7225	10	5.34091e-40	0
0.4425	0.7275	10	0	0
0.4425	0.7325	10	0	0
0.4425	0.7375	10	0	0
0.4425	0.7425	10	0	0
0.4425	0.7475	10	0	0
0.4425	0.7525	10	0	0
0.4425	0.7575	10	0	0
0.4425	0.7625	10	0	0
0.4425	0.7675	10	0	0
0.4425	0.7725	10	0	0
0.4425	0.7775	10	0	0
0.4425	0.7825	10	0	0
0.4425	0.7875	10	0	0
0.4425	0.7925	10	0	0
0.4425	0.7975	10	0	0
0.4425	0.8025	10	0	0
0.4425	0.8075	10	0	0
0.4425	0.8125	10	0	0
0.4425	0.8175	10	0	0
0.4425	0.8225	10	0	0
0.4425	0.8275	10	0	0
0.4425	0.8325	10	0	0
0.4425	0.8375	10	0	0
0.4425	0.8425	10	0	0
0.4425	0.8475	10	0	0
0.4425	0.8525	10	0	0
0.4425	0.8575	10	0	0
0.4425	0.8625	10	0	0
0.4425	0.8675	10	0	0
0.4425	0.8725	10	0	0
0.4425	0.8775	10	0	0
0.4425	0.8825	10	0	0
0.4425	0.8875	10	0	0
0.4425	0.8925	10	0	0
0.4425	0.8975	10	0	0
0.4425	0.9025	10	0	0
0.4425	0.9075	10	0	0
0.4425	0.9125	10	0	0
0.4425	0.9175	10	0	0
0.4425	0.9225	10	0	0
0.4425	0.9275	10	0	0
0.4425	0.9325	10	0	0
0.4425	0.9375	10	0	0
0.4425	0.9425	10	0	0
0.4425	0.9475	10	0	0
0.4425	0.9525	10	0	0
0.4425	0.9575	10	0	0
0.4425	0.9625	10	0	0
0.4425	0.9675	10	0	0
0.4425	0.9725	10	0	0
0.4425	0.9775	10	0	0
0.4425	0.9825	10	0	0
0.4425	0.9875	10	0	0
0.4425	0.9925	10	0	0
0.4425	0.9975	10	0	0
0.4425	1.0025	10	0	0
0.4475	0.0075	10	0	0
0.4475	0.0125	10	0	0
0.4475	0.0175	10	0	0
0.4475	0.0225	10	0	0
0.4475	0.0275	10	0	0
0.4475	0.0325	10	0	0
0.4475	0.0375	10	0	0
0.4475	0.0425	10	0	0
0.4475	0.0475	10	0	0
0.4475	0.0525	10	0	0
0.4475	0.0575	10	0	0
0.4475	0.0625	10	0	0
0.4475	0.0675	10	0	0
0.4475	0.0725	10	0	0
0.4475	0.0775	10	0	0
0.4475	0.0825	10	0	0
0.4475	0.0875	10	0	0
0.4475	0.0925	10	0	0
0.4475	0.0975	10	0	0
0.4475	0.1025	10	0	0
0.4475	0.1075	10	0	0
0.4475	0.1125	10	0	0
0.4475	0.1175	10	0	0
0.4475	0.1225	10	0	0
0.4475	0.1275	10	0	0
0.4475	0.1325	10	0	0
0.4475	0.1375	10	0	0
0.4475	0.1425	10	0	0
0.4475	0.1475	10	0	0
0.4475	0.1525	10	0	0
0.4475	0.1575	10	0	0
0.4475	0.1625	10	0	0
0.4475	0.1675	10	0	0
0.4475	0.1725	10	0	0
0.4475	0.1775	10	0	0
0.4475	0.1825	10	0	0
0.4475	0.1875	10	0	0
0.4475	0.1925	10	0	0
0.4475	0.1975	10	0	0
0.4475	0.2025	10	0	0
0.4475	0.2075	10	0	0
0.4475	0.2125	10	0	0
0.4475	0.2175	10	0	0
0.4475	0.2225	10	0	0
0.4475	0.2275	10	0	0
0.4475	0.2325	10	0	0
0.4475	0.2375	10	0	0
0.4475	0.2425	10	0	0
0.4475	0.2475	10	0	0
0.4475	0.2525	10	0	0
0.4475	0.2575	10	0	0
0.4475	0.2625	10	0	0
0.4475	0.2675	10	0	0
0.4475	0.2725	10	1.5534e-39	0
0.4475	0.2775	10	7.36217e-38	0
0.4475	0.2825	10	3.31053e-36	0
0.4475	0.2875	10	1.44755e-34	0
0.4475	0.2925	10	6.15438e-33	0
0.4475	0.2975	10	2.54323e-31	0
0.4475	0.3025	10	1.02104e-29	0
0.4475	0.3075	10	3.98051e-28	0
0.4475	0.3125	10	1.50607e-26	0
0.4475	0.3175	10	5.52729e-25	0
0.4475	0.3225	10	1.96639e-23	1.2229e-26
0.4475	0.3275	10	6.77546e-22	1.54249e-21
0.4475	0.3325	10	2.25774e-20	2.45234e-19
0.4475	0.3375	10	7.25675e-19	8.20294e-18
0.4475	0.3425	10	2.24079e-17	1.87944e-16
0.4475	0.3475	10	6.61674e-16	4.39834e-15
0.4475	0.3525	10	1.86421e-14	1.14355e-13
0.4475	0.3575	10	5.03772e-13	2.80505e-12
0.4475	0.3625	10	1.3244e-11	5.60685e-11
0.4475	0.3675	10	3.40404e-10	8.4482e-10
0.4475	0.3725	10	8.16537e-09	9.07267e-09
0.4475	0.3775	10	1.60964e-07	7.46595e-08
0.4475	0.3825	10	8.7364e-07	4.68346e-07
0.4475	0.3875	10	4.01775e-06	1.74134e-06
0.4475	0.3925	10	1.43614e-05	5.0061e-06
0.4475	0.3975	10	3.90248e-05	9.8151e-06
0.4475	0.4025	10	7.84551e-05	1.69645e-05
0.4475	0.4075	10	0.00014719	2.44872e-05
0.4475	0.4125	10	0.000222566	2.06003e-05
0.4475	0.4175	10	0.000269258	1.11308e-05
0.4475	0.4225	10	0.000290764	4.38031e-06
0.4475	0.4275	10	0.000298893	1.63558e-06
0.4475	0.4325	10	0.000301568	5.63608e-07
0.4475	0.4375	10	0.00030234	1.62688e-07
0.4475	0.4425	10	0.000302574	4.43923e-08
0.4475	0.4475	10	0.000302609	2.16134e-09
0.4475	0.4525	10	0.000302614	3.50409e-09
0.4475	0.4575	10	0.00030262	3.51924e-09
0.4475	0.4625	10	0.000302622	6.49079e-13
0.4475	0.4675	10	0.000302622	1.37242e-12
0.4475	0.4725	10	0.000302622	2.4469e-21
0.4475	0.4775	10	0.000302622	6.7181e-30
0.4475	0.4825	10	0.000302622	0
0.4475	0.4875	10	0.000302622	0
0.4475	0.4925	10	0.000302622	0
0.4475	0.4975	10	0.000302622	0
0.4475	0.5025	10	0.000302622	0
0.4475	0.5075	10	0.000302622	0
0.4475	0.5125	10	0.000302622	0
0.4475	0.5175	10	0.000302622	0
0.4475	0.5225	10	0.000302622	0
0.4475	0.5275	10	0.000302622	-6.7181e-30
0.4475	0.5325	10	0.000302622	-2.4469e-21
0.4475	0.5375	10	0.000302622	-1.37242e-12
0.4475	0.5425	10	0.000302622	-6.49079e-13
0.4475	0.5475	10	0.00030262	-3.51924e-09
0.4475	0.5525	10	0.000302614	-3.50409e-09
0.4475	0.5575	10	0.000302609	-2.16134e-09
0.4475	0.5625	10	0.000302574	-4.43923e-08
0.4475	0.5675	10	0.00030234	-1.62688e-07
0.4475	0.5725	10	0.000301568	-5.63608e-07
0.4475	0.5775	10	0.000298893	-1.63558e-06
0.4475	0.5825	10	0.000290764	-4.38031e-06
0.4475	0.5875	10	0.000269258	-1.11308e-05
0.4475	0.5925	10	0.000222566	-2.06003e-05
0.4475	0.5975	10	0.00014719	-2.44872e-05
0.4475	0.6025	10	7.84551e-05	-1.69645e-05
0.4475	0.6075	10	3.90248e-05	-9.8151e-06
0.4475	0.6125	10	1.43614e-05	-5.0061e-06
0.4475	0.6175	10	4.01775e-06	-1.74134e-06
0.4475	0.6225	10	8.7364e-07	-4.68346e-07
0.4475	0.6275	10	1.60964e-07	-7.46595e-08
0.4475	0.6325	10	8.16537e-09	-9.07267e-09
0.4475	0.6375	10	3.40404e-10	-8.4482e-10
0.4475	0.6425	10	1.3244e-11	-5.60685e-11
0.4475	0.6475	10	5.03772e-13	-2.80505e-12
0.4475	0.6525	10	1.86421e-14	-1.14355e-13
0.4475	0.6575	10	6.61674e-16	-4.39834e-15
0.4475	0.6625	10	2.24079e-17	-1.87944e-16
0.4475	0.6675	10	7.25675e-19	-8.20294e-18
0.4475	0.6725	10	2.25774e-20	-2.45234e-19
0.4475	0.6775	10	6.77546e-22	-1.54249e-21
0.4475	0.6825	10	1.96639e-23	-1.2229e-26
0.4475	0.6875	10	5.52729e-25	0
0.4475	0.6925	10	1.50607e-26	0
0.4475	0.6975	10	3.98051e-28	0
0.4475	0.7025	10	1.02104e-29	0
0.4475	0.7075	10	2.54323e-31	0
0.4475	0.7125	10	6.15438e-33	0
0.4475	0.7175	10	1.44755e-34	0
0.4475	0.7225	10	3.31053e-36	0
0.4475	0.7275	10	7.36217e-38	0
0.4475	0.7325	10	1.5534e-39	0
0.4475	0.7375	10	0	0
0.4475	0.7425	10	0	0
0.4475	0.7475	10	0	0
0.4475	0.7525	10	0	0
0.4475	0.7575	10	0	0
0.4475	0.7625	10	0	0
0.4475	0.7675	10	0	0
0.4475	0.7725	10	0	0
0.4475	0.7775	10	0	0
0.4475	0.7825	10	0	0
0.4475	0.7875	10	0	0
0.4475	0.7925	10	0	0
0.4475	0.7975	10	0	0
0.4475	0.8025	10	0	0
0.4475	0.8075	10	0	0
0.4475	0.8125	10	0	0
0.4475	0.8175	10	0	0
0.4475	0.8225	10	0	0
0.4475	0.8275	10	0	0
0.4475	0.8325	10	0	0
0.4475	0.8375	10	0	0
0.4475	0.8425	10	0	0
0.4475	0.8475	10	0	0
0.4475	0.8525	10	0	0
0.4475	0.8575	10	0	0
0.4475	0.8625	10	0	0
0.4475	0.8675	10	0	0
0.4475	0.8725	10	0	0
0.4475	0.8775	10	0	0
0.4475	0.8825	10	0	0
0.4475	0.8875	10	0	0
0.4475	0.8925	10	0	0
0.4475	0.8975	10	0	0
0.4475	0.9025	10	0	0
0.4475	0.9075	10	0	0
0.4475	0.9125	10	0	0
0.4475	0.9175	10	0	0
0.4475	0.9225	10	0	0
0.4475	0.9275	10	0	0
0.4475	0.9325	10	0	0
0.4475	0.9375	10	0	0
0.4475	0.9425	10	0	0
0.4475	0.9475	10	0	0
0.4475	0.9525	10	0	0
0.4475	0.9575	10	0	0
0.4475	0.9625	10	0	0
0.4475	0.9675	10	0	0
0.4475	0.9725	10	0	0
0.4475	0.9775	10	0	0
0.4475	0.9825	10	0	0
0.4475	0.9875	10	0	0
0.4475	0.9925	10	0	0
0.4475	0.9975	10	0	0
0.4475	1.0025	10	0	0
0.4525	0.0075	10	0	0
0.4525	0.0125	10	0	0
0.4525	0.0175	10	0	0
0.4525	0.0225	10	0	0
0.4525	0.0275	10	0	0
0.4525	0.0325	10	0	0
0.4525	0.0375	10	0	0
0.4525	0.0425	10	0	0
0.4525	0.0475	10	0	0
0.4525	0.0525	10	0	0
0.4525	0.0575	10	0	0
0.4525	0.0625	10	0	0
0.4525	0.0675	10	0	0
0.4525	0.0725	10	0	0
0.4525	0.0775	10	0	0
0.4525	0.0825	10	0	0
0.4525	0.0875	10	0	0
0.4525	0.0925	10	0	0
0.4525	0.0975	10	0	0
0.4525	0.1025	10	0	0
0.4525	0.1075	10	0	0
0.4525	0.1125	10	0	0
0.4525	0.1175	10	0	0
0.4525	0.1225	10	0	0
0.4525	0.1275	10	0	0
0.4525	0.1325	10	0	0
0.4525	0.1375	10	0	0
0.4525	0.1425	10	0	0
0.4525	0.1475	10	0	0
0.4525	0.1525	10	0	0
0.4525	0.1575	10	0	0
0.4525	0.1625	10	0	0
0.4525	0.1675	10	0	0
0.4525	0.1725	10	0	0
0.4525	0.1775	10	0	0
0.4525	0.1825	10	0	0
0.4525	0.1875	10	0	0
0.4525	0.1925	10	0	0
0.4525	0.1975	10	0	0
0.4525	0.2025	10	0	0
0.4525	0.2075	10	0	0
0.4525	0.2125	10	0	0
0.4525	0.2175	10	0	0
0.4525	0.2225	10	0	0
0.4525	0.2275	10	0	0
0.4525	0.2325	10	0	0
0.4525	0.2375	10	0	0
0.4525	0.2425	10	0	0
0.4525	0.2475	10	0	0
0.4525	0.2525	10	0	0
0.4525	0.2575	10	0	0
0.4525	0.2625	10	3.73642e-40	0
0.4525	0.2675	10	1.85001e-38	0
0.4525	0.2725	10	7.77504e-37	0
0.4525	0.2775	10	3.18127e-35	0
0.4525	0.2825	10	1.26841e-33	0
0.4525	0.2875	10	4.92646e-32	0
0.4525	0.2925	10	1.86306e-30	0
0.4525	0.2975	10	6.85632e-29	0
0.4525	0.3025	10	2.45372e-27	0
0.4525	0.3075	10	8.53233e-26	0
0.4525	0.3125	10	2.87997e-24	0
0.4525	0.3175	10	9.42424e-23	0
0.4525	0.3225	10	2.98483e-21	1.3348e-24
0.4525	0.3275	10	9.12887e-20	6.10303e-20
0.4525	0.3325	10	2.68815e-18	6.57061e-18
0.4525	0.3375	10	7.59729e-17	1.89266e-16
0.4525	0.3425	10	2.05674e-15	4.14542e-15
0.4525	0.3475	10	5.34041e-14	9.70476e-14
0.4525	0.3525	10	1.3363e-12	2.5175e-12
0.4525	0.3575	10	3.22517e-11	5.94753e-11
0.4525	0.3625	10	7.35333e-10	1.122e-09
0.4525	0.3675	10	1.49183e-08	1.59317e-08
0.4525	0.3725	10	2.43854e-07	1.63771e-07
0.4525	0.3775	10	1.6025e-06	1.02174e-06
0.4525	0.3825	10	8.97807e-06	4.98756e-06
0.4525	0.3875	10	4.09836e-05	1.92196e-05
0.4525	0.3925	10	0.00014443	5.51942e-05
0.4525	0.3975	10	0.00039612	0.000105648
0.4525	0.4025	10	0.000776326	0.000165595
0.4525	0.4075	10	0.00136933	0.000238177
0.4525	0.4125	10	0.00198626	0.000200599
0.4525	0.4175	10	0.00236625	0.000108464
0.4525	0.4225	10	0.00254428	4.27564e-05
0.4525	0.4275	10	0.00261165	1.55678e-05
0.4525	0.4325	10	0.00263404	5.27828e-06
0.4525	0.4375	10	0.00264069	1.67449e-06
0.4525	0.4425	10	0.00264251	5.44941e-07
0.4525	0.4475	10	0.00264278	3.16269e-08
0.4525	0.4525	10	0.00264282	2.49085e-08
0.4525	0.4575	10	0.00264284	2.4975e-08
0.4525	0.4625	10	0.00264285	4.99187e-12
0.4525	0.4675	10	0.00264285	1.0927e-11
0.4525	0.4725	10	0.00264285	3.902e-19
0.4525	0.4775	10	0.00264285	8.18139e-28
0.4525	0.4825	10	0.00264285	0
0.4525	0.4875	10	0.00264285	0
0.4525	0.4925	10	0.00264285	0
0.4525	0.4975	10	0.00264285	0
0.4525	0.5025	10	0.00264285	0
0.4525	0.5075	10	0.00264285	0
0.4525	0.5125	10	0.00264285	0
0.4525	0.5175	10	0.00264285	0
0.4525	0.5225	10	0.00264285	0
0.4525	0.5275	10	0.00264285	-8.18139e-28
0.4525	0.5325	10	0.00264285	-3.902e-19
0.4525	0.5375	10	0.00264285	-1.0927e-11
0.4525	0.5425	10	0.00264285	-4.99187e-12
0.4525	0.5475	10	0.00264284	-2.4975e-08
0.4525	0.5525	10	0.00264282	-2.49085e-08
0.4525	0.5575	10	0.00264278	-3.16269e-08
0.4525	0.5625	10	0.00264251	-5.44941e-07
0.4525	0.5675	10	0.00264069	-1.67449e-06
0.4525	0.5725	10	0.00263404	-5.27828e-06
0.4525	0.5775	10	0.00261165	-1.55678e-05
0.4525	0.5825	10	0.00254428	-4.27564e-05
0.4525	0.5875	10	0.00236625	-0.000108464
0.4525	0.5925	10	0.00198626	-0.000200599
0.4525	0.5975	10	0.00136933	-0.000238177
0.4525	0.6025	10	0.000776326	-0.000165595
0.4525	0.6075	10	0.00039612	-0.000105648
0.4525	0.6125	10	0.00014443	-5.51942e-05
0.4525	0.6175	10	4.09836e-05	-1.92196e-05
0.4525	0.6225	10	8.97807e-06	-4.98756e-06
0.4525	0.6275	10	1.6025e-06	-1.02174e-06
0.4525	0.6325	10	2.43854e-07	-1.63771e-07
0.4525	0.6375	10	1.49183e-08	-1.59317e-08
0.4525	0.6425	10	7.35333e-10	-1.122e-09
0.4525	0.6475	10	3.22517e-11	-5.94753e-11
0.4525	0.6525	10	1.3363e-12	-2.5175e-12
0.4525	0.6575	10	5.34041e-14	-9.70476e-14
0.4525	0.6625	10	2.05674e-15	-4.14542e-15
0.4525	0.6675	10	7.59729e-17	-1.89266e-16
0.4525	0.6725	10	2.68815e-18	-6.57061e-18
0.4525	0.6775	10	9.12887e-20	-6.10303e-20
0.4525	0.6825	10	2.98483e-21	-1.3348e-24
0.4525	0.6875	10	9.42424e-23	0
0.4525	0.6925	10	2.87997e-24	0
0.4525	0.6975	10	8.53233e-26	0
0.4525	0.7025	10	2.45372e-27	0
0.4525	0.7075	10	6.85632e-29	0
0.4525	0.7125	10	1.86306e-30	0
0.4525	0.7175	10	4.92646e-32	0
0.4525	0.7225	10	1.26841e-33	0
0.4525	0.7275	10	3.18127e-35	0
0.4525	0.7325	10	7.77504e-37	0
0.4525	0.7375	10	1.85001e-38	0
0.4525	0.7425	10	3.73642e-40	0
0.4525	0.7475	10	0	0
0.4525	0.7525	10	0	0
0.4525	0.7575	10	0	0
0.4525	0.7625	10	0	0
0.4525	0.7675	10	0	0
0.4525	0.7725	10	0	0
0.4525	0.7775	10	0	0
0.4525	0.7825	10	0	0
0.4525	0.7875	10	0	0
0.4525	0.7925	10	0	0
0.4525	0.7975	10	0	0
0.4525	0.8025	10	0	0
0.4525	0.8075	10	0	0
0.4525	0.8125	10	0	0
0.4525	0.8175	10	0	0
0.4525	0.8225	10	0	0
0.4525	0.8275	10	0	0
0.4525	0.8325	10	0	0
0.4525	0.8375	10	0	0
0.4525	0.8425	10	0	0
0.4525	0.8475	10	0	0
0.4525	0.8525	10	0	0
0.4525	0.8575	10	0	0
0.4525	0.8625	10	0	0
0.4525	0.8675	10	0	0
0.4525	0.8725	10	0	0
0.4525	0.8775	10	0	0
0.4525	0.8825	10	0	0
0.4525	0.8875	10	0	0
0.4525	0.8925	10	0	0
0.4525	0.8975	10	0	0
0.4525	0.9025	10	0	0
0.4525	0.9075	10	0	0
0.4525	0.9125	10	0	0
0.4525	0.9175	10	0	0
0.4525	0.9225	10	0	0
0.4525	0.9275	10	0	0
0.4525	0.9325	10	0	0
0.4525	0.9375	10	0	0
0.4525	0.9425	10	0	0
0.4525	0.9475	10	0	0
0.4525	0.9525	10	0	0
0.4525	0.9575	10	0	0
0.4525	0.9625	10	0	0
0.4525	0.9675	10	0	0
0.4525	0.9725	10	0	0
0.4525	0.9775	10	0	0
0.4525	0.9825	10	0	0
0.4525	0.9875	10	0	0
0.4525	0.9925	10	0	0
0.4525	0.9975	10	0	0
0.4525	1.0025	10	0	0
0.4575	0.0075	10	0	0
0.4575	0.0125	10	0	0
0.4575	0.0175	10	0	0
0.4575	0.0225	10	0	0
0.4575	0.0275	10	0	0
0.4575	0.0325	10	0	0
0.4575	0.0375	10	0	0
0.4575	0.0425	10	0	0
0.4575	0.0475	10	0	0
0.4575	0.0525	10	0	0
0.4575	0.0575	10	0	0
0.4575	0.0625	10	0	0
0.4575	0.0675	10	0	0
0.4575	0.0725	10	0	0
0.4575	0.0775	10	0	0
0.4575	0.0825	10	0	0
0.4575	0.0875	10	0	0
0.4575	0.0925	10	0	0
0.4575	0.0975	10	0	0
0.4575	0.1025	10	0	0
0.4575	0.1075	10	0	0
0.4575	0.1125	10	0	0
0.4575	0.1175	10	0	0
0.4575	0.1225	10	0	0
0.4575	0.1275	10	0	0
0.4575	0.1325	10	0	0
0.4575	0.1375	10	0	0
0.4575	0.1425	10	0	0
0.4575	0.1475	10	0	0
0.4575	0.1525	10	0	0
0.4575	0.1575	10	0	0
0.4575	0.1625	10	0	0
0.4575	0.1675	10	0	0
0.4575	0.1725	10	0	0
0.4575	0.1775	10	0	0
0.4575	0.1825	10	0	0
0.4575	0.1875	10	0	0
0.4575	0.1925	10	0	0
0.4575	0.1975	10	0	0
0.4575	0.2025	10	0	0
0.4575	0.2075	10	0	0
0.4575	0.2125	10	0	0
0.4575	0.2175	10	0	0
0.4575	0.2225	10	0	0
0.4575	0.2275	10	0	0
0.4575	0.2325	10	0	0
0.4575	0.2375	10	0	0
0.4575	0.2425	10	0	0
0.4575	0.2475	10	0	0
0.4575	0.2525	10	0	0
0.4575	0.2575	10	2.14886e-39	0
0.4575	0.2625	10	8.72468e-38	0
0.4575	0.2675	10	3.42987e-36	0
0.4575	0.2725	10	1.31554e-34	0
0.4575	0.2775	10	4.92164e-33	0
0.4575	0.2825	10	1.79504e-31	0
0.4575	0.2875	10	6.37881e-30	0
0.4575	0.2925	10	2.20699e-28	0
0.4575	0.2975	10	7.42836e-27	0
0.4575	0.3025	10	2.42996e-25	0
0.4575	0.3075	10	7.71655e-24	0
0.4575	0.3125	10	2.37553e-22	0
0.4575	0.3175	10	7.07691e-21	0
0.4575	0.3225	10	2.03553e-19	1.33606e-22
0.4575	0.3275	10	5.63714e-18	2.21952e-18
0.4575	0.3325	10	1.49894e-16	1.64836e-16
0.4575	0.3375	10	3.8208e-15	4.15802e-15
0.4575	0.3425	10	9.34521e-14	8.78095e-14
0.4575	0.3475	10	2.19952e-12	2.07862e-12
0.4575	0.3525	10	4.97006e-11	5.36812e-11
0.4575	0.3575	10	1.05498e-09	1.19747e-09
0.4575	0.3625	10	2.00096e-08	2.07551e-08
0.4575	0.3675	10	3.23583e-07	2.73189e-07
0.4575	0.3725	10	2.33132e-06	1.75479e-06
0.4575	0.3775	10	1.50267e-05	1.02493e-05
0.4575	0.3825	10	8.26003e-05	4.94672e-05
0.4575	0.3875	10	0.000372674	0.000188794
0.4575	0.3925	10	0.00128335	0.00055496
0.4575	0.3975	10	0.00357566	0.00104998
0.4575	0.4025	10	0.00694776	0.00142939
0.4575	0.4075	9.99904	0.0106334	0.0019619
0.4575	0.4125	9.99766	0.0134368	0.00158114
0.4575	0.4175	9.99675	0.0149101	0.000830922
0.4575	0.4225	9.9963	0.0155864	0.000327965
0.4575	0.4275	9.99613	0.0158298	0.000114241
0.4575	0.4325	9.99607	0.0159077	3.61109e-05
0.4575	0.4375	9.99605	0.0159311	1.00243e-05
0.4575	0.4425	9.99605	0.0159365	2.82256e-06
0.4575	0.4475	9.99604	0.0159377	3.06806e-07
0.4575	0.4525	9.99604	0.0159378	5.7448e-08
0.4575	0.4575	9.99604	0.0159379	5.53657e-08
0.4575	0.4625	9.99604	0.0159379	2.25098e-11
0.4575	0.4675	9.99604	0.0159379	2.6655e-11
0.4575	0.4725	9.99604	0.0159379	5.44451e-17
0.4575	0.4775	9.99604	0.0159379	9.18902e-26
0.4575	0.4825	9.99604	0.0159379	0
0.4575	0.4875	9.99604	0.0159379	0
0.4575	0.4925	9.99604	0.0159379	0
0.4575	0.4975	9.99604	0.0159379	0
0.4575	0.5025	9.99604	0.0159379	0
0.4575	0.5075	9.99604	0.0159379	0
0.4575	0.5125	9.99604	0.0159379	0
0.4575	0.5175	9.99604	0.0159379	0
0.4575	0.5225	9.99604	0.0159379	0
0.4575	0.5275	9.99604	0.0159379	-9.18902e-26
0.4575	0.5325	9.99604	0.0159379	-5.44451e-17
0.4575	0.5375	9.99604	0.0159379	-2.6655e-11
0.4575	0.5425	9.99604	0.0159379	-2.25098e-11
0.4575	0.5475	9.99604	0.0159379	-5.53657e-08
0.4575	0.5525	9.99604	0.0159378	-5.7448e-08
0.4575	0.5575	9.99604	0.0159377	-3.06806e-07
0.4575	0.5625	9.99605	0.0159365	-2.82256e-06
0.4575	0.5675	9.99605	0.0159311	-1.00243e-05
0.4575	0.5725	9.99607	0.0159077	-3.61109e-05
0.4575	0.5775	9.99613	0.0158298	-0.000114241
0.4575	0.5825	9.9963	0.0155864	-0.000327965
0.4575	0.5875	9.99675	0.0149101	-0.000830922
0.4575	0.5925	9.99766	0.0134368	-0.00158114
0.4575	0.5975	9.99904	0.0106334	-0.0019619
0.4575	0.6025	10	0.00694776	-0.00142939
0.4575	0.6075	10	0.00357566	-0.00104998
0.4575	0.6125	10	0.00128335	-0.00055496
0.4575	0.6175	10	0.000372674	-0.000188794
0.4575	0.6225	10	8.26003e-05	-4.94672e-05
0.4575	0.6275	10	1.50267e-05	-1.02493e-05
0.4575	0.6325	10	2.33132e-06	-1.75479e-06
0.4575	0.6375	10	3.23583e-07	-2.73189e-07
0.4575	0.6425	10	2.00096e-08	-2.07551e-08
0.4575	0.6475	10	1.05498e-09	-1.19747e-09
0.4575	0.6525	10	4.97006e-11	-5.36812e-11
0.4575	0.6575	10	2.19952e-12	-2.07862e-12
0.4575	0.6625	10	9.34521e-14	-8.78095e-14
0.4575	0.6675	10	3.8208e-15	-4.15802e-15
0.4575	0.6725	10	1.49894e-16	-1.64836e-16
0.4575	0.6775	10	5.63714e-18	-2.21952e-18
0.4575	0.6825	10	2.03553e-19	-1.33606e-22
0.4575	0.6875	10	7.07691e-21	0
0.4575	0.6925	10	2.37553e-22	0
0.4575	0.6975	10	7.71655e-24	0
0.4575	0.7025	10	2.42996e-25	0
0.4575	0.7075	10	7.42836e-27	0
0.4575	0.7125	10	2.20699e-28	0
0.4575	0.7175	10	6.37881e-30	0
0.4575	0.7225	10	1.79504e-31	0
0.4575	0.7275	10	4.92164e-33	0
0.4575	0.7325	10	1.31554e-34	0
0.4575	0.7375	10	3.42987e-36	0
0.4575	0.7425	10	8.72468e-38	0
0.4575	0.7475	10	2.14886e-39	0
0.4575	0.7525	10	0	0
0.4575	0.7575	10	0	0
0.4575	0.7625	10	0	0
0.4575	0.7675	10	0	0
0.4575	0.7725	10	0	0
0.4575	0.7775	10	0	0
0.4575	0.7825	10	0	0
0.4575	0.7875	10	0	0
0.4575	0.7925	10	0	0
0.4575	0.7975	10	0	0
0.4575	0.8025	10	0	0
0.4575	0.8075	10	0	0
0.4575	0.8125	10	0	0
0.4575	0.8175	10	0	0
0.4575	0.8225	10	0	0
0.4575	0.8275	10	0	0
0.4575	0.8325	10	0	0
0.4575	0.8375	10	0	0
0.4575	0.8425	10	0	0
0.4575	0.8475	10	0	0
0.4575	0.8525	10	0	0
0.4575	0.8575	10	0	0
0.4575	0.8625	10	0	0
0.4575	0.8675	10	0	0
0.4575	0.8725	10	0	0
0.4575	0.8775	10	0	0
0.4575	0.8825	10	0	0
0.4575	0.8875	10	0	0
0.4575	0.8925	10	0	0
0.4575	0.8975	10	0	0
0.4575	0.9025	10	0	0
0.4575	0.9075	10	0	0
0.4575	0.9125	10	0	0
0.4575	0.9175	10	0	0
0.4575	0.9225	10	0	0
0.4575	0.9275	10	0	0
0.4575	0.9325	10	0	0
0.4575	0.9375	10	0	0
0.4575	0.9425	10	0	0
0.4575	0.9475	10	0	0
0.4575	0.9525	10	0	0
0.4575	0.9575	10	0	0
0.4575	0.9625	10	0	0
0.4575	0.9675	10	0	0
0.4575	0.9725	10	0	0
0.4575	0.9775	10	0	0
0.4575	0.9825	10	0	0
0.4575	0.9875	10	0	0
0.4575	0.9925	10	0	0
0.4575	0.9975	10	0	0
0.4575	1.0025	10	0	0
0.4625	0.0075	10	0	0
0.4625	0.0125	10	0	0
0.4625	0.0175	10	0	0
0.4625	0.0225	10	0	0
0.4625	0.0275	10	0	0
0.4625	0.0325	10	0	0
0.4625	0.0375	10	0	0
0.4625	0.0425	10	0	0
0.4625	0.0475	10	0	0
0.4625	0.0525	10	0	0
0.4625	0.0575	10	0	0
0.4625	0.0625	10	0	0
0.4625	0.0675	10	0	0
0.4625	0.0725	10	0	0
0.4625	0.0775	10	0	0
0.4625	0.0825	10	0	0
0.4625	0.0875	10	0	0
0.4625	0.0925	10	0	0
0.4625	0.0975	10	0	0
0.4625	0.1025	10	0	0
0.4625	0.1075	10	0	0
0.4625	0.1125	10	0	0
0.4625	0.1175	10	0	0
0.4625	0.1225	10	0	0
0.4625	0.1275	10	0	0
0.4625	0.1325	10	0	0
0.4625	0.1375	10	0	0
0.4625	0.1425	10	0	0
0.4625	0.1475	10	0	0
0.4625	0.1525	10	0	0
0.4625	0.1575	10	0	0
0.4625	0.1625	10	0	0
0.4625	0.1675	10	0	0
0.4625	0.1725	10	0	0
0.4625	0.1775	10	0	0
0.4625	0.1825	10	0	0
0.4625	0.1875	10	0	0
0.4625	0.1925	10	0	0
0.4625	0.1975	10	0	0
0.4625	0.2025	10	0	0
0.4625	0.2075	10	0	0
0.4625	0.2125	10	0	0
0.4625	0.2175	10	0	0
0.4625	0.2225	10	0	0
0.4625	0.2275	10	0	0
0.4625	0.2325	10	0	0
0.4625	0.2375	10	0	0
0.4625	0.2425	10	0	0
0.4625	0.2475	10	4.90454e-42	0
0.4625	0.2525	10	5.35686e-39	0
0.4625	0.2575	10	2.08858e-37	0
0.4625	0.2625	10	7.9198e-36	0
0.4625	0.2675	10	2.93129e-34	0
0.4625	0.2725	10	1.05833e-32	0
0.4625	0.2775	10	3.72471e-31	0
0.4625	0.2825	10	1.27681e-29	0
0.4625	0.2875	10	4.2592e-28	0
0.4625	0.2925	10	1.38123e-26	0
0.4625	0.2975	10	4.34969e-25	0
0.4625	0.3025	10	1.32854e-23	0
0.4625	0.3075	10	3.93015e-22	0
0.4625	0.3125	10	1.12417e-20	0
0.4625	0.3175	10	3.10257e-19	0
0.4625	0.3225	10	8.24025e-18	1.21638e-20
0.4625	0.3275	10	2.10014e-16	7.36808e-17
0.4625	0.3325	10	5.1252e-15	3.86359e-15
0.4625	0.3375	10	1.19778e-13	8.68407e-14
0.4625	0.3425	10	2.68834e-12	1.79023e-12
0.4625	0.3475	10	5.79847e-11	4.34813e-11
0.4625	0.3525	10	1.18365e-09	1.08884e-09
0.4625	0.3575	10	2.18412e-08	2.18814e-08
0.4625	0.3625	10	3.43538e-07	3.27129e-07
0.4625	0.3675	10	2.70491e-06	2.43472e-06
0.4625	0.3725	10	1.9606e-05	1.61247e-05
0.4625	0.3775	10	0.000124533	9.18465e-05
0.4625	0.3825	10	0.00067026	0.000435485
0.4625	0.3875	10	0.00297249	0.0016287
0.4625	0.3925	9.99893	0.00887691	0.00484498
0.4625	0.3975	9.99177	0.0192494	0.00928693
0.4625	0.4025	9.97825	0.0326786	0.010729
0.4625	0.4075	9.95995	0.0449666	0.00884633
0.4625	0.4125	9.94582	0.053153	0.00478799
0.4625	0.4175	9.94418	0.0573909	0.00214994
0.4625	0.4225	9.94353	0.0594433	0.000813167
0.4625	0.4275	9.94331	0.0601413	0.000263607
0.4625	0.4325	9.94325	0.0603586	7.70283e-05
0.4625	0.4375	9.94323	0.0604204	1.95263e-05
0.4625	0.4425	9.94323	0.0604336	3.81015e-06
0.4625	0.4475	9.94323	0.0604358	5.66109e-07
0.4625	0.4525	9.94323	0.0604362	6.30835e-08
0.4625	0.4575	9.94323	0.0604363	2.88718e-08
0.4625	0.4625	9.94323	0.0604363	1.23543e-10
0.4625	0.4675	9.94323	0.0604363	2.15128e-11
0.4625	0.4725	9.94323	0.0604363	6.54128e-15
0.4625	0.4775	9.94323	0.0604363	9.50503e-24
0.4625	0.4825	9.94323	0.0604363	0
0.4625	0.4875	9.94323	0.0604363	0
0.4625	0.4925	9.94323	0.0604363	0
0.4625	0.4975	9.94323	0.0604363	0
0.4625	0.5025	9.94323	0.0604363	0
0.4625	0.5075	9.94323	0.0604363	0
0.4625	0.5125	9.94323	0.0604363	0
0.4625	0.5175	9.94323	0.0604363	0
0.4625	0.5225	9.94323	0.0604363	0
0.4625	0.5275	9.94323	0.0604363	-9.50503e-24
0.4625	0.5325	9.94323	0.0604363	-6.54128e-15
0.4625	0.5375	9.94323	0.0604363	-2.15128e-11
0.4625	0.5425	9.94323	0.0604363	-1.23543e-10
0.4625	0.5475	9.94323	0.0604363	-2.88718e-08
0.4625	0.5525	9.94323	0.0604362	-6.30835e-08
0.4625	0.5575	9.94323	0.0604358	-5.66109e-07
0.4625	0.5625	9.94323	0.0604336	-3.81015e-06
0.4625	0.5675	9.94323	0.0604204	-1.95263e-05
0.4625	0.5725	9.94325	0.0603586	-7.70283e-05
0.4625	0.5775	9.94331	0.0601413	-0.000263607
0.4625	0.5825	9.94353	0.0594433	-0.000813167
0.4625	0.5875	9.94418	0.0573909	-0.00214994
0.4625	0.5925	9.94582	0.053153	-0.00478799
0.4625	0.5975	9.95995	0.0449666	-0.00884633
0.4625	0.6025	9.97825	0.0326786	-0.010729
0.4625	0.6075	9.99177	0.0192494	-0.00928693
0.4625	0.6125	9.99893	0.00887691	-0.00484498
0.4625	0.6175	10	0.00297249	-0.0016287
0.4625	0.6225	10	0.00067026	-0.000435485
0.4625	0.6275	10	0.000124533	-9.18465e-05
0.4625	0.6325	10	1.9606e-05	-1.61247e-05
0.4625	0.6375	10	2.70491e-06	-2.43472e-06
0.4625	0.6425	10	3.43538e-07	-3.27129e-07
0.4625	0.6475	10	2.18412e-08	-2.18814e-08
0.4625	0.6525	10	1.18365e-09	-1.08884e-09
0.4625	0.6575	10	5.79847e-11	-4.34813e-11
0.4625	0.6625	10	2.68834e-12	-1.79023e-12
0.4625	0.6675	10	1.19778e-13	-8.68407e-14
0.4625	0.6725	10	5.1252e-15	-3.86359e-15
0.4625	0.6775	10	2.10014e-16	-7.36808e-17
0.4625	0.6825	10	8.24025e-18	-1.21638e-20
0.4625	0.6875	10	3.10257e-19	0
0.4625	0.6925	10	1.12417e-20	0
0.4625	0.6975	10	3.93015e-22	0
0.4625	0.7025	10	1.32854e-23	0
0.4625	0.7075	10	4.34969e-25	0
0.4625	0.7125	10	1.38123e-26	0
0.4625	0.7175	10	4.2592e-28	0
0.4625	0.7225	10	1.27681e-29	0
0.4625	0.7275	10	3.72471e-31	0
0.4625	0.7325	10	1.05833e-32	0
0.4625	0.7375	10	2.93129e-34	0
0.4625	0.7425	10	7.9198e-36	0
0.4625	0.7475	10	2.08858e-37	0
0.4625	0.7525	10	5.35686e-39	0
0.4625	0.7575	10	4.90454e-42	0
0.4625	0.7625	10	0	0
0.4625	0.7675	10	0	0
0.4625	0.7725	10	0	0
0.4625	0.7775	10	0	0
0.4625	0.7825	10	0	0
0.4625	0.7875	10	0	0
0.4625	0.7925	10	0	0
0.4625	0.7975	10	0	0
0.4625	0.8025	10	0	0
0.4625	0.8075	10	0	0
0.4625	0.8125	10	0	0
0.4625	0.8175	10	0	0
0.4625	0.8225	10	0	0
0.4625	0.8275	10	0	0
0.4625	0.8325	10	0	0
0.4625	0.8375	10	0	0
0.4625	0.8425	10	0	0
0.4625	0.8475	10	0	0
0.4625	0.8525	10	0	0
0.4625	0.8575	10	0	0
0.4625	0.8625	10	0	0
0.4625	0.8675	10	0	0
0.4625	0.8725	10	0	0
0.4625	0.8775	10	0	0
0.4625	0.8825	10	0	0
0.4625	0.8875	10	0	0
0.4625	0.8925	10	0	0
0.4625	0.8975	10	0	0
0.4625	0.9025	10	0	0
0.4625	0.9075	10	0	0
0.4625	0.9125	10	0	0
0.4625	0.9175	10	0	0
0.4625	0.9225	10	0	0
0.4625	0.9275	10	0	0
0.4625	0.9325	10	0	0
0.4625	0.9375	10	0	0
0.4625	0.9425	10	0	0
0.4625	0.9475	10	0	0
0.4625	0.9525	10	0	0
0.4625	0.9575	10	0	0
0.4625	0.9625	10	0	0
0.4625	0.9675	10	0	0
0.4625	0.9725	10	0	0
0.4625	0.9775	10	0	0
0.4625	0.9825	10	0	0
0.4625	0.9875	10	0	0
0.4625	0.9925	10	0	0
0.4625	0.9975	10	0	0
0.4625	1.0025	10	0	0
0.4675	0.0075	10	0	0
0.4675	0.0125	10	0	0
0.4675	0.0175	10	0	0
0.4675	0.0225	10	0	0
0.4675	0.0275	10	0	0
0.4675	0.0325	10	0	0
0.4675	0.0375	10	0	0
0.4675	0.0425	10	0	0
0.4675	0.0475	10	0	0
0.4675	0.0525	10	0	0
0.4675	0.0575	10	0	0
0.4675	0.0625	10	0	0
0.4675	0.0675	10	0	0
0.4675	0.0725	10	0	0
0.4675	0.0775	10	0	0
0.4675	0.0825	10	0	0
0.4675	0.0875	10	0	0
0.4675	0.0925	10	0	0
0.4675	0.0975	10	0	0
0.4675	0.1025	10	0	0
0.4675	0.1075	10	0	0
0.4675	0.1125	10	0	0
0.4675	0.1175	10	0	0
0.4675	0.1225	10	0	0
0.4675	0.1275	10	0	0
0.4675	0.1325	10	0	0
0.4675	0.1375	10	0	0
0.4675	0.1425	10	0	0
0.4675	0.1475	10	0	0
0.4675	0.1525	10	0	0
0.4675	0.1575	10	0	0
0.4675	0.1625	10	0	0
0.4675	0.1675	10	0	0
0.4675	0.1725	10	0	0
0.4675	0.1775	10	0	0
0.4675	0.1825	10	0	0
0.4675	0.1875	10	0	0
0.4675	0.1925	10	0	0
0.4675	0.1975	10	0	0
0.4675	0.2025	10	0	0
0.4675	0.2075	10	0	0
0.4675	0.2125	10	0	0
0.4675	0.2175	10	0	0
0.4675	0.2225	10	0	0
0.4675	0.2275	10	0	0
0.4675	0.2325	10	0	0
0.4675	0.2375	10	0	0
0.4675	0.2425	10	1.70538e-40	0
0.4675	0.2475	10	8.57194e-39	0
0.4675	0.2525	10	3.26251e-37	0
0.4675	0.2575	10	1.20941e-35	0
0.4675	0.2625	10	4.37635e-34	0
0.4675	0.2675	10	1.54477e-32	0
0.4675	0.2725	10	5.31472e-31	0
0.4675	0.2775	10	1.78058e-29	0
0.4675	0.2825	10	5.80305e-28	0
0.4675	0.2875	10	1.83766e-26	0
0.4675	0.2925	10	5.64736e-25	0
0.4675	0.2975	10	1.68193e-23	0
0.4675	0.3025	10	4.84753e-22	0
0.4675	0.3075	10	1.34981e-20	0
0.4675	0.3125	10	3.62416e-19	0
0.4675	0.3175	10	9.35916e-18	0
0.4675	0.3225	10	2.31746e-16	9.97398e-19
0.4675	0.3275	10	5.48452e-15	2.21558e-15
0.4675	0.3325	10	1.23838e-13	8.43913e-14
0.4675	0.3375	10	2.673e-12	1.72249e-12
0.4675	0.3425	10	5.54382e-11	3.54905e-11
0.4675	0.3475	10	1.10199e-09	8.81409e-10
0.4675	0.3525	10	2.02987e-08	1.99464e-08
0.4675	0.3575	10	3.19522e-07	3.4546e-07
0.4675	0.3625	10	2.62068e-06	2.72973e-06
0.4675	0.3675	10	2.04688e-05	2.0092e-05
0.4675	0.3725	10	0.00014513	0.000130719
0.4675	0.3775	10	0.000901137	0.000726595
0.4675	0.3825	10	0.00471523	0.00335943
0.4675	0.3875	9.99387	0.0153475	0.011176
0.4675	0.3925	9.96834	0.0355688	0.021644
0.4675	0.3975	9.93757	0.0610661	0.0262583
0.4675	0.4025	9.91617	0.08922	0.0284247
0.4675	0.4075	9.89208	0.115763	0.0252537
0.4675	0.4125	9.86283	0.137266	0.0172578
0.4675	0.4175	9.84622	0.152856	0.0093913
0.4675	0.4225	9.83938	0.161014	0.00381939
0.4675	0.4275	9.83712	0.164042	0.00128325
0.4675	0.4325	9.83637	0.165063	0.000390834
0.4675	0.4375	9.83615	0.165358	0.000102778
0.4675	0.4425	9.8361	0.165433	2.28237e-05
0.4675	0.4475	9.83609	0.16545	4.31804e-06
0.4675	0.4525	9.83609	0.165453	6.1756e-07
0.4675	0.4575	9.83609	0.165454	4.98934e-08
0.4675	0.4625	9.83609	0.165454	1.6684e-09
0.4675	0.4675	9.83609	0.165454	2.02258e-10
0.4675	0.4725	9.83609	0.165454	6.57531e-13
0.4675	0.4775	9.83609	0.165454	9.00732e-22
0.4675	0.4825	9.83609	0.165454	0
0.4675	0.4875	9.83609	0.165454	0
0.4675	0.4925	9.83609	0.165454	0
0.4675	0.4975	9.83609	0.165454	0
0.4675	0.5025	9.83609	0.165454	0
0.4675	0.5075	9.83609	0.165454	0
0.4675	0.5125	9.83609	0.165454	0
0.4675	0.5175	9.83609	0.165454	0
0.4675	0.5225	9.83609	0.165454	0
0.4675	0.5275	9.83609	0.165454	-9.00732e-22
0.4675	0.5325	9.83609	0.165454	-6.57531e-13
0.4675	0.5375	9.83609	0.165454	-2.02258e-10
0.4675	0.5425	9.83609	0.165454	-1.6684e-09
0.4675	0.5475	9.83609	0.165454	-4.98934e-08
0.4675	0.5525	9.83609	0.165453	-6.1756e-07
0.4675	0.5575	9.83609	0.16545	-4.31804e-06
0.4675	0.5625	9.8361	0.165433	-2.28237e-05
0.4675	0.5675	9.83615	0.165358	-0.000102778
0.4675	0.5725	9.83637	0.165063	-0.000390834
0.4675	0.5775	9.83712	0.164042	-0.00128325
0.4675	0.5825	9.83938	0.161014	-0.00381939
0.4675	0.5875	9.84622	0.152856	-0.0093913
0.4675	0.5925	9.86283	0.137266	-0.0172578
0.4675	0.5975	9.89208	0.115763	-0.0252537
0.4675	0.6025	9.91617	0.08922	-0.0284247
0.4675	0.6075	9.93757	0.0610661	-0.0262583
0.4675	0.6125	9.96834	0.0355688	-0.021644
0.4675	0.6175	9.99387	0.0153475	-0.011176
0.4675	0.6225	10	0.00471523	-0.00335943
0.4675	0.6275	10	0.000901137	-0.000726595
0.4675	0.6325	10	0.00014513	-0.000130719
0.4675	0.6375	10	2.04688e-05	-2.0092e-05
0.4675	0.6425	10	2.62068e-06	-2.72973e-06
0.4675	0.6475	10	3.19522e-07	-3.4546e-07
0.4675	0.6525	10	2.02987e-08	-1.99464e-08
0.4675	0.6575	10	1.10199e-09	-8.81409e-10
0.4675	0.6625	10	5.54382e-11	-3.54905e-11
0.4675	0.6675	10	2.673e-12	-1.72249e-12
0.4675	0.6725	10	1.23838e-13	-8.43913e-14
0.4675	0.6775	10	5.48452e-15	-2.21558e-15
0.4675	0.6825	10	2.31746e-16	-9.97398e-19
0.4675	0.6875	10	9.35916e-18	0
0.4675	0.6925	10	3.62416e-19	0
0.4675	0.6975	10	1.34981e-20	0
0.4675	0.7025	10	4.84753e-22	0
0.4675	0.7075	10	1.68193e-23	0
0.4675	0.7125	10	5.64736e-25	0
0.4675	0.7175	10	1.83766e-26	0
0.4675	0.7225	10	5.80305e-28	0
0.4675	0.7275	10	1.78058e-29	0
0.4675	0.7325	10	5.31472e-31	0
0.4675	0.7375	10	1.54477e-32	0
0.4675	0.7425	10	4.37635e-34	0
0.4675	0.7475	10	1.20941e-35	0
0.4675	0.7525	10	3.26251e-37	0
0.4675	0.7575	10	8.57194e-39	0
0.4675	0.7625	10	1.70538e-40	0
0.4675	0.7675	10	0	0
0.4675	0.7725	10	0	0
0.4675	0.7775	10	0	0
0.4675	0.7825	10	0	0
0.4675	0.7875	10	0	0
0.4675	0.7925	10	0	0
0.4675	0.7975	10	0	0
0.4675	0.8025	10	0	0
0.4675	0.8075	10	0	0
0.4675	0.8125	10	0	0
0.4675	0.8175	10	0	0
0.4675	0.8225	10	0	0
0.4675	0.8275	10	0	0
0.4675	0.8325	10	0	0
0.4675	0.8375	10	0	0
0.4675	0.8425	10	0	0
0.4675	0.8475	10	0	0
0.4675	0.8525	10	0	0
0.4675	0.8575	10	0	0
0.4675	0.8625	10	0	0
0.4675	0.8675	10	0	0
0.4675	0.8725	10	0	0
0.4675	0.8775	10	0	0
0.4675	0.8825	10	0	0
0.4675	0.8875	10	0	0
0.4675	0.8925	10	0	0
0.4675	0.8975	10	0	0
0.4675	0.9025	10	0	0
0.4675	0.9075	10	0	0
0.4675	0.9125	10	0	0
0.4675	0.9175	10	0	0
0.4675	0.9225	10	0	0
0.4675	0.9275	10	0	0
0.4675	0.9325	10	0	0
0.4675	0.9375	10	0	0
0.4675	0.9425	10	0	0
0.4675	0.9475	10	0	0
0.4675	0.9525	10	0	0
0.4675	0.9575	10	0	0
0.4675	0.9625	10	0	0
0.4675	0.9675	10	0	0
0.4675	0.9725	10	0	0
0.4675	0.9775	10	0	0
0.4675	0.9825	10	0	0
0.4675	0.9875	10	0	0
0.4675	0.9925	10	0	0
0.4675	0.9975	10	0	0
0.4675	1.0025	10	0	0
0.4725	0.0075	10	0	0
0.4725	0.0125	10	0	0
0.4725	0.0175	10	0	0
0.4725	0.0225	10	0	0
0.4725	0.0275	10	0	0
0.4725	0.0325	10	0	0
0.4725	0.0375	10	0	0
0.4725	0.0425	10	0	0
0.4725	0.0475	10	0	0
0.4725	0.0525	10	0	0
0.4725	0.0575	10	0	0
0.4725	0.0625	10	0	0
0.4725	0.0675	10	0	0
0.4725	0.0725	10	0	0
0.4725	0.0775	10	0	0
0.4725	0.0825	10	0	0
0.4725	0.0875	10	0	0
0.4725	0.0925	10	0	0
0.4725	0.0975	10	0	0
0.4725	0.1025	10	0	0
0.4725	0.1075	10	0	0
0.4725	0.1125	10	0	0
0.4725	0.1175	10	0	0
0.4725	0.1225	10	0	0
0.4725	0.1275	10	0	0
0.4725	0.1325	10	0	0
0.4725	0.1375	10	0	0
0.4725	0.1425	10	0	0
0.4725	0.1475	10	0	0
0.4725	0.1525	10	0	0
0.4725	0.1575	10	0	0
0.4725	0.1625	10	0	0
0.4725	0.1675	10	0	0
0.4725	0.1725	10	0	0
0.4725	0.1775	10	0	0
0.4725	0.1825	10	0	0
0.4725	0.1875	10	0	0
0.4725	0.1925	10	0	0
0.4725	0.1975	10	0	0
0.4725	0.2025	10	0	0
0.4725	0.2075	10	0	0
0.4725	0.2125	10	0	0
0.4725	0.2175	10	0	0
0.4725	0.2225	10	0	0
0.4725	0.2275	10	0	0
0.4725	0.2325	10	0	0
0.4725	0.2375	10	2.37212e-40	0
0.4725	0.2425	10	1.05678e-38	0
0.4725	0.2475	10	3.95762e-37	0
0.4725	0.2525	10	1.44379e-35	0
0.4725	0.2575	10	5.13973e-34	0
0.4725	0.2625	10	1.78416e-32	0
0.4725	0.2675	10	6.03441e-31	0
0.4725	0.2725	10	1.98674e-29	0
0.4725	0.2775	10	6.36056e-28	0
0.4725	0.2825	10	1.97781e-26	0
0.4725	0.2875	10	5.96532e-25	0
0.4725	0.2925	10	1.74271e-23	0
0.4725	0.2975	10	4.9238e-22	0
0.4725	0.3025	10	1.34326e-20	0
0.4725	0.3075	10	3.53198e-19	0
0.4725	0.3125	10	8.93107e-18	0
0.4725	0.3175	10	2.16514e-16	0
0.4725	0.3225	10	5.01135e-15	7.27689e-17
0.4725	0.3275	10	1.10206e-13	5.98607e-14
0.4725	0.3325	10	2.29535e-12	1.71465e-12
0.4725	0.3375	10	4.54324e-11	3.26374e-11
0.4725	0.3425	10	8.65264e-10	6.93459e-10
0.4725	0.3475	10	1.58901e-08	1.64873e-08
0.4725	0.3525	10	2.64755e-07	3.09443e-07
0.4725	0.3575	10	2.18781e-06	2.5721e-06
0.4725	0.3625	10	1.77563e-05	2.02359e-05
0.4725	0.3675	10	0.0001337	0.000145427
0.4725	0.3725	10	0.000915935	0.000923529
0.4725	0.3775	9.99982	0.00538284	0.0049869
0.4725	0.3825	9.98492	0.0199603	0.0173105
0.4725	0.3875	9.94452	0.0476666	0.0351859
0.4725	0.3925	9.90596	0.0893435	0.0568501
0.4725	0.3975	9.83806	0.152058	0.0744783
0.4725	0.4025	9.77895	0.226483	0.0767017
0.4725	0.4075	9.71625	0.291639	0.0649275
0.4725	0.4125	9.67187	0.34051	0.0484352
0.4725	0.4175	9.62866	0.376841	0.0277508
0.4725	0.4225	9.60494	0.395652	0.0117855
0.4725	0.4275	9.59558	0.403571	0.00425831
0.4725	0.4325	9.59302	0.40648	0.00135659
0.4725	0.4375	9.59222	0.407289	0.000372483
0.4725	0.4425	9.59201	0.407501	8.88925e-05
0.4725	0.4475	9.59196	0.407552	1.8411e-05
0.4725	0.4525	9.59195	0.407563	3.09689e-06
0.4725	0.4575	9.59194	0.407565	8.1126e-07
0.4725	0.4625	9.59194	0.407565	4.17427e-08
0.4725	0.4675	9.59194	0.407565	3.38922e-09
0.4725	0.4725	9.59194	0.407565	5.32001e-11
0.4725	0.4775	9.59194	0.407565	7.84896e-20
0.4725	0.4825	9.59194	0.407565	0
0.4725	0.4875	9.59194	0.407565	0
0.4725	0.4925	9.59194	0.407565	0
0.4725	0.4975	9.59194	0.407565	0
0.4725	0.5025	9.59194	0.407565	0
0.4725	0.5075	9.59194	0.407565	0
0.4725	0.5125	9.59194	0.407565	0
0.4725	0.5175	9.59194	0.407565	0
0.4725	0.5225	9.59194	0.407565	0
0.4725	0.5275	9.59194	0.407565	-7.84896e-20
0.4725	0.5325	9.59194	0.407565	-5.32001e-11
0.4725	0.5375	9.59194	0.407565	-3.38922e-09
0.4725	0.5425	9.59194	0.407565	-4.17427e-08
0.4725	0.5475	9.59194	0.407565	-8.1126e-07
0.4725	0.5525	9.59195	0.407563	-3.09689e-06
0.4725	0.5575	9.59196	0.407552	-1.8411e-05
0.4725	0.5625	9.59201	0.407501	-8.88925e-05
0.4725	0.5675	9.59222	0.407289	-0.000372483
0.4725	0.5725	9.59302	0.40648	-0.00135659
0.4725	0.5775	9.59558	0.403571	-0.00425831
0.4725	0.5825	9.60494	0.395652	-0.0117855
0.4725	0.5875	9.62866	0.376841	-0.0277508
0.4725	0.5925	9.67187	0.34051	-0.0484352
0.4725	0.5975	9.71625	0.291639	-0.0649275
0.4725	0.6025	9.77895	0.226483	-0.0767017
0.4725	0.6075	9.83806	0.152058	-0.0744783
0.4725	0.6125	9.90596	0.0893435	-0.0568501
0.4725	0.6175	9.94452	0.0476666	-0.0351859
0.4725	0.6225	9.98492	0.0199603	-0.0173105
0.4725	0.6275	9.99982	0.00538284	-0.0049869
0.4725	0.6325	10	0.000915935	-0.000923529
0.4725	0.6375	10	0.0001337	-0.000145427
0.4725	0.6425	10	1.77563e-05	-2.02359e-05
0.4725	0.6475	10	2.18781e-06	-2.5721e-06
0.4725	0.6525	10	2.64755e-07	-3.09443e-07
0.4725	0.6575	10	1.58901e-08	-1.64873e-08
0.4725	0.6625	10	8.65264e-10	-6.93459e-10
0.4725	0.6675	10	4.54324e-11	-3.26374e-11
0.4725	0.6725	10	2.29535e-12	-1.71465e-12
0.4725	0.6775	10	1.10206e-13	-5.98607e-14
0.4725	0.6825	10	5.01135e-15	-7.27689e-17
0.4725	0.6875	10	2.16514e-16	0
0.4725	0.6925	10	8.93107e-18	0
0.4725	0.6975	10	3.53198e-19	0
0.4725	0.7025	10	1.34326e-20	0
0.4725	0.7075	10	4.9238e-22	0
0.4725	0.7125	10	1.74271e-23	0
0.4725	0.7175	10	5.96532e-25	0
0.4725	0.7225	10	1.97781e-26	0
0.4725	0.7275	10	6.36056e-28	0
0.4725	0.7325	10	1.98674e-29	0
0.4725	0.7375	10	6.03441e-31	0
0.4725	0.7425	10	1.78416e-32	0
0.4725	0.7475	10	5.13973e-34	0
0.4725	0.7525	10	1.44379e-35	0
0.4725	0.7575	10	3.95762e-37	0
0.4725	0.7625	10	1.05678e-38	0
0.4725	0.7675	10	2.37212e-40	0
0.4725	0.7725	10	0	0
0.4725	0.7775	10	0	0
0.4725	0.7825	10	0	0
0.4725	0.7875	10	0	0
0.4725	0.7925	10	0	0
0.4725	0.7975	10	0	0
0.4725	0.8025	10	0	0
0.4725	0.8075	10	0	0
0.4725	0.8125	10	0	0
0.4725	0.8175	10	0	0
0.4725	0.8225	10	0	0
0.4725	0.8275	10	0	0
0.4725	0.8325	10	0	0
0.4725	0.8375	10	0	0
0.4725	0.8425	10	0	0
0.4725	0.8475	10	0	0
0.4725	0.8525	10	0	0
0.4725	0.8575	10	0	0
0.4725	0.8625	10	0	0
0.4725	0.8675	10	0	0
0.4725	0.8725	10	0	0
0.4725	0.8775	10	0	0
0.4725	0.8825	10	0	0
0.4725	0.8875	10	0	0
0.4725	0.8925	10	0	0
0.4725	0.8975	10	0	0
0.4725	0.9025	10	0	0
0.4725	0.9075	10	0	0
0.4725	0.9125	10	0	0
0.4725	0.9175	10	0	0
0.4725	0.9225	10	0	0
0.4725	0.9275	10	0	0
0.4725	0.9325	10	0	0
0.4725	0.9375	10	0	0
0.4725	0.9425	10	0	0
0.4725	0.9475	10	0	0
0.4725	0.9525	10	0	0
0.4725	0.9575	10	0	0
0.4725	0.9625	10	0	0
0.4725	0.9675	10	0	0
0.4725	0.9725	10	0	0
0.4725	0.9775	10	0	0
0.4725	0.9825	10	0	0
0.4725	0.9875	10	0	0
0.4725	0.9925	10	0	0
0.4725	0.9975	10	0	0
0.4725	1.0025	10	0	0
0.4775	0.0075	10	0	0
0.4775	0.0125	10	0	0
0.4775	0.0175	10	0	0
0.4775	0.0225	10	0	0
0.4775	0.0275	10	0	0
0.4775	0.0325	10	0	0
0.4775	0.0375	10	0	0
0.4775	0.0425	10	0	0
0.4775	0.0475	10	0	0
0.4775	0.0525	10	0	0
0.4775	0.0575	10	0	0
0.4775	0.0625	10	0	0
0.4775	0.0675	10	0	0
0.4775	0.0725	10	0	0
0.4775	0.0775	10	0	0
0.4775	0.0825	10	0	0
0.4775	0.0875	10	0	0
0.4775	0.0925	10	0	0
0.4775	0.0975	10	0	0
0.4775	0.1025	10	0	0
0.4775	0.1075	10	0	0
0.4775	0.1125	10	0	0
0.4775	0.1175	10	0	0
0.4775	0.1225	10	0	0
0.4775	0.1275	10	0	0
0.4775	0.1325	10	0	0
0.4775	0.1375	10	0	0
0.4775	0.1425	10	0	0
0.4775	0.1475	10	0	0
0.4775	0.1525	10	0	0
0.4775	0.1575	10	0	0
0.4775	0.1625	10	0	0
0.4775	0.1675	10	0	0
0.4775	0.1725	10	0	0
0.4775	0.1775	10	0	0
0.4775	0.1825	10	0	0
0.4775	0.1875	10	0	0
0.4775	0.1925	10	0	0
0.4775	0.1975	10	0	0
0.4775	0.2025	10	0	0
0.4775	0.2075	10	0	0
0.4775	0.2125	10	0	0
0.4775	0.2175	10	0	0
0.4775	0.2225	10	0	0
0.4775	0.2275	10	0	0
0.4775	0.2325	10	2.63164e-40	0
0.4775	0.2375	10	1.14189e-38	0
0.4775	0.2425	10	4.21736e-37	0
0.4775	0.2475	10	1.51671e-35	0
0.4775	0.2525	10	5.31957e-34	0
0.4775	0.2575	10	1.81829e-32	0
0.4775	0.2625	10	6.05242e-31	0
0.4775	0.2675	10	1.96017e-29	0
0.4775	0.2725	10	6.17047e-28	0
0.4775	0.2775	10	1.88581e-26	0
0.4775	0.2825	10	5.58786e-25	0
0.4775	0.2875	10	1.60284e-23	0
0.4775	0.2925	10	4.44311e-22	0
0.4775	0.2975	10	1.18807e-20	0
0.4775	0.3025	10	3.05869e-19	0
0.4775	0.3075	10	7.56656e-18	0
0.4775	0.3125	10	1.79438e-16	0
0.4775	0.3175	10	4.066e-15	0
0.4775	0.3225	10	8.75897e-14	4.65216e-15
0.4775	0.3275	10	1.78006e-12	1.44319e-12
0.4775	0.3325	10	3.38089e-11	3.25474e-11
0.4775	0.3375	10	5.97943e-10	6.03547e-10
0.4775	0.3425	10	1.01152e-08	1.31103e-08
0.4775	0.3475	10	1.75351e-07	2.56519e-07
0.4775	0.3525	10	1.61587e-06	2.12484e-06
0.4775	0.3575	10	1.34953e-05	1.71089e-05
0.4775	0.3625	10	0.000103506	0.000129073
0.4775	0.3675	10	0.000735716	0.000892051
0.4775	0.3725	9.9998	0.00469475	0.00534098
0.4775	0.3775	9.98322	0.0196007	0.0202182
0.4775	0.3825	9.93704	0.0487615	0.046129
0.4775	0.3875	9.8608	0.106697	0.0895798
0.4775	0.3925	9.76524	0.206105	0.142962
0.4775	0.3975	9.64564	0.338693	0.180055
0.4775	0.4025	9.50783	0.495806	0.1806
0.4775	0.4075	9.40627	0.619666	0.157127
0.4775	0.4125	9.30558	0.726684	0.118043
0.4775	0.4175	9.22105	0.801691	0.0681529
0.4775	0.4225	9.17205	0.842346	0.0311761
0.4775	0.4275	9.14789	0.860717	0.0125089
0.4775	0.4325	9.13541	0.867918	0.00402871
0.4775	0.4375	9.13203	0.869903	0.00109591
0.4775	0.4425	9.13115	0.870427	0.00027417
0.4775	0.4475	9.13093	0.870558	6.12628e-05
0.4775	0.4525	9.13088	0.870587	1.25467e-05
0.4775	0.4575	9.13087	0.870592	2.19574e-06
0.4775	0.4625	9.13086	0.870593	3.01709e-07
0.4775	0.4675	9.13086	0.870593	4.36235e-08
0.4775	0.4725	9.13086	0.870593	3.18748e-09
0.4775	0.4775	9.13086	0.870593	6.33838e-18
0.4775	0.4825	9.13086	0.870593	0
0.4775	0.4875	9.13086	0.870593	0
0.4775	0.4925	9.13086	0.870593	0
0.4775	0.4975	9.13086	0.870593	0
0.4775	0.5025	9.13086	0.870593	0
0.4775	0.5075	9.13086	0.870593	0
0.4775	0.5125	9.13086	0.870593	0
0.4775	0.5175	9.13086	0.870593	0
0.4775	0.5225	9.13086	0.870593	0
0.4775	0.5275	9.13086	0.870593	-6.33838e-18
0.4775	0.5325	9.13086	0.870593	-3.18748e-09
0.4775	0.5375	9.13086	0.870593	-4.36235e-08
0.4775	0.5425	9.13086	0.870593	-3.01709e-07
0.4775	0.5475	9.13087	0.870592	-2.19574e-06
0.4775	0.5525	9.13088	0.870587	-1.25467e-05
0.4775	0.5575	9.13093	0.870558	-6.12628e-05
0.4775	0.5625	9.13115	0.870427	-0.00027417
0.4775	0.5675	9.13203	0.869903	-0.00109591
0.4775	0.5725	9.13541	0.867918	-0.00402871
0.4775	0.5775	9.14789	0.860717	-0.0125089
0.4775	0.5825	9.17205	0.842346	-0.0311761
0.4775	0.5875	9.22105	0.801691	-0.0681529
0.4775	0.5925	9.30558	0.726684	-0.118043
0.4775	0.5975	9.40627	0.619666	-0.157127
0.4775	0.6025	9.50783	0.495806	-0.1806
0.4775	0.6075	9.64564	0.338693	-0.180055
0.4775	0.6125	9.76524	0.206105	-0.142962
0.4775	0.6175	9.8608	0.106697	-0.0895798
0.4775	0.6225	9.93704	0.0487615	-0.046129
0.4775	0.6275	9.98322	0.0196007	-0.0202182
0.4775	0.6325	9.9998	0.00469475	-0.00534098
0.4775	0.6375	10	0.000735716	-0.000892051
0.4775	0.6425	10	0.000103506	-0.000129073
0.4775	0.6475	10	1.34953e-05	-1.71089e-05
0.4775	0.6525	10	1.61587e-06	-2.12484e-06
0.4775	0.6575	10	1.75351e-07	-2.56519e-07
0.4775	0.6625	10	1.01152e-08	-1.31103e-08
0.4775	0.6675	10	5.97943e-10	-6.03547e-10
0.4775	0.6725	10	3.38089e-11	-3.25474e-11
0.4775	0.6775	10	1.78006e-12	-1.44319e-12
0.4775	0.6825	10	8.75897e-14	-4.65216e-15
0.4775	0.6875	10	4.066e-15	0
0.4775	0.6925	10	1.79438e-16	0
0.4775	0.6975	10	7.56656e-18	0
0.4775	0.7025	10	3.05869e-19	0
0.4775	0.7075	10	1.18807e-20	0
0.4775	0.7125	10	4.44311e-22	0
0.4775	0.7175	10	1.60284e-23	0
0.4775	0.7225	10	5.58786e-25	0
0.4775	0.7275	10	1.88581e-26	0
0.4775	0.7325	10	6.17047e-28	0
0.4775	0.7375	10	1.96017e-29	0
0.4775	0.7425	10	6.05242e-31	0
0.4775	0.7475	10	1.81829e-32	0
0.4775	0.7525	10	5.31957e-34	0
0.4775	0.7575	10	1.51671e-35	0
0.4775	0.7625	10	4.21736e-37	0
0.4775	0.7675	10	1.14189e-38	0
0.4775	0.7725	10	2.63164e-40	0
0.4775	0.7775	10	0	0
0.4775	0.7825	10	0	0
0.4775	0.7875	10	0	0
0.4775	0.7925	10	0	0
0.4775	0.7975	10	0	0
0.4775	0.8025	10	0	0
0.4775	0.8075	10	0	0
0.4775	0.8125	10	0	0
0.4775	0.8175	10	0	0
0.4775	0.8225	10	0	0
0.4775	0.8275	10	0	0
0.4775	0.8325	10	0	0
0.4775	0.8375	10	0	0
0.4775	0.8425	10	0	0
0.4775	0.8475	10	0	0
0.4775	0.8525	10	0	0
0.4775	0.8575	10	0	0
0.4775	0.8625	10	0	0
0.4775	0.8675	10	0	0
0.4775	0.8725	10	0	0
0.4775	0.8775	10	0	0
0.4775	0.8825	10	0	0
0.4775	0.8875	10	0	0
0.4775	0.8925	10	0	0
0.4775	0.8975	10	0	0
0.4775	0.9025	10	0	0
0.4775	0.9075	10	0	0
0.4775	0.9125	10	0	0
0.4775	0.9175	10	0	0
0.4775	0.9225	10	0	0
0.4775	0.9275	10	0	0
0.4775	0.9325	10	0	0
0.4775	0.9375	10	0	0
0.4775	0.9425	10	0	0
0.4775	0.9475	10	0	0
0.4775	0.9525	10	0	0
0.4775	0.9575	10	0	0
0.4775	0.9625	10	0	0
0.4775	0.9675	10	0	0
0.4775	0.9725	10	0	0
0.4775	0.9775	10	0	0
0.4775	0.9825	10	0	0
0.4775	0.9875	10	0	0
0.4775	0.9925	10	0	0
0.4775	0.9975	10	0	0
0.4775	1.0025	10	0	0
0.4825	0.0075	10	0	0
0.4825	0.0125	10	0	0
0.4825	0.0175	10	0	0
0.4825	0.0225	10	0	0
0.4825	0.0275	10	0	0
0.4825	0.0325	10	0	0
0.4825	0.0375	10	0	0
0.4825	0.0425	10	0	0
0.4825	0.0475	10	0	0
0.4825	0.0525	10	0	0
0.4825	0.0575	10	0	0
0.4825	0.0625	10	0	0
0.4825	0.0675	10	0	0
0.4825	0.0725	10	0	0
0.4825	0.0775	10	0	0
0.4825	0.0825	10	0	0
0.4825	0.0875	10	0	0
0.4825	0.0925	10	0	0
0.4825	0.0975	10	0	0
0.4825	0.1025	10	0	0
0.4825	0.1075	10	0	0
0.4825	0.1125	10	0	0
0.4825	0.1175	10	0	0
0.4825	0.1225	10	0	0
0.4825	0.1275	10	0	0
0.4825	0.1325	10	0	0
0.4825	0.1375	10	0	0
0.4825	0.1425	10	0	0
0.4825	0.1475	10	0	0
0.4825	0.1525	10	0	0
0.4825	0.1575	10	0	0
0.4825	0.1625	10	0	0
0.4825	0.1675	10	0	0
0.4825	0.1725	10	0	0
0.4825	0.1775	10	0	0
0.4825	0.1825	10	0	0
0.4825	0.1875	10	0	0
0.4825	0.1925	10	0	0
0.4825	0.1975	10	0	0
0.4825	0.2025	10	0	0
0.4825	0.2075	10	0	0
0.4825	0.2125	10	0	0
0.4825	0.2175	10	0	0
0.4825	0.2225	10	0	0
0.4825	0.2275	10	2.67284e-40	0
0.4825	0.2325	10	1.14403e-38	0
0.4825	0.2375	10	4.17395e-37	0
0.4825	0.2425	10	1.48159e-35	0
0.4825	0.2475	10	5.12393e-34	0
0.4825	0.2525	10	1.72516e-32	0
0.4825	0.2575	10	5.64962e-31	0
0.4825	0.2625	10	1.79787e-29	0
0.4825	0.2675	10	5.55379e-28	0
0.4825	0.2725	10	1.66343e-26	0
0.4825	0.2775	10	4.82429e-25	0
0.4825	0.2825	10	1.35274e-23	0
0.4825	0.2875	10	3.66082e-22	0
0.4825	0.2925	10	9.54174e-21	0
0.4825	0.2975	10	2.38969e-19	0
0.4825	0.3025	10	5.73622e-18	0
0.4825	0.3075	10	1.3164e-16	0
0.4825	0.3125	10	2.8816e-15	0
0.4825	0.3175	10	6.00329e-14	0
0.4825	0.3225	10	1.18657e-12	2.5548e-13
0.4825	0.3275	10	2.21132e-11	3.10215e-11
0.4825	0.3325	10	3.83936e-10	5.90254e-10
0.4825	0.3375	10	6.09244e-09	1.1117e-08
0.4825	0.3425	10	8.61004e-08	2.16686e-07
0.4825	0.3475	10	1.05003e-06	1.64858e-06
0.4825	0.3525	10	9.1044e-06	1.29845e-05
0.4825	0.3575	10	7.15163e-05	9.7852e-05
0.4825	0.3625	10	0.000513735	0.000692134
0.4825	0.3675	10	0.00343886	0.00441761
0.4825	0.3725	9.98867	0.015792	0.0184512
0.4825	0.3775	9.94005	0.0407364	0.0477454
0.4825	0.3825	9.86201	0.0947713	0.101918
0.4825	0.3875	9.72802	0.202055	0.19627
0.4825	0.3925	9.56262	0.366487	0.300179
0.4825	0.3975	9.38611	0.587565	0.371397
0.4825	0.4025	9.15417	0.865384	0.391751
0.4825	0.4075	8.95085	1.11488	0.343602
0.4825	0.4125	8.76738	1.3179	0.26157
0.4825	0.4175	8.60765	1.4694	0.154632
0.4825	0.4225	8.50368	1.55265	0.0709893
0.4825	0.4275	8.45396	1.58723	0.0271969
0.4825	0.4325	8.43425	1.59865	0.00884619
0.4825	0.4375	8.42764	1.60224	0.00250713
0.4825	0.4425	8.42568	1.60322	0.000630696
0.4825	0.4475	8.42517	1.60346	0.000141868
0.4825	0.4525	8.42506	1.60351	2.86167e-05
0.4825	0.4575	8.42504	1.60352	4.86499e-06
0.4825	0.4625	8.42504	1.60352	1.05231e-06
0.4825	0.4675	8.42504	1.60352	2.6007e-07
0.4825	0.4725	8.42504	1.60352	5.65316e-08
0.4825	0.4775	8.42504	1.60352	4.77748e-16
0.4825	0.4825	8.42504	1.60352	0
0.4825	0.4875	8.42504	1.60352	0
0.4825	0.4925	8.42504	1.60352	0
0.4825	0.4975	8.42504	1.60352	0
0.4825	0.5025	8.42504	1.60352	0
0.4825	0.5075	8.42504	1.60352	0
0.4825	0.5125	8.42504	1.60352	0
0.4825	0.5175	8.42504	1.60352	0
0.4825	0.5225	8.42504	1.60352	0
0.4825	0.5275	8.42504	1.60352	-4.77748e-16
0.4825	0.5325	8.42504	1.60352	-5.65316e-08
0.4825	0.5375	8.42504	1.60352	-2.6007e-07
0.4825	0.5425	8.42504	1.60352	-1.05231e-06
0.4825	0.5475	8.42504	1.60352	-4.86499e-06
0.4825	0.5525	8.42506	1.60351	-2.86167e-05
0.4825	0.5575	8.42517	1.60346	-0.000141868
0.4825	0.5625	8.42568	1.60322	-0.000630696
0.4825	0.5675	8.42764	1.60224	-0.00250713
0.4825	0.5725	8.43425	1.59865	-0.00884619
0.4825	0.5775	8.45396	1.58723	-0.0271969
0.4825	0.5825	8.50368	1.55265	-0.0709893
0.4825	0.5875	8.60765	1.4694	-0.154632
0.4825	0.5925	8.76738	1.3179	-0.26157
0.4825	0.5975	8.95085	1.11488	-0.343602
0.4825	0.6025	9.15417	0.865384	-0.391751
0.4825	0.6075	9.38611	0.587565	-0.371397
0.4825	0.6125	9.56262	0.366487	-0.300179
0.4825	0.6175	9.72802	0.202055	-0.19627
0.4825	0.6225	9.86201	0.0947713	-0.101918
0.4825	0.6275	9.94005	0.0407364	-0.0477454
0.4825	0.6325	9.98867	0.015792	-0.0184512
0.4825	0.6375	10	0.00343886	-0.00441761
0.4825	0.6425	10	0.000513735	-0.000692134
0.4825	0.6475	10	7.15163e-05	-9.7852e-05
0.4825	0.6525	10	9.1044e-06	-1.29845e-05
0.4825	0.6575	10	1.05003e-06	-1.64858e-06
0.4825	0.6625	10	8.61004e-08	-2.16686e-07
0.4825	0.6675	10	6.09244e-09	-1.1117e-08
0.4825	0.6725	10	3.83936e-10	-5.90254e-10
0.4825	0.6775	10	2.21132e-11	-3.10215e-11
0.4825	0.6825	10	1.18657e-12	-2.5548e-13
0.4825	0.6875	10	6.00329e-14	0
0.4825	0.6925	10	2.8816e-15	0
0.4825	0.6975	10	1.3164e-16	0
0.4825	0.7025	10	5.73622e-18	0
0.4825	0.7075	10	2.38969e-19	0
0.4825	0.7125	10	9.54174e-21	0
0.4825	0.7175	10	3.66082e-22	0
0.4825	0.7225	10	1.35274e-23	0
0.4825	0.7275	10	4.82429e-25	0
0.4825	0.7325	10	1.66343e-26	0
0.4825	0.7375	10	5.55379e-28	0
0.4825	0.7425	10	1.79787e-29	0
0.4825	0.7475	10	5.64962e-31	0
0.4825	0.7525	10	1.72516e-32	0
0.4825	0.7575	10	5.12393e-34	0
0.4825	0.7625	10	1.48159e-35	0
0.4825	0.7675	10	4.17395e-37	0
0.4825	0.7725	10	1.14403e-38	0
0.4825	0.7775	10	2.67284e-40	0
0.4825	0.7825	10	0	0
0.4825	0.7875	10	0	0
0.4825	0.7925	10	0	0
0.4825	0.7975	10	0	0
0.4825	0.8025	10	0	0
0.4825	0.8075	10	0	0
0.4825	0.8125	10	0	0
0.4825	0.8175	10	0	0
0.4825	0.8225	10	0	0
0.4825	0.8275	10	0	0
0.4825	0.8325	10	0	0
0.4825	0.8375	10	0	0
0.4825	0.8425	10	0	0
0.4825	0.8475	10	0	0
0.4825	0.8525	10	0	0
0.4825	0.8575	10	0	0
0.4825	0.8625	10	0	0
0.4825	0.8675	10	0	0
0.4825	0.8725	10	0	0
0.4825	0.8775	10	0	0
0.4825	0.8825	10	0	0
0.4825	0.8875	10	0	0
0.4825	0.8925	10	0	0
0.4825	0.8975	10	0	0
0.4825	0.9025	10	0	0
0.4825	0.9075	10	0	0
0.4825	0.9125	10	0	0
0.4825	0.9175	10	0	0
0.4825	0.9225	10	0	0
0.4825	0.9275	10	0	0
0.4825	0.9325	10	0	0
0.4825	0.9375	10	0	0
0.4825	0.9425	10	0	0
0.4825	0.9475	10	0	0
0.4825	0.9525	10	0	0
0.4825	0.9575	10	0	0
0.4825	0.9625	10	0	0
0.4825	0.9675	10	0	0
0.4825	0.9725	10	0	0
0.4825	0.9775	10	0	0
0.4825	0.9825	10	0	0
0.4825	0.9875	10	0	0
0.4825	0.9925	10	0	0
0.4825	0.9975	10	0	0
0.4825	1.0025	10	0	0
0.4875	0.0075	10	0	0
0.4875	0.0125	10	0	0
0.4875	0.0175	10	0	0
0.4875	0.0225	10	0	0
0.4875	0.0275	10	0	0
0.4875	0.0325	10	0	0
0.4875	0.0375	10	0	0
0.4875	0.0425	10	0	0
0.4875	0.0475	10	0	0
0.4875	0.0525	10	0	0
0.4875	0.0575	10	0	0
0.4875	0.0625	10	0	0
0.4875	0.0675	10	0	0
0.4875	0.0725	10	0	0
0.4875	0.0775	10	0	0
0.4875	0.0825	10	0	0
0.4875	0.0875	10	0	0
0.4875	0.0925	10	0	0
0.4875	0.0975	10	0	0
0.4875	0.1025	10	0	0
0.4875	0.1075	10	0	0
0.4875	0.1125	10	0	0
0.4875	0.1175	10	0	0
0.4875	0.1225	10	0	0
0.4875	0.1275	10	0	0
0.4875	0.1325	10	0	0
0.4875	0.1375	10	0	0
0.4875	0.1425	10	0	0
0.4875	0.1475	10	0	0
0.4875	0.1525	10	0	0
0.4875	0.1575	10	0	0
0.4875	0.1625	10	0	0
0.4875	0.1675	10	0	0
0.4875	0.1725	10	0	0
0.4875	0.1775	10	0	0
0.4875	0.1825	10	0	0
0.4875	0.1875	10	0	0
0.4875	0.1925	10	0	0
0.4875	0.1975	10	0	0
0.4875	0.2025	10	0	0
0.4875	0.2075	10	0	0
0.4875	0.2125	10	0	0
0.4875	0.2175	10	0	0
0.4875	0.2225	10	2.44218e-40	0
0.4875	0.2275	10	1.04324e-38	0
0.4875	0.2325	10	3.75304e-37	0
0.4875	0.2375	10	1.31138e-35	0
0.4875	0.2425	10	4.45768e-34	0
0.4875	0.2475	10	1.47269e-32	0
0.4875	0.2525	10	4.72386e-31	0
0.4875	0.2575	10	1.46956e-29	0
0.4875	0.2625	10	4.42877e-28	0
0.4875	0.2675	10	1.29134e-26	0
0.4875	0.2725	10	3.63824e-25	0
0.4875	0.2775	10	9.89073e-24	0
0.4875	0.2825	10	2.59066e-22	0
0.4875	0.2875	10	6.5274e-21	0
0.4875	0.2925	10	1.5792e-19	0
0.4875	0.2975	10	3.66079e-18	0
0.4875	0.3025	10	8.10948e-17	0
0.4875	0.3075	10	1.71091e-15	0
0.4875	0.3125	10	3.42395e-14	0
0.4875	0.3175	10	6.47312e-13	0
0.4875	0.3225	10	1.15298e-11	1.17324e-11
0.4875	0.3275	10	1.93539e-10	6.03775e-10
0.4875	0.3325	10	3.06414e-09	1.06199e-08
0.4875	0.3375	10	4.5202e-08	1.91691e-07
0.4875	0.3425	10	5.92631e-07	1.34458e-06
0.4875	0.3475	10	5.12633e-06	9.78538e-06
0.4875	0.3525	10	4.2643e-05	6.91763e-05
0.4875	0.3575	10	0.000317232	0.000478266
0.4875	0.3625	10	0.00205927	0.00316922
0.4875	0.3675	9.99335	0.0108282	0.0143768
0.4875	0.3725	9.95797	0.0303319	0.0401271
0.4875	0.3775	9.89818	0.0656965	0.0878273
0.4875	0.3825	9.77666	0.142128	0.187225
0.4875	0.3875	9.59268	0.276753	0.345404
0.4875	0.3925	9.38324	0.481641	0.523292
0.4875	0.3975	9.15481	0.769673	0.669968
0.4875	0.4025	8.84502	1.16798	0.767685
0.4875	0.4075	8.50375	1.63128	0.697502
0.4875	0.4125	8.21748	1.96482	0.531594
0.4875	0.4175	7.95243	2.22408	0.311316
0.4875	0.4225	7.77262	2.37292	0.139648
0.4875	0.4275	7.68701	2.43494	0.0521086
0.4875	0.4325	7.654	2.45607	0.0166911
0.4875	0.4375	7.64303	2.46231	0.00469695
0.4875	0.4425	7.63976	2.46393	0.00117709
0.4875	0.4475	7.6389	2.46431	0.000263032
0.4875	0.4525	7.63871	2.46439	5.22863e-05
0.4875	0.4575	7.63867	2.4644	9.12416e-06
0.4875	0.4625	7.63866	2.4644	1.8144e-06
0.4875	0.4675	7.63866	2.4644	4.28617e-07
0.4875	0.4725	7.63866	2.4644	2.25452e-08
0.4875	0.4775	7.63866	2.4644	3.30897e-14
0.4875	0.4825	7.63866	2.4644	0
0.4875	0.4875	7.63866	2.4644	0
0.4875	0.4925	7.63866	2.4644	0
0.4875	0.4975	7.63866	2.4644	0
0.4875	0.5025	7.63866	2.4644	0
0.4875	0.5075	7.63866	2.4644	0
0.4875	0.5125	7.63866	2.4644	0
0.4875	0.5175	7.63866	2.4644	0
0.4875	0.5225	7.63866	2.4644	0
0.4875	0.5275	7.63866	2.4644	-3.30897e-14
0.4875	0.5325	7.63866	2.4644	-2.25452e-08
0.4875	0.5375	7.63866	2.4644	-4.28617e-07
0.4875	0.5425	7.63866	2.4644	-1.8144e-06
0.4875	0.5475	7.63867	2.4644	-9.12416e-06
0.4875	0.5525	7.63871	2.46439	-5.22863e-05
0.4875	0.5575	7.6389	2.46431	-0.000263032
0.4875	0.5625	7.63976	2.46393	-0.00117709
0.4875	0.5675	7.64303	2.46231	-0.00469695
0.4875	0.5725	7.654	2.45607	-0.0166911
0.4875	0.5775	7.68701	2.43494	-0.0521086
0.4875	0.5825	7.77262	2.37292	-0.139648
0.4875	0.5875	7.95243	2.22408	-0.311316
0.4875	0.5925	8.21748	1.96482	-0.531594
0.4875	0.5975	8.50375	1.63128	-0.697502
0.4875	0.6025	8.84502	1.16798	-0.767685
0.4875	0.6075	9.15481	0.769673	-0.669968
0.4875	0.6125	9.38324	0.481641	-0.523292
0.4875	0.6175	9.59268	0.276753	-0.345404
0.4875	0.6225	9.77666	0.142128	-0.187225
0.4875	0.6275	9.89818	0.0656965	-0.0878273
0.4875	0.6325	9.95797	0.0303319	-0.0401271
0.4875	0.6375	9.99335	0.0108282	-0.0143768
0.4875	0.6425	10	0.00205927	-0.00316922
0.4875	0.6475	10	0.000317232	-0.000478266
0.4875	0.6525	10	4.2643e-05	-6.91763e-05
0.4875	0.6575	10	5.12633e-06	-9.78538e-06
0.4875	0.6625	10	5.92631e-07	-1.34458e-06
0.4875	0.6675	10	4.5202e-08	-1.91691e-07
0.4875	0.6725	10	3.06414e-09	-1.06199e-08
0.4875	0.6775	10	1.93539e-10	-6.03775e-10
0.4875	0.6825	10	1.15298e-11	-1.17324e-11
0.4875	0.6875	10	6.47312e-13	0
0.4875	0.6925	10	3.42395e-14	0
0.4875	0.6975	10	1.71091e-15	0
0.4875	0.7025	10	8.10948e-17	0
0.4875	0.7075	10	3.66079e-18	0
0.4875	0.7125	10	1.5792e-19	0
0.4875	0.7175	10	6.5274e-21	0
0.4875	0.7225	10	2.59066e-22	0
0.4875	0.7275	10	9.89073e-24	0
0.4875	0.7325	10	3.63824e-25	0
0.4875	0.7375	10	1.29134e-26	0
0.4875	0.7425	10	4.42877e-28	0
0.4875	0.7475	10	1.46956e-29	0
0.4875	0.7525	10	4.72386e-31	0
0.4875	0.7575	10	1.47269e-32	0
0.4875	0.7625	10	4.45768e-34	0
0.4875	0.7675	10	1.31138e-35	0
0.4875	0.7725	10	3.75304e-37	0
0.4875	0.7775	10	1.04324e-38	0
0.4875	0.7825	10	2.44218e-40	0
0.4875	0.7875	10	0	0
0.4875	0.7925	10	0	0
0.4875	0.7975	10	0	0
0.4875	0.8025	10	0	0
0.4875	0.8075	10	0	0
0.4875	0.8125	10	0	0
0.4875	0.8175	10	0	0
0.4875	0.8225	10	0	0
0.4875	0.8275	10	0	0
0.4875	0.8325	10	0	0
0.4875	0.8375	10	0	0
0.4875	0.8425	10	0	0
0.4875	0.8475	10	0	0
0.4875	0.8525	10	0	0
0.4875	0.8575	10	0	0
0.4875	0.8625	10	0	0
0.4875	0.8675	10	0	0
0.4875	0.8725	10	0	0
0.4875	0.8775	10	0	0
0.4875	0.8825	10	0	0
0.4875	0.8875	10	0	0
0.4875	0.8925	10	0	0
0.4875	0.8975	10	0	0
0.4875	0.9025	10	0	0
0.4875	0.9075	10	0	0
0.4875	0.9125	10	0	0
0.4875	0.9175	10	0	0
0.4875	0.9225	10	0	0
0.4875	0.9275	10	0	0
0.4875	0.9325	10	0	0
0.4875	0.9375	10	0	0
0.4875	0.9425	10	0	0
0.4875	0.9475	10	0	0
0.4875	0.9525	10	0	0
0.4875	0.9575	10	0	0
0.4875	0.9625	10	0	0
0.4875	0.9675	10	0	0
0.4875	0.9725	10	0	0
0.4875	0.9775	10	0	0
0.4875	0.9825	10	0	0
0.4875	0.9875	10	0	0
0.4875	0.9925	10	0	0
0.4875	0.9975	10	0	0
0.4875	1.0025	10	0	0
0.4925	0.0075	10	0	0
0.4925	0.0125	10	0	0
0.4925	0.0175	10	0	0
0.4925	0.0225	10	0	0
0.4925	0.0275	10	0	0
0.4925	0.0325	10	0	0
0.4925	0.0375	10	0	0
0.4925	0.0425	10	0	0
0.4925	0.0475	10	0	0
0.4925	0.0525	10	0	0
0.4925	0.0575	10	0	0
0.4925	0.0625	10	0	0
0.4925	0.0675	10	0	0
0.4925	0.0725	10	0	0
0.4925	0.0775	10	0	0
0.4925	0.0825	10	0	0
0.4925	0.0875	10	0	0
0.4925	0.0925	10	0	0
0.4925	0.0975	10	0	0
0.4925	0.1025	10	0	0
0.4925	0.1075	10	0	0
0.4925	0.1125	10	0	0
0.4925	0.1175	10	0	0
0.4925	0.1225	10	0	0
0.4925	0.1275	10	0	0
0.4925	0.1325	10	0	0
0.4925	0.1375	10	0	0
0.4925	0.1425	10	0	0
0.4925	0.1475	10	0	0
0.4925	0.1525	10	0	0
0.4925	0.1575	10	0	0
0.4925	0.1625	10	0	0
0.4925	0.1675	10	0	0
0.4925	0.1725	10	0	0
0.4925	0.1775	10	0	0
0.4925	0.1825	10	0	0
0.4925	0.1875	10	0	0
0.4925	0.1925	10	0	0
0.4925	0.1975	10	0	0
0.4925	0.2025	10	0	0
0.4925	0.2075	10	0	0
0.4925	0.2125	10	0	0
0.4925	0.2175	10	1.21268e-40	0
0.4925	0.2225	10	7.1223e-39	0
0.4925	0.2275	10	2.51496e-37	0
0.4925	0.2325	10	8.61502e-36	0
0.4925	0.2375	10	2.87004e-34	0
0.4925	0.2425	10	9.28893e-33	0
0.4925	0.2475	10	2.91732e-31	0
0.4925	0.2525	10	8.87988e-30	0
0.4925	0.2575	10	2.61623e-28	0
0.4925	0.2625	10	7.45082e-27	0
0.4925	0.2675	10	2.04824e-25	0
0.4925	0.2725	10	5.42711e-24	0
0.4925	0.2775	10	1.38389e-22	0
0.4925	0.2825	10	3.39059e-21	0
0.4925	0.2875	10	7.96823e-20	0
0.4925	0.2925	10	1.79307e-18	0
0.4925	0.2975	10	3.85654e-17	0
0.4925	0.3025	10	7.91274e-16	0
0.4925	0.3075	10	1.54531e-14	0
0.4925	0.3125	10	2.86386e-13	0
0.4925	0.3175	10	5.01459e-12	0
0.4925	0.3225	10	8.25472e-11	4.33654e-10
0.4925	0.3275	10	1.27816e-09	1.1017e-08
0.4925	0.3325	10	1.89996e-08	1.84383e-07
0.4925	0.3375	10	2.78185e-07	1.2417e-06
0.4925	0.3425	10	2.35961e-06	8.33859e-06
0.4925	0.3475	10	1.99577e-05	5.26669e-05
0.4925	0.3525	10	0.000159016	0.000320086
0.4925	0.3575	10	0.0011664	0.00189659
0.4925	0.3625	9.99786	0.00599792	0.00918861
0.4925	0.3675	9.98005	0.0183542	0.0298283
0.4925	0.3725	9.92252	0.0391577	0.0684944
0.4925	0.3775	9.8429	0.0842704	0.145771
0.4925	0.3825	9.69078	0.15922	0.29697
0.4925	0.3875	9.45468	0.280743	0.534623
0.4925	0.3925	9.18886	0.488179	0.823203
0.4925	0.3975	8.92549	0.83682	1.09932
0.4925	0.4025	8.63477	1.38536	1.32189
0.4925	0.4075	8.10721	2.16443	1.30193
0.4925	0.4125	7.77373	2.68412	0.99078
0.4925	0.4175	7.42926	3.03417	0.569644
0.4925	0.4225	7.15856	3.23315	0.248699
0.4925	0.4275	7.02275	3.31643	0.0907986
0.4925	0.4325	6.96936	3.34446	0.0286409
0.4925	0.4375	6.95193	3.35246	0.00792969
0.4925	0.4425	6.94697	3.35449	0.00195638
0.4925	0.4475	6.94571	3.35494	0.000432404
0.4925	0.4525	6.94541	3.35504	8.55856e-05
0.4925	0.4575	6.94535	3.35506	1.45968e-05
0.4925	0.4625	6.94534	3.35506	2.50227e-06
0.4925	0.4675	6.94534	3.35506	5.25308e-07
0.4925	0.4725	6.94534	3.35506	5.97808e-08
0.4925	0.4775	6.94534	3.35506	2.00907e-12
0.4925	0.4825	6.94534	3.35506	0
0.4925	0.4875	6.94534	3.35506	0
0.4925	0.4925	6.94534	3.35506	0
0.4925	0.4975	6.94534	3.35506	0
0.4925	0.5025	6.94534	3.35506	0
0.4925	0.5075	6.94534	3.35506	0
0.4925	0.5125	6.94534	3.35506	0
0.4925	0.5175	6.94534	3.35506	0
0.4925	0.5225	6.94534	3.35506	0
0.4925	0.5275	6.94534	3.35506	-2.00907e-12
0.4925	0.5325	6.94534	3.35506	-5.97808e-08
0.4925	0.5375	6.94534	3.35506	-5.25308e-07
0.4925	0.5425	6.94534	3.35506	-2.50227e-06
0.4925	0.5475	6.94535	3.35506	-1.45968e-05
0.4925	0.5525	6.94541	3.35504	-8.55856e-05
0.4925	0.5575	6.94571	3.35494	-0.000432404
0.4925	0.5625	6.94697	3.35449	-0.00195638
0.4925	0.5675	6.95193	3.35246	-0.00792969
0.4925	0.5725	6.96936	3.34446	-0.0286409
0.4925	0.5775	7.02275	3.31643	-0.0907986
0.4925	0.5825	7.15856	3.23315	-0.248699
0.4925	0.5875	7.42926	3.03417	-0.569644
0.4925	0.5925	7.77373	2.68412	-0.99078
0.4925	0.5975	8.10721	2.16443	-1.30193
0.4925	0.6025	8.63477	1.38536	-1.32189
0.4925	0.6075	8.92549	0.83682	-1.09932
0.4925	0.6125	9.18886	0.488179	-0.823203
0.4925	0.6175	9.45468	0.280743	-0.534623
0.4925	0.6225	9.69078	0.15922	-0.29697
0.4925	0.6275	9.8429	0.0842704	-0.145771
0.4925	0.6325	9.92252	0.0391577	-0.0684944
0.4925	0.6375	9.98005	0.0183542	-0.0298283
0.4925	0.6425	9.99786	0.00599792	-0.00918861
0.4925	0.6475	10	0.0011664	-0.00189659
0.4925	0.6525	10	0.000159016	-0.000320086
0.4925	0.6575	10	1.99577e-05	-5.26669e-05
0.4925	0.6625	10	2.35961e-06	-8.33859e-06
0.4925	0.6675	10	2.78185e-07	-1.2417e-06
0.4925	0.6725	10	1.89996e-08	-1.84383e-07
0.4925	0.6775	10	1.27816e-09	-1.1017e-08
0.4925	0.6825	10	8.25472e-11	-4.33654e-10
0.4925	0.6875	10	5.01459e-12	0
0.4925	0.6925	10	2.86386e-13	0
0.4925	0.6975	10	1.54531e-14	0
0.4925	0.7025	10	7.91274e-16	0
0.4925	0.7075	10	3.85654e-17	0
0.4925	0.7125	10	1.79307e-18	0
0.4925	0.7175	10	7.96823e-20	0
0.4925	0.7225	10	3.39059e-21	0
0.4925	0.7275	10	1.38389e-22	0
0.4925	0.7325	10	5.42711e-24	0
0.4925	0.7375	10	2.04824e-25	0
0.4925	0.7425	10	7.45082e-27	0
0.4925	0.7475	10	2.61623e-28	0
0.4925	0.7525	10	8.87988e-30	0
0.4925	0.7575	10	2.91732e-31	0
0.4925	0.7625	10	9.28893e-33	0
0.4925	0.7675	10	2.87004e-34	0
0.4925	0.7725	10	8.61502e-36	0
0.4925	0.7775	10	2.51496e-37	0
0.4925	0.7825	10	7.1223e-39	0
0.4925	0.7875	10	1.21268e-40	0
0.4925	0.7925	10	0	0
0.4925	0.7975	10	0	0
0.4925	0.8025	10	0	0
0.4925	0.8075	10	0	0
0.4925	0.8125	10	0	0
0.4925	0.8175	10	0	0
0.4925	0.8225	10	0	0
0.4925	0.8275	10	0	0
0.4925	0.8325	10	0	0
0.4925	0.8375	10	0	0
0.4925	0.8425	10	0	0
0.4925	0.8475	10	0	0
0.4925	0.8525	10	0	0
0.4925	0.8575	10	0	0
0.4925	0.8625	10	0	0
0.4925	0.8675	10	0	0
0.4925	0.8725	10	0	0
0.4925	0.8775	10	0	0
0.4925	0.8825	10	0	0
0.4925	0.8875	10	0	0
0.4925	0.8925	10	0	0
0.4925	0.8975	10	0	0
0.4925	0.9025	10	0	0
0.4925	0.9075	10	0	0
0.4925	0.9125	10	0	0
0.4925	0.9175	10	0	0
0.4925	0.9225	10	0	0
0.4925	0.9275	10	0	0
0.4925	0.9325	10	0	0
0.4925	0.9375	10	0	0
0.4925	0.9425	10	0	0
0.4925	0.9475	10	0	0
0.4925	0.9525	10	0	0
0.4925	0.9575	10	0	0
0.4925	0.9625	10	0	0
0.4925	0.9675	10	0	0
0.4925	0.9725	10	0	0
0.4925	0.9775	10	0	0
0.4925	0.9825	10	0	0
0.4925	0.9875	10	0	0
0.4925	0.9925	10	0	0
0.4925	0.9975	10	0	0
0.4925	1.0025	10	0	0
0.4975	0.0075	10	0	0
0.4975	0.0125	10	0	0
0.4975	0.0175	10	0	0
0.4975	0.0225	10	0	0
0.4975	0.0275	10	0	0
0.4975	0.0325	10	0	0
0.4975	0.0375	10	0	0
0.4975	0.0425	10	0	0
0.4975	0.0475	10	0	0
0.4975	0.0525	10	0	0
0.4975	0.0575	10	0	0
0.4975	0.0625	10	0	0
0.4975	0.0675	10	0	0
0.4975	0.0725	10	0	0
0.4975	0.0775	10	0	0
0.4975	0.0825	10	0	0
0.4975	0.0875	10	0	0
0.4975	0.0925	10	0	0
0.4975	0.0975	10	0	0
0.4975	0.1025	10	0	0
0.4975	0.1075	10	0	0
0.4975	0.1125	10	0	0
0.4975	0.1175	10	0	0
0.4975	0.1225	10	0	0
0.4975	0.1275	10	0	0
0.4975	0.1325	10	0	0
0.4975	0.1375	10	0	0
0.4975	0.1425	10	0	0
0.4975	0.1475	10	0	0
0.4975	0.1525	10	0	0
0.4975	0.1575	10	0	0
0.4975	0.1625	10	0	0
0.4975	0.1675	10	0	0
0.4975	0.1725	10	0	0
0.4975	0.1775	10	0	0
0.4975	0.1825	10	0	0
0.4975	0.1875	10	0	0
0.4975	0.1925	10	0	0
0.4975	0.1975	10	0	0
0.4975	0.2025	10	0	0
0.4975	0.2075	10	0	0
0.4975	0.2125	10	0	0
0.4975	0.2175	10	2.54364e-39	0
0.4975	0.2225	10	8.9337e-38	0
0.4975	0.2275	10	3.04468e-36	0
0.4975	0.2325	10	1.0098e-34	0
0.4975	0.2375	10	3.25636e-33	0
0.4975	0.2425	10	1.01998e-31	0
0.4975	0.2475	10	3.09996e-30	0
0.4975	0.2525	10	9.13178e-29	0
0.4975	0.2575	10	2.60439e-27	0
0.4975	0.2625	10	7.18329e-26	0
0.4975	0.2675	10	1.91391e-24	0
0.4975	0.2725	10	4.9207e-23	0
0.4975	0.2775	10	1.21952e-21	0
0.4975	0.2825	10	2.91079e-20	0
0.4975	0.2875	10	6.6857e-19	0
0.4975	0.2925	10	1.47675e-17	0
0.4975	0.2975	10	3.1343e-16	0
0.4975	0.3025	10	6.38245e-15	0
0.4975	0.3075	10	1.24342e-13	0
0.4975	0.3125	10	2.30977e-12	0
0.4975	0.3175	10	4.09736e-11	0
0.4975	0.3225	10	7.06317e-10	1.2167e-08
0.4975	0.3275	10	1.21521e-08	1.87392e-07
0.4975	0.3325	10	1.99928e-07	1.2469e-06
0.4975	0.3375	10	1.29371e-06	8.1738e-06
0.4975	0.3425	10	8.97066e-06	4.90597e-05
0.4975	0.3475	10	6.02655e-05	0.000271271
0.4975	0.3525	10	0.000394896	0.00138097
0.4975	0.3575	9.99961	0.00253061	0.00610043
0.4975	0.3625	9.99174	0.0102033	0.0208603
0.4975	0.3675	9.95951	0.023073	0.0517704
0.4975	0.3725	9.89732	0.042737	0.108657
0.4975	0.3775	9.78967	0.076345	0.220659
0.4975	0.3825	9.62535	0.125424	0.408236
0.4975	0.3875	9.37754	0.194969	0.695982
0.4975	0.3925	9.05993	0.327121	1.08295
0.4975	0.3975	8.70122	0.611004	1.52758
0.4975	0.4025	8.42326	1.28292	2.02477
0.4975	0.4075	7.63067	2.74662	2.05492
0.4975	0.4125	7.30588	3.49038	1.54655
0.4975	0.4175	6.86389	3.85287	0.922569
0.4975	0.4225	6.49303	4.05032	0.403113
0.4975	0.4275	6.30425	4.13803	0.14551
0.4975	0.4325	6.22808	4.16907	0.0452147
0.4975	0.4375	6.20293	4.17866	0.0123814
0.4975	0.4425	6.19522	4.18135	0.00300458
0.4975	0.4475	6.1934	4.18189	0.000648925
0.4975	0.4525	6.19304	4.18199	0.000125928
0.4975	0.4575	6.19297	4.182	2.13693e-05
0.4975	0.4625	6.19297	4.182	3.08129e-06
0.4975	0.4675	6.19297	4.182	4.67977e-07
0.4975	0.4725	6.19297	4.182	7.72166e-09
0.4975	0.4775	6.19297	4.182	1.06183e-10
0.4975	0.4825	6.19297	4.182	0
0.4975	0.4875	6.19297	4.182	0
0.4975	0.4925	6.19297	4.182	0
0.4975	0.4975	6.19297	4.182	0
0.4975	0.5025	6.19297	4.182	0
0.4975	0.5075	6.19297	4.182	0
0.4975	0.5125	6.19297	4.182	0
0.4975	0.5175	6.19297	4.182	0
0.4975	0.5225	6.19297	4.182	0
0.4975	0.5275	6.19297	4.182	-1.06183e-10
0.4975	0.5325	6.19297	4.182	-7.72166e-09
0.4975	0.5375	6.19297	4.182	-4.67977e-07
0.4975	0.5425	6.19297	4.182	-3.08129e-06
0.4975	0.5475	6.19297	4.182	-2.13693e-05
0.4975	0.5525	6.19304	4.18199	-0.000125928
0.4975	0.5575	6.1934	4.18189	-0.000648925
0.4975	0.5625	6.19522	4.18135	-0.00300458
0.4975	0.5675	6.20293	4.17866	-0.0123814
0.4975	0.5725	6.22808	4.16907	-0.0452147
0.4975	0.5775	6.30425	4.13803	-0.14551
0.4975	0.5825	6.49303	4.05032	-0.403113
0.4975	0.5875	6.86389	3.85287	-0.922569
0.4975	0.5925	7.30588	3.49038	-1.54655
0.4975	0.5975	7.63067	2.74662	-2.05492
0.4975	0.6025	8.42326	1.28292	-2.02477
0.4975	0.6075	8.70122	0.611004	-1.52758
0.4975	0.6125	9.05993	0.327121	-1.08295
0.4975	0.6175	9.37754	0.194969	-0.695982
0.4975	0.6225	9.62535	0.125424	-0.408236
0.4975	0.6275	9.78967	0.076345	-0.220659
0.4975	0.6325	9.89732	0.042737	-0.108657
0.4975	0.6375	9.95951	0.023073	-0.0517704
0.4975	0.6425	9.99174	0.0102033	-0.0208603
0.4975	0.6475	9.99961	0.00253061	-0.00610043
0.4975	0.6525	10	0.000394896	-0.00138097
0.4975	0.6575	10	6.02655e-05	-0.000271271
0.4975	0.6625	10	8.97066e-06	-4.90597e-05
0.4975	0.6675	10	1.29371e-06	-8.1738e-06
0.4975	0.6725	10	1.99928e-07	-1.2469e-06
0.4975	0.6775	10	1.21521e-08	-1.87392e-07
0.4975	0.6825	10	7.06317e-10	-1.2167e-08
0.4975	0.6875	10	4.09736e-11	0
0.4975	0.6925	10	2.30977e-12	0
0.4975	0.6975	10	1.24342e-13	0
0.4975	0.7025	10	6.38245e-15	0
0.4975	0.7075	10	3.1343e-16	0
0.4975	0.7125	10	1.47675e-17	0
0.4975	0.7175	10	6.6857e-19	0
0.4975	0.7225	10	2.91079e-20	0
0.4975	0.7275	10	1.21952e-21	0
0.4975	0.7325	10	4.9207e-23	0
0.4975	0.7375	10	1.91391e-24	0
0.4975	0.7425	10	7.18329e-26	0
0.4975	0.7475	10	2.60439e-27	0
0.4975	0.7525	10	9.13178e-29	0
0.4975	0.7575	10	3.09996e-30	0
0.4975	0.7625	10	1.01998e-31	0
0.4975	0.7675	10	3.25636e-33	0
0.4975	0.7725	10	1.0098e-34	0
0.4975	0.7775	10	3.04468e-36	0
0.4975	0.7825	10	8.9337e-38	0
0.4975	0.7875	10	2.54364e-39	0
0.4975	0.7925	10	0	0
0.4975	0.7975	10	0	0
0.4975	0.8025	10	0	0
0.4975	0.8075	10	0	0
0.4975	0.8125	10	0	0
0.4975	0.8175	10	0	0
0.4975	0.8225	10	0	0
0.4975	0.8275	10	0	0
0.4975	0.8325	10	0	0
0.4975	0.8375	10	0	0
0.4975	0.8425	10	0	0
0.4975	0.8475	10	0	0
0.4975	0.8525	10	0	0
0.4975	0.8575	10	0	0
0.4975	0.8625	10	0	0
0.4975	0.8675	10	0	0
0.4975	0.8725	10	0	0
0.4975	0.8775	10	0	0
0.4975	0.8825	10	0	0
0.4975	0.8875	10	0	0
0.4975	0.8925	10	0	0
0.4975	0.8975	10	0	0
0.4975	0.9025	10	0	0
0.4975	0.9075	10	0	0
0.4975	0.9125	10	0	0
0.4975	0.9175	10	0	0
0.4975	0.9225	10	0	0
0.4975	0.9275	10	0	0
0.4975	0.9325	10	0	0
0.4975	0.9375	10	0	0
0.4975	0.9425	10	0	0
0.4975	0.9475	10	0	0
0.4975	0.9525	10	0	0
0.4975	0.9575	10	0	0
0.4975	0.9625	10	0	0
0.4975	0.9675	10	0	0
0.4975	0.9725	10	0	0
0.4975	0.9775	10	0	0
0.4975	0.9825	10	0	0
0.4975	0.9875	10	0	0
0.4975	0.9925	10	0	0
0.4975	0.9975	10	0	0
0.4975	1.0025	10	0	0
0.5025	0.0075	10	0	0
0.5025	0.0125	10	0	0
0.5025	0.0175	10	0	0
0.5025	0.0225	10	0	0
0.5025	0.0275	10	0	0
0.5025	0.0325	10	0	0
0.5025	0.0375	10	0	0
0.5025	0.0425	10	0	0
0.5025	0.0475	10	0	0
0.5025	0.0525	10	0	0
0.5025	0.0575	10	0	0
0.5025	0.0625	10	0	0
0.5025	0.0675	10	0	0
0.5025	0.0725	10	0	0
0.5025	0.0775	10	0	0
0.5025	0.0825	10	0	0
0.5025	0.0875	10	0	0
0.5025	0.0925	10	0	0
0.5025	0.0975	10	0	0
0.5025	0.1025	10	0	0
0.5025	0.1075	10	0	0
0.5025	0.1125	10	0	0
0.5025	0.1175	10	0	0
0.5025	0.1225	10	0	0
0.5025	0.1275	10	0	0
0.5025	0.1325	10	0	0
0.5025	0.1375	10	0	0
0.5025	0.1425	10	0	0
0.5025	0.1475	10	0	0
0.5025	0.1525	10	0	0
0.5025	0.1575	10	0	0
0.5025	0.1625	10	0	0
0.5025	0.1675	10	0	0
0.5025	0.1725	10	0	0
0.5025	0.1775	10	0	0
0.5025	0.1825	10	9.00558e-40	0
0.5025	0.1875	10	1.8661e-38	0
0.5025	0.1925	10	3.63083e-37	0
0.5025	0.1975	10	6.89326e-36	0
0.5025	0.2025	10	1.27756e-34	0
0.5025	0.2075	10	2.31022e-33	0
0.5025	0.2125	10	4.07362e-32	0
0.5025	0.2175	10	6.99985e-31	0
0.5025	0.2225	10	1.17132e-29	0
0.5025	0.2275	10	1.90725e-28	0
0.5025	0.2325	10	3.0194e-27	0
0.5025	0.2375	10	4.64313e-26	0
0.5025	0.2425	10	6.92836e-25	0
0.5025	0.2475	10	1.00205e-23	0
0.5025	0.2525	10	1.40293e-22	0
0.5025	0.2575	10	1.89878e-21	0
0.5025	0.2625	10	2.48051e-20	0
0.5025	0.2675	10	3.12255e-19	0
0.5025	0.2725	10	3.78083e-18	0
0.5025	0.2775	10	4.39444e-17	0
0.5025	0.2825	10	4.89228e-16	0
0.5025	0.2875	10	5.20445e-15	0
0.5025	0.2925	10	5.27671e-14	0
0.5025	0.2975	10	5.08441e-13	0
0.5025	0.3025	10	4.64164e-12	0
0.5025	0.3075	10	4.00177e-11	0
0.5025	0.3125	10	3.24711e-10	0
0.5025	0.3175	10	2.46916e-09	0
0.5025	0.3225	10	1.7461e-08	1.23257e-07
0.5025	0.3275	10	1.13173e-07	7.16693e-07
0.5025	0.3325	10	6.6394e-07	4.82179e-06
0.5025	0.3375	10	4.31229e-06	2.92427e-05
0.5025	0.3425	10	2.53312e-05	0.000162966
0.5025	0.3475	10	0.000134984	0.000829739
0.5025	0.3525	10	0.000639861	0.00384022
0.5025	0.3575	9.99756	0.00261289	0.013596
0.5025	0.3625	9.98253	0.00727905	0.0353108
0.5025	0.3675	9.93903	0.0152138	0.0750584
0.5025	0.3725	9.8744	0.029891	0.150059
0.5025	0.3775	9.76903	0.0544393	0.279925
0.5025	0.3825	9.6043	0.0920119	0.479403
0.5025	0.3875	9.39692	0.155814	0.761209
0.5025	0.3925	9.15133	0.285661	1.13648
0.5025	0.3975	8.91712	0.600108	1.64698
0.5025	0.4025	8.70862	1.35053	2.46081
0.5025	0.4075	6.88698	3.37351	2.5228
0.5025	0.4125	6.72399	4.39394	1.81489
0.5025	0.4175	6.28805	4.81325	1.15737
0.5025	0.4225	5.84949	4.98107	0.536055
0.5025	0.4275	5.61422	5.00373	0.196756
0.5025	0.4325	5.5197	5.02092	0.060772
0.5025	0.4375	5.48757	5.02848	0.0163478
0.5025	0.4425	5.47907	5.02882	0.00391174
0.5025	0.4475	5.47693	5.02779	0.000845883
0.5025	0.4525	5.47645	5.02711	0.000167495
0.5025	0.4575	5.47635	5.0269	3.0336e-05
0.5025	0.4625	5.47633	5.02684	5.3699e-06
0.5025	0.4675	5.47633	5.02682	6.92333e-07
0.5025	0.4725	5.47633	5.02682	-4.34072e-08
0.5025	0.4775	5.47633	5.02682	4.6162e-09
0.5025	0.4825	5.47633	5.02682	0
0.5025	0.4875	5.47633	5.02682	0
0.5025	0.4925	5.47633	5.02682	0
0.5025	0.4975	5.47633	5.02682	0
0.5025	0.5025	5.47633	5.02682	0
0.5025	0.5075	5.47633	5.02682	0
0.5025	0.5125	5.47633	5.02682	0
0.5025	0.5175	5.47633	5.02682	0
0.5025	0.5225	5.47633	5.02682	0
0.5025	0.5275	5.47633	5.02682	-4.6162e-09
0.5025	0.5325	5.47633	5.02682	4.34072e-08
0.5025	0.5375	5.47633	5.02682	-6.92333e-07
0.5025	0.5425	5.47633	5.02684	-5.3699e-06
0.5025	0.5475	5.47635	5.0269	-3.0336e-05
0.5025	0.5525	5.47645	5.02711	-0.000167495
0.5025	0.5575	5.47693	5.02779	-0.000845883
0.5025	0.5625	5.47907	5.02882	-0.00391174
0.5025	0.5675	5.48757	5.02848	-0.0163478
0.5025	0.5725	5.5197	5.02092	-0.060772
0.5025	0.5775	5.61422	5.00373	-0.196756
0.5025	0.5825	5.84949	4.98107	-0.536055
0.5025	0.5875	6.28805	4.81325	-1.15737
0.5025	0.5925	6.72399	4.39394	-1.81489
0.5025	0.5975	6.88698	3.37351	-2.5228
0.5025	0.6025	8.70862	1.35053	-2.46081
0.5025	0.6075	8.91712	0.600108	-1.64698
0.5025	0.6125	9.15133	0.285661	-1.13648
0.5025	0.6175	9.39692	0.155814	-0.761209
0.5025	0.6225	9.6043	0.0920119	-0.479403
0.5025	0.6275	9.76903	0.0544393	-0.279925
0.5025	0.6325	9.8744	0.029891	-0.150059
0.5025	0.6375	9.93903	0.0152138	-0.0750584
0.5025	0.6425	9.98253	0.00727905	-0.0353108
0.5025	0.6475	9.99756	0.00261289	-0.013596
0.5025	0.6525	10	0.000639861	-0.00384022
0.5025	0.6575	10	0.000134984	-0.000829739
0.5025	0.6625	10	2.53312e-05	-0.000162966
0.5025	0.6675	10	4.31229e-06	-2.92427e-05
0.5025	0.6725	10	6.6394e-07	-4.82179e-06
0.5025	0.6775	10	1.13173e-07	-7.16693e-07
0.5025	0.6825	10	1.7461e-08	-1.23257e-07
0.5025	0.6875	10	2.46916e-09	0
0.5025	0.6925	10	3.24711e-10	0
0.5025	0.6975	10	4.00177e-11	0
0.5025	0.7025	10	4.64164e-12	0
0.5025	0.7075	10	5.08441e-13	0
0.5025	0.7125	10	5.27671e-14	0
0.5025	0.7175	10	5.20445e-15	0
0.5025	0.7225	10	4.89228e-16	0
0.5025	0.7275	10	4.39444e-17	0
0.5025	0.7325	10	3.78083e-18	0
0.5025	0.7375	10	3.12255e-19	0
0.5025	0.7425	10	2.48051e-20	0
0.5025	0.7475	10	1.89878e-21	0
0.5025	0.7525	10	1.40293e-22	0
0.5025	0.7575	10	1.00205e-23	0
0.5025	0.7625	10	6.92836e-25	0
0.5025	0.7675	10	4.64313e-26	0
0.5025	0.7725	10	3.0194e-27	0
0.5025	0.7775	10	1.90725e-28	0
0.5025	0.7825	10	1.17132e-29	0
0.5025	0.7875	10	6.99985e-31	0
0.5025	0.7925	10	4.07362e-32	0
0.5025	0.7975	10	2.31022e-33	0
0.5025	0.8025	10	1.27756e-34	0
0.5025	0.8075	10	6.89326e-36	0
0.5025	0.8125	10	3.63083e-37	0
0.5025	0.8175	10	1.8661e-38	0
0.5025	0.8225	10	9.00558e-40	0
0.5025	0.8275	10	0	0
0.5025	0.8325	10	0	0
0.5025	0.8375	10	0	0
0.5025	0.8425	10	0	0
0.5025	0.8475	10	0	0
0.5025	0.8525	10	0	0
0.5025	0.8575	10	0	0
0.5025	0.8625	10	0	0
0.5025	0.8675	10	0	0
0.5025	0.8725	10	0	0
0.5025	0.8775	10	0	0
0.5025	0.8825	10	0	0
0.5025	0.8875	10	0	0
0.5025	0.8925	10	0	0
0.5025	0.8975	10	0	0
0.5025	0.9025	10	0	0
0.5025	0.9075	10	0	0
0.5025	0.9125	10	0	0
0.5025	0.9175	10	0	0
0.5025	0.9225	10	0	0
0.5025	0.9275	10	0	0
0.5025	0.9325	10	0	0
0.5025	0.9375	10	0	0
0.5025	0.9425	10	0	0
0.5025	0.9475	10	0	0
0.5025	0.9525	10	0	0
0.5025	0.9575	10	0	0
0.5025	0.9625	10	0	0
0.5025	0.9675	10	0	0
0.5025	0.9725	10	0	0
0.5025	0.9775	10	0	0
0.5025	0.9825	10	0	0
0.5025	0.9875	10	0	0
0.5025	0.9925	10	0	0
0.5025	0.9975	10	0	0
0.5025	1.0025	10	0	0
0.5075	0.0075	1.71085e-08	228659	0.00370889
0.5075	0.0125	1.67398e-08	231164	0.0269203
0.5075	0.0175	1.64327e-08	233314	0.00486658
0.5075	0.0225	1.63779e-08	233705	-0.00072354
0.5075	0.0275	1.63772e-08	233709	-0.000442275
0.5075	0.0325	1.63793e-08	233695	-0.000113105
0.5075	0.0375	1.63798e-08	233691	-1.95461e-05
0.5075	0.0425	1.63799e-08	233690	-2.4605e-06
0.5075	0.0475	1.63799e-08	233690	-1.70983e-07
0.5075	0.0525	1.63799e-08	233690	4.59521e-09
0.5075	0.0575	1.63799e-08	233690	7.98587e-11
0.5075	0.0625	1.63799e-08	233690	7.87103e-11
0.5075	0.0675	1.63799e-08	233690	-2.6878e-17
0.5075	0.0725	1.63799e-08	233690	8.68846e-19
0.5075	0.0775	1.63799e-08	233690	0
0.5075	0.0825	1.63799e-08	233690	0
0.5075	0.0875	1.63799e-08	233690	0
0.5075	0.0925	1.63799e-08	233690	0
0.5075	0.0975	1.63799e-08	233690	0
0.5075	0.1025	1.63799e-08	233690	0
0.5075	0.1075	1.63799e-08	233690	0
0.5075	0.1125	1.63799e-08	233690	0
0.5075	0.1175	1.63799e-08	233690	0
0.5075	0.1225	1.63799e-08	233690	0
0.5075	0.1275	1.63799e-08	233690	0
0.5075	0.1325	1.63799e-08	233690	0
0.5075	0.1375	1.63799e-08	233690	0
0.5075	0.1425	1.63799e-08	233690	0
0.5075	0.1475	1.63799e-08	233690	0
0.5075	0.1525	1.63799e-08	233690	0
0.5075	0.1575	1.63799e-08	233690	0
0.5075	0.1625	1.63799e-08	233690	0
0.5075	0.1675	1.63799e-08	233690	0
0.5075	0.1725	1.63799e-08	233690	0
0.5075	0.1775	1.63799e-08	233690	0
0.5075	0.1825	1.63799e-08	233690	0
0.5075	0.1875	1.63799e-08	233690	0
0.5075	0.1925	1.63799e-08	233690	0
0.5075	0.1975	1.63799e-08	233690	0
0.5075	0.2025	1.63799e-08	233690	0
0.5075	0.2075	1.63799e-08	233690	0
0.5075	0.2125	1.63799e-08	233690	0
0.5075	0.2175	1.63799e-08	233690	0
0.5075	0.2225	1.63799e-08	233690	0
0.5075	0.2275	1.63799e-08	233690	0
0.5075	0.2325	1.63799e-08	233690	0
0.5075	0.2375	1.63799e-08	233690	0
0.5075	0.2425	1.63799e-08	233690	0
0.5075	0.2475	1.63799e-08	233690	0
0.5075	0.2525	1.63799e-08	233690	0
0.5075	0.2575	1.63799e-08	233690	0
0.5075	0.2625	1.63799e-08	233690	0
0.5075	0.2675	1.63799e-08	233690	0
0.5075	0.2725	1.63799e-08	233690	0
0.5075	0.2775	1.63799e-08	233690	0
0.5075	0.2825	1.63799e-08	233690	0
0.5075	0.2875	1.63799e-08	233690	0
0.5075	0.2925	1.63799e-08	233690	0
0.5075	0.2975	1.63799e-08	233690	0
0.5075	0.3025	1.63799e-08	233690	0
0.5075	0.3075	1.63799e-08	233690	0
0.5075	0.3125	1.63799e-08	233690	0
0.5075	0.3175	1.63799e-08	233690	0
0.5075	0.3225	1.63799e-08	233690	-8.68846e-19
0.5075	0.3275	1.63799e-08	233690	2.68576e-17
0.5075	0.3325	1.63799e-08	233690	-9.13405e-11
0.5075	0.3375	1.63799e-08	233690	-3.67689e-08
0.5075	0.3425	1.63799e-08	233690	-5.64522e-07
0.5075	0.3475	1.638e-08	233689	-1.00041e-05
0.5075	0.3525	1.63811e-08	233682	-9.83212e-05
0.5075	0.3575	1.63904e-08	233558	-0.000463304
0.5075	0.3625	1.64204e-08	232994	-0.00133886
0.5075	0.3675	1.64928e-08	231469	-0.00389635
0.5075	0.3725	1.66945e-08	228570	-0.0115391
0.5075	0.3775	1.71874e-08	222865	-0.0369512
0.5075	0.3825	1.8382e-08	211869	-0.171327
0.5075	0.3875	2.74699e-08	169313	-2.47661
0.5075	0.3925	9.15311e-06	8417.64	-3.91767
0.5075	0.3975	0.00701426	283.4	-3.20555
0.5075	0.4025	0.370434	33.2214	-2.4148
0.5075	0.4075	4.15519	5.63435	0.892137
0.5075	0.4125	5.13372	5.85414	0.99084
0.5075	0.4175	5.32636	5.99024	0.84011
0.5075	0.4225	5.19286	6.00293	0.501609
0.5075	0.4275	5.01635	5.96792	0.200988
0.5075	0.4325	4.92698	5.95589	0.063849
0.5075	0.4375	4.89406	5.95647	0.0173176
0.5075	0.4425	4.88631	5.95681	0.00412469
0.5075	0.4475	4.88449	5.95658	0.00088877
0.5075	0.4525	4.88408	5.95644	0.000175692
0.5075	0.4575	4.884	5.9564	3.19097e-05
0.5075	0.4625	4.88398	5.95639	5.42074e-06
0.5075	0.4675	4.88398	5.95639	6.84172e-07
0.5075	0.4725	4.88398	5.95638	7.41009e-08
0.5075	0.4775	4.88398	5.95639	7.71866e-08
0.5075	0.4825	4.88398	5.95639	0
0.5075	0.4875	4.88398	5.95639	0
0.5075	0.4925	4.88398	5.95639	0
0.5075	0.4975	4.88398	5.95639	0
0.5075	0.5025	4.88398	5.95639	0
0.5075	0.5075	4.88398	5.95639	0
0.5075	0.5125	4.88398	5.95639	0
0.5075	0.5175	4.88398	5.95639	0
0.5075	0.5225	4.88398	5.95639	0
0.5075	0.5275	4.88398	5.95639	-7.71866e-08
0.5075	0.5325	4.88398	5.95638	-7.41009e-08
0.5075	0.5375	4.88398	5.95639	-6.84172e-07
0.5075	0.5425	4.88398	5.95639	-5.42074e-06
0.5075	0.5475	4.884	5.9564	-3.19097e-05
0.5075	0.5525	4.88408	5.95644	-0.000175692
0.5075	0.5575	4.88449	5.95658	-0.00088877
0.5075	0.5625	4.88631	5.95681	-0.00412469
0.5075	0.5675	4.89406	5.95647	-0.0173176
0.5075	0.5725	4.92698	5.95589	-0.063849
0.5075	0.5775	5.01635	5.96792	-0.200988
0.5075	0.5825	5.19286	6.00293	-0.501609
0.5075	0.5875	5.32636	5.99024	-0.84011
0.5075	0.5925	5.13372	5.85414	-0.99084
0.5075	0.5975	4.15519	5.63435	-0.892137
0.5075	0.6025	0.370434	33.2214	2.4148
0.5075	0.6075	0.00701426	283.4	3.20555
0.5075	0.6125	9.15311e-06	8417.64	3.91767
0.5075	0.6175	2.74699e-08	169313	2.47661
0.5075	0.6225	1.8382e-08	211869	0.171327
0.5075	0.6275	1.71874e-08	222865	0.0369512
0.5075	0.6325	1.66945e-08	228570	0.0115391
0.5075	0.6375	1.64928e-08	231469	0.00389635
0.5075	0.6425	1.64204e-08	232994	0.00133886
0.5075	0.6475	1.63904e-08	233558	0.000463304
0.5075	0.6525	1.63811e-08	233682	9.83212e-05
0.5075	0.6575	1.638e-08	233689	1.00041e-05
0.5075	0.6625	1.63799e-08	233690	5.64522e-07
0.5075	0.6675	1.63799e-08	233690	3.67689e-08
0.5075	0.6725	1.63799e-08	233690	9.13405e-11
0.5075	0.6775	1.63799e-08	233690	-2.68576e-17
0.5075	0.6825	1.63799e-08	233690	8.68846e-19
0.5075	0.6875	1.63799e-08	233690	0
0.5075	0.6925	1.63799e-08	233690	0
0.5075	0.6975	1.63799e-08	233690	0
0.5075	0.7025	1.63799e-08	233690	0
0.5075	0.7075	1.63799e-08	233690	0
0.5075	0.7125	1.63799e-08	233690	0
0.5075	0.7175	1.63799e-08	233690	0
0.5075	0.7225	1.63799e-08	233690	0
0.5075	0.7275	1.63799e-08	233690	0
0.5075	0.7325	1.63799e-08	233690	0
0.5075	0.7375	1.63799e-08	233690	0
0.5075	0.7425	1.63799e-08	233690	0
0.5075	0.7475	1.63799e-08	233690	0
0.5075	0.7525	1.63799e-08	233690	0
0.5075	0.7575	1.63799e-08	233690	0
0.5075	0.7625	1.63799e-08	233690	0
0.5075	0.7675	1.63799e-08	233690	0
0.5075	0.7725	1.63799e-08	233690	0
0.5075	0.7775	1.63799e-08	233690	0
0.5075	0.7825	1.63799e-08	233690	0
0.5075	0.7875	1.63799e-08	233690	0
0.5075	0.7925	1.63799e-08	233690	0
0.5075	0.7975	1.63799e-08	233690	0
0.5075	0.8025	1.63799e-08	233690	0
0.5075	0.8075	1.63799e-08	233690	0
0.5075	0.8125	1.63799e-08	233690	0
0.5075	0.8175	1.63799e-08	233690	0
0.5075	0.8225	1.63799e-08	233690	0
0.5075	0.8275	1.63799e-08	233690	0
0.5075	0.8325	1.63799e-08	233690	0
0.5075	0.8375	1.63799e-08	233690	0
0.5075	0.8425	1.63799e-08	233690	0
0.5075	0.8475	1.63799e-08	233690	0
0.5075	0.8525	1.63799e-08	233690	0
0.5075	0.8575	1.63799e-08	233690	0
0.5075	0.8625	1.63799e-08	233690	0
0.5075	0.8675	1.63799e-08	233690	0
0.5075	0.8725	1.63799e-08	233690	0
0.5075	0.8775	1.63799e-08	233690	0
0.5075	0.8825	1.63799e-08	233690	0
0.5075	0.8875	1.63799e-08	233690	0
0.5075	0.8925	1.63799e-08	233690	0
0.5075	0.8975	1.63799e-08	233690	0
0.5075	0.9025	1.63799e-08	233690	0
0.5075	0.9075	1.63799e-08	233690	0
0.5075	0.9125	1.63799e-08	233690	0
0.5075	0.9175	1.63799e-08	233690	0
0.5075	0.9225	1.63799e-08	233690	0
0.5075	0.9275	1.63799e-08	233690	0
0.5075	0.9325	1.63799e-08	233690	0
0.5075	0.9375	1.63799e-08	233690	-8.68846e-19
0.5075	0.9425	1.63799e-08	233690	2.6878e-17
0.5075	0.9475	1.63799e-08	233690	-7.87103e-11
0.5075	0.9525	1.63799e-08	233690	-7.98587e-11
0.5075	0.9575	1.63799e-08	233690	-4.59507e-09
0.5075	0.9625	1.63799e-08	233690	1.7104e-07
0.5075	0.9675	1.63799e-08	233690	2.46789e-06
0.5075	0.9725	1.63798e-08	233691	1.95837e-05
0.5075	0.9775	1.63792e-08	233695	0.00011346
0.5075	0.9825	1.63772e-08	233709	0.000443071
0.5075	0.9875	1.63778e-08	233705	0.000725086
0.5075	0.9925	1.64327e-08	233314	-0.00485123
0.5075	0.9975	1.67399e-08	231164	-0.0269063
0.5075	1.0025	1.71086e-08	228658	-0.00367951
0.5125	0.0075	1.07669e-07	83350.7	0.00370924
0.5125	0.0125	1.05348e-07	84264	0.0269177
0.5125	0.0175	1.03416e-07	85048	0.0048671
0.5125	0.0225	1.0307e-07	85190.4	-0.000723529
0.5125	0.0275	1.03067e-07	85192	-0.000442287
0.5125	0.0325	1.03079e-07	85186.8	-0.000113111
0.5125	0.0375	1.03083e-07	85185.3	-1.95473e-05
0.5125	0.0425	1.03083e-07	85185	-2.46069e-06
0.5125	0.0475	1.03083e-07	85185	-1.70998e-07
0.5125	0.0525	1.03083e-07	85185	4.5956e-09
0.5125	0.0575	1.03083e-07	85185	7.9852e-11
0.5125	0.0625	1.03083e-07	85185	7.87036e-11
0.5125	0.0675	1.03083e-07	85185	-2.69384e-17
0.5125	0.0725	1.03083e-07	85185	8.6871e-19
0.5125	0.0775	1.03083e-07	85185	0
0.5125	0.0825	1.03083e-07	85185	0
0.5125	0.0875	1.03083e-07	85185	0
0.5125	0.0925	1.03083e-07	85185	0
0.5125	0.0975	1.03083e-07	85185	0
0.5125	0.1025	1.03083e-07	85185	0
0.5125	0.1075	1.03083e-07	85185	0
0.5125	0.1125	1.03083e-07	85185	0
0.5125	0.1175	1.03083e-07	85185	0
0.5125	0.1225	1.03083e-07	85185	0
0.5125	0.1275	1.03083e-07	85185	0
0.5125	0.1325	1.03083e-07	85185	0
0.5125	0.1375	1.03083e-07	85185	0
0.5125	0.1425	1.03083e-07	85185	0
0.5125	0.1475	1.03083e-07	85185	0
0.5125	0.1525	1.03083e-07	85185	0
0.5125	0.1575	1.03083e-07	85185	0
0.5125	0.1625	1.03083e-07	85185	0
0.5125	0.1675	1.03083e-07	85185	0
0.5125	0.1725	1.03083e-07	85185	0
0.5125	0.1775	1.03083e-07	85185	0
0.5125	0.1825	1.03083e-07	85185	0
0.5125	0.1875	1.03083e-07	85185	0
0.5125	0.1925	1.03083e-07	85185	0
0.5125	0.1975	1.03083e-07	85185	0
0.5125	0.2025	1.03083e-07	85185	0
0.5125	0.2075	1.03083e-07	85185	0
0.5125	0.2125	1.03083e-07	85185	0
0.5125	0.2175	1.03083e-07	85185	0
0.5125	0.2225	1.03083e-07	85185	0
0.5125	0.2275	1.03083e-07	85185	0
0.5125	0.2325	1.03083e-07	85185	0
0.5125	0.2375	1.03083e-07	85185	0
0.5125	0.2425	1.03083e-07	85185	0
0.5125	0.2475	1.03083e-07	85185	0
0.5125	0.2525	1.03083e-07	85185	0
0.5125	0.2575	1.03083e-07	85185	0
0.5125	0.2625	1.03083e-07	85185	0
0.5125	0.2675	1.03083e-07	85185	0
0.5125	0.2725	1.03083e-07	85185	0
0.5125	0.2775	1.03083e-07	85185	0
0.5125	0.2825	1.03083e-07	85185	0
0.5125	0.2875	1.03083e-07	85185	0
0.5125	0.2925	1.03083e-07	85185	0
0.5125	0.2975	1.03083e-07	85185	0
0.5125	0.3025	1.03083e-07	85185	0
0.5125	0.3075	1.03083e-07	85185	0
0.5125	0.3125	1.03083e-07	85185	0
0.5125	0.3175	1.03083e-07	85185	0
0.5125	0.3225	1.03083e-07	85185	-8.6871e-19
0.5125	0.3275	1.03083e-07	85185	2.69499e-17
0.5125	0.3325	1.03083e-07	85185	-9.13305e-11
0.5125	0.3375	1.03083e-07	85185	-3.67759e-08
0.5125	0.3425	1.03083e-07	85185	-5.64627e-07
0.5125	0.3475	1.03084e-07	85184.7	-1.00038e-05
0.5125	0.3525	1.03091e-07	85182	-9.83154e-05
0.5125	0.3575	1.03149e-07	85137	-0.000463276
0.5125	0.3625	1.03338e-07	84931.4	-0.00133878
0.5125	0.3675	1.03794e-07	84375.4	-0.00389613
0.5125	0.3725	1.05063e-07	83318.8	-0.0115387
0.5125	0.3775	1.08165e-07	81238.8	-0.0369511
0.5125	0.3825	1.15683e-07	77230.8	-0.171285
0.5125	0.3875	1.71868e-07	61915.8	-2.46366
0.5125	0.3925	4.31374e-05	3591.3	-4.32919
0.5125	0.3975	0.0230803	151.793	-4.27992
0.5125	0.4025	0.734898	23.2903	-2.5974
0.5125	0.4075	3.23541	6.96949	-0.501574
0.5125	0.4125	4.09341	6.99763	-0.0672005
0.5125	0.4175	4.44682	6.95963	0.286115
0.5125	0.4225	4.47707	6.8436	0.287074
0.5125	0.4275	4.42153	6.75055	0.16416
0.5125	0.4325	4.36054	6.72002	0.055407
0.5125	0.4375	4.33539	6.71575	0.0152974
0.5125	0.4425	4.32984	6.71296	0.0036047
0.5125	0.4475	4.32862	6.71275	0.00075888
0.5125	0.4525	4.32837	6.71273	0.000147167
0.5125	0.4575	4.32832	6.71273	2.63346e-05
0.5125	0.4625	4.32831	6.71273	4.32254e-06
0.5125	0.4675	4.32831	6.71273	5.57296e-07
0.5125	0.4725	4.32831	6.71273	3.24823e-08
0.5125	0.4775	4.32831	6.71273	1.70673e-08
0.5125	0.4825	4.32831	6.71273	0
0.5125	0.4875	4.32831	6.71273	0
0.5125	0.4925	4.32831	6.71273	0
0.5125	0.4975	4.32831	6.71273	0
0.5125	0.5025	4.32831	6.71273	0
0.5125	0.5075	4.32831	6.71273	0
0.5125	0.5125	4.32831	6.71273	0
0.5125	0.5175	4.32831	6.71273	0
0.5125	0.5225	4.32831	6.71273	0
0.5125	0.5275	4.32831	6.71273	-1.70673e-08
0.5125	0.5325	4.32831	6.71273	-3.24823e-08
0.5125	0.5375	4.32831	6.71273	-5.57296e-07
0.5125	0.5425	4.32831	6.71273	-4.32254e-06
0.5125	0.5475	4.32832	6.71273	-2.63346e-05
0.5125	0.5525	4.32837	6.71273	-0.000147167
0.5125	0.5575	4.32862	6.71275	-0.00075888
0.5125	0.5625	4.32984	6.71296	-0.0036047
0.5125	0.5675	4.33539	6.71575	-0.0152974
0.5125	0.5725	4.36054	6.72002	-0.055407
0.5125	0.5775	4.42153	6.75055	-0.16416
0.5125	0.5825	4.47707	6.8436	-0.287074
0.5125	0.5875	4.44682	6.95963	-0.286115
0.5125	0.5925	4.09341	6.99763	0.0672005
0.5125	0.5975	3.23541	6.96949	0.501574
0.5125	0.6025	0.734898	23.2903	2.5974
0.5125	0.6075	0.0230803	151.793	4.27992
0.5125	0.6125	4.31374e-05	3591.3	4.32919
0.5125	0.6175	1.71868e-07	61915.8	2.46366
0.5125	0.6225	1.15683e-07	77230.8	0.171285
0.5125	0.6275	1.08165e-07	81238.8	0.0369511
0.5125	0.6325	1.05063e-07	83318.8	0.0115387
0.5125	0.6375	1.03794e-07	84375.4	0.00389613
0.5125	0.6425	1.03338e-07	84931.4	0.00133878
0.5125	0.6475	1.03149e-07	85137	0.000463276
0.5125	0.6525	1.03091e-07	85182	9.83154e-05
0.5125	0.6575	1.03084e-07	85184.7	1.00038e-05
0.5125	0.6625	1.03083e-07	85185	5.64627e-07
0.5125	0.6675	1.03083e-07	85185	3.67759e-08
0.5125	0.6725	1.03083e-07	85185	9.13305e-11
0.5125	0.6775	1.03083e-07	85185	-2.69499e-17
0.5125	0.6825	1.03083e-07	85185	8.6871e-19
0.5125	0.6875	1.03083e-07	85185	0
0.5125	0.6925	1.03083e-07	85185	0
0.5125	0.6975	1.03083e-07	85185	0
0.5125	0.7025	1.03083e-07	85185	0
0.5125	0.7075	1.03083e-07	85185	0
0.5125	0.7125	1.03083e-07	85185	0
0.5125	0.7175	1.03083e-07	85185	0
0.5125	0.7225	1.03083e-07	85185	0
0.5125	0.7275	1.03083e-07	85185	0
0.5125	0.7325	1.03083e-07	85185	0
0.5125	0.7375	1.03083e-07	85185	0
0.5125	0.7425	1.03083e-07	85185	0
0.5125	0.7475	1.03083e-07	85185	0
0.5125	0.7525	1.03083e-07	85185	0
0.5125	0.7575	1.03083e-07	85185	0
0.5125	0.7625	1.03083e-07	85185	0
0.5125	0.7675	1.03083e-07	85185	0
0.5125	0.7725	1.03083e-07	85185	0
0.5125	0.7775	1.03083e-07	85185	0
0.5125	0.7825	1.03083e-07	85185	0
0.5125	0.7875	1.03083e-07	85185	0
0.5125	0.7925	1.03083e-07	85185	0
0.5125	0.7975	1.03083e-07	85185	0
0.5125	0.8025	1.03083e-07	85185	0
0.5125	0.8075	1.03083e-07	85185	0
0.5125	0.8125	1.03083e-07	85185	0
0.5125	0.8175	1.03083e-07	85185	0
0.5125	0.8225	1.03083e-07	85185	0
0.5125	0.8275	1.03083e-07	85185	0
0.5125	0.8325	1.03083e-07	85185	0
0.5125	0.8375	1.03083e-07	85185	0
0.5125	0.8425	1.03083e-07	85185	0
0.5125	0.8475	1.03083e-07	85185	0
0.5125	0.8525	1.03083e-07	85185	0
0.5125	0.8575	1.03083e-07	85185	0
0.5125	0.8625	1.03083e-07	85185	0
0.5125	0.8675	1.03083e-07	85185	0
0.5125	0.8725	1.03083e-07	85185	0
0.5125	0.8775	1.03083e-07	85185	0
0.5125	0.8825	1.03083e-07	85185	0
0.5125	0.8875	1.03083e-07	85185	0
0.5125	0.8925	1.03083e-07	85185	0
0.5125	0.8975	1.03083e-07	85185	0
0.5125	0.9025	1.03083e-07	85185	0
0.5125	0.9075	1.03083e-07	85185	0
0.5125	0.9125	1.03083e-07	85185	0
0.5125	0.9175	1.03083e-07	85185	0
0.5125	0.9225	1.03083e-07	85185	0
0.5125	0.9275	1.03083e-07	85185	0
0.5125	0.9325	1.03083e-07	85185	0
0.5125	0.9375	1.03083e-07	85185	-8.6871e-19
0.5125	0.9425	1.03083e-07	85185	2.69384e-17
0.5125	0.9475	1.03083e-07	85185	-7.87036e-11
0.5125	0.9525	1.03083e-07	85185	-7.9852e-11
0.5125	0.9575	1.03083e-07	85185	-4.59546e-09
0.5125	0.9625	1.03083e-07	85185	1.71056e-07
0.5125	0.9675	1.03083e-07	85185	2.46808e-06
0.5125	0.9725	1.03083e-07	85185.3	1.9585e-05
0.5125	0.9775	1.03079e-07	85186.8	0.000113466
0.5125	0.9825	1.03066e-07	85192.1	0.000443082
0.5125	0.9875	1.0307e-07	85190.4	0.000725075
0.5125	0.9925	1.03416e-07	85047.9	-0.00485174
0.5125	0.9975	1.05349e-07	84263.9	-0.0269037
0.5125	1.0025	1.07669e-07	83350.5	-0.00367986
0.5175	0.0075	9.71121e-07	26954.3	0.0037101
0.5175	0.0125	9.5019e-07	27249.9	0.0269113
0.5175	0.0175	9.32757e-07	27503.6	0.00486837
0.5175	0.0225	9.29643e-07	27549.7	-0.000723502
0.5175	0.0275	9.29608e-07	27550.2	-0.000442315
0.5175	0.0325	9.29722e-07	27548.5	-0.000113124
0.5175	0.0375	9.29753e-07	27548.1	-1.95503e-05
0.5175	0.0425	9.29759e-07	27548	-2.46116e-06
0.5175	0.0475	9.2976e-07	27548	-1.71037e-07
0.5175	0.0525	9.2976e-07	27548	4.59654e-09
0.5175	0.0575	9.2976e-07	27548	7.98359e-11
0.5175	0.0625	9.2976e-07	27548	7.86872e-11
0.5175	0.0675	9.2976e-07	27548	-2.72887e-17
0.5175	0.0725	9.2976e-07	27548	8.68377e-19
0.5175	0.0775	9.2976e-07	27548	0
0.5175	0.0825	9.2976e-07	27548	0
0.5175	0.0875	9.2976e-07	27548	0
0.5175	0.0925	9.2976e-07	27548	0
0.5175	0.0975	9.2976e-07	27548	0
0.5175	0.1025	9.2976e-07	27548	0
0.5175	0.1075	9.2976e-07	27548	0
0.5175	0.1125	9.2976e-07	27548	0
0.5175	0.1175	9.2976e-07	27548	0
0.5175	0.1225	9.2976e-07	27548	0
0.5175	0.1275	9.2976e-07	27548	0
0.5175	0.1325	9.2976e-07	27548	0
0.5175	0.1375	9.2976e-07	27548	0
0.5175	0.1425	9.2976e-07	27548	0
0.5175	0.1475	9.2976e-07	27548	0
0.5175	0.1525	9.2976e-07	27548	0
0.5175	0.1575	9.2976e-07	27548	0
0.5175	0.1625	9.2976e-07	27548	0
0.5175	0.1675	9.2976e-07	27548	0
0.5175	0.1725	9.2976e-07	27548	0
0.5175	0.1775	9.2976e-07	27548	0
0.5175	0.1825	9.2976e-07	27548	0
0.5175	0.1875	9.2976e-07	27548	0
0.5175	0.1925	9.2976e-07	27548	0
0.5175	0.1975	9.2976e-07	27548	0
0.5175	0.2025	9.2976e-07	27548	0
0.5175	0.2075	9.2976e-07	27548	0
0.5175	0.2125	9.2976e-07	27548	0
0.5175	0.2175	9.2976e-07	27548	0
0.5175	0.2225	9.2976e-07	27548	0
0.5175	0.2275	9.2976e-07	27548	0
0.5175	0.2325	9.2976e-07	27548	0
0.5175	0.2375	9.2976e-07	27548	0
0.5175	0.2425	9.2976e-07	27548	0
0.5175	0.2475	9.2976e-07	27548	0
0.5175	0.2525	9.2976e-07	27548	0
0.5175	0.2575	9.2976e-07	27548	0
0.5175	0.2625	9.2976e-07	27548	0
0.5175	0.2675	9.2976e-07	27548	0
0.5175	0.2725	9.2976e-07	27548	0
0.5175	0.2775	9.2976e-07	27548	0
0.5175	0.2825	9.2976e-07	27548	0
0.5175	0.2875	9.2976e-07	27548	0
0.5175	0.2925	9.2976e-07	27548	0
0.5175	0.2975	9.2976e-07	27548	0
0.5175	0.3025	9.2976e-07	27548	0
0.5175	0.3075	9.2976e-07	27548	0
0.5175	0.3125	9.2976e-07	27548	0
0.5175	0.3175	9.2976e-07	27548	0
0.5175	0.3225	9.2976e-07	27548	-8.68377e-19
0.5175	0.3275	9.2976e-07	27548	2.73124e-17
0.5175	0.3325	9.2976e-07	27548	-9.13059e-11
0.5175	0.3375	9.2976e-07	27548	-3.6793e-08
0.5175	0.3425	9.2976e-07	27548	-5.64884e-07
0.5175	0.3475	9.29766e-07	27547.9	-1.00032e-05
0.5175	0.3525	9.29825e-07	27547	-9.83014e-05
0.5175	0.3575	9.30354e-07	27532.4	-0.00046321
0.5175	0.3625	9.32056e-07	27465.9	-0.00133859
0.5175	0.3675	9.36168e-07	27286.1	-0.00389561
0.5175	0.3725	9.4762e-07	26944.4	-0.0115377
0.5175	0.3775	9.75601e-07	26271.5	-0.0369511
0.5175	0.3825	1.04341e-06	24975.6	-0.171249
0.5175	0.3875	1.5382e-06	20084.5	-2.44429
0.5175	0.3925	0.000264692	1389.23	-4.68685
0.5175	0.3975	0.0736407	87.3486	-4.74774
0.5175	0.4025	1.23369	15.2903	-2.95276
0.5175	0.4075	2.77498	7.74165	-1.6609
0.5175	0.4125	3.51322	7.49737	-0.697699
0.5175	0.4175	3.92013	7.46845	-0.0684268
0.5175	0.4225	4.00231	7.38458	0.090108
0.5175	0.4275	3.98382	7.32435	0.0857863
0.5175	0.4325	3.95728	7.28421	0.0381183
0.5175	0.4375	3.94056	7.27595	0.0106544
0.5175	0.4425	3.93555	7.27345	0.00253887
0.5175	0.4475	3.93438	7.27315	0.000531682
0.5175	0.4525	3.93413	7.27312	0.000101745
0.5175	0.4575	3.93408	7.27312	1.79993e-05
0.5175	0.4625	3.93408	7.27312	2.91039e-06
0.5175	0.4675	3.93407	7.27313	3.67294e-07
0.5175	0.4725	3.93407	7.27313	1.98964e-08
0.5175	0.4775	3.93407	7.27312	1.41071e-09
0.5175	0.4825	3.93407	7.27312	0
0.5175	0.4875	3.93407	7.27312	0
0.5175	0.4925	3.93407	7.27312	0
0.5175	0.4975	3.93407	7.27312	0
0.5175	0.5025	3.93407	7.27312	0
0.5175	0.5075	3.93407	7.27312	0
0.5175	0.5125	3.93407	7.27312	0
0.5175	0.5175	3.93407	7.27312	0
0.5175	0.5225	3.93407	7.27312	0
0.5175	0.5275	3.93407	7.27312	-1.41071e-09
0.5175	0.5325	3.93407	7.27313	-1.98964e-08
0.5175	0.5375	3.93407	7.27313	-3.67294e-07
0.5175	0.5425	3.93408	7.27312	-2.91039e-06
0.5175	0.5475	3.93408	7.27312	-1.79993e-05
0.5175	0.5525	3.93413	7.27312	-0.000101745
0.5175	0.5575	3.93438	7.27315	-0.000531682
0.5175	0.5625	3.93555	7.27345	-0.00253887
0.5175	0.5675	3.94056	7.27595	-0.0106544
0.5175	0.5725	3.95728	7.28421	-0.0381183
0.5175	0.5775	3.98382	7.32435	-0.0857863
0.5175	0.5825	4.00231	7.38458	-0.090108
0.5175	0.5875	3.92013	7.46845	0.0684268
0.5175	0.5925	3.51322	7.49737	0.697699
0.5175	0.5975	2.77498	7.74165	1.6609
0.5175	0.6025	1.23369	15.2903	2.95276
0.5175	0.6075	0.0736407	87.3486	4.74774
0.5175	0.6125	0.000264692	1389.23	4.68685
0.5175	0.6175	1.5382e-06	20084.5	2.44429
0.5175	0.6225	1.04341e-06	24975.6	0.171249
0.5175	0.6275	9.75601e-07	26271.5	0.0369511
0.5175	0.6325	9.4762e-07	26944.4	0.0115377
0.5175	0.6375	9.36168e-07	27286.1	0.00389561
0.5175	0.6425	9.32056e-07	27465.9	0.00133859
0.5175	0.6475	9.30354e-07	27532.4	0.00046321
0.5175	0.6525	9.29825e-07	27547	9.83014e-05
0.5175	0.6575	9.29766e-07	27547.9	1.00032e-05
0.5175	0.6625	9.2976e-07	27548	5.64884e-07
0.5175	0.6675	9.2976e-07	27548	3.6793e-08
0.5175	0.6725	9.2976e-07	27548	9.13059e-11
0.5175	0.6775	9.2976e-07	27548	-2.73124e-17
0.5175	0.6825	9.2976e-07	27548	8.68377e-19
0.5175	0.6875	9.2976e-07	27548	0
0.5175	0.6925	9.2976e-07	27548	0
0.5175	0.6975	9.2976e-07	27548	0
0.5175	0.7025	9.2976e-07	27548	0
0.5175	0.7075	9.2976e-07	27548	0
0.5175	0.7125	9.2976e-07	27548	0
0.5175	0.7175	9.2976e-07	27548	0
0.5175	0.7225	9.2976e-07	27548	0
0.5175	0.7275	9.2976e-07	27548	0
0.5175	0.7325	9.2976e-07	27548	0
0.5175	0.7375	9.2976e-07	27548	0
0.5175	0.7425	9.2976e-07	27548	0
0.5175	0.7475	9.2976e-07	27548	0
0.5175	0.7525	9.2976e-07	27548	0
0.5175	0.7575	9.2976e-07	27548	0
0.5175	0.7625	9.2976e-07	27548	0
0.5175	0.7675	9.2976e-07	27548	0
0.5175	0.7725	9.2976e-07	27548	0
0.5175	0.7775	9.2976e-07	27548	0
0.5175	0.7825	9.2976e-07	27548	0
0.5175	0.7875	9.2976e-07	27548	0
0.5175	0.7925	9.2976e-07	27548	0
0.5175	0.7975	9.2976e-07	27548	0
0.5175	0.8025	9.2976e-07	27548	0
0.5175	0.8075	9.2976e-07	27548	0
0.5175	0.8125	9.2976e-07	27548	0
0.5175	0.8175	9.2976e-07	27548	0
0.5175	0.8225	9.2976e-07	27548	0
0.5175	0.8275	9.2976e-07	27548	0
0.5175	0.8325	9.2976e-07	27548	0
0.5175	0.8375	9.2976e-07	27548	0
0.5175	0.8425	9.2976e-07	27548	0
0.5175	0.8475	9.2976e-07	27548	0
0.5175	0.8525	9.2976e-07	27548	0
0.5175	0.8575	9.2976e-07	27548	0
0.5175	0.8625	9.2976e-07	27548	0
0.5175	0.8675	9.2976e-07	27548	0
0.5175	0.8725	9.2976e-07	27548	0
0.5175	0.8775	9.2976e-07	27548	0
0.5175	0.8825	9.2976e-07	27548	0
0.5175	0.8875	9.2976e-07	27548	0
0.5175	0.8925	9.2976e-07	27548	0
0.5175	0.8975	9.2976e-07	27548	0
0.5175	0.9025	9.2976e-07	27548	0
0.5175	0.9075	9.2976e-07	27548	0
0.5175	0.9125	9.2976e-07	27548	0
0.5175	0.9175	9.2976e-07	27548	0
0.5175	0.9225	9.2976e-07	27548	0
0.5175	0.9275	9.2976e-07	27548	0
0.5175	0.9325	9.2976e-07	27548	0
0.5175	0.9375	9.2976e-07	27548	-8.68377e-19
0.5175	0.9425	9.2976e-07	27548	2.72887e-17
0.5175	0.9475	9.2976e-07	27548	-7.86872e-11
0.5175	0.9525	9.2976e-07	27548	-7.98359e-11
0.5175	0.9575	9.2976e-07	27548	-4.5964e-09
0.5175	0.9625	9.2976e-07	27548	1.71094e-07
0.5175	0.9675	9.29759e-07	27548	2.46856e-06
0.5175	0.9725	9.29753e-07	27548.1	1.9588e-05
0.5175	0.9775	9.29721e-07	27548.5	0.00011348
0.5175	0.9825	9.29605e-07	27550.3	0.00044311
0.5175	0.9875	9.29641e-07	27549.7	0.000725048
0.5175	0.9925	9.32758e-07	27503.6	-0.00485301
0.5175	0.9975	9.50193e-07	27249.8	-0.0268973
0.5175	1.0025	9.71128e-07	26954.2	-0.00368072
0.5225	0.0075	8.87192e-06	8894.56	0.00371258
0.5225	0.0125	8.68065e-06	8992.35	0.0268929
0.5225	0.0175	8.52135e-06	9076.28	0.00487201
0.5225	0.0225	8.49288e-06	9091.54	-0.000723425
0.5225	0.0275	8.49256e-06	9091.72	-0.000442395
0.5225	0.0325	8.4936e-06	9091.16	-0.000113164
0.5225	0.0375	8.49389e-06	9091	-1.9559e-05
0.5225	0.0425	8.49395e-06	9090.97	-2.46251e-06
0.5225	0.0475	8.49395e-06	9090.97	-1.71146e-07
0.5225	0.0525	8.49395e-06	9090.97	4.59925e-09
0.5225	0.0575	8.49395e-06	9090.97	7.97895e-11
0.5225	0.0625	8.49395e-06	9090.97	7.86401e-11
0.5225	0.0675	8.49395e-06	9090.97	-2.73959e-17
0.5225	0.0725	8.49395e-06	9090.97	8.67424e-19
0.5225	0.0775	8.49395e-06	9090.97	0
0.5225	0.0825	8.49395e-06	9090.97	0
0.5225	0.0875	8.49395e-06	9090.97	0
0.5225	0.0925	8.49395e-06	9090.97	0
0.5225	0.0975	8.49395e-06	9090.97	0
0.5225	0.1025	8.49395e-06	9090.97	0
0.5225	0.1075	8.49395e-06	9090.97	0
0.5225	0.1125	8.49395e-06	9090.97	0
0.5225	0.1175	8.49395e-06	9090.97	0
0.5225	0.1225	8.49395e-06	9090.97	0
0.5225	0.1275	8.49395e-06	9090.97	0
0.5225	0.1325	8.49395e-06	9090.97	0
0.5225	0.1375	8.49395e-06	9090.97	0
0.5225	0.1425	8.49395e-06	9090.97	0
0.5225	0.1475	8.49395e-06	9090.97	0
0.5225	0.1525	8.49395e-06	9090.97	0
0.5225	0.1575	8.49395e-06	9090.97	0
0.5225	0.1625	8.49395e-06	9090.97	0
0.5225	0.1675	8.49395e-06	9090.97	0
0.5225	0.1725	8.49395e-06	9090.97	0
0.5225	0.1775	8.49395e-06	9090.97	0
0.5225	0.1825	8.49395e-06	9090.97	0
0.5225	0.1875	8.49395e-06	9090.97	0
0.5225	0.1925	8.49395e-06	9090.97	0
0.5225	0.1975	8.49395e-06	9090.97	0
0.5225	0.2025	8.49395e-06	9090.97	0
0.5225	0.2075	8.49395e-06	9090.97	0
0.5225	0.2125	8.49395e-06	9090.97	0
0.5225	0.2175	8.49395e-06	9090.97	0
0.5225	0.2225	8.49395e-06	9090.97	0
0.5225	0.2275	8.49395e-06	9090.97	0
0.5225	0.2325	8.49395e-06	9090.97	0
0.5225	0.2375	8.49395e-06	9090.97	0
0.5225	0.2425	8.49395e-06	9090.97	0
0.5225	0.2475	8.49395e-06	9090.97	0
0.5225	0.2525	8.49395e-06	9090.97	0
0.5225	0.2575	8.49395e-06	9090.97	0
0.5225	0.2625	8.49395e-06	9090.97	0
0.5225	0.2675	8.49395e-06	9090.97	0
0.5225	0.2725	8.49395e-06	9090.97	0
0.5225	0.2775	8.49395e-06	9090.97	0
0.5225	0.2825	8.49395e-06	9090.97	0
0.5225	0.2875	8.49395e-06	9090.97	0
0.5225	0.2925	8.49395e-06	9090.97	0
0.5225	0.2975	8.49395e-06	9090.97	0
0.5225	0.3025	8.49395e-06	9090.97	0
0.5225	0.3075	8.49395e-06	9090.97	0
0.5225	0.3125	8.49395e-06	9090.97	0
0.5225	0.3175	8.49395e-06	9090.97	0
0.5225	0.3225	8.49395e-06	9090.97	-8.67424e-19
0.5225	0.3275	8.49395e-06	9090.97	2.74229e-17
0.5225	0.3325	8.49395e-06	9090.97	-9.1235e-11
0.5225	0.3375	8.49395e-06	9090.97	-3.68421e-08
0.5225	0.3425	8.49395e-06	9090.97	-5.65621e-07
0.5225	0.3475	8.49401e-06	9090.94	-1.00013e-05
0.5225	0.3525	8.49454e-06	9090.65	-9.82611e-05
0.5225	0.3575	8.49938e-06	9085.83	-0.000463018
0.5225	0.3625	8.51493e-06	9063.87	-0.00133805
0.5225	0.3675	8.5525e-06	9004.5	-0.00389412
0.5225	0.3725	8.65718e-06	8891.72	-0.0115348
0.5225	0.3775	8.91286e-06	8669.46	-0.0369512
0.5225	0.3825	9.53263e-06	8241.93	-0.171182
0.5225	0.3875	1.38534e-05	6671.36	-2.39894
0.5225	0.3925	0.00135606	614.096	-4.97966
0.5225	0.3975	0.171791	58.2389	-5.0618
0.5225	0.4025	1.45009	12.194	-3.11833
0.5225	0.4075	2.60132	7.6701	-1.82089
0.5225	0.4125	3.22476	7.35069	-0.808707
0.5225	0.4175	3.60165	7.48697	-0.167471
0.5225	0.4225	3.6895	7.50266	0.01292
0.5225	0.4275	3.68853	7.48497	0.0341032
0.5225	0.4325	3.6764	7.46223	0.0205598
0.5225	0.4375	3.66671	7.45364	0.00590559
0.5225	0.4425	3.66377	7.45116	0.00140505
0.5225	0.4475	3.66306	7.45057	0.00029178
0.5225	0.4525	3.66291	7.45045	5.44359e-05
0.5225	0.4575	3.66288	7.45043	9.10488e-06
0.5225	0.4625	3.66287	7.45043	1.3592e-06
0.5225	0.4675	3.66287	7.45043	1.69303e-07
0.5225	0.4725	3.66287	7.45043	5.70579e-09
0.5225	0.4775	3.66287	7.45043	8.70859e-11
0.5225	0.4825	3.66287	7.45043	0
0.5225	0.4875	3.66287	7.45043	0
0.5225	0.4925	3.66287	7.45043	0
0.5225	0.4975	3.66287	7.45043	0
0.5225	0.5025	3.66287	7.45043	0
0.5225	0.5075	3.66287	7.45043	0
0.5225	0.5125	3.66287	7.45043	0
0.5225	0.5175	3.66287	7.45043	0
0.5225	0.5225	3.66287	7.45043	0
0.5225	0.5275	3.66287	7.45043	-8.70859e-11
0.5225	0.5325	3.66287	7.45043	-5.70579e-09
0.5225	0.5375	3.66287	7.45043	-1.69303e-07
0.5225	0.5425	3.66287	7.45043	-1.3592e-06
0.5225	0.5475	3.66288	7.45043	-9.10488e-06
0.5225	0.5525	3.66291	7.45045	-5.44359e-05
0.5225	0.5575	3.66306	7.45057	-0.00029178
0.5225	0.5625	3.66377	7.45116	-0.00140505
0.5225	0.5675	3.66671	7.45364	-0.00590559
0.5225	0.5725	3.6764	7.46223	-0.0205598
0.5225	0.5775	3.68853	7.48497	-0.0341032
0.5225	0.5825	3.6895	7.50266	-0.01292
0.5225	0.5875	3.60165	7.48697	0.167471
0.5225	0.5925	3.22476	7.35069	0.808707
0.5225	0.5975	2.60132	7.6701	1.82089
0.5225	0.6025	1.45009	12.194	3.11833
0.5225	0.6075	0.171791	58.2389	5.0618
0.5225	0.6125	0.00135606	614.096	4.97966
0.5225	0.6175	1.38534e-05	6671.36	2.39894
0.5225	0.6225	9.53263e-06	8241.93	0.171182
0.5225	0.6275	8.91286e-06	8669.46	0.0369512
0.5225	0.6325	8.65718e-06	8891.72	0.0115348
0.5225	0.6375	8.5525e-06	9004.5	0.00389412
0.5225	0.6425	8.51493e-06	9063.87	0.00133805
0.5225	0.6475	8.49938e-06	9085.83	0.000463018
0.5225	0.6525	8.49454e-06	9090.65	9.82611e-05
0.5225	0.6575	8.49401e-06	9090.94	1.00013e-05
0.5225	0.6625	8.49395e-06	9090.97	5.65621e-07
0.5225	0.6675	8.49395e-06	9090.97	3.68421e-08
0.5225	0.6725	8.49395e-06	9090.97	9.1235e-11
0.5225	0.6775	8.49395e-06	9090.97	-2.74229e-17
0.5225	0.6825	8.49395e-06	9090.97	8.67424e-19
0.5225	0.6875	8.49395e-06	9090.97	0
0.5225	0.6925	8.49395e-06	9090.97	0
0.5225	0.6975	8.49395e-06	9090.97	0
0.5225	0.7025	8.49395e-06	9090.97	0
0.5225	0.7075	8.49395e-06	9090.97	0
0.5225	0.7125	8.49395e-06	9090.97	0
0.5225	0.7175	8.49395e-06	9090.97	0
0.5225	0.7225	8.49395e-06	9090.97	0
0.5225	0.7275	8.49395e-06	9090.97	0
0.5225	0.7325	8.49395e-06	9090.97	0
0.5225	0.7375	8.49395e-06	9090.97	0
0.5225	0.7425	8.49395e-06	9090.97	0
0.5225	0.7475	8.49395e-06	9090.97	0
0.5225	0.7525	8.49395e-06	9090.97	0
0.5225	0.7575	8.49395e-06	9090.97	0
0.5225	0.7625	8.49395e-06	9090.97	0
0.5225	0.7675	8.49395e-06	9090.97	0
0.5225	0.7725	8.49395e-06	9090.97	0
0.5225	0.7775	8.49395e-06	9090.97	0
0.5225	0.7825	8.49395e-06	9090.97	0
0.5225	0.7875	8.49395e-06	9090.97	0
0.5225	0.7925	8.49395e-06	9090.97	0
0.5225	0.7975	8.49395e-06	9090.97	0
0.5225	0.8025	8.49395e-06	9090.97	0
0.5225	0.8075	8.49395e-06	9090.97	0
0.5225	0.8125	8.49395e-06	9090.97	0
0.5225	0.8175	8.49395e-06	9090.97	0
0.5225	0.8225	8.49395e-06	9090.97	0
0.5225	0.8275	8.49395e-06	9090.97	0
0.5225	0.8325	8.49395e-06	9090.97	0
0.5225	0.8375	8.49395e-06	9090.97	0
0.5225	0.8425	8.49395e-06	9090.97	0
0.5225	0.8475	8.49395e-06	9090.97	0
0.5225	0.8525	8.49395e-06	9090.97	0
0.5225	0.8575	8.49395e-06	9090.97	0
0.5225	0.8625	8.49395e-06	9090.97	0
0.5225	0.8675	8.49395e-06	9090.97	0
0.5225	0.8725	8.49395e-06	9090.97	0
0.5225	0.8775	8.49395e-06	9090.97	0
0.5225	0.8825	8.49395e-06	9090.97	0
0.5225	0.8875	8.49395e-06	9090.97	0
0.5225	0.8925	8.49395e-06	9090.97	0
0.5225	0.8975	8.49395e-06	9090.97	0
0.5225	0.9025	8.49395e-06	9090.97	0
0.5225	0.9075	8.49395e-06	9090.97	0
0.5225	0.9125	8.49395e-06	9090.97	0
0.5225	0.9175	8.49395e-06	9090.97	0
0.5225	0.9225	8.49395e-06	9090.97	0
0.5225	0.9275	8.49395e-06	9090.97	0
0.5225	0.9325	8.49395e-06	9090.97	0
0.5225	0.9375	8.49395e-06	9090.97	-8.67424e-19
0.5225	0.9425	8.49395e-06	9090.97	2.73959e-17
0.5225	0.9475	8.49395e-06	9090.97	-7.86401e-11
0.5225	0.9525	8.49395e-06	9090.97	-7.97895e-11
0.5225	0.9575	8.49395e-06	9090.97	-4.5991e-09
0.5225	0.9625	8.49395e-06	9090.97	1.71204e-07
0.5225	0.9675	8.49395e-06	9090.97	2.46992e-06
0.5225	0.9725	8.49389e-06	9091	1.95967e-05
0.5225	0.9775	8.4936e-06	9091.16	0.000113519
0.5225	0.9825	8.49254e-06	9091.73	0.00044319
0.5225	0.9875	8.49287e-06	9091.55	0.000724971
0.5225	0.9925	8.52136e-06	9076.28	-0.00485664
0.5225	0.9975	8.68068e-06	8992.33	-0.0268789
0.5225	1.0025	8.87198e-06	8894.53	-0.00368319
0.5275	0.0075	8.0974e-05	2955.85	0.00372005
0.5275	0.0125	7.92271e-05	2988.57	0.0268375
0.5275	0.0175	7.77718e-05	3016.67	0.004883
0.5275	0.0225	7.75117e-05	3021.77	-0.000723192
0.5275	0.0275	7.75086e-05	3021.83	-0.000442636
0.5275	0.0325	7.75181e-05	3021.65	-0.000113283
0.5275	0.0375	7.75208e-05	3021.6	-1.95849e-05
0.5275	0.0425	7.75213e-05	3021.59	-2.46655e-06
0.5275	0.0475	7.75213e-05	3021.59	-1.71477e-07
0.5275	0.0525	7.75213e-05	3021.59	4.60743e-09
0.5275	0.0575	7.75213e-05	3021.59	7.96494e-11
0.5275	0.0625	7.75213e-05	3021.59	7.84992e-11
0.5275	0.0675	7.75213e-05	3021.59	-2.73631e-17
0.5275	0.0725	7.75213e-05	3021.59	8.64557e-19
0.5275	0.0775	7.75213e-05	3021.59	0
0.5275	0.0825	7.75213e-05	3021.59	0
0.5275	0.0875	7.75213e-05	3021.59	0
0.5275	0.0925	7.75213e-05	3021.59	0
0.5275	0.0975	7.75213e-05	3021.59	0
0.5275	0.1025	7.75213e-05	3021.59	0
0.5275	0.1075	7.75213e-05	3021.59	0
0.5275	0.1125	7.75213e-05	3021.59	0
0.5275	0.1175	7.75213e-05	3021.59	0
0.5275	0.1225	7.75213e-05	3021.59	0
0.5275	0.1275	7.75213e-05	3021.59	0
0.5275	0.1325	7.75213e-05	3021.59	0
0.5275	0.1375	7.75213e-05	3021.59	0
0.5275	0.1425	7.75213e-05	3021.59	0
0.5275	0.1475	7.75213e-05	3021.59	0
0.5275	0.1525	7.75213e-05	3021.59	0
0.5275	0.1575	7.75213e-05	3021.59	0
0.5275	0.1625	7.75213e-05	3021.59	0
0.5275	0.1675	7.75213e-05	3021.59	0
0.5275	0.1725	7.75213e-05	3021.59	0
0.5275	0.1775	7.75213e-05	3021.59	0
0.5275	0.1825	7.75213e-05	3021.59	0
0.5275	0.1875	7.75213e-05	3021.59	0
0.5275	0.1925	7.75213e-05	3021.59	0
0.5275	0.1975	7.75213e-05	3021.59	0
0.5275	0.2025	7.75213e-05	3021.59	0
0.5275	0.2075	7.75213e-05	3021.59	0
0.5275	0.2125	7.75213e-05	3021.59	0
0.5275	0.2175	7.75213e-05	3021.59	0
0.5275	0.2225	7.75213e-05	3021.59	0
0.5275	0.2275	7.75213e-05	3021.59	0
0.5275	0.2325	7.75213e-05	3021.59	0
0.5275	0.2375	7.75213e-05	3021.59	0
0.5275	0.2425	7.75213e-05	3021.59	0
0.5275	0.2475	7.75213e-05	3021.59	0
0.5275	0.2525	7.75213e-05	3021.59	0
0.5275	0.2575	7.75213e-05	3021.59	0
0.5275	0.2625	7.75213e-05	3021.59	0
0.5275	0.2675	7.75213e-05	3021.59	0
0.5275	0.2725	7.75213e-05	3021.59	0
0.5275	0.2775	7.75213e-05	3021.59	0
0.5275	0.2825	7.75213e-05	3021.59	0
0.5275	0.2875	7.75213e-05	3021.59	0
0.5275	0.2925	7.75213e-05	3021.59	0
0.5275	0.2975	7.75213e-05	3021.59	0
0.5275	0.3025	7.75213e-05	3021.59	0
0.5275	0.3075	7.75213e-05	3021.59	0
0.5275	0.3125	7.75213e-05	3021.59	0
0.5275	0.3175	7.75213e-05	3021.59	0
0.5275	0.3225	7.75213e-05	3021.59	-8.64557e-19
0.5275	0.3275	7.75213e-05	3021.59	2.73894e-17
0.5275	0.3325	7.75213e-05	3021.59	-9.10171e-11
0.5275	0.3375	7.75213e-05	3021.59	-3.69899e-08
0.5275	0.3425	7.75214e-05	3021.59	-5.67825e-07
0.5275	0.3475	7.75219e-05	3021.58	-9.99558e-06
0.5275	0.3525	7.75268e-05	3021.48	-9.814e-05
0.5275	0.3575	7.7571e-05	3019.87	-0.000462441
0.5275	0.3625	7.77131e-05	3012.56	-0.00133643
0.5275	0.3675	7.80561e-05	2992.81	-0.00388964
0.5275	0.3725	7.90131e-05	2955.31	-0.0115263
0.5275	0.3775	8.13487e-05	2881.23	-0.0369517
0.5275	0.3825	8.70118e-05	2739.26	-0.171003
0.5275	0.3875	0.00012331	2248.66	-2.3003
0.5275	0.3925	0.00569797	317.594	-5.28563
0.5275	0.3975	0.343376	44.2	-5.29061
0.5275	0.4025	1.48876	10.5866	-2.89433
0.5275	0.4075	2.42971	7.08064	-1.49443
0.5275	0.4125	3.03758	6.42907	-0.55378
0.5275	0.4175	3.30898	6.71383	-0.116672
0.5275	0.4225	3.36816	6.83876	-4.00501e-05
0.5275	0.4275	3.37212	6.85443	0.0121337
0.5275	0.4325	3.36743	6.84592	0.00857315
0.5275	0.4375	3.363	6.83869	0.00254058
0.5275	0.4425	3.36163	6.8368	0.000581088
0.5275	0.4475	3.36129	6.83635	0.000116728
0.5275	0.4525	3.36122	6.83627	2.0147e-05
0.5275	0.4575	3.36121	6.83625	3.1561e-06
0.5275	0.4625	3.36121	6.83625	4.28905e-07
0.5275	0.4675	3.36121	6.83624	2.64515e-08
0.5275	0.4725	3.36121	6.83624	9.72705e-10
0.5275	0.4775	3.36121	6.83624	4.32263e-12
0.5275	0.4825	3.36121	6.83624	0
0.5275	0.4875	3.36121	6.83624	0
0.5275	0.4925	3.36121	6.83624	0
0.5275	0.4975	3.36121	6.83624	0
0.5275	0.5025	3.36121	6.83624	0
0.5275	0.5075	3.36121	6.83624	0
0.5275	0.5125	3.36121	6.83624	0
0.5275	0.5175	3.36121	6.83624	0
0.5275	0.5225	3.36121	6.83624	0
0.5275	0.5275	3.36121	6.83624	-4.32263e-12
0.5275	0.5325	3.36121	6.83624	-9.72705e-10
0.5275	0.5375	3.36121	6.83624	-2.64515e-08
0.5275	0.5425	3.36121	6.83625	-4.28905e-07
0.5275	0.5475	3.36121	6.83625	-3.1561e-06
0.5275	0.5525	3.36122	6.83627	-2.0147e-05
0.5275	0.5575	3.36129	6.83635	-0.000116728
0.5275	0.5625	3.36163	6.8368	-0.000581088
0.5275	0.5675	3.363	6.83869	-0.00254058
0.5275	0.5725	3.36743	6.84592	-0.00857315
0.5275	0.5775	3.37212	6.85443	-0.0121337
0.5275	0.5825	3.36816	6.83876	4.00501e-05
0.5275	0.5875	3.30898	6.71383	0.116672
0.5275	0.5925	3.03758	6.42907	0.55378
0.5275	0.5975	2.42971	7.08064	1.49443
0.5275	0.6025	1.48876	10.5866	2.89433
0.5275	0.6075	0.343376	44.2	5.29061
0.5275	0.6125	0.00569797	317.594	5.28563
0.5275	0.6175	0.00012331	2248.66	2.3003
0.5275	0.6225	8.70118e-05	2739.26	0.171003
0.5275	0.6275	8.13487e-05	2881.23	0.0369517
0.5275	0.6325	7.90131e-05	2955.31	0.0115263
0.5275	0.6375	7.80561e-05	2992.81	0.00388964
0.5275	0.6425	7.77131e-05	3012.56	0.00133643
0.5275	0.6475	7.7571e-05	3019.87	0.000462441
0.5275	0.6525	7.75268e-05	3021.48	9.814e-05
0.5275	0.6575	7.75219e-05	3021.58	9.99558e-06
0.5275	0.6625	7.75214e-05	3021.59	5.67825e-07
0.5275	0.6675	7.75213e-05	3021.59	3.69899e-08
0.5275	0.6725	7.75213e-05	3021.59	9.10171e-11
0.5275	0.6775	7.75213e-05	3021.59	-2.73894e-17
0.5275	0.6825	7.75213e-05	3021.59	8.64557e-19
0.5275	0.6875	7.75213e-05	3021.59	0
0.5275	0.6925	7.75213e-05	3021.59	0
0.5275	0.6975	7.75213e-05	3021.59	0
0.5275	0.7025	7.75213e-05	3021.59	0
0.5275	0.7075	7.75213e-05	3021.59	0
0.5275	0.7125	7.75213e-05	3021.59	0
0.5275	0.7175	7.75213e-05	3021.59	0
0.5275	0.7225	7.75213e-05	3021.59	0
0.5275	0.7275	7.75213e-05	3021.59	0
0.5275	0.7325	7.75213e-05	3021.59	0
0.5275	0.7375	7.75213e-05	3021.59	0
0.5275	0.7425	7.75213e-05	3021.59	0
0.5275	0.7475	7.75213e-05	3021.59	0
0.5275	0.7525	7.75213e-05	3021.59	0
0.5275	0.7575	7.75213e-05	3021.59	0
0.5275	0.7625	7.75213e-05	3021.59	0
0.5275	0.7675	7.75213e-05	3021.59	0
0.5275	0.7725	7.75213e-05	3021.59	0
0.5275	0.7775	7.75213e-05	3021.59	0
0.5275	0.7825	7.75213e-05	3021.59	0
0.5275	0.7875	7.75213e-05	3021.59	0
0.5275	0.7925	7.75213e-05	3021.59	0
0.5275	0.7975	7.75213e-05	3021.59	0
0.5275	0.8025	7.75213e-05	3021.59	0
0.5275	0.8075	7.75213e-05	3021.59	0
0.5275	0.8125	7.75213e-05	3021.59	0
0.5275	0.8175	7.75213e-05	3021.59	0
0.5275	0.8225	7.75213e-05	3021.59	0
0.5275	0.8275	7.75213e-05	3021.59	0
0.5275	0.8325	7.75213e-05	3021.59	0
0.5275	0.8375	7.75213e-05	3021.59	0
0.5275	0.8425	7.75213e-05	3021.59	0
0.5275	0.8475	7.75213e-05	3021.59	0
0.5275	0.8525	7.75213e-05	3021.59	0
0.5275	0.8575	7.75213e-05	3021.59	0
0.5275	0.8625	7.75213e-05	3021.59	0
0.5275	0.8675	7.75213e-05	3021.59	0
0.5275	0.8725	7.75213e-05	3021.59	0
0.5275	0.8775	7.75213e-05	3021.59	0
0.5275	0.8825	7.75213e-05	3021.59	0
0.5275	0.8875	7.75213e-05	3021.59	0
0.5275	0.8925	7.75213e-05	3021.59	0
0.5275	0.8975	7.75213e-05	3021.59	0
0.5275	0.9025	7.75213e-05	3021.59	0
0.5275	0.9075	7.75213e-05	3021.59	0
0.5275	0.9125	7.75213e-05	3021.59	0
0.5275	0.9175	7.75213e-05	3021.59	0
0.5275	0.9225	7.75213e-05	3021.59	0
0.5275	0.9275	7.75213e-05	3021.59	0
0.5275	0.9325	7.75213e-05	3021.59	0
0.5275	0.9375	7.75213e-05	3021.59	-8.64557e-19
0.5275	0.9425	7.75213e-05	3021.59	2.73631e-17
0.5275	0.9475	7.75213e-05	3021.59	-7.84992e-11
0.5275	0.9525	7.75213e-05	3021.59	-7.96494e-11
0.5275	0.9575	7.75213e-05	3021.59	-4.60728e-09
0.5275	0.9625	7.75213e-05	3021.59	1.71535e-07
0.5275	0.9675	7.75213e-05	3021.59	2.47403e-06
0.5275	0.9725	7.75208e-05	3021.6	1.96229e-05
0.5275	0.9775	7.75181e-05	3021.65	0.000113639
0.5275	0.9825	7.75085e-05	3021.84	0.000443431
0.5275	0.9875	7.75116e-05	3021.77	0.000724737
0.5275	0.9925	7.77719e-05	3016.67	-0.00486761
0.5275	0.9975	7.92273e-05	2988.56	-0.0268235
0.5275	1.0025	8.09746e-05	2955.84	-0.00369062
0.5325	0.0075	0.000736947	992.326	0.0037427
0.5325	0.0125	0.000720997	1003.51	0.0266702
0.5325	0.0175	0.000707712	1013.13	0.00491632
0.5325	0.0225	0.000705336	1014.86	-0.000722493
0.5325	0.0275	0.000705306	1014.89	-0.000443354
0.5325	0.0325	0.000705392	1014.83	-0.000113642
0.5325	0.0375	0.000705417	1014.81	-1.96633e-05
0.5325	0.0425	0.000705421	1014.81	-2.47878e-06
0.5325	0.0475	0.000705421	1014.81	-1.72471e-07
0.5325	0.0525	0.000705421	1014.81	4.63258e-09
0.5325	0.0575	0.000705421	1014.81	7.92172e-11
0.5325	0.0625	0.000705421	1014.81	7.80783e-11
0.5325	0.0675	0.000705421	1014.81	-2.71423e-17
0.5325	0.0725	0.000705421	1014.81	8.55906e-19
0.5325	0.0775	0.000705421	1014.81	0
0.5325	0.0825	0.000705421	1014.81	0
0.5325	0.0875	0.000705421	1014.81	0
0.5325	0.0925	0.000705421	1014.81	0
0.5325	0.0975	0.000705421	1014.81	0
0.5325	0.1025	0.000705421	1014.81	0
0.5325	0.1075	0.000705421	1014.81	0
0.5325	0.1125	0.000705421	1014.81	0
0.5325	0.1175	0.000705421	1014.81	0
0.5325	0.1225	0.000705421	1014.81	0
0.5325	0.1275	0.000705421	1014.81	0
0.5325	0.1325	0.000705421	1014.81	0
0.5325	0.1375	0.000705421	1014.81	0
0.5325	0.1425	0.000705421	1014.81	0
0.5325	0.1475	0.000705421	1014.81	0
0.5325	0.1525	0.000705421	1014.81	0
0.5325	0.1575	0.000705421	1014.81	0
0.5325	0.1625	0.000705421	1014.81	0
0.5325	0.1675	0.000705421	1014.81	0
0.5325	0.1725	0.000705421	1014.81	0
0.5325	0.1775	0.000705421	1014.81	0
0.5325	0.1825	0.000705421	1014.81	0
0.5325	0.1875	0.000705421	1014.81	0
0.5325	0.1925	0.000705421	1014.81	0
0.5325	0.1975	0.000705421	1014.81	0
0.5325	0.2025	0.000705421	1014.81	0
0.5325	0.2075	0.000705421	1014.81	0
0.5325	0.2125	0.000705421	1014.81	0
0.5325	0.2175	0.000705421	1014.81	0
0.5325	0.2225	0.000705421	1014.81	0
0.5325	0.2275	0.000705421	1014.81	0
0.5325	0.2325	0.000705421	1014.81	0
0.5325	0.2375	0.000705421	1014.81	0
0.5325	0.2425	0.000705421	1014.81	0
0.5325	0.2475	0.000705421	1014.81	0
0.5325	0.2525	0.000705421	1014.81	0
0.5325	0.2575	0.000705421	1014.81	0
0.5325	0.2625	0.000705421	1014.81	0
0.5325	0.2675	0.000705421	1014.81	0
0.5325	0.2725	0.000705421	1014.81	0
0.5325	0.2775	0.000705421	1014.81	0
0.5325	0.2825	0.000705421	1014.81	0
0.5325	0.2875	0.000705421	1014.81	0
0.5325	0.2925	0.000705421	1014.81	0
0.5325	0.2975	0.000705421	1014.81	0
0.5325	0.3025	0.000705421	1014.81	0
0.5325	0.3075	0.000705421	1014.81	0
0.5325	0.3125	0.000705421	1014.81	0
0.5325	0.3175	0.000705421	1014.81	0
0.5325	0.3225	0.000705421	1014.81	-8.55906e-19
0.5325	0.3275	0.000705421	1014.81	2.71643e-17
0.5325	0.3325	0.000705421	1014.81	-9.03175e-11
0.5325	0.3375	0.000705421	1014.81	-3.7437e-08
0.5325	0.3425	0.000705422	1014.81	-5.74384e-07
0.5325	0.3475	0.000705426	1014.8	-9.97716e-06
0.5325	0.3525	0.000705471	1014.77	-9.77742e-05
0.5325	0.3575	0.000705876	1014.23	-0.000460707
0.5325	0.3625	0.00070717	1011.77	-0.00133156
0.5325	0.3675	0.000710301	1005.12	-0.00387625
0.5325	0.3725	0.000719057	992.519	-0.0115009
0.5325	0.3775	0.000740381	967.471	-0.0369541
0.5325	0.3825	0.00079211	919.899	-0.170554
0.5325	0.3875	0.0010818	773.997	-2.11838
0.5325	0.3925	0.0205937	181.946	-5.94375
0.5325	0.3975	0.546774	32.3723	-4.3803
0.5325	0.4025	1.56465	10.0914	-2.12786
0.5325	0.4075	2.18918	5.87156	-0.330114
0.5325	0.4125	2.38185	4.3643	0.127911
0.5325	0.4175	2.38868	4.4872	0.0449965
0.5325	0.4225	2.38697	4.62872	0.00900027
0.5325	0.4275	2.38937	4.66343	0.00392955
0.5325	0.4325	2.38938	4.66542	0.00213934
0.5325	0.4375	2.38865	4.6627	0.000671317
0.5325	0.4425	2.38844	4.66199	0.000134509
0.5325	0.4475	2.3884	4.66187	2.30457e-05
0.5325	0.4525	2.3884	4.66186	3.27949e-06
0.5325	0.4575	2.3884	4.66186	4.96787e-07
0.5325	0.4625	2.3884	4.66185	9.38637e-08
0.5325	0.4675	2.3884	4.66185	-5.33846e-09
0.5325	0.4725	2.3884	4.66185	1.35439e-10
0.5325	0.4775	2.3884	4.66185	2.01996e-13
0.5325	0.4825	2.3884	4.66185	0
0.5325	0.4875	2.3884	4.66185	0
0.5325	0.4925	2.3884	4.66185	0
0.5325	0.4975	2.3884	4.66185	0
0.5325	0.5025	2.3884	4.66185	0
0.5325	0.5075	2.3884	4.66185	0
0.5325	0.5125	2.3884	4.66185	0
0.5325	0.5175	2.3884	4.66185	0
0.5325	0.5225	2.3884	4.66185	0
0.5325	0.5275	2.3884	4.66185	-2.01996e-13
0.5325	0.5325	2.3884	4.66185	-1.35439e-10
0.5325	0.5375	2.3884	4.66185	5.33846e-09
0.5325	0.5425	2.3884	4.66185	-9.38637e-08
0.5325	0.5475	2.3884	4.66186	-4.96787e-07
0.5325	0.5525	2.3884	4.66186	-3.27949e-06
0.5325	0.5575	2.3884	4.66187	-2.30457e-05
0.5325	0.5625	2.38844	4.66199	-0.000134509
0.5325	0.5675	2.38865	4.6627	-0.000671317
0.5325	0.5725	2.38938	4.66542	-0.00213934
0.5325	0.5775	2.38937	4.66343	-0.00392955
0.5325	0.5825	2.38697	4.62872	-0.00900027
0.5325	0.5875	2.38868	4.4872	-0.0449965
0.5325	0.5925	2.38185	4.3643	-0.127911
0.5325	0.5975	2.18918	5.87156	0.330114
0.5325	0.6025	1.56465	10.0914	2.12786
0.5325	0.6075	0.546774	32.3723	4.3803
0.5325	0.6125	0.0205937	181.946	5.94375
0.5325	0.6175	0.0010818	773.997	2.11838
0.5325	0.6225	0.00079211	919.899	0.170554
0.5325	0.6275	0.000740381	967.471	0.0369541
0.5325	0.6325	0.000719057	992.519	0.0115009
0.5325	0.6375	0.000710301	1005.12	0.00387625
0.5325	0.6425	0.00070717	1011.77	0.00133156
0.5325	0.6475	0.000705876	1014.23	0.000460707
0.5325	0.6525	0.000705471	1014.77	9.77742e-05
0.5325	0.6575	0.000705426	1014.8	9.97716e-06
0.5325	0.6625	0.000705422	1014.81	5.74384e-07
0.5325	0.6675	0.000705421	1014.81	3.7437e-08
0.5325	0.6725	0.000705421	1014.81	9.03175e-11
0.5325	0.6775	0.000705421	1014.81	-2.71643e-17
0.5325	0.6825	0.000705421	1014.81	8.55906e-19
0.5325	0.6875	0.000705421	1014.81	0
0.5325	0.6925	0.000705421	1014.81	0
0.5325	0.6975	0.000705421	1014.81	0
0.5325	0.7025	0.000705421	1014.81	0
0.5325	0.7075	0.000705421	1014.81	0
0.5325	0.7125	0.000705421	1014.81	0
0.5325	0.7175	0.000705421	1014.81	0
0.5325	0.7225	0.000705421	1014.81	0
0.5325	0.7275	0.000705421	1014.81	0
0.5325	0.7325	0.000705421	1014.81	0
0.5325	0.7375	0.000705421	1014.81	0
0.5325	0.7425	0.000705421	1014.81	0
0.5325	0.7475	0.000705421	1014.81	0
0.5325	0.7525	0.000705421	1014.81	0
0.5325	0.7575	0.000705421	1014.81	0
0.5325	0.7625	0.000705421	1014.81	0
0.5325	0.7675	0.000705421	1014.81	0
0.5325	0.7725	0.000705421	1014.81	0
0.5325	0.7775	0.000705421	1014.81	0
0.5325	0.7825	0.000705421	1014.81	0
0.5325	0.7875	0.000705421	1014.81	0
0.5325	0.7925	0.000705421	1014.81	0
0.5325	0.7975	0.000705421	1014.81	0
0.5325	0.8025	0.000705421	1014.81	0
0.5325	0.8075	0.000705421	1014.81	0
0.5325	0.8125	0.000705421	1014.81	0
0.5325	0.8175	0.000705421	1014.81	0
0.5325	0.8225	0.000705421	1014.81	0
0.5325	0.8275	0.000705421	1014.81	0
0.5325	0.8325	0.000705421	1014.81	0
0.5325	0.8375	0.000705421	1014.81	0
0.5325	0.8425	0.000705421	1014.81	0
0.5325	0.8475	0.000705421	1014.81	0
0.5325	0.8525	0.000705421	1014.81	0
0.5325	0.8575	0.000705421	1014.81	0
0.5325	0.8625	0.000705421	1014.81	0
0.5325	0.8675	0.000705421	1014.81	0
0.5325	0.8725	0.000705421	1014.81	0
0.5325	0.8775	0.000705421	1014.81	0
0.5325	0.8825	0.000705421	1014.81	0
0.5325	0.8875	0.000705421	1014.81	0
0.5325	0.8925	0.000705421	1014.81	0
0.5325	0.8975	0.000705421	1014.81	0
0.5325	0.9025	0.000705421	1014.81	0
0.5325	0.9075	0.000705421	1014.81	0
0.5325	0.9125	0.000705421	1014.81	0
0.5325	0.9175	0.000705421	1014.81	0
0.5325	0.9225	0.000705421	1014.81	0
0.5325	0.9275	0.000705421	1014.81	0
0.5325	0.9325	0.000705421	1014.81	0
0.5325	0.9375	0.000705421	1014.81	-8.55906e-19
0.5325	0.9425	0.000705421	1014.81	2.71423e-17
0.5325	0.9475	0.000705421	1014.81	-7.80783e-11
0.5325	0.9525	0.000705421	1014.81	-7.92172e-11
0.5325	0.9575	0.000705421	1014.81	-4.63242e-09
0.5325	0.9625	0.000705421	1014.81	1.7253e-07
0.5325	0.9675	0.000705421	1014.81	2.48641e-06
0.5325	0.9725	0.000705416	1014.81	1.97018e-05
0.5325	0.9775	0.000705392	1014.83	0.000113999
0.5325	0.9825	0.000705304	1014.89	0.000444154
0.5325	0.9875	0.000705335	1014.86	0.000724037
0.5325	0.9925	0.000707713	1013.13	-0.00490089
0.5325	0.9975	0.000720998	1003.5	-0.0266564
0.5325	1.0025	0.000736952	992.323	-0.00371317
0.5375	0.0075	0.00664679	342.461	0.00381199
0.5375	0.0125	0.00650101	346.459	0.0261648
0.5375	0.0175	0.00637965	349.919	0.00501847
0.5375	0.0225	0.00635784	350.538	-0.000720419
0.5375	0.0275	0.00635753	350.549	-0.000445505
0.5375	0.0325	0.00635831	350.528	-0.000114726
0.5375	0.0375	0.00635853	350.522	-1.99003e-05
0.5375	0.0425	0.00635857	350.521	-2.5157e-06
0.5375	0.0475	0.00635858	350.521	-1.75452e-07
0.5375	0.0525	0.00635858	350.521	4.71247e-09
0.5375	0.0575	0.00635858	350.521	7.77187e-11
0.5375	0.0625	0.00635858	350.521	7.68495e-11
0.5375	0.0675	0.00635858	350.521	-2.64175e-17
0.5375	0.0725	0.00635858	350.521	8.29833e-19
0.5375	0.0775	0.00635858	350.521	0
0.5375	0.0825	0.00635858	350.521	0
0.5375	0.0875	0.00635858	350.521	0
0.5375	0.0925	0.00635858	350.521	0
0.5375	0.0975	0.00635858	350.521	0
0.5375	0.1025	0.00635858	350.521	0
0.5375	0.1075	0.00635858	350.521	0
0.5375	0.1125	0.00635858	350.521	0
0.5375	0.1175	0.00635858	350.521	0
0.5375	0.1225	0.00635858	350.521	0
0.5375	0.1275	0.00635858	350.521	0
0.5375	0.1325	0.00635858	350.521	0
0.5375	0.1375	0.00635858	350.521	0
0.5375	0.1425	0.00635858	350.521	0
0.5375	0.1475	0.00635858	350.521	0
0.5375	0.1525	0.00635858	350.521	0
0.5375	0.1575	0.00635858	350.521	0
0.5375	0.1625	0.00635858	350.521	0
0.5375	0.1675	0.00635858	350.521	0
0.5375	0.1725	0.00635858	350.521	0
0.5375	0.1775	0.00635858	350.521	0
0.5375	0.1825	0.00635858	350.521	0
0.5375	0.1875	0.00635858	350.521	0
0.5375	0.1925	0.00635858	350.521	0
0.5375	0.1975	0.00635858	350.521	0
0.5375	0.2025	0.00635858	350.521	0
0.5375	0.2075	0.00635858	350.521	0
0.5375	0.2125	0.00635858	350.521	0
0.5375	0.2175	0.00635858	350.521	0
0.5375	0.2225	0.00635858	350.521	0
0.5375	0.2275	0.00635858	350.521	0
0.5375	0.2325	0.00635858	350.521	0
0.5375	0.2375	0.00635858	350.521	0
0.5375	0.2425	0.00635858	350.521	0
0.5375	0.2475	0.00635858	350.521	0
0.5375	0.2525	0.00635858	350.521	0
0.5375	0.2575	0.00635858	350.521	0
0.5375	0.2625	0.00635858	350.521	0
0.5375	0.2675	0.00635858	350.521	0
0.5375	0.2725	0.00635858	350.521	0
0.5375	0.2775	0.00635858	350.521	0
0.5375	0.2825	0.00635858	350.521	0
0.5375	0.2875	0.00635858	350.521	0
0.5375	0.2925	0.00635858	350.521	0
0.5375	0.2975	0.00635858	350.521	0
0.5375	0.3025	0.00635858	350.521	0
0.5375	0.3075	0.00635858	350.521	0
0.5375	0.3125	0.00635858	350.521	0
0.5375	0.3175	0.00635858	350.521	0
0.5375	0.3225	0.00635858	350.521	-8.29833e-19
0.5375	0.3275	0.00635858	350.521	2.64317e-17
0.5375	0.3325	0.00635858	350.521	-8.79366e-11
0.5375	0.3375	0.00635858	350.521	-3.87962e-08
0.5375	0.3425	0.00635858	350.521	-5.93231e-07
0.5375	0.3475	0.00635862	350.52	-9.9123e-06
0.5375	0.3525	0.00635903	350.507	-9.66704e-05
0.5375	0.3575	0.00636273	350.316	-0.000455531
0.5375	0.3625	0.00637453	349.464	-0.0013171
0.5375	0.3675	0.00640318	347.176	-0.00383682
0.5375	0.3725	0.00648363	342.835	-0.0114281
0.5375	0.3775	0.00667865	334.094	-0.0369709
0.5375	0.3825	0.00715193	317.845	-0.169596
0.5375	0.3875	0.0093274	277.675	-1.79016
0.5375	0.3925	0.0646531	116.076	-5.74794
0.5375	0.3975	0.799261	25.2543	-3.42354
0.5375	0.4025	1.74955	9.88746	-0.777169
0.5375	0.4075	1.87134	4.31628	0.873466
0.5375	0.4125	1.49378	1.60821	0.617531
0.5375	0.4175	1.29289	1.11583	0.0965364
0.5375	0.4225	1.2673	1.10273	0.00960237
0.5375	0.4275	1.26603	1.10949	0.00109398
0.5375	0.4325	1.26597	1.11019	0.000337529
0.5375	0.4375	1.26588	1.1096	9.32904e-05
0.5375	0.4425	1.26586	1.10942	1.65419e-05
0.5375	0.4475	1.26586	1.1094	2.24102e-06
0.5375	0.4525	1.26586	1.1094	1.60108e-07
0.5375	0.4575	1.26586	1.1094	5.79399e-08
0.5375	0.4625	1.26586	1.1094	1.94052e-08
0.5375	0.4675	1.26586	1.1094	-2.81105e-08
0.5375	0.4725	1.26586	1.1094	1.08969e-11
0.5375	0.4775	1.26586	1.1094	6.18578e-15
0.5375	0.4825	1.26586	1.1094	0
0.5375	0.4875	1.26586	1.1094	0
0.5375	0.4925	1.26586	1.1094	0
0.5375	0.4975	1.26586	1.1094	0
0.5375	0.5025	1.26586	1.1094	0
0.5375	0.5075	1.26586	1.1094	0
0.5375	0.5125	1.26586	1.1094	0
0.5375	0.5175	1.26586	1.1094	0
0.5375	0.5225	1.26586	1.1094	0
0.5375	0.5275	1.26586	1.1094	-6.18578e-15
0.5375	0.5325	1.26586	1.1094	-1.08969e-11
0.5375	0.5375	1.26586	1.1094	2.81105e-08
0.5375	0.5425	1.26586	1.1094	-1.94052e-08
0.5375	0.5475	1.26586	1.1094	-5.79399e-08
0.5375	0.5525	1.26586	1.1094	-1.60108e-07
0.5375	0.5575	1.26586	1.1094	-2.24102e-06
0.5375	0.5625	1.26586	1.10942	-1.65419e-05
0.5375	0.5675	1.26588	1.1096	-9.32904e-05
0.5375	0.5725	1.26597	1.11019	-0.000337529
0.5375	0.5775	1.26603	1.10949	-0.00109398
0.5375	0.5825	1.2673	1.10273	-0.00960237
0.5375	0.5875	1.29289	1.11583	-0.0965364
0.5375	0.5925	1.49378	1.60821	-0.617531
0.5375	0.5975	1.87134	4.31628	-0.873466
0.5375	0.6025	1.74955	9.88746	0.777169
0.5375	0.6075	0.799261	25.2543	3.42354
0.5375	0.6125	0.0646531	116.076	5.74794
0.5375	0.6175	0.0093274	277.675	1.79016
0.5375	0.6225	0.00715193	317.845	0.169596
0.5375	0.6275	0.00667865	334.094	0.0369709
0.5375	0.6325	0.00648363	342.835	0.0114281
0.5375	0.6375	0.00640318	347.176	0.00383682
0.5375	0.6425	0.00637453	349.464	0.0013171
0.5375	0.6475	0.00636273	350.316	0.000455531
0.5375	0.6525	0.00635903	350.507	9.66704e-05
0.5375	0.6575	0.00635862	350.52	9.9123e-06
0.5375	0.6625	0.00635858	350.521	5.93231e-07
0.5375	0.6675	0.00635858	350.521	3.87962e-08
0.5375	0.6725	0.00635858	350.521	8.79366e-11
0.5375	0.6775	0.00635858	350.521	-2.64317e-17
0.5375	0.6825	0.00635858	350.521	8.29833e-19
0.5375	0.6875	0.00635858	350.521	0
0.5375	0.6925	0.00635858	350.521	0
0.5375	0.6975	0.00635858	350.521	0
0.5375	0.7025	0.00635858	350.521	0
0.5375	0.7075	0.00635858	350.521	0
0.5375	0.7125	0.00635858	350.521	0
0.5375	0.7175	0.00635858	350.521	0
0.5375	0.7225	0.00635858	350.521	0
0.5375	0.7275	0.00635858	350.521	0
0.5375	0.7325	0.00635858	350.521	0
0.5375	0.7375	0.00635858	350.521	0
0.5375	0.7425	0.00635858	350.521	0
0.5375	0.7475	0.00635858	350.521	0
0.5375	0.7525	0.00635858	350.521	0
0.5375	0.7575	0.00635858	350.521	0
0.5375	0.7625	0.00635858	350.521	0
0.5375	0.7675	0.00635858	350.521	0
0.5375	0.7725	0.00635858	350.521	0
0.5375	0.7775	0.00635858	350.521	0
0.5375	0.7825	0.00635858	350.521	0
0.5375	0.7875	0.00635858	350.521	0
0.5375	0.7925	0.00635858	350.521	0
0.5375	0.7975	0.00635858	350.521	0
0.5375	0.8025	0.00635858	350.521	0
0.5375	0.8075	0.00635858	350.521	0
0.5375	0.8125	0.00635858	350.521	0
0.5375	0.8175	0.00635858	350.521	0
0.5375	0.8225	0.00635858	350.521	0
0.5375	0.8275	0.00635858	350.521	0
0.5375	0.8325	0.00635858	350.521	0
0.5375	0.8375	0.00635858	350.521	0
0.5375	0.8425	0.00635858	350.521	0
0.5375	0.8475	0.00635858	350.521	0
0.5375	0.8525	0.00635858	350.521	0
0.5375	0.8575	0.00635858	350.521	0
0.5375	0.8625	0.00635858	350.521	0
0.5375	0.8675	0.00635858	350.521	0
0.5375	0.8725	0.00635858	350.521	0
0.5375	0.8775	0.00635858	350.521	0
0.5375	0.8825	0.00635858	350.521	0
0.5375	0.8875	0.00635858	350.521	0
0.5375	0.8925	0.00635858	350.521	0
0.5375	0.8975	0.00635858	350.521	0
0.5375	0.9025	0.00635858	350.521	0
0.5375	0.9075	0.00635858	350.521	0
0.5375	0.9125	0.00635858	350.521	0
0.5375	0.9175	0.00635858	350.521	0
0.5375	0.9225	0.00635858	350.521	0
0.5375	0.9275	0.00635858	350.521	0
0.5375	0.9325	0.00635858	350.521	0
0.5375	0.9375	0.00635858	350.521	-8.29833e-19
0.5375	0.9425	0.00635858	350.521	2.64175e-17
0.5375	0.9475	0.00635858	350.521	-7.68495e-11
0.5375	0.9525	0.00635858	350.521	-7.77187e-11
0.5375	0.9575	0.00635858	350.521	-4.71228e-09
0.5375	0.9625	0.00635858	350.521	1.75515e-07
0.5375	0.9675	0.00635857	350.521	2.52382e-06
0.5375	0.9725	0.00635853	350.522	1.99406e-05
0.5375	0.9775	0.00635831	350.528	0.000115087
0.5375	0.9825	0.00635752	350.55	0.000446315
0.5375	0.9875	0.00635784	350.538	0.00072196
0.5375	0.9925	0.00637966	349.918	-0.00500289
0.5375	0.9975	0.00650103	346.459	-0.0261513
0.5375	1.0025	0.00664684	342.46	-0.00378218
0.5425	0.0075	0.0583532	127.921	0.00403026
0.5425	0.0125	0.0569914	129.433	0.0246436
0.5425	0.0175	0.055861	130.761	0.00534193
0.5425	0.0225	0.0556556	130.994	-0.000714608
0.5425	0.0275	0.0556512	130.999	-0.000451779
0.5425	0.0325	0.0556581	130.991	-0.000117992
0.5425	0.0375	0.0556601	130.989	-2.06191e-05
0.5425	0.0425	0.0556605	130.988	-2.62731e-06
0.5425	0.0475	0.0556605	130.988	-1.84267e-07
0.5425	0.0525	0.0556605	130.988	4.98172e-09
0.5425	0.0575	0.0556605	130.988	7.42214e-11
0.5425	0.0625	0.0556605	130.988	7.34822e-11
0.5425	0.0675	0.0556605	130.988	-2.40827e-17
0.5425	0.0725	0.0556605	130.988	7.50985e-19
0.5425	0.0775	0.0556605	130.988	0
0.5425	0.0825	0.0556605	130.988	0
0.5425	0.0875	0.0556605	130.988	0
0.5425	0.0925	0.0556605	130.988	0
0.5425	0.0975	0.0556605	130.988	0
0.5425	0.1025	0.0556605	130.988	0
0.5425	0.1075	0.0556605	130.988	0
0.5425	0.1125	0.0556605	130.988	0
0.5425	0.1175	0.0556605	130.988	0
0.5425	0.1225	0.0556605	130.988	0
0.5425	0.1275	0.0556605	130.988	0
0.5425	0.1325	0.0556605	130.988	0
0.5425	0.1375	0.0556605	130.988	0
0.5425	0.1425	0.0556605	130.988	0
0.5425	0.1475	0.0556605	130.988	0
0.5425	0.1525	0.0556605	130.988	0
0.5425	0.1575	0.0556605	130.988	0
0.5425	0.1625	0.0556605	130.988	0
0.5425	0.1675	0.0556605	130.988	0
0.5425	0.1725	0.0556605	130.988	0
0.5425	0.1775	0.0556605	130.988	0
0.5425	0.1825	0.0556605	130.988	0
0.5425	0.1875	0.0556605	130.988	0
0.5425	0.1925	0.0556605	130.988	0
0.5425	0.1975	0.0556605	130.988	0
0.5425	0.2025	0.0556605	130.988	0
0.5425	0.2075	0.0556605	130.988	0
0.5425	0.2125	0.0556605	130.988	0
0.5425	0.2175	0.0556605	130.988	0
0.5425	0.2225	0.0556605	130.988	0
0.5425	0.2275	0.0556605	130.988	0
0.5425	0.2325	0.0556605	130.988	0
0.5425	0.2375	0.0556605	130.988	0
0.5425	0.2425	0.0556605	130.988	0
0.5425	0.2475	0.0556605	130.988	0
0.5425	0.2525	0.0556605	130.988	0
0.5425	0.2575	0.0556605	130.988	0
0.5425	0.2625	0.0556605	130.988	0
0.5425	0.2675	0.0556605	130.988	0
0.5425	0.2725	0.0556605	130.988	0
0.5425	0.2775	0.0556605	130.988	0
0.5425	0.2825	0.0556605	130.988	0
0.5425	0.2875	0.0556605	130.988	0
0.5425	0.2925	0.0556605	130.988	0
0.5425	0.2975	0.0556605	130.988	0
0.5425	0.3025	0.0556605	130.988	0
0.5425	0.3075	0.0556605	130.988	0
0.5425	0.3125	0.0556605	130.988	0
0.5425	0.3175	0.0556605	130.988	0
0.5425	0.3225	0.0556605	130.988	-7.50985e-19
0.5425	0.3275	0.0556605	130.988	2.40879e-17
0.5425	0.3325	0.0556605	130.988	-7.69204e-11
0.5425	0.3375	0.0556605	130.988	-4.29782e-08
0.5425	0.3425	0.0556605	130.988	-6.39147e-07
0.5425	0.3475	0.0556609	130.988	-9.63875e-06
0.5425	0.3525	0.0556648	130.983	-9.33615e-05
0.5425	0.3575	0.0556994	130.912	-0.000440505
0.5425	0.3625	0.0558091	130.603	-0.00127578
0.5425	0.3675	0.0560816	129.797	-0.00372735
0.5425	0.3725	0.05684	128.24	-0.0112422
0.5425	0.3775	0.0586694	125.054	-0.0371075
0.5425	0.3825	0.0631103	119.409	-0.168425
0.5425	0.3875	0.079796	109.198	-1.38451
0.5425	0.3925	0.213054	73.6622	-4.33386
0.5425	0.3975	1.50163	22.1329	-2.03452
0.5425	0.4025	2.19148	9.48583	0.583515
0.5425	0.4075	1.68216	2.91414	1.30346
0.5425	0.4125	1.16062	0.506244	0.441052
0.5425	0.4175	1.03485	0.0999399	0.0361526
0.5425	0.4225	1.02356	0.0786268	0.00216644
0.5425	0.4275	1.02291	0.0780086	0.00010645
0.5425	0.4325	1.0229	0.0779903	1.37805e-05
0.5425	0.4375	1.0229	0.0779588	2.92319e-06
0.5425	0.4425	1.0229	0.0779526	4.60561e-07
0.5425	0.4475	1.0229	0.0779524	4.90713e-08
0.5425	0.4525	1.0229	0.0779526	2.17476e-09
0.5425	0.4575	1.0229	0.0779527	1.24197e-09
0.5425	0.4625	1.0229	0.0779526	3.05273e-10
0.5425	0.4675	1.0229	0.0779527	-1.67218e-09
0.5425	0.4725	1.0229	0.0779527	1.93853e-13
0.5425	0.4775	1.0229	0.0779527	4.50784e-17
0.5425	0.4825	1.0229	0.0779527	0
0.5425	0.4875	1.0229	0.0779527	0
0.5425	0.4925	1.0229	0.0779527	0
0.5425	0.4975	1.0229	0.0779527	0
0.5425	0.5025	1.0229	0.0779527	0
0.5425	0.5075	1.0229	0.0779527	0
0.5425	0.5125	1.0229	0.0779527	0
0.5425	0.5175	1.0229	0.0779527	0
0.5425	0.5225	1.0229	0.0779527	0
0.5425	0.5275	1.0229	0.0779527	-4.50784e-17
0.5425	0.5325	1.0229	0.0779527	-1.93853e-13
0.5425	0.5375	1.0229	0.0779527	1.67218e-09
0.5425	0.5425	1.0229	0.0779526	-3.05273e-10
0.5425	0.5475	1.0229	0.0779527	-1.24197e-09
0.5425	0.5525	1.0229	0.0779526	-2.17476e-09
0.5425	0.5575	1.0229	0.0779524	-4.90713e-08
0.5425	0.5625	1.0229	0.0779526	-4.60561e-07
0.5425	0.5675	1.0229	0.0779588	-2.92319e-06
0.5425	0.5725	1.0229	0.0779903	-1.37805e-05
0.5425	0.5775	1.02291	0.0780086	-0.00010645
0.5425	0.5825	1.02356	0.0786268	-0.00216644
0.5425	0.5875	1.03485	0.0999399	-0.0361526
0.5425	0.5925	1.16062	0.506244	-0.441052
0.5425	0.5975	1.68216	2.91414	-1.30346
0.5425	0.6025	2.19148	9.48583	-0.583515
0.5425	0.6075	1.50163	22.1329	2.03452
0.5425	0.6125	0.213054	73.6622	4.33386
0.5425	0.6175	0.079796	109.198	1.38451
0.5425	0.6225	0.0631103	119.409	0.168425
0.5425	0.6275	0.0586694	125.054	0.0371075
0.5425	0.6325	0.05684	128.24	0.0112422
0.5425	0.6375	0.0560816	129.797	0.00372735
0.5425	0.6425	0.0558091	130.603	0.00127578
0.5425	0.6475	0.0556994	130.912	0.000440505
0.5425	0.6525	0.0556648	130.983	9.33615e-05
0.5425	0.6575	0.0556609	130.988	9.63875e-06
0.5425	0.6625	0.0556605	130.988	6.39147e-07
0.5425	0.6675	0.0556605	130.988	4.29782e-08
0.5425	0.6725	0.0556605	130.988	7.69204e-11
0.5425	0.6775	0.0556605	130.988	-2.40879e-17
0.5425	0.6825	0.0556605	130.988	7.50985e-19
0.5425	0.6875	0.0556605	130.988	0
0.5425	0.6925	0.0556605	130.988	0
0.5425	0.6975	0.0556605	130.988	0
0.5425	0.7025	0.0556605	130.988	0
0.5425	0.7075	0.0556605	130.988	0
0.5425	0.7125	0.0556605	130.988	0
0.5425	0.7175	0.0556605	130.988	0
0.5425	0.7225	0.0556605	130.988	0
0.5425	0.7275	0.0556605	130.988	0
0.5425	0.7325	0.0556605	130.988	0
0.5425	0.7375	0.0556605	130.988	0
0.5425	0.7425	0.0556605	130.988	0
0.5425	0.7475	0.0556605	130.988	0
0.5425	0.7525	0.0556605	130.988	0
0.5425	0.7575	0.0556605	130.988	0
0.5425	0.7625	0.0556605	130.988	0
0.5425	0.7675	0.0556605	130.988	0
0.5425	0.7725	0.0556605	130.988	0
0.5425	0.7775	0.0556605	130.988	0
0.5425	0.7825	0.0556605	130.988	0
0.5425	0.7875	0.0556605	130.988	0
0.5425	0.7925	0.0556605	130.988	0
0.5425	0.7975	0.0556605	130.988	0
0.5425	0.8025	0.0556605	130.988	0
0.5425	0.8075	0.0556605	130.988	0
0.5425	0.8125	0.0556605	130.988	0
0.5425	0.8175	0.0556605	130.988	0
0.5425	0.8225	0.0556605	130.988	0
0.5425	0.8275	0.0556605	130.988	0
0.5425	0.8325	0.0556605	130.988	0
0.5425	0.8375	0.0556605	130.988	0
0.5425	0.8425	0.0556605	130.988	0
0.5425	0.8475	0.0556605	130.988	0
0.5425	0.8525	0.0556605	130.988	0
0.5425	0.8575	0.0556605	130.988	0
0.5425	0.8625	0.0556605	130.988	0
0.5425	0.8675	0.0556605	130.988	0
0.5425	0.8725	0.0556605	130.988	0
0.5425	0.8775	0.0556605	130.988	0
0.5425	0.8825	0.0556605	130.988	0
0.5425	0.8875	0.0556605	130.988	0
0.5425	0.8925	0.0556605	130.988	0
0.5425	0.8975	0.0556605	130.988	0
0.5425	0.9025	0.0556605	130.988	0
0.5425	0.9075	0.0556605	130.988	0
0.5425	0.9125	0.0556605	130.988	0
0.5425	0.9175	0.0556605	130.988	0
0.5425	0.9225	0.0556605	130.988	0
0.5425	0.9275	0.0556605	130.988	0
0.5425	0.9325	0.0556605	130.988	0
0.5425	0.9375	0.0556605	130.988	-7.50985e-19
0.5425	0.9425	0.0556605	130.988	2.40827e-17
0.5425	0.9475	0.0556605	130.988	-7.34822e-11
0.5425	0.9525	0.0556605	130.988	-7.42214e-11
0.5425	0.9575	0.0556605	130.988	-4.98136e-09
0.5425	0.9625	0.0556605	130.988	1.8434e-07
0.5425	0.9675	0.0556605	130.988	2.63698e-06
0.5425	0.9725	0.0556601	130.989	2.06649e-05
0.5425	0.9775	0.0556581	130.991	0.000118367
0.5425	0.9825	0.055651	130.999	0.000452632
0.5425	0.9875	0.0556555	130.994	0.000716139
0.5425	0.9925	0.0558611	130.761	-0.00532585
0.5425	0.9975	0.0569916	129.432	-0.0246306
0.5425	1.0025	0.0583536	127.92	-0.00399952
0.5475	0.0075	0.473106	59.4614	0.00264303
0.5475	0.0125	0.459579	60.0637	0.02024
0.5475	0.0175	0.44839	60.6129	0.00357703
0.5475	0.0225	0.446301	60.7036	-0.000705564
0.5475	0.0275	0.446218	60.705	-0.000469135
0.5475	0.0325	0.446277	60.7018	-0.000127643
0.5475	0.0375	0.446295	60.701	-2.28097e-05
0.5475	0.0425	0.446298	60.7008	-2.96469e-06
0.5475	0.0475	0.446299	60.7008	-2.0928e-07
0.5475	0.0525	0.446299	60.7008	6.10785e-09
0.5475	0.0575	0.446299	60.7008	4.01545e-11
0.5475	0.0625	0.446299	60.7008	3.96622e-11
0.5475	0.0675	0.446299	60.7008	-1.61869e-17
0.5475	0.0725	0.446299	60.7008	4.21837e-19
0.5475	0.0775	0.446299	60.7008	0
0.5475	0.0825	0.446299	60.7008	0
0.5475	0.0875	0.446299	60.7008	0
0.5475	0.0925	0.446299	60.7008	0
0.5475	0.0975	0.446299	60.7008	0
0.5475	0.1025	0.446299	60.7008	0
0.5475	0.1075	0.446299	60.7008	0
0.5475	0.1125	0.446299	60.7008	0
0.5475	0.1175	0.446299	60.7008	0
0.5475	0.1225	0.446299	60.7008	0
0.5475	0.1275	0.446299	60.7008	0
0.5475	0.1325	0.446299	60.7008	0
0.5475	0.1375	0.446299	60.7008	0
0.5475	0.1425	0.446299	60.7008	0
0.5475	0.1475	0.446299	60.7008	0
0.5475	0.1525	0.446299	60.7008	0
0.5475	0.1575	0.446299	60.7008	0
0.5475	0.1625	0.446299	60.7008	0
0.5475	0.1675	0.446299	60.7008	0
0.5475	0.1725	0.446299	60.7008	0
0.5475	0.1775	0.446299	60.7008	0
0.5475	0.1825	0.446299	60.7008	0
0.5475	0.1875	0.446299	60.7008	0
0.5475	0.1925	0.446299	60.7008	0
0.5475	0.1975	0.446299	60.7008	0
0.5475	0.2025	0.446299	60.7008	0
0.5475	0.2075	0.446299	60.7008	0
0.5475	0.2125	0.446299	60.7008	0
0.5475	0.2175	0.446299	60.7008	0
0.5475	0.2225	0.446299	60.7008	0
0.5475	0.2275	0.446299	60.7008	0
0.5475	0.2325	0.446299	60.7008	0
0.5475	0.2375	0.446299	60.7008	0
0.5475	0.2425	0.446299	60.7008	0
0.5475	0.2475	0.446299	60.7008	0
0.5475	0.2525	0.446299	60.7008	0
0.5475	0.2575	0.446299	60.7008	0
0.5475	0.2625	0.446299	60.7008	0
0.5475	0.2675	0.446299	60.7008	0
0.5475	0.2725	0.446299	60.7008	0
0.5475	0.2775	0.446299	60.7008	0
0.5475	0.2825	0.446299	60.7008	0
0.5475	0.2875	0.446299	60.7008	0
0.5475	0.2925	0.446299	60.7008	0
0.5475	0.2975	0.446299	60.7008	0
0.5475	0.3025	0.446299	60.7008	0
0.5475	0.3075	0.446299	60.7008	0
0.5475	0.3125	0.446299	60.7008	0
0.5475	0.3175	0.446299	60.7008	0
0.5475	0.3225	0.446299	60.7008	-4.21837e-19
0.5475	0.3275	0.446299	60.7008	1.61791e-17
0.5475	0.3325	0.446299	60.7008	-4.01191e-11
0.5475	0.3375	0.446299	60.7008	-5.60493e-08
0.5475	0.3425	0.446299	60.7008	-5.16686e-07
0.5475	0.3475	0.446303	60.7005	-8.27746e-06
0.5475	0.3525	0.446343	60.6983	-8.39212e-05
0.5475	0.3575	0.446684	60.6693	-0.000401253
0.5475	0.3625	0.447782	60.5497	-0.00117326
0.5475	0.3675	0.45064	60.2598	-0.0034811
0.5475	0.3725	0.45827	59.6527	-0.0109643
0.5475	0.3775	0.476633	58.4139	-0.0382598
0.5475	0.3825	0.520685	56.3839	-0.170725
0.5475	0.3875	0.678559	54.1017	-1.0332
0.5475	0.3925	1.44731	43.0767	-2.30586
0.5475	0.3975	2.87125	17.9951	-0.577335
0.5475	0.4025	2.47626	7.76165	1.49154
0.5475	0.4075	1.43989	1.82404	1.10614
0.5475	0.4125	1.0441	0.131806	0.121817
0.5475	0.4175	1.00444	0.00902811	0.00752402
0.5475	0.4225	1	0.00406461	0.000451083
0.5475	0.4275	1	0.00393496	9.37146e-06
0.5475	0.4325	1	0.00393078	3.99762e-07
0.5475	0.4375	1	0.00393	4.65039e-08
0.5475	0.4425	1	0.0039299	6.41299e-09
0.5475	0.4475	1	0.0039299	5.82065e-10
0.5475	0.4525	1	0.00392991	1.3399e-11
0.5475	0.4575	1	0.00392991	1.3232e-11
0.5475	0.4625	1	0.00392991	2.25059e-12
0.5475	0.4675	1	0.00392991	-2.02227e-11
0.5475	0.4725	1	0.00392991	1.75216e-15
0.5475	0.4775	1	0.00392991	1.6893e-19
0.5475	0.4825	1	0.00392991	0
0.5475	0.4875	1	0.00392991	0
0.5475	0.4925	1	0.00392991	0
0.5475	0.4975	1	0.00392991	0
0.5475	0.5025	1	0.00392991	0
0.5475	0.5075	1	0.00392991	0
0.5475	0.5125	1	0.00392991	0
0.5475	0.5175	1	0.00392991	0
0.5475	0.5225	1	0.00392991	0
0.5475	0.5275	1	0.00392991	-1.6893e-19
0.5475	0.5325	1	0.00392991	-1.75216e-15
0.5475	0.5375	1	0.00392991	2.02227e-11
0.5475	0.5425	1	0.00392991	-2.25059e-12
0.5475	0.5475	1	0.00392991	-1.3232e-11
0.5475	0.5525	1	0.00392991	-1.3399e-11
0.5475	0.5575	1	0.0039299	-5.82065e-10
0.5475	0.5625	1	0.0039299	-6.41299e-09
0.5475	0.5675	1	0.00393	-4.65039e-08
0.5475	0.5725	1	0.00393078	-3.99762e-07
0.5475	0.5775	1	0.00393496	-9.37146e-06
0.5475	0.5825	1	0.00406461	-0.000451083
0.5475	0.5875	1.00444	0.00902811	-0.00752402
0.5475	0.5925	1.0441	0.131806	-0.121817
0.5475	0.5975	1.43989	1.82404	-1.10614
0.5475	0.6025	2.47626	7.76165	-1.49154
0.5475	0.6075	2.87125	17.9951	0.577335
0.5475	0.6125	1.44731	43.0767	2.30586
0.5475	0.6175	0.678559	54.1017	1.0332
0.5475	0.6225	0.520685	56.3839	0.170725
0.5475	0.6275	0.476633	58.4139	0.0382598
0.5475	0.6325	0.45827	59.6527	0.0109643
0.5475	0.6375	0.45064	60.2598	0.0034811
0.5475	0.6425	0.447782	60.5497	0.00117326
0.5475	0.6475	0.446684	60.6693	0.000401253
0.5475	0.6525	0.446343	60.6983	8.39212e-05
0.5475	0.6575	0.446303	60.7005	8.27746e-06
0.5475	0.6625	0.446299	60.7008	5.16686e-07
0.5475	0.6675	0.446299	60.7008	5.60493e-08
0.5475	0.6725	0.446299	60.7008	4.01191e-11
0.5475	0.6775	0.446299	60.7008	-1.61791e-17
0.5475	0.6825	0.446299	60.7008	4.21837e-19
0.5475	0.6875	0.446299	60.7008	0
0.5475	0.6925	0.446299	60.7008	0
0.5475	0.6975	0.446299	60.7008	0
0.5475	0.7025	0.446299	60.7008	0
0.5475	0.7075	0.446299	60.7008	0
0.5475	0.7125	0.446299	60.7008	0
0.5475	0.7175	0.446299	60.7008	0
0.5475	0.7225	0.446299	60.7008	0
0.5475	0.7275	0.446299	60.7008	0
0.5475	0.7325	0.446299	60.7008	0
0.5475	0.7375	0.446299	60.7008	0
0.5475	0.7425	0.446299	60.7008	0
0.5475	0.7475	0.446299	60.7008	0
0.5475	0.7525	0.446299	60.7008	0
0.5475	0.7575	0.446299	60.7008	0
0.5475	0.7625	0.446299	60.7008	0
0.5475	0.7675	0.446299	60.7008	0
0.5475	0.7725	0.446299	60.7008	0
0.5475	0.7775	0.446299	60.7008	0
0.5475	0.7825	0.446299	60.7008	0
0.5475	0.7875	0.446299	60.7008	0
0.5475	0.7925	0.446299	60.7008	0
0.5475	0.7975	0.446299	60.7008	0
0.5475	0.8025	0.446299	60.7008	0
0.5475	0.8075	0.446299	60.7008	0
0.5475	0.8125	0.446299	60.7008	0
0.5475	0.8175	0.446299	60.7008	0
0.5475	0.8225	0.446299	60.7008	0
0.5475	0.8275	0.446299	60.7008	0
0.5475	0.8325	0.446299	60.7008	0
0.5475	0.8375	0.446299	60.7008	0
0.5475	0.8425	0.446299	60.7008	0
0.5475	0.8475	0.446299	60.7008	0
0.5475	0.8525	0.446299	60.7008	0
0.5475	0.8575	0.446299	60.7008	0
0.5475	0.8625	0.446299	60.7008	0
0.5475	0.8675	0.446299	60.7008	0
0.5475	0.8725	0.446299	60.7008	0
0.5475	0.8775	0.446299	60.7008	0
0.5475	0.8825	0.446299	60.7008	0
0.5475	0.8875	0.446299	60.7008	0
0.5475	0.8925	0.446299	60.7008	0
0.5475	0.8975	0.446299	60.7008	0
0.5475	0.9025	0.446299	60.7008	0
0.5475	0.9075	0.446299	60.7008	0
0.5475	0.9125	0.446299	60.7008	0
0.5475	0.9175	0.446299	60.7008	0
0.5475	0.9225	0.446299	60.7008	0
0.5475	0.9275	0.446299	60.7008	0
0.5475	0.9325	0.446299	60.7008	0
0.5475	0.9375	0.446299	60.7008	-4.21837e-19
0.5475	0.9425	0.446299	60.7008	1.61869e-17
0.5475	0.9475	0.446299	60.7008	-3.96622e-11
0.5475	0.9525	0.446299	60.7008	-4.01545e-11
0.5475	0.9575	0.446299	60.7008	-6.10662e-09
0.5475	0.9625	0.446299	60.7008	2.09384e-07
0.5475	0.9675	0.446298	60.7008	2.97949e-06
0.5475	0.9725	0.446295	60.701	2.28738e-05
0.5475	0.9775	0.446277	60.7018	0.000128067
0.5475	0.9825	0.446217	60.7051	0.000470096
0.5475	0.9875	0.446301	60.7037	0.000707051
0.5475	0.9925	0.448391	60.6128	-0.00356695
0.5475	0.9975	0.459581	60.0636	-0.0202254
0.5475	1.0025	0.473111	59.4612	-0.0026239
0.5525	0.0075	2.78157	33.2155	-0.000656482
0.5525	0.0125	2.75689	33.4231	0.00941945
0.5525	0.0175	2.73642	33.6217	0.000184552
0.5525	0.0225	2.73338	33.6486	-0.00122302
0.5525	0.0275	2.73364	33.6478	-0.000615975
0.5525	0.0325	2.7339	33.6465	-0.000147945
0.5525	0.0375	2.73396	33.6462	-2.76313e-05
0.5525	0.0425	2.73398	33.6462	-3.88105e-06
0.5525	0.0475	2.73398	33.6462	-3.20158e-07
0.5525	0.0525	2.73398	33.6462	3.84136e-09
0.5525	0.0575	2.73398	33.6462	7.49325e-12
0.5525	0.0625	2.73398	33.6462	7.31671e-12
0.5525	0.0675	2.73398	33.6462	-5.35773e-18
0.5525	0.0725	2.73398	33.6462	1.11147e-19
0.5525	0.0775	2.73398	33.6462	0
0.5525	0.0825	2.73398	33.6462	0
0.5525	0.0875	2.73398	33.6462	0
0.5525	0.0925	2.73398	33.6462	0
0.5525	0.0975	2.73398	33.6462	0
0.5525	0.1025	2.73398	33.6462	0
0.5525	0.1075	2.73398	33.6462	0
0.5525	0.1125	2.73398	33.6462	0
0.5525	0.1175	2.73398	33.6462	0
0.5525	0.1225	2.73398	33.6462	0
0.5525	0.1275	2.73398	33.6462	0
0.5525	0.1325	2.73398	33.6462	0
0.5525	0.1375	2.73398	33.6462	0
0.5525	0.1425	2.73398	33.6462	0
0.5525	0.1475	2.73398	33.6462	0
0.5525	0.1525	2.73398	33.6462	0
0.5525	0.1575	2.73398	33.6462	0
0.5525	0.1625	2.73398	33.6462	0
0.5525	0.1675	2.73398	33.6462	0
0.5525	0.1725	2.73398	33.6462	0
0.5525	0.1775	2.73398	33.6462	0
0.5525	0.1825	2.73398	33.6462	0
0.5525	0.1875	2.73398	33.6462	0
0.5525	0.1925	2.73398	33.6462	0
0.5525	0.1975	2.73398	33.6462	0
0.5525	0.2025	2.73398	33.6462	0
0.5525	0.2075	2.73398	33.6462	0
0.5525	0.2125	2.73398	33.6462	0
0.5525	0.2175	2.73398	33.6462	0
0.5525	0.2225	2.73398	33.6462	0
0.5525	0.2275	2.73398	33.6462	0
0.5525	0.2325	2.73398	33.6462	0
0.5525	0.2375	2.73398	33.6462	0
0.5525	0.2425	2.73398	33.6462	0
0.5525	0.2475	2.73398	33.6462	0
0.5525	0.2525	2.73398	33.6462	0
0.5525	0.2575	2.73398	33.6462	0
0.5525	0.2625	2.73398	33.6462	0
0.5525	0.2675	2.73398	33.6462	0
0.5525	0.2725	2.73398	33.6462	0
0.5525	0.2775	2.73398	33.6462	0
0.5525	0.2825	2.73398	33.6462	0
0.5525	0.2875	2.73398	33.6462	0
0.5525	0.2925	2.73398	33.6462	0
0.5525	0.2975	2.73398	33.6462	0
0.5525	0.3025	2.73398	33.6462	0
0.5525	0.3075	2.73398	33.6462	0
0.5525	0.3125	2.73398	33.6462	0
0.5525	0.3175	2.73398	33.6462	0
0.5525	0.3225	2.73398	33.6462	-1.11147e-19
0.5525	0.3275	2.73398	33.6462	5.35321e-18
0.5525	0.3325	2.73398	33.6462	-7.35123e-12
0.5525	0.3375	2.73398	33.6462	-5.41862e-08
0.5525	0.3425	2.73398	33.6462	-1.42084e-07
0.5525	0.3475	2.73399	33.6461	-3.46849e-06
0.5525	0.3525	2.73405	33.6451	-4.25233e-05
0.5525	0.3575	2.73458	33.6343	-0.000213213
0.5525	0.3625	2.73633	33.5932	-0.000648346
0.5525	0.3675	2.74107	33.4981	-0.00206863
0.5525	0.3725	2.75417	33.2786	-0.0076136
0.5525	0.3775	2.7891	32.8374	-0.0315089
0.5525	0.3825	2.88211	32.2016	-0.140043
0.5525	0.3875	3.14914	31.2951	-0.519804
0.5525	0.3925	3.76175	24.653	-0.652127
0.5525	0.3975	3.5322	14.2987	0.732455
0.5525	0.4025	2.09483	4.93027	1.50216
0.5525	0.4075	1.13558	0.575767	0.395416
0.5525	0.4125	1.00709	0.0190746	0.01995
0.5525	0.4175	1	0.000765453	0.000818758
0.5525	0.4225	1	0.000111414	1.95922e-05
0.5525	0.4275	1	9.90489e-05	4.21362e-07
0.5525	0.4325	1	9.87727e-05	9.57805e-09
0.5525	0.4375	1	9.87547e-05	7.00898e-10
0.5525	0.4425	1	9.87529e-05	8.54019e-11
0.5525	0.4475	1	9.8753e-05	7.29638e-12
0.5525	0.4525	1	9.87531e-05	4.94499e-14
0.5525	0.4575	1	9.87531e-05	1.09532e-13
0.5525	0.4625	1	9.87531e-05	1.50657e-14
0.5525	0.4675	1	9.87531e-05	-1.78897e-13
0.5525	0.4725	1	9.87531e-05	1.35269e-17
0.5525	0.4775	1	9.87531e-05	5.44406e-22
0.5525	0.4825	1	9.87531e-05	0
0.5525	0.4875	1	9.87531e-05	0
0.5525	0.4925	1	9.87531e-05	0
0.5525	0.4975	1	9.87531e-05	0
0.5525	0.5025	1	9.87531e-05	0
0.5525	0.5075	1	9.87531e-05	0
0.5525	0.5125	1	9.87531e-05	0
0.5525	0.5175	1	9.87531e-05	0
0.5525	0.5225	1	9.87531e-05	0
0.5525	0.5275	1	9.87531e-05	-5.44406e-22
0.5525	0.5325	1	9.87531e-05	-1.35269e-17
0.5525	0.5375	1	9.87531e-05	1.78897e-13
0.5525	0.5425	1	9.87531e-05	-1.50657e-14
0.5525	0.5475	1	9.87531e-05	-1.09532e-13
0.5525	0.5525	1	9.87531e-05	-4.94499e-14
0.5525	0.5575	1	9.8753e-05	-7.29638e-12
0.5525	0.5625	1	9.87529e-05	-8.54019e-11
0.5525	0.5675	1	9.87547e-05	-7.00898e-10
0.5525	0.5725	1	9.87727e-05	-9.57805e-09
0.5525	0.5775	1	9.90489e-05	-4.21362e-07
0.5525	0.5825	1	0.000111414	-1.95922e-05
0.5525	0.5875	1	0.000765453	-0.000818758
0.5525	0.5925	1.00709	0.0190746	-0.01995
0.5525	0.5975	1.13558	0.575767	-0.395416
0.5525	0.6025	2.09483	4.93027	-1.50216
0.5525	0.6075	3.5322	14.2987	-0.732455
0.5525	0.6125	3.76175	24.653	0.652127
0.5525	0.6175	3.14914	31.2951	0.519804
0.5525	0.6225	2.88211	32.2016	0.140043
0.5525	0.6275	2.7891	32.8374	0.0315089
0.5525	0.6325	2.75417	33.2786	0.0076136
0.5525	0.6375	2.74107	33.4981	0.00206863
0.5525	0.6425	2.73633	33.5932	0.000648346
0.5525	0.6475	2.73458	33.6343	0.000213213
0.5525	0.6525	2.73405	33.6451	4.25233e-05
0.5525	0.6575	2.73399	33.6461	3.46849e-06
0.5525	0.6625	2.73398	33.6462	1.42084e-07
0.5525	0.6675	2.73398	33.6462	5.41862e-08
0.5525	0.6725	2.73398	33.6462	7.35123e-12
0.5525	0.6775	2.73398	33.6462	-5.35321e-18
0.5525	0.6825	2.73398	33.6462	1.11147e-19
0.5525	0.6875	2.73398	33.6462	0
0.5525	0.6925	2.73398	33.6462	0
0.5525	0.6975	2.73398	33.6462	0
0.5525	0.7025	2.73398	33.6462	0
0.5525	0.7075	2.73398	33.6462	0
0.5525	0.7125	2.73398	33.6462	0
0.5525	0.7175	2.73398	33.6462	0
0.5525	0.7225	2.73398	33.6462	0
0.5525	0.7275	2.73398	33.6462	0
0.5525	0.7325	2.73398	33.6462	0
0.5525	0.7375	2.73398	33.6462	0
0.5525	0.7425	2.73398	33.6462	0
0.5525	0.7475	2.73398	33.6462	0
0.5525	0.7525	2.73398	33.6462	0
0.5525	0.7575	2.73398	33.6462	0
0.5525	0.7625	2.73398	33.6462	0
0.5525	0.7675	2.73398	33.6462	0
0.5525	0.7725	2.73398	33.6462	0
0.5525	0.7775	2.73398	33.6462	0
0.5525	0.7825	2.73398	33.6462	0
0.5525	0.7875	2.73398	33.6462	0
0.5525	0.7925	2.73398	33.6462	0
0.5525	0.7975	2.73398	33.6462	0
0.5525	0.8025	2.73398	33.6462	0
0.5525	0.8075	2.73398	33.6462	0
0.5525	0.8125	2.73398	33.6462	0
0.5525	0.8175	2.73398	33.6462	0
0.5525	0.8225	2.73398	33.6462	0
0.5525	0.8275	2.73398	33.6462	0
0.5525	0.8325	2.73398	33.6462	0
0.5525	0.8375	2.73398	33.6462	0
0.5525	0.8425	2.73398	33.6462	0
0.5525	0.8475	2.73398	33.6462	0
0.5525	0.8525	2.73398	33.6462	0
0.5525	0.8575	2.73398	33.6462	0
0.5525	0.8625	2.73398	33.6462	0
0.5525	0.8675	2.73398	33.6462	0
0.5525	0.8725	2.73398	33.6462	0
0.5525	0.8775	2.73398	33.6462	0
0.5525	0.8825	2.73398	33.6462	0
0.5525	0.8875	2.73398	33.6462	0
0.5525	0.8925	2.73398	33.6462	0
0.5525	0.8975	2.73398	33.6462	0
0.5525	0.9025	2.73398	33.6462	0
0.5525	0.9075	2.73398	33.6462	0
0.5525	0.9125	2.73398	33.6462	0
0.5525	0.9175	2.73398	33.6462	0
0.5525	0.9225	2.73398	33.6462	0
0.5525	0.9275	2.73398	33.6462	0
0.5525	0.9325	2.73398	33.6462	0
0.5525	0.9375	2.73398	33.6462	-1.11147e-19
0.5525	0.9425	2.73398	33.6462	5.35773e-18
0.5525	0.9475	2.73398	33.6462	-7.31671e-12
0.5525	0.9525	2.73398	33.6462	-7.49325e-12
0.5525	0.9575	2.73398	33.6462	-3.84132e-09
0.5525	0.9625	2.73398	33.6462	3.2019e-07
0.5525	0.9675	2.73398	33.6462	3.89812e-06
0.5525	0.9725	2.73396	33.6462	2.76976e-05
0.5525	0.9775	2.7339	33.6465	0.000148239
0.5525	0.9825	2.73363	33.6478	0.000617119
0.5525	0.9875	2.73338	33.6486	0.00122506
0.5525	0.9925	2.73642	33.6217	-0.000178367
0.5525	0.9975	2.7569	33.4231	-0.00940669
0.5525	1.0025	2.78158	33.2154	0.000666843
0.5575	0.0075	4.58673	19.6783	-0.00738951
0.5575	0.0125	4.58124	19.7285	-0.008032
0.5575	0.0175	4.57694	19.7836	-0.00612212
0.5575	0.0225	4.5783	19.7879	-0.00254175
0.5575	0.0275	4.57933	19.7871	-0.000723633
0.5575	0.0325	4.57969	19.7869	-0.000151355
0.5575	0.0375	4.57977	19.7868	-2.68899e-05
0.5575	0.0425	4.57979	19.7868	-3.93965e-06
0.5575	0.0475	4.57979	19.7868	-3.75463e-07
0.5575	0.0525	4.57979	19.7868	2.37842e-09
0.5575	0.0575	4.57979	19.7868	4.90336e-13
0.5575	0.0625	4.57979	19.7868	4.24922e-13
0.5575	0.0675	4.57979	19.7868	-1.42513e-18
0.5575	0.0725	4.57979	19.7868	3.45385e-20
0.5575	0.0775	4.57979	19.7868	0
0.5575	0.0825	4.57979	19.7868	0
0.5575	0.0875	4.57979	19.7868	0
0.5575	0.0925	4.57979	19.7868	0
0.5575	0.0975	4.57979	19.7868	0
0.5575	0.1025	4.57979	19.7868	0
0.5575	0.1075	4.57979	19.7868	0
0.5575	0.1125	4.57979	19.7868	0
0.5575	0.1175	4.57979	19.7868	0
0.5575	0.1225	4.57979	19.7868	0
0.5575	0.1275	4.57979	19.7868	0
0.5575	0.1325	4.57979	19.7868	0
0.5575	0.1375	4.57979	19.7868	0
0.5575	0.1425	4.57979	19.7868	0
0.5575	0.1475	4.57979	19.7868	0
0.5575	0.1525	4.57979	19.7868	0
0.5575	0.1575	4.57979	19.7868	0
0.5575	0.1625	4.57979	19.7868	0
0.5575	0.1675	4.57979	19.7868	0
0.5575	0.1725	4.57979	19.7868	0
0.5575	0.1775	4.57979	19.7868	0
0.5575	0.1825	4.57979	19.7868	0
0.5575	0.1875	4.57979	19.7868	0
0.5575	0.1925	4.57979	19.7868	0
0.5575	0.1975	4.57979	19.7868	0
0.5575	0.2025	4.57979	19.7868	0
0.5575	0.2075	4.57979	19.7868	0
0.5575	0.2125	4.57979	19.7868	0
0.5575	0.2175	4.57979	19.7868	0
0.5575	0.2225	4.57979	19.7868	0
0.5575	0.2275	4.57979	19.7868	0
0.5575	0.2325	4.57979	19.7868	0
0.5575	0.2375	4.57979	19.7868	0
0.5575	0.2425	4.57979	19.7868	0
0.5575	0.2475	4.57979	19.7868	0
0.5575	0.2525	4.57979	19.7868	0
0.5575	0.2575	4.57979	19.7868	0
0.5575	0.2625	4.57979	19.7868	0
0.5575	0.2675	4.57979	19.7868	0
0.5575	0.2725	4.57979	19.7868	0
0.5575	0.2775	4.57979	19.7868	0
0.5575	0.2825	4.57979	19.7868	0
0.5575	0.2875	4.57979	19.7868	0
0.5575	0.2925	4.57979	19.7868	0
0.5575	0.2975	4.57979	19.7868	0
0.5575	0.3025	4.57979	19.7868	0
0.5575	0.3075	4.57979	19.7868	0
0.5575	0.3125	4.57979	19.7868	0
0.5575	0.3175	4.57979	19.7868	0
0.5575	0.3225	4.57979	19.7868	-3.45385e-20
0.5575	0.3275	4.57979	19.7868	1.42401e-18
0.5575	0.3325	4.57979	19.7868	-4.28026e-13
0.5575	0.3375	4.57979	19.7868	6.1353e-08
0.5575	0.3425	4.57979	19.7868	1.02455e-06
0.5575	0.3475	4.57979	19.7868	7.5326e-06
0.5575	0.3525	4.57977	19.7864	4.48216e-05
0.5575	0.3575	4.57964	19.783	0.000184439
0.5575	0.3625	4.57909	19.7708	0.000509487
0.5575	0.3675	4.57811	19.7432	0.00119327
0.5575	0.3725	4.57769	19.6748	0.000896914
0.5575	0.3775	4.58518	19.5495	-0.00971088
0.5575	0.3825	4.6278	19.4348	-0.0640544
0.5575	0.3875	4.72312	19.4504	-0.157199
0.5575	0.3925	4.54603	17.4485	0.165127
0.5575	0.3975	3.09955	10.2764	1.25386
0.5575	0.4025	1.31825	1.74328	0.7087
0.5575	0.4075	1.0185	0.0633519	0.0458335
0.5575	0.4125	1	0.00153558	0.00186316
0.5575	0.4175	1	3.34848e-05	3.81864e-05
0.5575	0.4225	1	3.04161e-06	7.8296e-07
0.5575	0.4275	1	2.45634e-06	1.38613e-08
0.5575	0.4325	1	2.44413e-06	1.17312e-10
0.5575	0.4375	1	2.44365e-06	1.04981e-11
0.5575	0.4425	1	2.44362e-06	1.1471e-12
0.5575	0.4475	1	2.44362e-06	9.72375e-14
0.5575	0.4525	1	2.44362e-06	-4.50519e-16
0.5575	0.4575	1	2.44362e-06	6.3831e-16
0.5575	0.4625	1	2.44362e-06	1.0602e-16
0.5575	0.4675	1	2.44362e-06	-1.29731e-15
0.5575	0.4725	1	2.44362e-06	9.47798e-20
0.5575	0.4775	1	2.44362e-06	1.60266e-24
0.5575	0.4825	1	2.44362e-06	0
0.5575	0.4875	1	2.44362e-06	0
0.5575	0.4925	1	2.44362e-06	0
0.5575	0.4975	1	2.44362e-06	0
0.5575	0.5025	1	2.44362e-06	0
0.5575	0.5075	1	2.44362e-06	0
0.5575	0.5125	1	2.44362e-06	0
0.5575	0.5175	1	2.44362e-06	0
0.5575	0.5225	1	2.44362e-06	0
0.5575	0.5275	1	2.44362e-06	-1.60266e-24
0.5575	0.5325	1	2.44362e-06	-9.47798e-20
0.5575	0.5375	1	2.44362e-06	1.29731e-15
0.5575	0.5425	1	2.44362e-06	-1.0602e-16
0.5575	0.5475	1	2.44362e-06	-6.3831e-16
0.5575	0.5525	1	2.44362e-06	4.50519e-16
0.5575	0.5575	1	2.44362e-06	-9.72375e-14
0.5575	0.5625	1	2.44362e-06	-1.1471e-12
0.5575	0.5675	1	2.44365e-06	-1.04981e-11
0.5575	0.5725	1	2.44413e-06	-1.17312e-10
0.5575	0.5775	1	2.45634e-06	-1.38613e-08
0.5575	0.5825	1	3.04161e-06	-7.8296e-07
0.5575	0.5875	1	3.34848e-05	-3.81864e-05
0.5575	0.5925	1	0.00153558	-0.00186316
0.5575	0.5975	1.0185	0.0633519	-0.0458335
0.5575	0.6025	1.31825	1.74328	-0.7087
0.5575	0.6075	3.09955	10.2764	-1.25386
0.5575	0.6125	4.54603	17.4485	-0.165127
0.5575	0.6175	4.72312	19.4504	0.157199
0.5575	0.6225	4.6278	19.4348	0.0640544
0.5575	0.6275	4.58518	19.5495	0.00971088
0.5575	0.6325	4.57769	19.6748	-0.000896914
0.5575	0.6375	4.57811	19.7432	-0.00119327
0.5575	0.6425	4.57909	19.7708	-0.000509487
0.5575	0.6475	4.57964	19.783	-0.000184439
0.5575	0.6525	4.57977	19.7864	-4.48216e-05
0.5575	0.6575	4.57979	19.7868	-7.5326e-06
0.5575	0.6625	4.57979	19.7868	-1.02455e-06
0.5575	0.6675	4.57979	19.7868	-6.1353e-08
0.5575	0.6725	4.57979	19.7868	4.28026e-13
0.5575	0.6775	4.57979	19.7868	-1.42401e-18
0.5575	0.6825	4.57979	19.7868	3.45385e-20
0.5575	0.6875	4.57979	19.7868	0
0.5575	0.6925	4.57979	19.7868	0
0.5575	0.6975	4.57979	19.7868	0
0.5575	0.7025	4.57979	19.7868	0
0.5575	0.7075	4.57979	19.7868	0
0.5575	0.7125	4.57979	19.7868	0
0.5575	0.7175	4.57979	19.7868	0
0.5575	0.7225	4.57979	19.7868	0
0.5575	0.7275	4.57979	19.7868	0
0.5575	0.7325	4.57979	19.7868	0
0.5575	0.7375	4.57979	19.7868	0
0.5575	0.7425	4.57979	19.7868	0
0.5575	0.7475	4.57979	19.7868	0
0.5575	0.7525	4.57979	19.7868	0
0.5575	0.7575	4.57979	19.7868	0
0.5575	0.7625	4.57979	19.7868	0
0.5575	0.7675	4.57979	19.7868	0
0.5575	0.7725	4.57979	19.7868	0
0.5575	0.7775	4.57979	19.7868	0
0.5575	0.7825	4.57979	19.7868	0
0.5575	0.7875	4.57979	19.7868	0
0.5575	0.7925	4.57979	19.7868	0
0.5575	0.7975	4.57979	19.7868	0
0.5575	0.8025	4.57979	19.7868	0
0.5575	0.8075	4.57979	19.7868	0
0.5575	0.8125	4.57979	19.7868	0
0.5575	0.8175	4.57979	19.7868	0
0.5575	0.8225	4.57979	19.7868	0
0.5575	0.8275	4.57979	19.7868	0
0.5575	0.8325	4.57979	19.7868	0
0.5575	0.8375	4.57979	19.7868	0
0.5575	0.8425	4.57979	19.7868	0
0.5575	0.8475	4.57979	19.7868	0
0.5575	0.8525	4.57979	19.7868	0
0.5575	0.8575	4.57979	19.7868	0
0.5575	0.8625	4.57979	19.7868	0
0.5575	0.8675	4.57979	19.7868	0
0.5575	0.8725	4.57979	19.7868	0
0.5575	0.8775	4.57979	19.7868	0
0.5575	0.8825	4.57979	19.7868	0
0.5575	0.8875	4.57979	19.7868	0
0.5575	0.8925	4.57979	19.7868	0
0.5575	0.8975	4.57979	19.7868	0
0.5575	0.9025	4.57979	19.7868	0
0.5575	0.9075	4.57979	19.7868	0
0.5575	0.9125	4.57979	19.7868	0
0.5575	0.9175	4.57979	19.7868	0
0.5575	0.9225	4.57979	19.7868	0
0.5575	0.9275	4.57979	19.7868	0
0.5575	0.9325	4.57979	19.7868	0
0.5575	0.9375	4.57979	19.7868	-3.45385e-20
0.5575	0.9425	4.57979	19.7868	1.42513e-18
0.5575	0.9475	4.57979	19.7868	-4.24922e-13
0.5575	0.9525	4.57979	19.7868	-4.90336e-13
0.5575	0.9575	4.57979	19.7868	-2.37842e-09
0.5575	0.9625	4.57979	19.7868	3.75512e-07
0.5575	0.9675	4.57979	19.7868	3.94248e-06
0.5575	0.9725	4.57977	19.7868	2.69023e-05
0.5575	0.9775	4.57969	19.7869	0.000151433
0.5575	0.9825	4.57933	19.7871	0.000724382
0.5575	0.9875	4.5783	19.7879	0.00254521
0.5575	0.9925	4.57693	19.7836	0.00613008
0.5575	0.9975	4.58124	19.7284	0.0080434
0.5575	1.0025	4.58672	19.6782	0.00740003
0.5625	0.0075	3.61977	12.8165	-0.0103737
0.5625	0.0125	3.64675	12.9167	-0.0199693
0.5625	0.0175	3.6709	13.0129	-0.00960763
0.5625	0.0225	3.67834	13.0309	-0.00272095
0.5625	0.0275	3.67982	13.0342	-0.000628545
0.5625	0.0325	3.6802	13.0344	-0.000121038
0.5625	0.0375	3.68027	13.0345	-2.0148e-05
0.5625	0.0425	3.68028	13.0345	-2.87267e-06
0.5625	0.0475	3.68028	13.0345	-3.04214e-07
0.5625	0.0525	3.68028	13.0345	-6.26355e-09
0.5625	0.0575	3.68028	13.0345	-2.90024e-13
0.5625	0.0625	3.68028	13.0345	-3.11434e-13
0.5625	0.0675	3.68028	13.0345	-2.35125e-19
0.5625	0.0725	3.68028	13.0345	9.61674e-21
0.5625	0.0775	3.68028	13.0345	0
0.5625	0.0825	3.68028	13.0345	0
0.5625	0.0875	3.68028	13.0345	0
0.5625	0.0925	3.68028	13.0345	0
0.5625	0.0975	3.68028	13.0345	0
0.5625	0.1025	3.68028	13.0345	0
0.5625	0.1075	3.68028	13.0345	0
0.5625	0.1125	3.68028	13.0345	0
0.5625	0.1175	3.68028	13.0345	0
0.5625	0.1225	3.68028	13.0345	0
0.5625	0.1275	3.68028	13.0345	0
0.5625	0.1325	3.68028	13.0345	0
0.5625	0.1375	3.68028	13.0345	0
0.5625	0.1425	3.68028	13.0345	0
0.5625	0.1475	3.68028	13.0345	0
0.5625	0.1525	3.68028	13.0345	0
0.5625	0.1575	3.68028	13.0345	0
0.5625	0.1625	3.68028	13.0345	0
0.5625	0.1675	3.68028	13.0345	0
0.5625	0.1725	3.68028	13.0345	0
0.5625	0.1775	3.68028	13.0345	0
0.5625	0.1825	3.68028	13.0345	0
0.5625	0.1875	3.68028	13.0345	0
0.5625	0.1925	3.68028	13.0345	0
0.5625	0.1975	3.68028	13.0345	0
0.5625	0.2025	3.68028	13.0345	0
0.5625	0.2075	3.68028	13.0345	0
0.5625	0.2125	3.68028	13.0345	0
0.5625	0.2175	3.68028	13.0345	0
0.5625	0.2225	3.68028	13.0345	0
0.5625	0.2275	3.68028	13.0345	0
0.5625	0.2325	3.68028	13.0345	0
0.5625	0.2375	3.68028	13.0345	0
0.5625	0.2425	3.68028	13.0345	0
0.5625	0.2475	3.68028	13.0345	0
0.5625	0.2525	3.68028	13.0345	0
0.5625	0.2575	3.68028	13.0345	0
0.5625	0.2625	3.68028	13.0345	0
0.5625	0.2675	3.68028	13.0345	0
0.5625	0.2725	3.68028	13.0345	0
0.5625	0.2775	3.68028	13.0345	0
0.5625	0.2825	3.68028	13.0345	0
0.5625	0.2875	3.68028	13.0345	0
0.5625	0.2925	3.68028	13.0345	0
0.5625	0.2975	3.68028	13.0345	0
0.5625	0.3025	3.68028	13.0345	0
0.5625	0.3075	3.68028	13.0345	0
0.5625	0.3125	3.68028	13.0345	0
0.5625	0.3175	3.68028	13.0345	0
0.5625	0.3225	3.68028	13.0345	-9.61674e-21
0.5625	0.3275	3.68028	13.0345	2.34971e-19
0.5625	0.3325	3.68028	13.0345	3.10985e-13
0.5625	0.3375	3.68028	13.0345	1.14392e-07
0.5625	0.3425	3.68028	13.0345	1.53339e-06
0.5625	0.3475	3.68026	13.0344	1.34797e-05
0.5625	0.3525	3.68015	13.034	8.86999e-05
0.5625	0.3575	3.67948	13.0303	0.000354815
0.5625	0.3625	3.67766	13.0205	0.00100607
0.5625	0.3675	3.67231	12.9951	0.00283781
0.5625	0.3725	3.65907	12.9301	0.00624967
0.5625	0.3775	3.63343	12.7944	0.00736817
0.5625	0.3825	3.60019	12.6148	-0.00422263
0.5625	0.3875	3.52356	12.299	0.0279933
0.5625	0.3925	2.95563	10.0023	0.358572
0.5625	0.3975	1.51079	2.98044	0.653451
0.5625	0.4025	1.03364	0.13651	0.0703916
0.5625	0.4075	1.00095	0.00337489	0.00280468
0.5625	0.4125	1	6.16609e-05	6.90163e-05
0.5625	0.4175	1	1.21799e-06	1.23644e-06
0.5625	0.4225	1	7.90024e-08	2.28131e-08
0.5625	0.4275	1	5.73609e-08	1.31819e-10
0.5625	0.4325	1	5.68999e-08	1.76434e-12
0.5625	0.4375	1	5.68849e-08	1.52082e-13
0.5625	0.4425	1	5.68839e-08	1.536e-14
0.5625	0.4475	1	5.68839e-08	1.3165e-15
0.5625	0.4525	1	5.68839e-08	-1.43312e-17
0.5625	0.4575	1	5.68839e-08	2.78992e-19
0.5625	0.4625	1	5.68839e-08	7.91811e-19
0.5625	0.4675	1	5.68839e-08	-8.02952e-18
0.5625	0.4725	1	5.68839e-08	6.08085e-22
0.5625	0.4775	1	5.68839e-08	4.34607e-27
0.5625	0.4825	1	5.68839e-08	0
0.5625	0.4875	1	5.68839e-08	0
0.5625	0.4925	1	5.68839e-08	0
0.5625	0.4975	1	5.68839e-08	0
0.5625	0.5025	1	5.68839e-08	0
0.5625	0.5075	1	5.68839e-08	0
0.5625	0.5125	1	5.68839e-08	0
0.5625	0.5175	1	5.68839e-08	0
0.5625	0.5225	1	5.68839e-08	0
0.5625	0.5275	1	5.68839e-08	-4.34607e-27
0.5625	0.5325	1	5.68839e-08	-6.08085e-22
0.5625	0.5375	1	5.68839e-08	8.02952e-18
0.5625	0.5425	1	5.68839e-08	-7.91811e-19
0.5625	0.5475	1	5.68839e-08	-2.78992e-19
0.5625	0.5525	1	5.68839e-08	1.43312e-17
0.5625	0.5575	1	5.68839e-08	-1.3165e-15
0.5625	0.5625	1	5.68839e-08	-1.536e-14
0.5625	0.5675	1	5.68849e-08	-1.52082e-13
0.5625	0.5725	1	5.68999e-08	-1.76434e-12
0.5625	0.5775	1	5.73609e-08	-1.31819e-10
0.5625	0.5825	1	7.90024e-08	-2.28131e-08
0.5625	0.5875	1	1.21799e-06	-1.23644e-06
0.5625	0.5925	1	6.16609e-05	-6.90163e-05
0.5625	0.5975	1.00095	0.00337489	-0.00280468
0.5625	0.6025	1.03364	0.13651	-0.0703916
0.5625	0.6075	1.51079	2.98044	-0.653451
0.5625	0.6125	2.95563	10.0023	-0.358572
0.5625	0.6175	3.52356	12.299	-0.0279933
0.5625	0.6225	3.60019	12.6148	0.00422263
0.5625	0.6275	3.63343	12.7944	-0.00736817
0.5625	0.6325	3.65907	12.9301	-0.00624967
0.5625	0.6375	3.67231	12.9951	-0.00283781
0.5625	0.6425	3.67766	13.0205	-0.00100607
0.5625	0.6475	3.67948	13.0303	-0.000354815
0.5625	0.6525	3.68015	13.034	-8.86999e-05
0.5625	0.6575	3.68026	13.0344	-1.34797e-05
0.5625	0.6625	3.68028	13.0345	-1.53339e-06
0.5625	0.6675	3.68028	13.0345	-1.14392e-07
0.5625	0.6725	3.68028	13.0345	-3.10985e-13
0.5625	0.6775	3.68028	13.0345	-2.34971e-19
0.5625	0.6825	3.68028	13.0345	9.61674e-21
0.5625	0.6875	3.68028	13.0345	0
0.5625	0.6925	3.68028	13.0345	0
0.5625	0.6975	3.68028	13.0345	0
0.5625	0.7025	3.68028	13.0345	0
0.5625	0.7075	3.68028	13.0345	0
0.5625	0.7125	3.68028	13.0345	0
0.5625	0.7175	3.68028	13.0345	0
0.5625	0.7225	3.68028	13.0345	0
0.5625	0.7275	3.68028	13.0345	0
0.5625	0.7325	3.68028	13.0345	0
0.5625	0.7375	3.68028	13.0345	0
0.5625	0.7425	3.68028	13.0345	0
0.5625	0.7475	3.68028	13.0345	0
0.5625	0.7525	3.68028	13.0345	0
0.5625	0.7575	3.68028	13.0345	0
0.5625	0.7625	3.68028	13.0345	0
0.5625	0.7675	3.68028	13.0345	0
0.5625	0.7725	3.68028	13.0345	0
0.5625	0.7775	3.68028	13.0345	0
0.5625	0.7825	3.68028	13.0345	0
0.5625	0.7875	3.68028	13.0345	0
0.5625	0.7925	3.68028	13.0345	0
0.5625	0.7975	3.68028	13.0345	0
0.5625	0.8025	3.68028	13.0345	0
0.5625	0.8075	3.68028	13.0345	0
0.5625	0.8125	3.68028	13.0345	0
0.5625	0.8175	3.68028	13.0345	0
0.5625	0.8225	3.68028	13.0345	0
0.5625	0.8275	3.68028	13.0345	0
0.5625	0.8325	3.68028	13.0345	0
0.5625	0.8375	3.68028	13.0345	0
0.5625	0.8425	3.68028	13.0345	0
0.5625	0.8475	3.68028	13.0345	0
0.5625	0.8525	3.68028	13.0345	0
0.5625	0.8575	3.68028	13.0345	0
0.5625	0.8625	3.68028	13.0345	0
0.5625	0.8675	3.68028	13.0345	0
0.5625	0.8725	3.68028	13.0345	0
0.5625	0.8775	3.68028	13.0345	0
0.5625	0.8825	3.68028	13.0345	0
0.5625	0.8875	3.68028	13.0345	0
0.5625	0.8925	3.68028	13.0345	0
0.5625	0.8975	3.68028	13.0345	0
0.5625	0.9025	3.68028	13.0345	0
0.5625	0.9075	3.68028	13.0345	0
0.5625	0.9125	3.68028	13.0345	0
0.5625	0.9175	3.68028	13.0345	0
0.5625	0.9225	3.68028	13.0345	0
0.5625	0.9275	3.68028	13.0345	0
0.5625	0.9325	3.68028	13.0345	0
0.5625	0.9375	3.68028	13.0345	-9.61674e-21
0.5625	0.9425	3.68028	13.0345	2.35125e-19
0.5625	0.9475	3.68028	13.0345	3.11434e-13
0.5625	0.9525	3.68028	13.0345	2.90024e-13
0.5625	0.9575	3.68028	13.0345	6.26355e-09
0.5625	0.9625	3.68028	13.0345	3.04315e-07
0.5625	0.9675	3.68028	13.0345	2.88328e-06
0.5625	0.9725	3.68027	13.0345	2.01706e-05
0.5625	0.9775	3.6802	13.0344	0.000121011
0.5625	0.9825	3.67982	13.0342	0.000629025
0.5625	0.9875	3.67834	13.0309	0.00272427
0.5625	0.9925	3.6709	13.0129	0.00961532
0.5625	0.9975	3.64674	12.9166	0.0199796
0.5625	1.0025	3.61974	12.8164	0.010382
0.5675	0.0075	1.44651	3.00187	-0.00468831
0.5675	0.0125	1.45835	3.06442	-0.0108934
0.5675	0.0175	1.46897	3.12197	-0.00460277
0.5675	0.0225	1.47177	3.13564	-0.00101909
0.5675	0.0275	1.47225	3.13809	-0.000186317
0.5675	0.0325	1.47233	3.13849	-3.14255e-05
0.5675	0.0375	1.47235	3.13856	-4.61425e-06
0.5675	0.0425	1.47235	3.13857	-6.41935e-07
0.5675	0.0475	1.47235	3.13857	-8.02744e-08
0.5675	0.0525	1.47235	3.13857	-1.98587e-09
0.5675	0.0575	1.47235	3.13857	-9.7911e-14
0.5675	0.0625	1.47235	3.13857	-1.01955e-13
0.5675	0.0675	1.47235	3.13857	-2.57326e-20
0.5675	0.0725	1.47235	3.13857	1.85311e-21
0.5675	0.0775	1.47235	3.13857	0
0.5675	0.0825	1.47235	3.13857	0
0.5675	0.0875	1.47235	3.13857	0
0.5675	0.0925	1.47235	3.13857	0
0.5675	0.0975	1.47235	3.13857	0
0.5675	0.1025	1.47235	3.13857	0
0.5675	0.1075	1.47235	3.13857	0
0.5675	0.1125	1.47235	3.13857	0
0.5675	0.1175	1.47235	3.13857	0
0.5675	0.1225	1.47235	3.13857	0
0.5675	0.1275	1.47235	3.13857	0
0.5675	0.1325	1.47235	3.13857	0
0.5675	0.1375	1.47235	3.13857	0
0.5675	0.1425	1.47235	3.13857	0
0.5675	0.1475	1.47235	3.13857	0
0.5675	0.1525	1.47235	3.13857	0
0.5675	0.1575	1.47235	3.13857	0
0.5675	0.1625	1.47235	3.13857	0
0.5675	0.1675	1.47235	3.13857	0
0.5675	0.1725	1.47235	3.13857	0
0.5675	0.1775	1.47235	3.13857	0
0.5675	0.1825	1.47235	3.13857	0
0.5675	0.1875	1.47235	3.13857	0
0.5675	0.1925	1.47235	3.13857	0
0.5675	0.1975	1.47235	3.13857	0
0.5675	0.2025	1.47235	3.13857	0
0.5675	0.2075	1.47235	3.13857	0
0.5675	0.2125	1.47235	3.13857	0
0.5675	0.2175	1.47235	3.13857	0
0.5675	0.2225	1.47235	3.13857	0
0.5675	0.2275	1.47235	3.13857	0
0.5675	0.2325	1.47235	3.13857	0
0.5675	0.2375	1.47235	3.13857	0
0.5675	0.2425	1.47235	3.13857	0
0.5675	0.2475	1.47235	3.13857	0
0.5675	0.2525	1.47235	3.13857	0
0.5675	0.2575	1.47235	3.13857	0
0.5675	0.2625	1.47235	3.13857	0
0.5675	0.2675	1.47235	3.13857	0
0.5675	0.2725	1.47235	3.13857	0
0.5675	0.2775	1.47235	3.13857	0
0.5675	0.2825	1.47235	3.13857	0
0.5675	0.2875	1.47235	3.13857	0
0.5675	0.2925	1.47235	3.13857	0
0.5675	0.2975	1.47235	3.13857	0
0.5675	0.3025	1.47235	3.13857	0
0.5675	0.3075	1.47235	3.13857	0
0.5675	0.3125	1.47235	3.13857	0
0.5675	0.3175	1.47235	3.13857	0
0.5675	0.3225	1.47235	3.13857	-1.85311e-21
0.5675	0.3275	1.47235	3.13857	2.57192e-20
0.5675	0.3325	1.47235	3.13857	1.01922e-13
0.5675	0.3375	1.47235	3.13857	5.59564e-08
0.5675	0.3425	1.47235	3.13857	6.0252e-07
0.5675	0.3475	1.47234	3.13854	5.76603e-06
0.5675	0.3525	1.47231	3.13833	4.12171e-05
0.5675	0.3575	1.47208	3.13687	0.000167205
0.5675	0.3625	1.47143	3.13263	0.000483991
0.5675	0.3675	1.46955	3.12125	0.00139947
0.5675	0.3725	1.46461	3.09183	0.00342438
0.5675	0.3775	1.45391	3.02917	0.00546534
0.5675	0.3825	1.43695	2.94098	0.00463524
0.5675	0.3875	1.40244	2.77485	0.0240649
0.5675	0.3925	1.24252	1.67307	0.123958
0.5675	0.3975	1.03258	0.137268	0.0362107
0.5675	0.4025	1.00124	0.00435358	0.00234823
0.5675	0.4075	1	9.74417e-05	7.44623e-05
0.5675	0.4125	1	1.73879e-06	1.39266e-06
0.5675	0.4175	1	3.26601e-08	2.74139e-08
0.5675	0.4225	1	3.19296e-10	2.21536e-10
0.5675	0.4275	1	2.86149e-12	1.25908e-12
0.5675	0.4325	1	2.48843e-14	2.69323e-14
0.5675	0.4375	1	2.15523e-16	2.12076e-15
0.5675	0.4425	1	1.84534e-18	2.02821e-16
0.5675	0.4475	1	1.54286e-20	1.76362e-17
0.5675	0.4525	1	1.25318e-22	3.95843e-20
0.5675	0.4575	1	9.88884e-25	-6.7664e-20
0.5675	0.4625	1	7.58954e-27	6.0476e-21
0.5675	0.4675	1	5.66724e-29	-4.34848e-20
0.5675	0.4725	1	4.11488e-31	3.59627e-24
0.5675	0.4775	1	2.90246e-33	1.09223e-29
0.5675	0.4825	1	1.98739e-35	0
0.5675	0.4875	1	1.3188e-37	0
0.5675	0.4925	1	0	0
0.5675	0.4975	1	0	0
0.5675	0.5025	1	0	0
0.5675	0.5075	1	0	0
0.5675	0.5125	1	0	0
0.5675	0.5175	1	1.3188e-37	0
0.5675	0.5225	1	1.98739e-35	0
0.5675	0.5275	1	2.90246e-33	-1.09223e-29
0.5675	0.5325	1	4.11488e-31	-3.59627e-24
0.5675	0.5375	1	5.66724e-29	4.34848e-20
0.5675	0.5425	1	7.58954e-27	-6.0476e-21
0.5675	0.5475	1	9.88884e-25	6.7664e-20
0.5675	0.5525	1	1.25318e-22	-3.95843e-20
0.5675	0.5575	1	1.54286e-20	-1.76362e-17
0.5675	0.5625	1	1.84534e-18	-2.02821e-16
0.5675	0.5675	1	2.15523e-16	-2.12076e-15
0.5675	0.5725	1	2.48843e-14	-2.69323e-14
0.5675	0.5775	1	2.86149e-12	-1.25908e-12
0.5675	0.5825	1	3.19296e-10	-2.21536e-10
0.5675	0.5875	1	3.26601e-08	-2.74139e-08
0.5675	0.5925	1	1.73879e-06	-1.39266e-06
0.5675	0.5975	1	9.74417e-05	-7.44623e-05
0.5675	0.6025	1.00124	0.00435358	-0.00234823
0.5675	0.6075	1.03258	0.137268	-0.0362107
0.5675	0.6125	1.24252	1.67307	-0.123958
0.5675	0.6175	1.40244	2.77485	-0.0240649
0.5675	0.6225	1.43695	2.94098	-0.00463524
0.5675	0.6275	1.45391	3.02917	-0.00546534
0.5675	0.6325	1.46461	3.09183	-0.00342438
0.5675	0.6375	1.46955	3.12125	-0.00139947
0.5675	0.6425	1.47143	3.13263	-0.000483991
0.5675	0.6475	1.47208	3.13687	-0.000167205
0.5675	0.6525	1.47231	3.13833	-4.12171e-05
0.5675	0.6575	1.47234	3.13854	-5.76603e-06
0.5675	0.6625	1.47235	3.13857	-6.0252e-07
0.5675	0.6675	1.47235	3.13857	-5.59564e-08
0.5675	0.6725	1.47235	3.13857	-1.01922e-13
0.5675	0.6775	1.47235	3.13857	-2.57192e-20
0.5675	0.6825	1.47235	3.13857	1.85311e-21
0.5675	0.6875	1.47235	3.13857	0
0.5675	0.6925	1.47235	3.13857	0
0.5675	0.6975	1.47235	3.13857	0
0.5675	0.7025	1.47235	3.13857	0
0.5675	0.7075	1.47235	3.13857	0
0.5675	0.7125	1.47235	3.13857	0
0.5675	0.7175	1.47235	3.13857	0
0.5675	0.7225	1.47235	3.13857	0
0.5675	0.7275	1.47235	3.13857	0
0.5675	0.7325	1.47235	3.13857	0
0.5675	0.7375	1.47235	3.13857	0
0.5675	0.7425	1.47235	3.13857	0
0.5675	0.7475	1.47235	3.13857	0
0.5675	0.7525	1.47235	3.13857	0
0.5675	0.7575	1.47235	3.13857	0
0.5675	0.7625	1.47235	3.13857	0
0.5675	0.7675	1.47235	3.13857	0
0.5675	0.7725	1.47235	3.13857	0
0.5675	0.7775	1.47235	3.13857	0
0.5675	0.7825	1.47235	3.13857	0
0.5675	0.7875	1.47235	3.13857	0
0.5675	0.7925	1.47235	3.13857	0
0.5675	0.7975	1.47235	3.13857	0
0.5675	0.8025	1.47235	3.13857	0
0.5675	0.8075	1.47235	3.13857	0
0.5675	0.8125	1.47235	3.13857	0
0.5675	0.8175	1.47235	3.13857	0
0.5675	0.8225	1.47235	3.13857	0
0.5675	0.8275	1.47235	3.13857	0
0.5675	0.8325	1.47235	3.13857	0
0.5675	0.8375	1.47235	3.13857	0
0.5675	0.8425	1.47235	3.13857	0
0.5675	0.8475	1.47235	3.13857	0
0.5675	0.8525	1.47235	3.13857	0
0.5675	0.8575	1.47235	3.13857	0
0.5675	0.8625	1.47235	3.13857	0
0.5675	0.8675	1.47235	3.13857	0
0.5675	0.8725	1.47235	3.13857	0
0.5675	0.8775	1.47235	3.13857	0
0.5675	0.8825	1.47235	3.13857	0
0.5675	0.8875	1.47235	3.13857	0
0.5675	0.8925	1.47235	3.13857	0
0.5675	0.8975	1.47235	3.13857	0
0.5675	0.9025	1.47235	3.13857	0
0.5675	0.9075	1.47235	3.13857	0
0.5675	0.9125	1.47235	3.13857	0
0.5675	0.9175	1.47235	3.13857	0
0.5675	0.9225	1.47235	3.13857	0
0.5675	0.9275	1.47235	3.13857	0
0.5675	0.9325	1.47235	3.13857	0
0.5675	0.9375	1.47235	3.13857	-1.85311e-21
0.5675	0.9425	1.47235	3.13857	2.57326e-20
0.5675	0.9475	1.47235	3.13857	1.01955e-13
0.5675	0.9525	1.47235	3.13857	9.7911e-14
0.5675	0.9575	1.47235	3.13857	1.98587e-09
0.5675	0.9625	1.47235	3.13857	7.96195e-08
0.5675	0.9675	1.47235	3.13857	6.49024e-07
0.5675	0.9725	1.47235	3.13856	4.62803e-06
0.5675	0.9775	1.47233	3.13849	3.13779e-05
0.5675	0.9825	1.47225	3.1381	0.000186396
0.5675	0.9875	1.47177	3.13563	0.00102027
0.5675	0.9925	1.46896	3.12195	0.00460557
0.5675	0.9975	1.45834	3.06439	0.0108975
0.5675	1.0025	1.4465	3.00182	0.00469045
0.5725	0.0075	1.022	0.0943041	-0.000150393
0.5725	0.0125	1.02282	0.0985391	-0.000420423
0.5725	0.0175	1.02359	0.102418	-0.000163039
0.5725	0.0225	1.02377	0.103366	-3.44467e-05
0.5725	0.0275	1.02381	0.103526	-6.04753e-06
0.5725	0.0325	1.02381	0.103553	-9.20375e-07
0.5725	0.0375	1.02381	0.103557	-1.13529e-07
0.5725	0.0425	1.02381	0.103557	-1.44487e-08
0.5725	0.0475	1.02381	0.103557	-1.03526e-08
0.5725	0.0525	1.02381	0.103557	-1.30145e-09
0.5725	0.0575	1.02381	0.103557	-1.55606e-15
0.5725	0.0625	1.02381	0.103557	-1.61912e-15
0.5725	0.0675	1.02381	0.103557	-3.81534e-22
0.5725	0.0725	1.02381	0.103557	4.59596e-23
0.5725	0.0775	1.02381	0.103557	0
0.5725	0.0825	1.02381	0.103557	0
0.5725	0.0875	1.02381	0.103557	0
0.5725	0.0925	1.02381	0.103557	0
0.5725	0.0975	1.02381	0.103557	0
0.5725	0.1025	1.02381	0.103557	0
0.5725	0.1075	1.02381	0.103557	0
0.5725	0.1125	1.02381	0.103557	0
0.5725	0.1175	1.02381	0.103557	0
0.5725	0.1225	1.02381	0.103557	0
0.5725	0.1275	1.02381	0.103557	0
0.5725	0.1325	1.02381	0.103557	0
0.5725	0.1375	1.02381	0.103557	0
0.5725	0.1425	1.02381	0.103557	0
0.5725	0.1475	1.02381	0.103557	0
0.5725	0.1525	1.02381	0.103557	0
0.5725	0.1575	1.02381	0.103557	0
0.5725	0.1625	1.02381	0.103557	0
0.5725	0.1675	1.02381	0.103557	0
0.5725	0.1725	1.02381	0.103557	0
0.5725	0.1775	1.02381	0.103557	0
0.5725	0.1825	1.02381	0.103557	0
0.5725	0.1875	1.02381	0.103557	0
0.5725	0.1925	1.02381	0.103557	0
0.5725	0.1975	1.02381	0.103557	0
0.5725	0.2025	1.02381	0.103557	0
0.5725	0.2075	1.02381	0.103557	0
0.5725	0.2125	1.02381	0.103557	0
0.5725	0.2175	1.02381	0.103557	0
0.5725	0.2225	1.02381	0.103557	0
0.5725	0.2275	1.02381	0.103557	0
0.5725	0.2325	1.02381	0.103557	0
0.5725	0.2375	1.02381	0.103557	0
0.5725	0.2425	1.02381	0.103557	0
0.5725	0.2475	1.02381	0.103557	0
0.5725	0.2525	1.02381	0.103557	0
0.5725	0.2575	1.02381	0.103557	0
0.5725	0.2625	1.02381	0.103557	0
0.5725	0.2675	1.02381	0.103557	0
0.5725	0.2725	1.02381	0.103557	0
0.5725	0.2775	1.02381	0.103557	0
0.5725	0.2825	1.02381	0.103557	0
0.5725	0.2875	1.02381	0.103557	0
0.5725	0.2925	1.02381	0.103557	0
0.5725	0.2975	1.02381	0.103557	0
0.5725	0.3025	1.02381	0.103557	0
0.5725	0.3075	1.02381	0.103557	0
0.5725	0.3125	1.02381	0.103557	0
0.5725	0.3175	1.02381	0.103557	0
0.5725	0.3225	1.02381	0.103557	-4.59596e-23
0.5725	0.3275	1.02381	0.103557	3.81375e-22
0.5725	0.3325	1.02381	0.103557	1.61914e-15
0.5725	0.3375	1.02381	0.103557	6.38795e-09
0.5725	0.3425	1.02381	0.103557	1.69212e-08
0.5725	0.3475	1.02381	0.103556	1.83423e-07
0.5725	0.3525	1.02381	0.103544	1.50318e-06
0.5725	0.3575	1.0238	0.103468	6.29742e-06
0.5725	0.3625	1.02375	0.103241	1.83634e-05
0.5725	0.3675	1.02364	0.102608	5.32654e-05
0.5725	0.3725	1.02331	0.100921	0.000136207
0.5725	0.3775	1.02261	0.0971948	0.000253522
0.5725	0.3825	1.02147	0.0915018	0.000406043
0.5725	0.3875	1.01931	0.0808247	0.00110965
0.5725	0.3925	1.00997	0.0368217	0.00330142
0.5725	0.3975	1.00056	0.00285946	0.000723152
0.5725	0.4025	1	9.19266e-05	3.37122e-05
0.5725	0.4075	1	1.79525e-06	9.56778e-07
0.5725	0.4125	1	3.56602e-08	2.16555e-08
0.5725	0.4175	1	3.26811e-10	2.59769e-10
0.5725	0.4225	1	2.67967e-12	2.0072e-12
0.5725	0.4275	1	2.06505e-14	1.37435e-14
0.5725	0.4325	1	1.55928e-16	4.00923e-16
0.5725	0.4375	1	1.16571e-18	2.86263e-17
0.5725	0.4425	1	8.55299e-21	2.62566e-18
0.5725	0.4475	1	6.09974e-23	2.31476e-19
0.5725	0.4525	1	4.21194e-25	9.69183e-21
0.5725	0.4575	1	2.81647e-27	-9.79208e-22
0.5725	0.4625	1	1.82599e-29	4.57944e-23
0.5725	0.4675	1	1.14839e-31	-2.09264e-22
0.5725	0.4725	1	7.00317e-34	1.97208e-26
0.5725	0.4775	1	4.13706e-36	2.55709e-32
0.5725	0.4825	1	2.32787e-38	0
0.5725	0.4875	1	0	0
0.5725	0.4925	1	0	0
0.5725	0.4975	1	0	0
0.5725	0.5025	1	0	0
0.5725	0.5075	1	0	0
0.5725	0.5125	1	0	0
0.5725	0.5175	1	0	0
0.5725	0.5225	1	2.32787e-38	0
0.5725	0.5275	1	4.13706e-36	-2.55709e-32
0.5725	0.5325	1	7.00317e-34	-1.97208e-26
0.5725	0.5375	1	1.14839e-31	2.09264e-22
0.5725	0.5425	1	1.82599e-29	-4.57944e-23
0.5725	0.5475	1	2.81647e-27	9.79208e-22
0.5725	0.5525	1	4.21194e-25	-9.69183e-21
0.5725	0.5575	1	6.09974e-23	-2.31476e-19
0.5725	0.5625	1	8.55299e-21	-2.62566e-18
0.5725	0.5675	1	1.16571e-18	-2.86263e-17
0.5725	0.5725	1	1.55928e-16	-4.00923e-16
0.5725	0.5775	1	2.06505e-14	-1.37435e-14
0.5725	0.5825	1	2.67967e-12	-2.0072e-12
0.5725	0.5875	1	3.26811e-10	-2.59769e-10
0.5725	0.5925	1	3.56602e-08	-2.16555e-08
0.5725	0.5975	1	1.79525e-06	-9.56778e-07
0.5725	0.6025	1	9.19266e-05	-3.37122e-05
0.5725	0.6075	1.00056	0.00285946	-0.000723152
0.5725	0.6125	1.00997	0.0368217	-0.00330142
0.5725	0.6175	1.01931	0.0808247	-0.00110965
0.5725	0.6225	1.02147	0.0915018	-0.000406043
0.5725	0.6275	1.02261	0.0971948	-0.000253522
0.5725	0.6325	1.02331	0.100921	-0.000136207
0.5725	0.6375	1.02364	0.102608	-5.32654e-05
0.5725	0.6425	1.02375	0.103241	-1.83634e-05
0.5725	0.6475	1.0238	0.103468	-6.29742e-06
0.5725	0.6525	1.02381	0.103544	-1.50318e-06
0.5725	0.6575	1.02381	0.103556	-1.83423e-07
0.5725	0.6625	1.02381	0.103557	-1.69212e-08
0.5725	0.6675	1.02381	0.103557	-6.38795e-09
0.5725	0.6725	1.02381	0.103557	-1.61914e-15
0.5725	0.6775	1.02381	0.103557	-3.81375e-22
0.5725	0.6825	1.02381	0.103557	4.59596e-23
0.5725	0.6875	1.02381	0.103557	0
0.5725	0.6925	1.02381	0.103557	0
0.5725	0.6975	1.02381	0.103557	0
0.5725	0.7025	1.02381	0.103557	0
0.5725	0.7075	1.02381	0.103557	0
0.5725	0.7125	1.02381	0.103557	0
0.5725	0.7175	1.02381	0.103557	0
0.5725	0.7225	1.02381	0.103557	0
0.5725	0.7275	1.02381	0.103557	0
0.5725	0.7325	1.02381	0.103557	0
0.5725	0.7375	1.02381	0.103557	0
0.5725	0.7425	1.02381	0.103557	0
0.5725	0.7475	1.02381	0.103557	0
0.5725	0.7525	1.02381	0.103557	0
0.5725	0.7575	1.02381	0.103557	0
0.5725	0.7625	1.02381	0.103557	0
0.5725	0.7675	1.02381	0.103557	0
0.5725	0.7725	1.02381	0.103557	0
0.5725	0.7775	1.02381	0.103557	0
0.5725	0.7825	1.02381	0.103557	0
0.5725	0.7875	1.02381	0.103557	0
0.5725	0.7925	1.02381	0.103557	0
0.5725	0.7975	1.02381	0.103557	0
0.5725	0.8025	1.02381	0.103557	0
0.5725	0.8075	1.02381	0.103557	0
0.5725	0.8125	1.02381	0.103557	0
0.5725	0.8175	1.02381	0.103557	0
0.5725	0.8225	1.02381	0.103557	0
0.5725	0.8275	1.02381	0.103557	0
0.5725	0.8325	1.02381	0.103557	0
0.5725	0.8375	1.02381	0.103557	0
0.5725	0.8425	1.02381	0.103557	0
0.5725	0.8475	1.02381	0.103557	0
0.5725	0.8525	1.02381	0.103557	0
0.5725	0.8575	1.02381	0.103557	0
0.5725	0.8625	1.02381	0.103557	0
0.5725	0.8675	1.02381	0.103557	0
0.5725	0.8725	1.02381	0.103557	0
0.5725	0.8775	1.02381	0.103557	0
0.5725	0.8825	1.02381	0.103557	0
0.5725	0.8875	1.02381	0.103557	0
0.5725	0.8925	1.02381	0.103557	0
0.5725	0.8975	1.02381	0.103557	0
0.5725	0.9025	1.02381	0.103557	0
0.5725	0.9075	1.02381	0.103557	0
0.5725	0.9125	1.02381	0.103557	0
0.5725	0.9175	1.02381	0.103557	0
0.5725	0.9225	1.02381	0.103557	0
0.5725	0.9275	1.02381	0.103557	0
0.5725	0.9325	1.02381	0.103557	0
0.5725	0.9375	1.02381	0.103557	-4.59596e-23
0.5725	0.9425	1.02381	0.103557	3.81534e-22
0.5725	0.9475	1.02381	0.103557	1.61912e-15
0.5725	0.9525	1.02381	0.103557	1.55606e-15
0.5725	0.9575	1.02381	0.103557	1.30145e-09
0.5725	0.9625	1.02381	0.103557	1.03308e-08
0.5725	0.9675	1.02381	0.103557	1.45755e-08
0.5725	0.9725	1.02381	0.103557	1.13706e-07
0.5725	0.9775	1.02381	0.103553	9.19669e-07
0.5725	0.9825	1.02381	0.103526	6.05006e-06
0.5725	0.9875	1.02377	0.103366	3.44793e-05
0.5725	0.9925	1.02359	0.102417	0.000163136
0.5725	0.9975	1.02282	0.0985368	0.000420533
0.5725	1.0025	1.02199	0.0943007	0.000150407
0.5775	0.0075	1	0.00141821	-1.29128e-06
0.5775	0.0125	1	0.00148474	-3.51937e-06
0.5775	0.0175	1	0.00154422	-1.35242e-06
0.5775	0.0225	1	0.00155869	-2.79745e-07
0.5775	0.0275	1	0.00156107	-4.63709e-08
0.5775	0.0325	1	0.00156144	-6.5883e-09
0.5775	0.0375	1	0.00156148	-7.45553e-10
0.5775	0.0425	1	0.00156148	-9.22487e-11
0.5775	0.0475	1	0.00156148	-2.61307e-11
0.5775	0.0525	1	0.00156148	-5.61388e-12
0.5775	0.0575	1	0.00156148	-3.12739e-18
0.5775	0.0625	1	0.00156148	-3.50905e-18
0.5775	0.0675	1	0.00156148	-1.51281e-24
0.5775	0.0725	1	0.00156148	3.38566e-25
0.5775	0.0775	1	0.00156148	0
0.5775	0.0825	1	0.00156148	0
0.5775	0.0875	1	0.00156148	0
0.5775	0.0925	1	0.00156148	0
0.5775	0.0975	1	0.00156148	0
0.5775	0.1025	1	0.00156148	0
0.5775	0.1075	1	0.00156148	0
0.5775	0.1125	1	0.00156148	0
0.5775	0.1175	1	0.00156148	0
0.5775	0.1225	1	0.00156148	0
0.5775	0.1275	1	0.00156148	0
0.5775	0.1325	1	0.00156148	0
0.5775	0.1375	1	0.00156148	0
0.5775	0.1425	1	0.00156148	0
0.5775	0.1475	1	0.00156148	0
0.5775	0.1525	1	0.00156148	0
0.5775	0.1575	1	0.00156148	0
0.5775	0.1625	1	0.00156148	0
0.5775	0.1675	1	0.00156148	0
0.5775	0.1725	1	0.00156148	0
0.5775	0.1775	1	0.00156148	0
0.5775	0.1825	1	0.00156148	0
0.5775	0.1875	1	0.00156148	0
0.5775	0.1925	1	0.00156148	0
0.5775	0.1975	1	0.00156148	0
0.5775	0.2025	1	0.00156148	0
0.5775	0.2075	1	0.00156148	0
0.5775	0.2125	1	0.00156148	0
0.5775	0.2175	1	0.00156148	0
0.5775	0.2225	1	0.00156148	0
0.5775	0.2275	1	0.00156148	0
0.5775	0.2325	1	0.00156148	0
0.5775	0.2375	1	0.00156148	0
0.5775	0.2425	1	0.00156148	0
0.5775	0.2475	1	0.00156148	0
0.5775	0.2525	1	0.00156148	0
0.5775	0.2575	1	0.00156148	0
0.5775	0.2625	1	0.00156148	0
0.5775	0.2675	1	0.00156148	0
0.5775	0.2725	1	0.00156148	0
0.5775	0.2775	1	0.00156148	0
0.5775	0.2825	1	0.00156148	0
0.5775	0.2875	1	0.00156148	0
0.5775	0.2925	1	0.00156148	0
0.5775	0.2975	1	0.00156148	0
0.5775	0.3025	1	0.00156148	0
0.5775	0.3075	1	0.00156148	0
0.5775	0.3125	1	0.00156148	0
0.5775	0.3175	1	0.00156148	0
0.5775	0.3225	1	0.00156148	-3.38566e-25
0.5775	0.3275	1	0.00156148	1.51232e-24
0.5775	0.3325	1	0.00156148	3.50966e-18
0.5775	0.3375	1	0.00156148	1.7341e-11
0.5775	0.3425	1	0.00156148	7.84869e-11
0.5775	0.3475	1	0.00156147	1.27284e-09
0.5775	0.3525	1	0.00156133	1.06457e-08
0.5775	0.3575	1	0.00156037	4.61846e-08
0.5775	0.3625	1	0.0015575	1.35859e-07
0.5775	0.3675	1	0.00154925	4.03995e-07
0.5775	0.3725	1	0.00152667	1.06562e-06
0.5775	0.3775	1	0.00147482	2.12984e-06
0.5775	0.3825	1	0.00139019	3.37183e-06
0.5775	0.3875	1	0.00122816	9.73354e-06
0.5775	0.3925	1	0.000608506	2.60498e-05
0.5775	0.3975	1	3.65504e-05	6.72333e-06
0.5775	0.4025	1	1.11828e-06	3.50337e-07
0.5775	0.4075	1	2.67959e-08	9.75708e-09
0.5775	0.4125	1	2.19186e-10	1.94308e-10
0.5775	0.4175	1	1.56601e-12	2.31763e-12
0.5775	0.4225	1	1.02829e-14	1.8699e-14
0.5775	0.4275	1	6.55648e-17	1.64559e-16
0.5775	0.4325	1	4.14958e-19	5.78535e-18
0.5775	0.4375	1	2.58666e-21	3.77693e-19
0.5775	0.4425	1	1.56452e-23	3.32478e-20
0.5775	0.4475	1	9.10322e-26	2.96654e-21
0.5775	0.4525	1	5.08799e-28	2.291e-22
0.5775	0.4575	1	2.73721e-30	-9.84847e-24
0.5775	0.4625	1	1.42083e-32	3.39468e-25
0.5775	0.4675	1	7.12602e-35	-9.02466e-25
0.5775	0.4725	1	3.4517e-37	1.0079e-28
0.5775	0.4775	1	1.26705e-39	5.60222e-35
0.5775	0.4825	1	0	0
0.5775	0.4875	1	0	0
0.5775	0.4925	1	0	0
0.5775	0.4975	1	0	0
0.5775	0.5025	1	0	0
0.5775	0.5075	1	0	0
0.5775	0.5125	1	0	0
0.5775	0.5175	1	0	0
0.5775	0.5225	1	0	0
0.5775	0.5275	1	1.26705e-39	-5.60222e-35
0.5775	0.5325	1	3.4517e-37	-1.0079e-28
0.5775	0.5375	1	7.12602e-35	9.02466e-25
0.5775	0.5425	1	1.42083e-32	-3.39468e-25
0.5775	0.5475	1	2.73721e-30	9.84847e-24
0.5775	0.5525	1	5.08799e-28	-2.291e-22
0.5775	0.5575	1	9.10322e-26	-2.96654e-21
0.5775	0.5625	1	1.56452e-23	-3.32478e-20
0.5775	0.5675	1	2.58666e-21	-3.77693e-19
0.5775	0.5725	1	4.14958e-19	-5.78535e-18
0.5775	0.5775	1	6.55648e-17	-1.64559e-16
0.5775	0.5825	1	1.02829e-14	-1.8699e-14
0.5775	0.5875	1	1.56601e-12	-2.31763e-12
0.5775	0.5925	1	2.19186e-10	-1.94308e-10
0.5775	0.5975	1	2.67959e-08	-9.75708e-09
0.5775	0.6025	1	1.11828e-06	-3.50337e-07
0.5775	0.6075	1	3.65504e-05	-6.72333e-06
0.5775	0.6125	1	0.000608506	-2.60498e-05
0.5775	0.6175	1	0.00122816	-9.73354e-06
0.5775	0.6225	1	0.00139019	-3.37183e-06
0.5775	0.6275	1	0.00147482	-2.12984e-06
0.5775	0.6325	1	0.00152667	-1.06562e-06
0.5775	0.6375	1	0.00154925	-4.03995e-07
0.5775	0.6425	1	0.0015575	-1.35859e-07
0.5775	0.6475	1	0.00156037	-4.61846e-08
0.5775	0.6525	1	0.00156133	-1.06457e-08
0.5775	0.6575	1	0.00156147	-1.27284e-09
0.5775	0.6625	1	0.00156148	-7.84869e-11
0.5775	0.6675	1	0.00156148	-1.7341e-11
0.5775	0.6725	1	0.00156148	-3.50966e-18
0.5775	0.6775	1	0.00156148	-1.51232e-24
0.5775	0.6825	1	0.00156148	3.38566e-25
0.5775	0.6875	1	0.00156148	0
0.5775	0.6925	1	0.00156148	0
0.5775	0.6975	1	0.00156148	0
0.5775	0.7025	1	0.00156148	0
0.5775	0.7075	1	0.00156148	0
0.5775	0.7125	1	0.00156148	0
0.5775	0.7175	1	0.00156148	0
0.5775	0.7225	1	0.00156148	0
0.5775	0.7275	1	0.00156148	0
0.5775	0.7325	1	0.00156148	0
0.5775	0.7375	1	0.00156148	0
0.5775	0.7425	1	0.00156148	0
0.5775	0.7475	1	0.00156148	0
0.5775	0.7525	1	0.00156148	0
0.5775	0.7575	1	0.00156148	0
0.5775	0.7625	1	0.00156148	0
0.5775	0.7675	1	0.00156148	0
0.5775	0.7725	1	0.00156148	0
0.5775	0.7775	1	0.00156148	0
0.5775	0.7825	1	0.00156148	0
0.5775	0.7875	1	0.00156148	0
0.5775	0.7925	1	0.00156148	0
0.5775	0.7975	1	0.00156148	0
0.5775	0.8025	1	0.00156148	0
0.5775	0.8075	1	0.00156148	0
0.5775	0.8125	1	0.00156148	0
0.5775	0.8175	1	0.00156148	0
0.5775	0.8225	1	0.00156148	0
0.5775	0.8275	1	0.00156148	0
0.5775	0.8325	1	0.00156148	0
0.5775	0.8375	1	0.00156148	0
0.5775	0.8425	1	0.00156148	0
0.5775	0.8475	1	0.00156148	0
0.5775	0.8525	1	0.00156148	0
0.5775	0.8575	1	0.00156148	0
0.5775	0.8625	1	0.00156148	0
0.5775	0.8675	1	0.00156148	0
0.5775	0.8725	1	0.00156148	0
0.5775	0.8775	1	0.00156148	0
0.5775	0.8825	1	0.00156148	0
0.5775	0.8875	1	0.00156148	0
0.5775	0.8925	1	0.00156148	0
0.5775	0.8975	1	0.00156148	0
0.5775	0.9025	1	0.00156148	0
0.5775	0.9075	1	0.00156148	0
0.5775	0.9125	1	0.00156148	0
0.5775	0.9175	1	0.00156148	0
0.5775	0.9225	1	0.00156148	0
0.5775	0.9275	1	0.00156148	0
0.5775	0.9325	1	0.00156148	0
0.5775	0.9375	1	0.00156148	-3.38566e-25
0.5775	0.9425	1	0.00156148	1.51281e-24
0.5775	0.9475	1	0.00156148	3.50905e-18
0.5775	0.9525	1	0.00156148	3.12739e-18
0.5775	0.9575	1	0.00156148	5.61388e-12
0.5775	0.9625	1	0.00156148	2.60163e-11
0.5775	0.9675	1	0.00156148	9.27753e-11
0.5775	0.9725	1	0.00156148	7.4611e-10
0.5775	0.9775	1	0.00156144	6.58522e-09
0.5775	0.9825	1	0.00156107	4.63912e-08
0.5775	0.9875	1	0.00155868	2.79969e-07
0.5775	0.9925	1	0.00154421	1.35309e-06
0.5775	0.9975	1	0.0014847	3.52024e-06
0.5775	1.0025	1	0.00141817	1.29133e-06
0.5825	0.0075	1	1.15128e-05	-1.02152e-08
0.5825	0.0125	1	1.2086e-05	-2.78554e-08
0.5825	0.0175	1	1.25887e-05	-1.0349e-08
0.5825	0.0225	1	1.27093e-05	-2.06617e-09
0.5825	0.0275	1	1.27289e-05	-3.26595e-10
0.5825	0.0325	1	1.27317e-05	-4.32781e-11
0.5825	0.0375	1	1.27319e-05	-4.53516e-12
0.5825	0.0425	1	1.27319e-05	-5.47098e-13
0.5825	0.0475	1	1.2732e-05	-7.73873e-14
0.5825	0.0525	1	1.2732e-05	-9.95516e-15
0.5825	0.0575	1	1.2732e-05	4.77491e-20
0.5825	0.0625	1	1.2732e-05	4.52275e-20
0.5825	0.0675	1	1.2732e-05	-4.22888e-27
0.5825	0.0725	1	1.2732e-05	2.26945e-27
0.5825	0.0775	1	1.2732e-05	0
0.5825	0.0825	1	1.2732e-05	0
0.5825	0.0875	1	1.2732e-05	0
0.5825	0.0925	1	1.2732e-05	0
0.5825	0.0975	1	1.2732e-05	0
0.5825	0.1025	1	1.2732e-05	0
0.5825	0.1075	1	1.2732e-05	0
0.5825	0.1125	1	1.2732e-05	0
0.5825	0.1175	1	1.2732e-05	0
0.5825	0.1225	1	1.2732e-05	0
0.5825	0.1275	1	1.2732e-05	0
0.5825	0.1325	1	1.2732e-05	0
0.5825	0.1375	1	1.2732e-05	0
0.5825	0.1425	1	1.2732e-05	0
0.5825	0.1475	1	1.2732e-05	0
0.5825	0.1525	1	1.2732e-05	0
0.5825	0.1575	1	1.2732e-05	0
0.5825	0.1625	1	1.2732e-05	0
0.5825	0.1675	1	1.2732e-05	0
0.5825	0.1725	1	1.2732e-05	0
0.5825	0.1775	1	1.2732e-05	0
0.5825	0.1825	1	1.2732e-05	0
0.5825	0.1875	1	1.2732e-05	0
0.5825	0.1925	1	1.2732e-05	0
0.5825	0.1975	1	1.2732e-05	0
0.5825	0.2025	1	1.2732e-05	0
0.5825	0.2075	1	1.2732e-05	0
0.5825	0.2125	1	1.2732e-05	0
0.5825	0.2175	1	1.2732e-05	0
0.5825	0.2225	1	1.2732e-05	0
0.5825	0.2275	1	1.2732e-05	0
0.5825	0.2325	1	1.2732e-05	0
0.5825	0.2375	1	1.2732e-05	0
0.5825	0.2425	1	1.2732e-05	0
0.5825	0.2475	1	1.2732e-05	0
0.5825	0.2525	1	1.2732e-05	0
0.5825	0.2575	1	1.2732e-05	0
0.5825	0.2625	1	1.2732e-05	0
0.5825	0.2675	1	1.2732e-05	0
0.5825	0.2725	1	1.2732e-05	0
0.5825	0.2775	1	1.2732e-05	0
0.5825	0.2825	1	1.2732e-05	0
0.5825	0.2875	1	1.2732e-05	0
0.5825	0.2925	1	1.2732e-05	0
0.5825	0.2975	1	1.2732e-05	0
0.5825	0.3025	1	1.2732e-05	0
0.5825	0.3075	1	1.2732e-05	0
0.5825	0.3125	1	1.2732e-05	0
0.5825	0.3175	1	1.2732e-05	0
0.5825	0.3225	1	1.2732e-05	-2.26945e-27
0.5825	0.3275	1	1.2732e-05	4.22764e-27
0.5825	0.3325	1	1.2732e-05	-4.52256e-20
0.5825	0.3375	1	1.2732e-05	5.2828e-14
0.5825	0.3425	1	1.27319e-05	3.87182e-13
0.5825	0.3475	1	1.27319e-05	8.1302e-12
0.5825	0.3525	1	1.27309e-05	6.90614e-11
0.5825	0.3575	1	1.27241e-05	3.14072e-10
0.5825	0.3625	1	1.27037e-05	9.31338e-10
0.5825	0.3675	1	1.26431e-05	2.82527e-09
0.5825	0.3725	1	1.2474e-05	7.64887e-09
0.5825	0.3775	1	1.2073e-05	1.61318e-08
0.5825	0.3825	1	1.13882e-05	2.61305e-08
0.5825	0.3875	1	1.00598e-05	7.76568e-08
0.5825	0.3925	1	5.19398e-06	2.00916e-07
0.5825	0.3975	1	3.5552e-07	5.7417e-08
0.5825	0.4025	1	1.18121e-08	3.15853e-09
0.5825	0.4075	1	7.54564e-11	8.91198e-11
0.5825	0.4125	1	4.04532e-13	1.71044e-12
0.5825	0.4175	1	2.02361e-15	2.08754e-14
0.5825	0.4225	1	1.02256e-17	1.86699e-16
0.5825	0.4275	1	5.21074e-20	2.05229e-18
0.5825	0.4325	1	2.57569e-22	8.06983e-20
0.5825	0.4375	1	1.19991e-24	4.91743e-21
0.5825	0.4425	1	5.21202e-27	4.11333e-22
0.5825	0.4475	1	2.11093e-29	3.70267e-23
0.5825	0.4525	1	8.00847e-32	3.96753e-24
0.5825	0.4575	1	2.86339e-34	-9.26427e-26
0.5825	0.4625	1	9.70727e-37	2.45974e-27
0.5825	0.4675	1	2.87855e-39	-3.49495e-27
0.5825	0.4725	1	0	4.82287e-31
0.5825	0.4775	1	0	1.15191e-37
0.5825	0.4825	1	0	0
0.5825	0.4875	1	0	0
0.5825	0.4925	1	0	0
0.5825	0.4975	1	0	0
0.5825	0.5025	1	0	0
0.5825	0.5075	1	0	0
0.5825	0.5125	1	0	0
0.5825	0.5175	1	0	0
0.5825	0.5225	1	0	0
0.5825	0.5275	1	0	-1.15191e-37
0.5825	0.5325	1	0	-4.82287e-31
0.5825	0.5375	1	2.87855e-39	3.49495e-27
0.5825	0.5425	1	9.70727e-37	-2.45974e-27
0.5825	0.5475	1	2.86339e-34	9.26427e-26
0.5825	0.5525	1	8.00847e-32	-3.96753e-24
0.5825	0.5575	1	2.11093e-29	-3.70267e-23
0.5825	0.5625	1	5.21202e-27	-4.11333e-22
0.5825	0.5675	1	1.19991e-24	-4.91743e-21
0.5825	0.5725	1	2.57569e-22	-8.06983e-20
0.5825	0.5775	1	5.21074e-20	-2.05229e-18
0.5825	0.5825	1	1.02256e-17	-1.86699e-16
0.5825	0.5875	1	2.02361e-15	-2.08754e-14
0.5825	0.5925	1	4.04532e-13	-1.71044e-12
0.5825	0.5975	1	7.54564e-11	-8.91198e-11
0.5825	0.6025	1	1.18121e-08	-3.15853e-09
0.5825	0.6075	1	3.5552e-07	-5.7417e-08
0.5825	0.6125	1	5.19398e-06	-2.00916e-07
0.5825	0.6175	1	1.00598e-05	-7.76568e-08
0.5825	0.6225	1	1.13882e-05	-2.61305e-08
0.5825	0.6275	1	1.2073e-05	-1.61318e-08
0.5825	0.6325	1	1.2474e-05	-7.64887e-09
0.5825	0.6375	1	1.26431e-05	-2.82527e-09
0.5825	0.6425	1	1.27037e-05	-9.31338e-10
0.5825	0.6475	1	1.27241e-05	-3.14072e-10
0.5825	0.6525	1	1.27309e-05	-6.90614e-11
0.5825	0.6575	1	1.27319e-05	-8.1302e-12
0.5825	0.6625	1	1.27319e-05	-3.87182e-13
0.5825	0.6675	1	1.2732e-05	-5.2828e-14
0.5825	0.6725	1	1.2732e-05	4.52256e-20
0.5825	0.6775	1	1.2732e-05	-4.22764e-27
0.5825	0.6825	1	1.2732e-05	2.26945e-27
0.5825	0.6875	1	1.2732e-05	0
0.5825	0.6925	1	1.2732e-05	0
0.5825	0.6975	1	1.2732e-05	0
0.5825	0.7025	1	1.2732e-05	0
0.5825	0.7075	1	1.2732e-05	0
0.5825	0.7125	1	1.2732e-05	0
0.5825	0.7175	1	1.2732e-05	0
0.5825	0.7225	1	1.2732e-05	0
0.5825	0.7275	1	1.2732e-05	0
0.5825	0.7325	1	1.2732e-05	0
0.5825	0.7375	1	1.2732e-05	0
0.5825	0.7425	1	1.2732e-05	0
0.5825	0.7475	1	1.2732e-05	0
0.5825	0.7525	1	1.2732e-05	0
0.5825	0.7575	1	1.2732e-05	0
0.5825	0.7625	1	1.2732e-05	0
0.5825	0.7675	1	1.2732e-05	0
0.5825	0.7725	1	1.2732e-05	0
0.5825	0.7775	1	1.2732e-05	0
0.5825	0.7825	1	1.2732e-05	0
0.5825	0.7875	1	1.2732e-05	0
0.5825	0.7925	1	1.2732e-05	0
0.5825	0.7975	1	1.2732e-05	0
0.5825	0.8025	1	1.2732e-05	0
0.5825	0.8075	1	1.2732e-05	0
0.5825	0.8125	1	1.2732e-05	0
0.5825	0.8175	1	1.2732e-05	0
0.5825	0.8225	1	1.2732e-05	0
0.5825	0.8275	1	1.2732e-05	0
0.5825	0.8325	1	1.2732e-05	0
0.5825	0.8375	1	1.2732e-05	0
0.5825	0.8425	1	1.2732e-05	0
0.5825	0.8475	1	1.2732e-05	0
0.5825	0.8525	1	1.2732e-05	0
0.5825	0.8575	1	1.2732e-05	0
0.5825	0.8625	1	1.2732e-05	0
0.5825	0.8675	1	1.2732e-05	0
0.5825	0.8725	1	1.2732e-05	0
0.5825	0.8775	1	1.2732e-05	0
0.5825	0.8825	1	1.2732e-05	0
0.5825	0.8875	1	1.2732e-05	0
0.5825	0.8925	1	1.2732e-05	0
0.5825	0.8975	1	1.2732e-05	0
0.5825	0.9025	1	1.2732e-05	0
0.5825	0.9075	1	1.2732e-05	0
0.5825	0.9125	1	1.2732e-05	0
0.5825	0.9175	1	1.2732e-05	0
0.5825	0.9225	1	1.2732e-05	0
0.5825	0.9275	1	1.2732e-05	0
0.5825	0.9325	1	1.2732e-05	0
0.5825	0.9375	1	1.2732e-05	-2.26945e-27
0.5825	0.9425	1	1.2732e-05	4.22888e-27
0.5825	0.9475	1	1.2732e-05	-4.52275e-20
0.5825	0.9525	1	1.2732e-05	-4.77491e-20
0.5825	0.9575	1	1.2732e-05	9.95516e-15
0.5825	0.9625	1	1.2732e-05	7.70101e-14
0.5825	0.9675	1	1.27319e-05	5.48661e-13
0.5825	0.9725	1	1.27319e-05	4.5366e-12
0.5825	0.9775	1	1.27317e-05	4.32661e-11
0.5825	0.9825	1	1.27289e-05	3.26734e-10
0.5825	0.9875	1	1.27093e-05	2.06756e-09
0.5825	0.9925	1	1.25886e-05	1.03533e-08
0.5825	0.9975	1	1.20858e-05	2.78619e-08
0.5825	1.0025	1	1.15125e-05	1.02162e-08
0.5875	0.0075	1	8.9812e-08	-7.99941e-11
0.5875	0.0125	1	9.46066e-08	-2.17344e-10
0.5875	0.0175	1	9.8755e-08	-7.808e-11
0.5875	0.0225	1	9.97259e-08	-1.50249e-11
0.5875	0.0275	1	9.98858e-08	-2.25157e-12
0.5875	0.0325	1	9.99075e-08	-2.8609e-13
0.5875	0.0375	1	9.99088e-08	-2.74344e-14
0.5875	0.0425	1	9.99093e-08	-3.2272e-15
0.5875	0.0475	1	9.99093e-08	-3.37028e-16
0.5875	0.0525	1	9.99093e-08	-7.75798e-18
0.5875	0.0575	1	9.99093e-08	7.19504e-22
0.5875	0.0625	1	9.99093e-08	7.18911e-22
0.5875	0.0675	1	9.99093e-08	-3.54259e-30
0.5875	0.0725	1	9.99093e-08	1.48543e-29
0.5875	0.0775	1	9.99093e-08	0
0.5875	0.0825	1	9.99093e-08	0
0.5875	0.0875	1	9.99093e-08	0
0.5875	0.0925	1	9.99093e-08	0
0.5875	0.0975	1	9.99093e-08	0
0.5875	0.1025	1	9.99093e-08	0
0.5875	0.1075	1	9.99093e-08	0
0.5875	0.1125	1	9.99093e-08	0
0.5875	0.1175	1	9.99093e-08	0
0.5875	0.1225	1	9.99093e-08	0
0.5875	0.1275	1	9.99093e-08	0
0.5875	0.1325	1	9.99093e-08	0
0.5875	0.1375	1	9.99093e-08	0
0.5875	0.1425	1	9.99093e-08	0
0.5875	0.1475	1	9.99093e-08	0
0.5875	0.1525	1	9.99093e-08	0
0.5875	0.1575	1	9.99093e-08	0
0.5875	0.1625	1	9.99093e-08	0
0.5875	0.1675	1	9.99093e-08	0
0.5875	0.1725	1	9.99093e-08	0
0.5875	0.1775	1	9.99093e-08	0
0.5875	0.1825	1	9.99093e-08	0
0.5875	0.1875	1	9.99093e-08	0
0.5875	0.1925	1	9.99093e-08	0
0.5875	0.1975	1	9.99093e-08	0
0.5875	0.2025	1	9.99093e-08	0
0.5875	0.2075	1	9.99093e-08	0
0.5875	0.2125	1	9.99093e-08	0
0.5875	0.2175	1	9.99093e-08	0
0.5875	0.2225	1	9.99093e-08	0
0.5875	0.2275	1	9.99093e-08	0
0.5875	0.2325	1	9.99093e-08	0
0.5875	0.2375	1	9.99093e-08	0
0.5875	0.2425	1	9.99093e-08	0
0.5875	0.2475	1	9.99093e-08	0
0.5875	0.2525	1	9.99093e-08	0
0.5875	0.2575	1	9.99093e-08	0
0.5875	0.2625	1	9.99093e-08	0
0.5875	0.2675	1	9.99093e-08	0
0.5875	0.2725	1	9.99093e-08	0
0.5875	0.2775	1	9.99093e-08	0
0.5875	0.2825	1	9.99093e-08	0
0.5875	0.2875	1	9.99093e-08	0
0.5875	0.2925	1	9.99093e-08	0
0.5875	0.2975	1	9.99093e-08	0
0.5875	0.3025	1	9.99093e-08	0
0.5875	0.3075	1	9.99093e-08	0
0.5875	0.3125	1	9.99093e-08	0
0.5875	0.3175	1	9.99093e-08	0
0.5875	0.3225	1	9.99093e-08	-1.48543e-29
0.5875	0.3275	1	9.99093e-08	3.53838e-30
0.5875	0.3325	1	9.99093e-08	-7.18922e-22
0.5875	0.3375	1	9.99093e-08	2.26278e-16
0.5875	0.3425	1	9.99093e-08	2.07352e-15
0.5875	0.3475	1	9.99088e-08	4.95595e-14
0.5875	0.3525	1	9.99011e-08	4.45519e-13
0.5875	0.3575	1	9.98533e-08	2.10523e-12
0.5875	0.3625	1	9.97058e-08	6.29709e-12
0.5875	0.3675	1	9.92738e-08	1.9539e-11
0.5875	0.3725	1	9.80532e-08	5.39489e-11
0.5875	0.3775	1	9.5002e-08	1.17872e-10
0.5875	0.3825	1	8.96418e-08	1.99453e-10
0.5875	0.3875	1	7.90759e-08	5.9843e-10
0.5875	0.3925	1	4.10659e-08	1.50641e-09
0.5875	0.3975	1	1.15171e-09	4.65879e-10
0.5875	0.4025	1	2.29199e-12	2.77059e-11
0.5875	0.4075	1	8.48121e-15	8.24997e-13
0.5875	0.4125	1	3.4177e-17	1.54705e-14
0.5875	0.4175	1	1.22666e-19	1.9458e-16
0.5875	0.4225	1	3.86677e-22	1.9783e-18
0.5875	0.4275	1	1.08054e-24	2.61071e-20
0.5875	0.4325	1	2.70491e-27	1.08674e-21
0.5875	0.4375	1	6.12357e-30	6.35675e-23
0.5875	0.4425	1	1.26422e-32	4.96537e-24
0.5875	0.4475	1	2.39759e-35	4.48718e-25
0.5875	0.4525	1	4.19322e-38	6.01735e-26
0.5875	0.4575	1	0	-7.75565e-28
0.5875	0.4625	1	0	1.74638e-29
0.5875	0.4675	1	0	-1.20876e-29
0.5875	0.4725	1	0	2.16936e-33
0.5875	0.4775	1	0	0
0.5875	0.4825	1	0	0
0.5875	0.4875	1	0	0
0.5875	0.4925	1	0	0
0.5875	0.4975	1	0	0
0.5875	0.5025	1	0	0
0.5875	0.5075	1	0	0
0.5875	0.5125	1	0	0
0.5875	0.5175	1	0	0
0.5875	0.5225	1	0	0
0.5875	0.5275	1	0	0
0.5875	0.5325	1	0	-2.16936e-33
0.5875	0.5375	1	0	1.20876e-29
0.5875	0.5425	1	0	-1.74638e-29
0.5875	0.5475	1	0	7.75565e-28
0.5875	0.5525	1	4.19322e-38	-6.01735e-26
0.5875	0.5575	1	2.39759e-35	-4.48718e-25
0.5875	0.5625	1	1.26422e-32	-4.96537e-24
0.5875	0.5675	1	6.12357e-30	-6.35675e-23
0.5875	0.5725	1	2.70491e-27	-1.08674e-21
0.5875	0.5775	1	1.08054e-24	-2.61071e-20
0.5875	0.5825	1	3.86677e-22	-1.9783e-18
0.5875	0.5875	1	1.22666e-19	-1.9458e-16
0.5875	0.5925	1	3.4177e-17	-1.54705e-14
0.5875	0.5975	1	8.48121e-15	-8.24997e-13
0.5875	0.6025	1	2.29199e-12	-2.77059e-11
0.5875	0.6075	1	1.15171e-09	-4.65879e-10
0.5875	0.6125	1	4.10659e-08	-1.50641e-09
0.5875	0.6175	1	7.90759e-08	-5.9843e-10
0.5875	0.6225	1	8.96418e-08	-1.99453e-10
0.5875	0.6275	1	9.5002e-08	-1.17872e-10
0.5875	0.6325	1	9.80532e-08	-5.39489e-11
0.5875	0.6375	1	9.92738e-08	-1.9539e-11
0.5875	0.6425	1	9.97058e-08	-6.29709e-12
0.5875	0.6475	1	9.98533e-08	-2.10523e-12
0.5875	0.6525	1	9.99011e-08	-4.45519e-13
0.5875	0.6575	1	9.99088e-08	-4.95595e-14
0.5875	0.6625	1	9.99093e-08	-2.07352e-15
0.5875	0.6675	1	9.99093e-08	-2.26278e-16
0.5875	0.6725	1	9.99093e-08	7.18922e-22
0.5875	0.6775	1	9.99093e-08	-3.53838e-30
0.5875	0.6825	1	9.99093e-08	1.48543e-29
0.5875	0.6875	1	9.99093e-08	0
0.5875	0.6925	1	9.99093e-08	0
0.5875	0.6975	1	9.99093e-08	0
0.5875	0.7025	1	9.99093e-08	0
0.5875	0.7075	1	9.99093e-08	0
0.5875	0.7125	1	9.99093e-08	0
0.5875	0.7175	1	9.99093e-08	0
0.5875	0.7225	1	9.99093e-08	0
0.5875	0.7275	1	9.99093e-08	0
0.5875	0.7325	1	9.99093e-08	0
0.5875	0.7375	1	9.99093e-08	0
0.5875	0.7425	1	9.99093e-08	0
0.5875	0.7475	1	9.99093e-08	0
0.5875	0.7525	1	9.99093e-08	0
0.5875	0.7575	1	9.99093e-08	0
0.5875	0.7625	1	9.99093e-08	0
0.5875	0.7675	1	9.99093e-08	0
0.5875	0.7725	1	9.99093e-08	0
0.5875	0.7775	1	9.99093e-08	0
0.5875	0.7825	1	9.99093e-08	0
0.5875	0.7875	1	9.99093e-08	0
0.5875	0.7925	1	9.99093e-08	0
0.5875	0.7975	1	9.99093e-08	0
0.5875	0.8025	1	9.99093e-08	0
0.5875	0.8075	1	9.99093e-08	0
0.5875	0.8125	1	9.99093e-08	0
0.5875	0.8175	1	9.99093e-08	0
0.5875	0.8225	1	9.99093e-08	0
0.5875	0.8275	1	9.99093e-08	0
0.5875	0.8325	1	9.99093e-08	0
0.5875	0.8375	1	9.99093e-08	0
0.5875	0.8425	1	9.99093e-08	0
0.5875	0.8475	1	9.99093e-08	0
0.5875	0.8525	1	9.99093e-08	0
0.5875	0.8575	1	9.99093e-08	0
0.5875	0.8625	1	9.99093e-08	0
0.5875	0.8675	1	9.99093e-08	0
0.5875	0.8725	1	9.99093e-08	0
0.5875	0.8775	1	9.99093e-08	0
0.5875	0.8825	1	9.99093e-08	0
0.5875	0.8875	1	9.99093e-08	0
0.5875	0.8925	1	9.99093e-08	0
0.5875	0.8975	1	9.99093e-08	0
0.5875	0.9025	1	9.99093e-08	0
0.5875	0.9075	1	9.99093e-08	0
0.5875	0.9125	1	9.99093e-08	0
0.5875	0.9175	1	9.99093e-08	0
0.5875	0.9225	1	9.99093e-08	0
0.5875	0.9275	1	9.99093e-08	0
0.5875	0.9325	1	9.99093e-08	0
0.5875	0.9375	1	9.99093e-08	-1.48543e-29
0.5875	0.9425	1	9.99093e-08	3.54259e-30
0.5875	0.9475	1	9.99093e-08	-7.18911e-22
0.5875	0.9525	1	9.99093e-08	-7.19504e-22
0.5875	0.9575	1	9.99093e-08	7.75798e-18
0.5875	0.9625	1	9.99093e-08	3.36091e-16
0.5875	0.9675	1	9.99093e-08	3.23093e-15
0.5875	0.9725	1	9.99088e-08	2.74385e-14
0.5875	0.9775	1	9.99075e-08	2.86049e-13
0.5875	0.9825	1	9.98858e-08	2.25249e-12
0.5875	0.9875	1	9.97259e-08	1.50334e-11
0.5875	0.9925	1	9.87544e-08	7.81077e-11
0.5875	0.9975	1	9.46044e-08	2.17392e-10
0.5875	1.0025	1	8.98097e-08	8.00093e-11
0.5925	0.0075	1	0	-6.14627e-13
0.5925	0.0125	1	0	-1.65689e-12
0.5925	0.0175	1	0	-5.75402e-13
0.5925	0.0225	1	0	-1.06935e-13
0.5925	0.0275	1	0	-1.52939e-14
0.5925	0.0325	1	0	-1.97879e-15
0.5925	0.0375	1	0	-1.64944e-16
0.5925	0.0425	1	0	-1.91645e-17
0.5925	0.0475	1	0	-1.72123e-18
0.5925	0.0525	1	0	2.90917e-20
0.5925	0.0575	1	0	4.80434e-24
0.5925	0.0625	1	0	4.81921e-24
0.5925	0.0675	1	0	5.93345e-32
0.5925	0.0725	1	0	9.53701e-32
0.5925	0.0775	1	0	0
0.5925	0.0825	1	0	0
0.5925	0.0875	1	0	0
0.5925	0.0925	1	0	0
0.5925	0.0975	1	0	0
0.5925	0.1025	1	0	0
0.5925	0.1075	1	0	0
0.5925	0.1125	1	0	0
0.5925	0.1175	1	0	0
0.5925	0.1225	1	0	0
0.5925	0.1275	1	0	0
0.5925	0.1325	1	0	0
0.5925	0.1375	1	0	0
0.5925	0.1425	1	0	0
0.5925	0.1475	1	0	0
0.5925	0.1525	1	0	0
0.5925	0.1575	1	0	0
0.5925	0.1625	1	0	0
0.5925	0.1675	1	0	0
0.5925	0.1725	1	0	0
0.5925	0.1775	1	0	0
0.5925	0.1825	1	0	0
0.5925	0.1875	1	0	0
0.5925	0.1925	1	0	0
0.5925	0.1975	1	0	0
0.5925	0.2025	1	0	0
0.5925	0.2075	1	0	0
0.5925	0.2125	1	0	0
0.5925	0.2175	1	0	0
0.5925	0.2225	1	0	0
0.5925	0.2275	1	0	0
0.5925	0.2325	1	0	0
0.5925	0.2375	1	0	0
0.5925	0.2425	1	0	0
0.5925	0.2475	1	0	0
0.5925	0.2525	1	0	0
0.5925	0.2575	1	0	0
0.5925	0.2625	1	0	0
0.5925	0.2675	1	0	0
0.5925	0.2725	1	0	0
0.5925	0.2775	1	0	0
0.5925	0.2825	1	0	0
0.5925	0.2875	1	0	0
0.5925	0.2925	1	0	0
0.5925	0.2975	1	0	0
0.5925	0.3025	1	0	0
0.5925	0.3075	1	0	0
0.5925	0.3125	1	0	0
0.5925	0.3175	1	0	0
0.5925	0.3225	1	0	-9.53701e-32
0.5925	0.3275	1	0	-5.93646e-32
0.5925	0.3325	1	0	-4.81928e-24
0.5925	0.3375	1	0	1.14257e-18
0.5925	0.3425	1	0	1.1393e-17
0.5925	0.3475	1	0	2.81144e-16
0.5925	0.3525	1	0	2.91815e-15
0.5925	0.3575	1	0	1.3823e-14
0.5925	0.3625	1	0	4.16273e-14
0.5925	0.3675	1	0	1.32068e-13
0.5925	0.3725	1	0	3.71607e-13
0.5925	0.3775	1	0	8.33715e-13
0.5925	0.3825	1	0	1.47014e-12
0.5925	0.3875	1	0	4.41272e-12
0.5925	0.3925	1	0	1.09811e-11
0.5925	0.3975	1	0	3.67242e-12
0.5925	0.4025	1	0	2.38846e-13
0.5925	0.4075	1	0	7.44324e-15
0.5925	0.4125	1	0	1.41636e-16
0.5925	0.4175	1	0	1.86382e-18
0.5925	0.4225	1	0	2.19641e-20
0.5925	0.4275	1	0	3.35426e-22
0.5925	0.4325	1	0	1.41386e-23
0.5925	0.4375	1	0	8.17077e-25
0.5925	0.4425	1	0	5.83895e-26
0.5925	0.4475	1	0	5.26461e-27
0.5925	0.4525	1	0	8.4364e-28
0.5925	0.4575	1	0	-5.3639e-30
0.5925	0.4625	1	0	1.2179e-31
0.5925	0.4675	1	0	-3.66753e-32
0.5925	0.4725	1	0	9.20536e-36
0.5925	0.4775	1	0	0
0.5925	0.4825	1	0	0
0.5925	0.4875	1	0	0
0.5925	0.4925	1	0	0
0.5925	0.4975	1	0	0
0.5925	0.5025	1	0	0
0.5925	0.5075	1	0	0
0.5925	0.5125	1	0	0
0.5925	0.5175	1	0	0
0.5925	0.5225	1	0	0
0.5925	0.5275	1	0	0
0.5925	0.5325	1	0	-9.20536e-36
0.5925	0.5375	1	0	3.66753e-32
0.5925	0.5425	1	0	-1.2179e-31
0.5925	0.5475	1	0	5.3639e-30
0.5925	0.5525	1	0	-8.4364e-28
0.5925	0.5575	1	0	-5.26461e-27
0.5925	0.5625	1	0	-5.83895e-26
0.5925	0.5675	1	0	-8.17077e-25
0.5925	0.5725	1	0	-1.41386e-23
0.5925	0.5775	1	0	-3.35426e-22
0.5925	0.5825	1	0	-2.19641e-20
0.5925	0.5875	1	0	-1.86382e-18
0.5925	0.5925	1	0	-1.41636e-16
0.5925	0.5975	1	0	-7.44324e-15
0.5925	0.6025	1	0	-2.38846e-13
0.5925	0.6075	1	0	-3.67242e-12
0.5925	0.6125	1	0	-1.09811e-11
0.5925	0.6175	1	0	-4.41272e-12
0.5925	0.6225	1	0	-1.47014e-12
0.5925	0.6275	1	0	-8.33715e-13
0.5925	0.6325	1	0	-3.71607e-13
0.5925	0.6375	1	0	-1.32068e-13
0.5925	0.6425	1	0	-4.16273e-14
0.5925	0.6475	1	0	-1.3823e-14
0.5925	0.6525	1	0	-2.91815e-15
0.5925	0.6575	1	0	-2.81144e-16
0.5925	0.6625	1	0	-1.1393e-17
0.5925	0.6675	1	0	-1.14257e-18
0.5925	0.6725	1	0	4.81928e-24
0.5925	0.6775	1	0	5.93646e-32
0.5925	0.6825	1	0	9.53701e-32
0.5925	0.6875	1	0	0
0.5925	0.6925	1	0	0
0.5925	0.6975	1	0	0
0.5925	0.7025	1	0	0
0.5925	0.7075	1	0	0
0.5925	0.7125	1	0	0
0.5925	0.7175	1	0	0
0.5925	0.7225	1	0	0
0.5925	0.7275	1	0	0
0.5925	0.7325	1	0	0
0.5925	0.7375	1	0	0
0.5925	0.7425	1	0	0
0.5925	0.7475	1	0	0
0.5925	0.7525	1	0	0
0.5925	0.7575	1	0	0
0.5925	0.7625	1	0	0
0.5925	0.7675	1	0	0
0.5925	0.7725	1	0	0
0.5925	0.7775	1	0	0
0.5925	0.7825	1	0	0
0.5925	0.7875	1	0	0
0.5925	0.7925	1	0	0
0.5925	0.7975	1	0	0
0.5925	0.8025	1	0	0
0.5925	0.8075	1	0	0
0.5925	0.8125	1	0	0
0.5925	0.8175	1	0	0
0.5925	0.8225	1	0	0
0.5925	0.8275	1	0	0
0.5925	0.8325	1	0	0
0.5925	0.8375	1	0	0
0.5925	0.8425	1	0	0
0.5925	0.8475	1	0	0
0.5925	0.8525	1	0	0
0.5925	0.8575	1	0	0
0.5925	0.8625	1	0	0
0.5925	0.8675	1	0	0
0.5925	0.8725	1	0	0
0.5925	0.8775	1	0	0
0.5925	0.8825	1	0	0
0.5925	0.8875	1	0	0
0.5925	0.8925	1	0	0
0.5925	0.8975	1	0	0
0.5925	0.9025	1	0	0
0.5925	0.9075	1	0	0
0.5925	0.9125	1	0	0
0.5925	0.9175	1	0	0
0.5925	0.9225	1	0	0
0.5925	0.9275	1	0	0
0.5925	0.9325	1	0	0
0.5925	0.9375	1	0	-9.53701e-32
0.5925	0.9425	1	0	-5.93345e-32
0.5925	0.9475	1	0	-4.81921e-24
0.5925	0.9525	1	0	-4.80434e-24
0.5925	0.9575	1	0	-2.90917e-20
0.5925	0.9625	1	0	1.71936e-18
0.5925	0.9675	1	0	1.91722e-17
0.5925	0.9725	1	0	1.64961e-16
0.5925	0.9775	1	0	1.97871e-15
0.5925	0.9825	1	0	1.52998e-14
0.5925	0.9875	1	0	1.06988e-13
0.5925	0.9925	1	0	5.75578e-13
0.5925	0.9975	1	0	1.65724e-12
0.5925	1.0025	1	0	6.14802e-13
0.5975	0.0075	1	0	-4.63861e-15
0.5975	0.0125	1	0	-1.23093e-14
0.5975	0.0175	1	0	-4.13541e-15
0.5975	0.0225	1	0	-7.42246e-16
0.5975	0.0275	1	0	-1.03004e-16
0.5975	0.0325	1	0	-1.46768e-17
0.5975	0.0375	1	0	-9.84231e-19
0.5975	0.0425	1	0	-1.15131e-19
0.5975	0.0475	1	0	-9.01789e-21
0.5975	0.0525	1	0	2.96058e-22
0.5975	0.0575	1	0	3.20981e-26
0.5975	0.0625	1	0	3.21564e-26
0.5975	0.0675	1	0	5.91395e-34
0.5975	0.0725	1	0	6.00876e-34
0.5975	0.0775	1	0	0
0.5975	0.0825	1	0	0
0.5975	0.0875	1	0	0
0.5975	0.0925	1	0	0
0.5975	0.0975	1	0	0
0.5975	0.1025	1	0	0
0.5975	0.1075	1	0	0
0.5975	0.1125	1	0	0
0.5975	0.1175	1	0	0
0.5975	0.1225	1	0	0
0.5975	0.1275	1	0	0
0.5975	0.1325	1	0	0
0.5975	0.1375	1	0	0
0.5975	0.1425	1	0	0
0.5975	0.1475	1	0	0
0.5975	0.1525	1	0	0
0.5975	0.1575	1	0	0
0.5975	0.1625	1	0	0
0.5975	0.1675	1	0	0
0.5975	0.1725	1	0	0
0.5975	0.1775	1	0	0
0.5975	0.1825	1	0	0
0.5975	0.1875	1	0	0
0.5975	0.1925	1	0	0
0.5975	0.1975	1	0	0
0.5975	0.2025	1	0	0
0.5975	0.2075	1	0	0
0.5975	0.2125	1	0	0
0.5975	0.2175	1	0	0
0.5975	0.2225	1	0	0
0.5975	0.2275	1	0	0
0.5975	0.2325	1	0	0
0.5975	0.2375	1	0	0
0.5975	0.2425	1	0	0
0.5975	0.2475	1	0	0
0.5975	0.2525	1	0	0
0.5975	0.2575	1	0	0
0.5975	0.2625	1	0	0
0.5975	0.2675	1	0	0
0.5975	0.2725	1	0	0
0.5975	0.2775	1	0	0
0.5975	0.2825	1	0	0
0.5975	0.2875	1	0	0
0.5975	0.2925	1	0	0
0.5975	0.2975	1	0	0
0.5975	0.3025	1	0	0
0.5975	0.3075	1	0	0
0.5975	0.3125	1	0	0
0.5975	0.3175	1	0	0
0.5975	0.3225	1	0	-6.00876e-34
0.5975	0.3275	1	0	-5.91567e-34
0.5975	0.3325	1	0	-3.21566e-26
0.5975	0.3375	1	0	6.02682e-21
0.5975	0.3425	1	0	6.25705e-20
0.5975	0.3475	1	0	1.47766e-18
0.5975	0.3525	1	0	1.97516e-17
0.5975	0.3575	1	0	8.8617e-17
0.5975	0.3625	1	0	2.66886e-16
0.5975	0.3675	1	0	8.65287e-16
0.5975	0.3725	1	0	2.48342e-15
0.5975	0.3775	1	0	5.71181e-15
0.5975	0.3825	1	0	1.04234e-14
0.5975	0.3875	1	0	3.11439e-14
0.5975	0.3925	1	0	7.86381e-14
0.5975	0.3975	1	0	2.88049e-14
0.5975	0.4025	1	0	2.05388e-15
0.5975	0.4075	1	0	6.62249e-17
0.5975	0.4125	1	0	1.29989e-18
0.5975	0.4175	1	0	1.8217e-20
0.5975	0.4225	1	0	2.54354e-22
0.5975	0.4275	1	0	4.31546e-24
0.5975	0.4325	1	0	1.78059e-25
0.5975	0.4375	1	0	1.0415e-26
0.5975	0.4425	1	0	6.67932e-28
0.5975	0.4475	1	0	5.96822e-29
0.5975	0.4525	1	0	1.11434e-29
0.5975	0.4575	1	0	-2.43614e-32
0.5975	0.4625	1	0	8.35033e-34
0.5975	0.4675	1	0	-9.30815e-35
0.5975	0.4725	1	0	3.67048e-38
0.5975	0.4775	1	0	0
0.5975	0.4825	1	0	0
0.5975	0.4875	1	0	0
0.5975	0.4925	1	0	0
0.5975	0.4975	1	0	0
0.5975	0.5025	1	0	0
0.5975	0.5075	1	0	0
0.5975	0.5125	1	0	0
0.5975	0.5175	1	0	0
0.5975	0.5225	1	0	0
0.5975	0.5275	1	0	0
0.5975	0.5325	1	0	-3.67048e-38
0.5975	0.5375	1	0	9.30815e-35
0.5975	0.5425	1	0	-8.35033e-34
0.5975	0.5475	1	0	2.43614e-32
0.5975	0.5525	1	0	-1.11434e-29
0.5975	0.5575	1	0	-5.96822e-29
0.5975	0.5625	1	0	-6.67932e-28
0.5975	0.5675	1	0	-1.0415e-26
0.5975	0.5725	1	0	-1.78059e-25
0.5975	0.5775	1	0	-4.31546e-24
0.5975	0.5825	1	0	-2.54354e-22
0.5975	0.5875	1	0	-1.8217e-20
0.5975	0.5925	1	0	-1.29989e-18
0.5975	0.5975	1	0	-6.62249e-17
0.5975	0.6025	1	0	-2.05388e-15
0.5975	0.6075	1	0	-2.88049e-14
0.5975	0.6125	1	0	-7.86381e-14
0.5975	0.6175	1	0	-3.11439e-14
0.5975	0.6225	1	0	-1.04234e-14
0.5975	0.6275	1	0	-5.71181e-15
0.5975	0.6325	1	0	-2.48342e-15
0.5975	0.6375	1	0	-8.65287e-16
0.5975	0.6425	1	0	-2.66886e-16
0.5975	0.6475	1	0	-8.8617e-17
0.5975	0.6525	1	0	-1.97516e-17
0.5975	0.6575	1	0	-1.47766e-18
0.5975	0.6625	1	0	-6.25705e-20
0.5975	0.6675	1	0	-6.02682e-21
0.5975	0.6725	1	0	3.21566e-26
0.5975	0.6775	1	0	5.91567e-34
0.5975	0.6825	1	0	6.00876e-34
0.5975	0.6875	1	0	0
0.5975	0.6925	1	0	0
0.5975	0.6975	1	0	0
0.5975	0.7025	1	0	0
0.5975	0.7075	1	0	0
0.5975	0.7125	1	0	0
0.5975	0.7175	1	0	0
0.5975	0.7225	1	0	0
0.5975	0.7275	1	0	0
0.5975	0.7325	1	0	0
0.5975	0.7375	1	0	0
0.5975	0.7425	1	0	0
0.5975	0.7475	1	0	0
0.5975	0.7525	1	0	0
0.5975	0.7575	1	0	0
0.5975	0.7625	1	0	0
0.5975	0.7675	1	0	0
0.5975	0.7725	1	0	0
0.5975	0.7775	1	0	0
0.5975	0.7825	1	0	0
0.5975	0.7875	1	0	0
0.5975	0.7925	1	0	0
0.5975	0.7975	1	0	0
0.5975	0.8025	1	0	0
0.5975	0.8075	1	0	0
0.5975	0.8125	1	0	0
0.5975	0.8175	1	0	0
0.5975	0.8225	1	0	0
0.5975	0.8275	1	0	0
0.5975	0.8325	1	0	0
0.5975	0.8375	1	0	0
0.5975	0.8425	1	0	0
0.5975	0.8475	1	0	0
0.5975	0.8525	1	0	0
0.5975	0.8575	1	0	0
0.5975	0.8625	1	0	0
0.5975	0.8675	1	0	0
0.5975	0.8725	1	0	0
0.5975	0.8775	1	0	0
0.5975	0.8825	1	0	0
0.5975	0.8875	1	0	0
0.5975	0.8925	1	0	0
0.5975	0.8975	1	0	0
0.5975	0.9025	1	0	0
0.5975	0.9075	1	0	0
0.5975	0.9125	1	0	0
0.5975	0.9175	1	0	0
0.5975	0.9225	1	0	0
0.5975	0.9275	1	0	0
0.5975	0.9325	1	0	0
0.5975	0.9375	1	0	-6.00876e-34
0.5975	0.9425	1	0	-5.91395e-34
0.5975	0.9475	1	0	-3.21564e-26
0.5975	0.9525	1	0	-3.20981e-26
0.5975	0.9575	1	0	-2.96058e-22
0.5975	0.9625	1	0	9.01484e-21
0.5975	0.9675	1	0	1.15146e-19
0.5975	0.9725	1	0	9.8433e-19
0.5975	0.9775	1	0	1.46771e-17
0.5975	0.9825	1	0	1.03041e-16
0.5975	0.9875	1	0	7.42577e-16
0.5975	0.9925	1	0	4.13656e-15
0.5975	0.9975	1	0	1.23118e-14
0.5975	1.0025	1	0	4.64023e-15
0.6025	0.0075	1	0	-3.46669e-17
0.6025	0.0125	1	0	-8.97295e-17
0.6025	0.0175	1	0	-2.9158e-17
0.6025	0.0225	1	0	-5.04199e-18
0.6025	0.0275	1	0	-6.91298e-19
0.6025	0.0325	1	0	-1.15575e-19
0.6025	0.0375	1	0	-5.83371e-21
0.6025	0.0425	1	0	-6.99266e-22
0.6025	0.0475	1	0	-4.66393e-23
0.6025	0.0525	1	0	1.93428e-24
0.6025	0.0575	1	0	2.11614e-28
0.6025	0.0625	1	0	2.11941e-28
0.6025	0.0675	1	0	4.01548e-36
0.6025	0.0725	1	0	3.71053e-36
0.6025	0.0775	1	0	0
0.6025	0.0825	1	0	0
0.6025	0.0875	1	0	0
0.6025	0.0925	1	0	0
0.6025	0.0975	1	0	0
0.6025	0.1025	1	0	0
0.6025	0.1075	1	0	0
0.6025	0.1125	1	0	0
0.6025	0.1175	1	0	0
0.6025	0.1225	1	0	0
0.6025	0.1275	1	0	0
0.6025	0.1325	1	0	0
0.6025	0.1375	1	0	0
0.6025	0.1425	1	0	0
0.6025	0.1475	1	0	0
0.6025	0.1525	1	0	0
0.6025	0.1575	1	0	0
0.6025	0.1625	1	0	0
0.6025	0.1675	1	0	0
0.6025	0.1725	1	0	0
0.6025	0.1775	1	0	0
0.6025	0.1825	1	0	0
0.6025	0.1875	1	0	0
0.6025	0.1925	1	0	0
0.6025	0.1975	1	0	0
0.6025	0.2025	1	0	0
0.6025	0.2075	1	0	0
0.6025	0.2125	1	0	0
0.6025	0.2175	1	0	0
0.6025	0.2225	1	0	0
0.6025	0.2275	1	0	0
0.6025	0.2325	1	0	0
0.6025	0.2375	1	0	0
0.6025	0.2425	1	0	0
0.6025	0.2475	1	0	0
0.6025	0.2525	1	0	0
0.6025	0.2575	1	0	0
0.6025	0.2625	1	0	0
0.6025	0.2675	1	0	0
0.6025	0.2725	1	0	0
0.6025	0.2775	1	0	0
0.6025	0.2825	1	0	0
0.6025	0.2875	1	0	0
0.6025	0.2925	1	0	0
0.6025	0.2975	1	0	0
0.6025	0.3025	1	0	0
0.6025	0.3075	1	0	0
0.6025	0.3125	1	0	0
0.6025	0.3175	1	0	0
0.6025	0.3225	1	0	-3.71053e-36
0.6025	0.3275	1	0	-4.0165e-36
0.6025	0.3325	1	0	-2.11941e-28
0.6025	0.3375	1	0	3.16661e-23
0.6025	0.3425	1	0	3.38938e-22
0.6025	0.3475	1	0	7.3025e-21
0.6025	0.3525	1	0	1.39187e-19
0.6025	0.3575	1	0	5.56436e-19
0.6025	0.3625	1	0	1.65656e-18
0.6025	0.3675	1	0	5.49534e-18
0.6025	0.3725	1	0	1.61118e-17
0.6025	0.3775	1	0	3.80638e-17
0.6025	0.3825	1	0	7.16612e-17
0.6025	0.3875	1	0	2.12913e-16
0.6025	0.3925	1	0	5.60092e-16
0.6025	0.3975	1	0	2.27532e-16
0.6025	0.4025	1	0	1.77551e-17
0.6025	0.4075	1	0	5.87996e-19
0.6025	0.4125	1	0	1.19948e-20
0.6025	0.4175	1	0	1.81618e-22
0.6025	0.4225	1	0	3.05629e-24
0.6025	0.4275	1	0	5.51696e-26
0.6025	0.4325	1	0	2.17583e-27
0.6025	0.4375	1	0	1.30982e-28
0.6025	0.4425	1	0	7.42735e-30
0.6025	0.4475	1	0	6.53301e-31
0.6025	0.4525	1	0	1.39834e-31
0.6025	0.4575	1	0	4.81464e-35
0.6025	0.4625	1	0	5.62465e-36
0.6025	0.4675	1	0	-1.68028e-37
0.6025	0.4725	1	0	0
0.6025	0.4775	1	0	0
0.6025	0.4825	1	0	0
0.6025	0.4875	1	0	0
0.6025	0.4925	1	0	0
0.6025	0.4975	1	0	0
0.6025	0.5025	1	0	0
0.6025	0.5075	1	0	0
0.6025	0.5125	1	0	0
0.6025	0.5175	1	0	0
0.6025	0.5225	1	0	0
0.6025	0.5275	1	0	0
0.6025	0.5325	1	0	0
0.6025	0.5375	1	0	1.68028e-37
0.6025	0.5425	1	0	-5.62465e-36
0.6025	0.5475	1	0	-4.81464e-35
0.6025	0.5525	1	0	-1.39834e-31
0.6025	0.5575	1	0	-6.53301e-31
0.6025	0.5625	1	0	-7.42735e-30
0.6025	0.5675	1	0	-1.30982e-28
0.6025	0.5725	1	0	-2.17583e-27
0.6025	0.5775	1	0	-5.51696e-26
0.6025	0.5825	1	0	-3.05629e-24
0.6025	0.5875	1	0	-1.81618e-22
0.6025	0.5925	1	0	-1.19948e-20
0.6025	0.5975	1	0	-5.87996e-19
0.6025	0.6025	1	0	-1.77551e-17
0.6025	0.6075	1	0	-2.27532e-16
0.6025	0.6125	1	0	-5.60092e-16
0.6025	0.6175	1	0	-2.12913e-16
0.6025	0.6225	1	0	-7.16612e-17
0.6025	0.6275	1	0	-3.80638e-17
0.6025	0.6325	1	0	-1.61118e-17
0.6025	0.6375	1	0	-5.49534e-18
0.6025	0.6425	1	0	-1.65656e-18
0.6025	0.6475	1	0	-5.56436e-19
0.6025	0.6525	1	0	-1.39187e-19
0.6025	0.6575	1	0	-7.3025e-21
0.6025	0.6625	1	0	-3.38938e-22
0.6025	0.6675	1	0	-3.16661e-23
0.6025	0.6725	1	0	2.11941e-28
0.6025	0.6775	1	0	4.0165e-36
0.6025	0.6825	1	0	3.71053e-36
0.6025	0.6875	1	0	0
0.6025	0.6925	1	0	0
0.6025	0.6975	1	0	0
0.6025	0.7025	1	0	0
0.6025	0.7075	1	0	0
0.6025	0.7125	1	0	0
0.6025	0.7175	1	0	0
0.6025	0.7225	1	0	0
0.6025	0.7275	1	0	0
0.6025	0.7325	1	0	0
0.6025	0.7375	1	0	0
0.6025	0.7425	1	0	0
0.6025	0.7475	1	0	0
0.6025	0.7525	1	0	0
0.6025	0.7575	1	0	0
0.6025	0.7625	1	0	0
0.6025	0.7675	1	0	0
0.6025	0.7725	1	0	0
0.6025	0.7775	1	0	0
0.6025	0.7825	1	0	0
0.6025	0.7875	1	0	0
0.6025	0.7925	1	0	0
0.6025	0.7975	1	0	0
0.6025	0.8025	1	0	0
0.6025	0.8075	1	0	0
0.6025	0.8125	1	0	0
0.6025	0.8175	1	0	0
0.6025	0.8225	1	0	0
0.6025	0.8275	1	0	0
0.6025	0.8325	1	0	0
0.6025	0.8375	1	0	0
0.6025	0.8425	1	0	0
0.6025	0.8475	1	0	0
0.6025	0.8525	1	0	0
0.6025	0.8575	1	0	0
0.6025	0.8625	1	0	0
0.6025	0.8675	1	0	0
0.6025	0.8725	1	0	0
0.6025	0.8775	1	0	0
0.6025	0.8825	1	0	0
0.6025	0.8875	1	0	0
0.6025	0.8925	1	0	0
0.6025	0.8975	1	0	0
0.6025	0.9025	1	0	0
0.6025	0.9075	1	0	0
0.6025	0.9125	1	0	0
0.6025	0.9175	1	0	0
0.6025	0.9225	1	0	0
0.6025	0.9275	1	0	0
0.6025	0.9325	1	0	0
0.6025	0.9375	1	0	-3.71053e-36
0.6025	0.9425	1	0	-4.01548e-36
0.6025	0.9475	1	0	-2.11941e-28
0.6025	0.9525	1	0	-2.11614e-28
0.6025	0.9575	1	0	-1.93428e-24
0.6025	0.9625	1	0	4.66353e-23
0.6025	0.9675	1	0	6.99308e-22
0.6025	0.9725	1	0	5.83438e-21
0.6025	0.9775	1	0	1.15581e-19
0.6025	0.9825	1	0	6.91536e-19
0.6025	0.9875	1	0	5.04415e-18
0.6025	0.9925	1	0	2.91657e-17
0.6025	0.9975	1	0	8.97472e-17
0.6025	1.0025	1	0	3.468e-17
0.6075	0.0075	1	0	-2.58963e-19
0.6075	0.0125	1	0	-6.48912e-19
0.6075	0.0175	1	0	-2.03585e-19
0.6075	0.0225	1	0	-3.37973e-20
0.6075	0.0275	1	0	-4.63484e-21
0.6075	0.0325	1	0	-9.31487e-22
0.6075	0.0375	1	0	-3.44413e-23
0.6075	0.0425	1	0	-4.29517e-24
0.6075	0.0475	1	0	-2.34129e-25
0.6075	0.0525	1	0	1.41628e-26
0.6075	0.0575	1	0	1.38245e-30
0.6075	0.0625	1	0	1.38443e-30
0.6075	0.0675	1	0	2.39325e-38
0.6075	0.0725	1	0	2.2029e-38
0.6075	0.0775	1	0	0
0.6075	0.0825	1	0	0
0.6075	0.0875	1	0	0
0.6075	0.0925	1	0	0
0.6075	0.0975	1	0	0
0.6075	0.1025	1	0	0
0.6075	0.1075	1	0	0
0.6075	0.1125	1	0	0
0.6075	0.1175	1	0	0
0.6075	0.1225	1	0	0
0.6075	0.1275	1	0	0
0.6075	0.1325	1	0	0
0.6075	0.1375	1	0	0
0.6075	0.1425	1	0	0
0.6075	0.1475	1	0	0
0.6075	0.1525	1	0	0
0.6075	0.1575	1	0	0
0.6075	0.1625	1	0	0
0.6075	0.1675	1	0	0
0.6075	0.1725	1	0	0
0.6075	0.1775	1	0	0
0.6075	0.1825	1	0	0
0.6075	0.1875	1	0	0
0.6075	0.1925	1	0	0
0.6075	0.1975	1	0	0
0.6075	0.2025	1	0	0
0.6075	0.2075	1	0	0
0.6075	0.2125	1	0	0
0.6075	0.2175	1	0	0
0.6075	0.2225	1	0	0
0.6075	0.2275	1	0	0
0.6075	0.2325	1	0	0
0.6075	0.2375	1	0	0
0.6075	0.2425	1	0	0
0.6075	0.2475	1	0	0
0.6075	0.2525	1	0	0
0.6075	0.2575	1	0	0
0.6075	0.2625	1	0	0
0.6075	0.2675	1	0	0
0.6075	0.2725	1	0	0
0.6075	0.2775	1	0	0
0.6075	0.2825	1	0	0
0.6075	0.2875	1	0	0
0.6075	0.2925	1	0	0
0.6075	0.2975	1	0	0
0.6075	0.3025	1	0	0
0.6075	0.3075	1	0	0
0.6075	0.3125	1	0	0
0.6075	0.3175	1	0	0
0.6075	0.3225	1	0	-2.2029e-38
0.6075	0.3275	1	0	-2.39387e-38
0.6075	0.3325	1	0	-1.38443e-30
0.6075	0.3375	1	0	1.61275e-25
0.6075	0.3425	1	0	1.79633e-24
0.6075	0.3475	1	0	3.48185e-23
0.6075	0.3525	1	0	1.01177e-21
0.6075	0.3575	1	0	3.44928e-21
0.6075	0.3625	1	0	9.99873e-21
0.6075	0.3675	1	0	3.40774e-20
0.6075	0.3725	1	0	1.02225e-19
0.6075	0.3775	1	0	2.48895e-19
0.6075	0.3825	1	0	4.83938e-19
0.6075	0.3875	1	0	1.43467e-18
0.6075	0.3925	1	0	3.99681e-18
0.6075	0.3975	1	0	1.80948e-18
0.6075	0.4025	1	0	1.54339e-19
0.6075	0.4075	1	0	5.24242e-21
0.6075	0.4125	1	0	1.11878e-22
0.6075	0.4175	1	0	1.84863e-24
0.6075	0.4225	1	0	3.77152e-26
0.6075	0.4275	1	0	6.96626e-28
0.6075	0.4325	1	0	2.58501e-29
0.6075	0.4375	1	0	1.61594e-30
0.6075	0.4425	1	0	8.02993e-32
0.6075	0.4475	1	0	6.90834e-33
0.6075	0.4525	1	0	1.67477e-33
0.6075	0.4575	1	0	2.88321e-36
0.6075	0.4625	1	0	3.68642e-38
0.6075	0.4675	1	0	-2.52234e-42
0.6075	0.4725	1	0	0
0.6075	0.4775	1	0	0
0.6075	0.4825	1	0	0
0.6075	0.4875	1	0	0
0.6075	0.4925	1	0	0
0.6075	0.4975	1	0	0
0.6075	0.5025	1	0	0
0.6075	0.5075	1	0	0
0.6075	0.5125	1	0	0
0.6075	0.5175	1	0	0
0.6075	0.5225	1	0	0
0.6075	0.5275	1	0	0
0.6075	0.5325	1	0	0
0.6075	0.5375	1	0	2.52234e-42
0.6075	0.5425	1	0	-3.68642e-38
0.6075	0.5475	1	0	-2.88321e-36
0.6075	0.5525	1	0	-1.67477e-33
0.6075	0.5575	1	0	-6.90834e-33
0.6075	0.5625	1	0	-8.02993e-32
0.6075	0.5675	1	0	-1.61594e-30
0.6075	0.5725	1	0	-2.58501e-29
0.6075	0.5775	1	0	-6.96626e-28
0.6075	0.5825	1	0	-3.77152e-26
0.6075	0.5875	1	0	-1.84863e-24
0.6075	0.5925	1	0	-1.11878e-22
0.6075	0.5975	1	0	-5.24242e-21
0.6075	0.6025	1	0	-1.54339e-19
0.6075	0.6075	1	0	-1.80948e-18
0.6075	0.6125	1	0	-3.99681e-18
0.6075	0.6175	1	0	-1.43467e-18
0.6075	0.6225	1	0	-4.83938e-19
0.6075	0.6275	1	0	-2.48895e-19
0.6075	0.6325	1	0	-1.02225e-19
0.6075	0.6375	1	0	-3.40774e-20
0.6075	0.6425	1	0	-9.99873e-21
0.6075	0.6475	1	0	-3.44928e-21
0.6075	0.6525	1	0	-1.01177e-21
0.6075	0.6575	1	0	-3.48185e-23
0.6075	0.6625	1	0	-1.79633e-24
0.6075	0.6675	1	0	-1.61275e-25
0.6075	0.6725	1	0	1.38443e-30
0.6075	0.6775	1	0	2.39387e-38
0.6075	0.6825	1	0	2.2029e-38
0.6075	0.6875	1	0	0
0.6075	0.6925	1	0	0
0.6075	0.6975	1	0	0
0.6075	0.7025	1	0	0
0.6075	0.7075	1	0	0
0.6075	0.7125	1	0	0
0.6075	0.7175	1	0	0
0.6075	0.7225	1	0	0
0.6075	0.7275	1	0	0
0.6075	0.7325	1	0	0
0.6075	0.7375	1	0	0
0.6075	0.7425	1	0	0
0.6075	0.7475	1	0	0
0.6075	0.7525	1	0	0
0.6075	0.7575	1	0	0
0.6075	0.7625	1	0	0
0.6075	0.7675	1	0	0
0.6075	0.7725	1	0	0
0.6075	0.7775	1	0	0
0.6075	0.7825	1	0	0
0.6075	0.7875	1	0	0
0.6075	0.7925	1	0	0
0.6075	0.7975	1	0	0
0.6075	0.8025	1	0	0
0.6075	0.8075	1	0	0
0.6075	0.8125	1	0	0
0.6075	0.8175	1	0	0
0.6075	0.8225	1	0	0
0.6075	0.8275	1	0	0
0.6075	0.8325	1	0	0
0.6075	0.8375	1	0	0
0.6075	0.8425	1	0	0
0.6075	0.8475	1	0	0
0.6075	0.8525	1	0	0
0.6075	0.8575	1	0	0
0.6075	0.8625	1	0	0
0.6075	0.8675	1	0	0
0.6075	0.8725	1	0	0
0.6075	0.8775	1	0	0
0.6075	0.8825	1	0	0
0.6075	0.8875	1	0	0
0.6075	0.8925	1	0	0
0.6075	0.8975	1	0	0
0.6075	0.9025	1	0	0
0.6075	0.9075	1	0	0
0.6075	0.9125	1	0	0
0.6075	0.9175	1	0	0
0.6075	0.9225	1	0	0
0.6075	0.9275	1	0	0
0.6075	0.9325	1	0	0
0.6075	0.9375	1	0	-2.2029e-38
0.6075	0.9425	1	0	-2.39325e-38
0.6075	0.9475	1	0	-1.38443e-30
0.6075	0.9525	1	0	-1.38245e-30
0.6075	0.9575	1	0	-1.41628e-26
0.6075	0.9625	1	0	2.34126e-25
0.6075	0.9675	1	0	4.29533e-24
0.6075	0.9725	1	0	3.44459e-23
0.6075	0.9775	1	0	9.31544e-22
0.6075	0.9825	1	0	4.63637e-21
0.6075	0.9875	1	0	3.38122e-20
0.6075	0.9925	1	0	2.03639e-19
0.6075	0.9975	1	0	6.4903e-19
0.6075	1.0025	1	0	2.5906e-19
0.6125	0.0075	1	0	-1.9454e-21
0.6125	0.0125	1	0	-4.69767e-21
0.6125	0.0175	1	0	-1.41918e-21
0.6125	0.0225	1	0	-2.25551e-22
0.6125	0.0275	1	0	-3.10132e-23
0.6125	0.0325	1	0	-7.39608e-24
0.6125	0.0375	1	0	-2.03278e-25
0.6125	0.0425	1	0	-2.67944e-26
0.6125	0.0475	1	0	-1.12889e-27
0.6125	0.0525	1	0	1.05933e-28
0.6125	0.0575	1	0	8.98778e-33
0.6125	0.0625	1	0	8.99901e-33
0.6125	0.0675	1	0	0
0.6125	0.0725	1	0	0
0.6125	0.0775	1	0	0
0.6125	0.0825	1	0	0
0.6125	0.0875	1	0	0
0.6125	0.0925	1	0	0
0.6125	0.0975	1	0	0
0.6125	0.1025	1	0	0
0.6125	0.1075	1	0	0
0.6125	0.1125	1	0	0
0.6125	0.1175	1	0	0
0.6125	0.1225	1	0	0
0.6125	0.1275	1	0	0
0.6125	0.1325	1	0	0
0.6125	0.1375	1	0	0
0.6125	0.1425	1	0	0
0.6125	0.1475	1	0	0
0.6125	0.1525	1	0	0
0.6125	0.1575	1	0	0
0.6125	0.1625	1	0	0
0.6125	0.1675	1	0	0
0.6125	0.1725	1	0	0
0.6125	0.1775	1	0	0
0.6125	0.1825	1	0	0
0.6125	0.1875	1	0	0
0.6125	0.1925	1	0	0
0.6125	0.1975	1	0	0
0.6125	0.2025	1	0	0
0.6125	0.2075	1	0	0
0.6125	0.2125	1	0	0
0.6125	0.2175	1	0	0
0.6125	0.2225	1	0	0
0.6125	0.2275	1	0	0
0.6125	0.2325	1	0	0
0.6125	0.2375	1	0	0
0.6125	0.2425	1	0	0
0.6125	0.2475	1	0	0
0.6125	0.2525	1	0	0
0.6125	0.2575	1	0	0
0.6125	0.2625	1	0	0
0.6125	0.2675	1	0	0
0.6125	0.2725	1	0	0
0.6125	0.2775	1	0	0
0.6125	0.2825	1	0	0
0.6125	0.2875	1	0	0
0.6125	0.2925	1	0	0
0.6125	0.2975	1	0	0
0.6125	0.3025	1	0	0
0.6125	0.3075	1	0	0
0.6125	0.3125	1	0	0
0.6125	0.3175	1	0	0
0.6125	0.3225	1	0	0
0.6125	0.3275	1	0	0
0.6125	0.3325	1	0	-8.99902e-33
0.6125	0.3375	1	0	7.82792e-28
0.6125	0.3425	1	0	9.27754e-27
0.6125	0.3475	1	0	1.64837e-25
0.6125	0.3525	1	0	7.415e-24
0.6125	0.3575	1	0	2.12824e-23
0.6125	0.3625	1	0	5.91538e-23
0.6125	0.3675	1	0	2.08571e-22
0.6125	0.3725	1	0	6.40637e-22
0.6125	0.3775	1	0	1.61299e-21
0.6125	0.3825	1	0	3.24828e-21
0.6125	0.3875	1	0	9.66747e-21
0.6125	0.3925	1	0	2.85972e-20
0.6125	0.3975	1	0	1.44092e-20
0.6125	0.4025	1	0	1.34386e-21
0.6125	0.4075	1	0	4.69992e-23
0.6125	0.4125	1	0	1.0576e-24
0.6125	0.4175	1	0	1.91851e-26
0.6125	0.4225	1	0	4.71762e-28
0.6125	0.4275	1	0	8.65117e-30
0.6125	0.4325	1	0	2.98977e-31
0.6125	0.4375	1	0	1.94561e-32
0.6125	0.4425	1	0	8.44851e-34
0.6125	0.4475	1	0	7.0662e-35
0.6125	0.4525	1	0	1.9199e-35
0.6125	0.4575	1	0	4.37981e-38
0.6125	0.4625	1	0	0
0.6125	0.4675	1	0	0
0.6125	0.4725	1	0	0
0.6125	0.4775	1	0	0
0.6125	0.4825	1	0	0
0.6125	0.4875	1	0	0
0.6125	0.4925	1	0	0
0.6125	0.4975	1	0	0
0.6125	0.5025	1	0	0
0.6125	0.5075	1	0	0
0.6125	0.5125	1	0	0
0.6125	0.5175	1	0	0
0.6125	0.5225	1	0	0
0.6125	0.5275	1	0	0
0.6125	0.5325	1	0	0
0.6125	0.5375	1	0	0
0.6125	0.5425	1	0	0
0.6125	0.5475	1	0	-4.37981e-38
0.6125	0.5525	1	0	-1.9199e-35
0.6125	0.5575	1	0	-7.0662e-35
0.6125	0.5625	1	0	-8.44851e-34
0.6125	0.5675	1	0	-1.94561e-32
0.6125	0.5725	1	0	-2.98977e-31
0.6125	0.5775	1	0	-8.65117e-30
0.6125	0.5825	1	0	-4.71762e-28
0.6125	0.5875	1	0	-1.91851e-26
0.6125	0.5925	1	0	-1.0576e-24
0.6125	0.5975	1	0	-4.69992e-23
0.6125	0.6025	1	0	-1.34386e-21
0.6125	0.6075	1	0	-1.44092e-20
0.6125	0.6125	1	0	-2.85972e-20
0.6125	0.6175	1	0	-9.66747e-21
0.6125	0.6225	1	0	-3.24828e-21
0.6125	0.6275	1	0	-1.61299e-21
0.6125	0.6325	1	0	-6.40637e-22
0.6125	0.6375	1	0	-2.08571e-22
0.6125	0.6425	1	0	-5.91538e-23
0.6125	0.6475	1	0	-2.12824e-23
0.6125	0.6525	1	0	-7.415e-24
0.6125	0.6575	1	0	-1.64837e-25
0.6125	0.6625	1	0	-9.27754e-27
0.6125	0.6675	1	0	-7.82792e-28
0.6125	0.6725	1	0	8.99902e-33
0.6125	0.6775	1	0	0
0.6125	0.6825	1	0	0
0.6125	0.6875	1	0	0
0.6125	0.6925	1	0	0
0.6125	0.6975	1	0	0
0.6125	0.7025	1	0	0
0.6125	0.7075	1	0	0
0.6125	0.7125	1	0	0
0.6125	0.7175	1	0	0
0.6125	0.7225	1	0	0
0.6125	0.7275	1	0	0
0.6125	0.7325	1	0	0
0.6125	0.7375	1	0	0
0.6125	0.7425	1	0	0
0.6125	0.7475	1	0	0
0.6125	0.7525	1	0	0
0.6125	0.7575	1	0	0
0.6125	0.7625	1	0	0
0.6125	0.7675	1	0	0
0.6125	0.7725	1	0	0
0.6125	0.7775	1	0	0
0.6125	0.7825	1	0	0
0.6125	0.7875	1	0	0
0.6125	0.7925	1	0	0
0.6125	0.7975	1	0	0
0.6125	0.8025	1	0	0
0.6125	0.8075	1	0	0
0.6125	0.8125	1	0	0
0.6125	0.8175	1	0	0
0.6125	0.8225	1	0	0
0.6125	0.8275	1	0	0
0.6125	0.8325	1	0	0
0.6125	0.8375	1	0	0
0.6125	0.8425	1	0	0
0.6125	0.8475	1	0	0
0.6125	0.8525	1	0	0
0.6125	0.8575	1	0	0
0.6125	0.8625	1	0	0
0.6125	0.8675	1	0	0
0.6125	0.8725	1	0	0
0.6125	0.8775	1	0	0
0.6125	0.8825	1	0	0
0.6125	0.8875	1	0	0
0.6125	0.8925	1	0	0
0.6125	0.8975	1	0	0
0.6125	0.9025	1	0	0
0.6125	0.9075	1	0	0
0.6125	0.9125	1	0	0
0.6125	0.9175	1	0	0
0.6125	0.9225	1	0	0
0.6125	0.9275	1	0	0
0.6125	0.9325	1	0	0
0.6125	0.9375	1	0	0
0.6125	0.9425	1	0	0
0.6125	0.9475	1	0	-8.99901e-33
0.6125	0.9525	1	0	-8.98778e-33
0.6125	0.9575	1	0	-1.05933e-28
0.6125	0.9625	1	0	1.1289e-27
0.6125	0.9675	1	0	2.67953e-26
0.6125	0.9725	1	0	2.03309e-25
0.6125	0.9775	1	0	7.39654e-24
0.6125	0.9825	1	0	3.10231e-23
0.6125	0.9875	1	0	2.25662e-22
0.6125	0.9925	1	0	1.41957e-21
0.6125	0.9975	1	0	4.69839e-21
0.6125	1.0025	1	0	1.94608e-21
0.6175	0.0075	1	0	-1.47229e-23
0.6175	0.0125	1	0	-3.41734e-23
0.6175	0.0175	1	0	-9.91821e-24
0.6175	0.0225	1	0	-1.50752e-24
0.6175	0.0275	1	0	-2.06282e-25
0.6175	0.0325	1	0	-5.63959e-26
0.6175	0.0375	1	0	-1.20357e-27
0.6175	0.0425	1	0	-1.70868e-28
0.6175	0.0475	1	0	-5.19843e-30
0.6175	0.0525	1	0	8.02947e-31
0.6175	0.0575	1	0	5.81657e-35
0.6175	0.0625	1	0	5.82252e-35
0.6175	0.0675	1	0	0
0.6175	0.0725	1	0	0
0.6175	0.0775	1	0	0
0.6175	0.0825	1	0	0
0.6175	0.0875	1	0	0
0.6175	0.0925	1	0	0
0.6175	0.0975	1	0	0
0.6175	0.1025	1	0	0
0.6175	0.1075	1	0	0
0.6175	0.1125	1	0	0
0.6175	0.1175	1	0	0
0.6175	0.1225	1	0	0
0.6175	0.1275	1	0	0
0.6175	0.1325	1	0	0
0.6175	0.1375	1	0	0
0.6175	0.1425	1	0	0
0.6175	0.1475	1	0	0
0.6175	0.1525	1	0	0
0.6175	0.1575	1	0	0
0.6175	0.1625	1	0	0
0.6175	0.1675	1	0	0
0.6175	0.1725	1	0	0
0.6175	0.1775	1	0	0
0.6175	0.1825	1	0	0
0.6175	0.1875	1	0	0
0.6175	0.1925	1	0	0
0.6175	0.1975	1	0	0
0.6175	0.2025	1	0	0
0.6175	0.2075	1	0	0
0.6175	0.2125	1	0	0
0.6175	0.2175	1	0	0
0.6175	0.2225	1	0	0
0.6175	0.2275	1	0	0
0.6175	0.2325	1	0	0
0.6175	0.2375	1	0	0
0.6175	0.2425	1	0	0
0.6175	0.2475	1	0	0
0.6175	0.2525	1	0	0
0.6175	0.2575	1	0	0
0.6175	0.2625	1	0	0
0.6175	0.2675	1	0	0
0.6175	0.2725	1	0	0
0.6175	0.2775	1	0	0
0.6175	0.2825	1	0	0
0.6175	0.2875	1	0	0
0.6175	0.2925	1	0	0
0.6175	0.2975	1	0	0
0.6175	0.3025	1	0	0
0.6175	0.3075	1	0	0
0.6175	0.3125	1	0	0
0.6175	0.3175	1	0	0
0.6175	0.3225	1	0	0
0.6175	0.3275	1	0	0
0.6175	0.3325	1	0	-5.82252e-35
0.6175	0.3375	1	0	3.58976e-30
0.6175	0.3425	1	0	4.66534e-29
0.6175	0.3475	1	0	7.93606e-28
0.6175	0.3525	1	0	5.34016e-26
0.6175	0.3575	1	0	1.31193e-25
0.6175	0.3625	1	0	3.45741e-25
0.6175	0.3675	1	0	1.27236e-24
0.6175	0.3725	1	0	3.99752e-24
0.6175	0.3775	1	0	1.04348e-23
0.6175	0.3825	1	0	2.18168e-23
0.6175	0.3875	1	0	6.55551e-23
0.6175	0.3925	1	0	2.04549e-22
0.6175	0.3975	1	0	1.14377e-22
0.6175	0.4025	1	0	1.16682e-23
0.6175	0.4075	1	0	4.23468e-25
0.6175	0.4125	1	0	1.01334e-26
0.6175	0.4175	1	0	2.02212e-28
0.6175	0.4225	1	0	5.90824e-30
0.6175	0.4275	1	0	1.05366e-31
0.6175	0.4325	1	0	3.36813e-33
0.6175	0.4375	1	0	2.27689e-34
0.6175	0.4425	1	0	8.66314e-36
0.6175	0.4475	1	0	7.00214e-37
0.6175	0.4525	1	0	2.1086e-37
0.6175	0.4575	1	0	0
0.6175	0.4625	1	0	0
0.6175	0.4675	1	0	0
0.6175	0.4725	1	0	0
0.6175	0.4775	1	0	0
0.6175	0.4825	1	0	0
0.6175	0.4875	1	0	0
0.6175	0.4925	1	0	0
0.6175	0.4975	1	0	0
0.6175	0.5025	1	0	0
0.6175	0.5075	1	0	0
0.6175	0.5125	1	0	0
0.6175	0.5175	1	0	0
0.6175	0.5225	1	0	0
0.6175	0.5275	1	0	0
0.6175	0.5325	1	0	0
0.6175	0.5375	1	0	0
0.6175	0.5425	1	0	0
0.6175	0.5475	1	0	0
0.6175	0.5525	1	0	-2.1086e-37
0.6175	0.5575	1	0	-7.00214e-37
0.6175	0.5625	1	0	-8.66314e-36
0.6175	0.5675	1	0	-2.27689e-34
0.6175	0.5725	1	0	-3.36813e-33
0.6175	0.5775	1	0	-1.05366e-31
0.6175	0.5825	1	0	-5.90824e-30
0.6175	0.5875	1	0	-2.02212e-28
0.6175	0.5925	1	0	-1.01334e-26
0.6175	0.5975	1	0	-4.23468e-25
0.6175	0.6025	1	0	-1.16682e-23
0.6175	0.6075	1	0	-1.14377e-22
0.6175	0.6125	1	0	-2.04549e-22
0.6175	0.6175	1	0	-6.55551e-23
0.6175	0.6225	1	0	-2.18168e-23
0.6175	0.6275	1	0	-1.04348e-23
0.6175	0.6325	1	0	-3.99752e-24
0.6175	0.6375	1	0	-1.27236e-24
0.6175	0.6425	1	0	-3.45741e-25
0.6175	0.6475	1	0	-1.31193e-25
0.6175	0.6525	1	0	-5.34016e-26
0.6175	0.6575	1	0	-7.93606e-28
0.6175	0.6625	1	0	-4.66534e-29
0.6175	0.6675	1	0	-3.58976e-30
0.6175	0.6725	1	0	5.82252e-35
0.6175	0.6775	1	0	0
0.6175	0.6825	1	0	0
0.6175	0.6875	1	0	0
0.6175	0.6925	1	0	0
0.6175	0.6975	1	0	0
0.6175	0.7025	1	0	0
0.6175	0.7075	1	0	0
0.6175	0.7125	1	0	0
0.6175	0.7175	1	0	0
0.6175	0.7225	1	0	0
0.6175	0.7275	1	0	0
0.6175	0.7325	1	0	0
0.6175	0.7375	1	0	0
0.6175	0.7425	1	0	0
0.6175	0.7475	1	0	0
0.6175	0.7525	1	0	0
0.6175	0.7575	1	0	0
0.6175	0.7625	1	0	0
0.6175	0.7675	1	0	0
0.6175	0.7725	1	0	0
0.6175	0.7775	1	0	0
0.6175	0.7825	1	0	0
0.6175	0.7875	1	0	0
0.6175	0.7925	1	0	0
0.6175	0.7975	1	0	0
0.6175	0.8025	1	0	0
0.6175	0.8075	1	0	0
0.6175	0.8125	1	0	0
0.6175	0.8175	1	0	0
0.6175	0.8225	1	0	0
0.6175	0.8275	1	0	0
0.6175	0.8325	1	0	0
0.6175	0.8375	1	0	0
0.6175	0.8425	1	0	0
0.6175	0.8475	1	0	0
0.6175	0.8525	1	0	0
0.6175	0.8575	1	0	0
0.6175	0.8625	1	0	0
0.6175	0.8675	1	0	0
0.6175	0.8725	1	0	0
0.6175	0.8775	1	0	0
0.6175	0.8825	1	0	0
0.6175	0.8875	1	0	0
0.6175	0.8925	1	0	0
0.6175	0.8975	1	0	0
0.6175	0.9025	1	0	0
0.6175	0.9075	1	0	0
0.6175	0.9125	1	0	0
0.6175	0.9175	1	0	0
0.6175	0.9225	1	0	0
0.6175	0.9275	1	0	0
0.6175	0.9325	1	0	0
0.6175	0.9375	1	0	0
0.6175	0.9425	1	0	0
0.6175	0.9475	1	0	-5.82252e-35
0.6175	0.9525	1	0	-5.81657e-35
0.6175	0.9575	1	0	-8.02947e-31
0.6175	0.9625	1	0	5.1985e-30
0.6175	0.9675	1	0	1.70873e-28
0.6175	0.9725	1	0	1.20378e-27
0.6175	0.9775	1	0	5.63995e-26
0.6175	0.9825	1	0	2.06347e-25
0.6175	0.9875	1	0	1.50838e-24
0.6175	0.9925	1	0	9.92127e-24
0.6175	0.9975	1	0	3.41774e-23
0.6175	1.0025	1	0	1.47274e-23
0.6225	0.0075	1	0	-1.12136e-25
0.6225	0.0125	1	0	-2.49687e-25
0.6225	0.0175	1	0	-6.95017e-26
0.6225	0.0225	1	0	-1.01079e-26
0.6225	0.0275	1	0	-1.35665e-27
0.6225	0.0325	1	0	-4.07677e-28
0.6225	0.0375	1	0	-7.16537e-30
0.6225	0.0425	1	0	-1.11881e-30
0.6225	0.0475	1	0	-2.28188e-32
0.6225	0.0525	1	0	6.18385e-33
0.6225	0.0575	1	0	3.73691e-37
0.6225	0.0625	1	0	3.73991e-37
0.6225	0.0675	1	0	0
0.6225	0.0725	1	0	0
0.6225	0.0775	1	0	0
0.6225	0.0825	1	0	0
0.6225	0.0875	1	0	0
0.6225	0.0925	1	0	0
0.6225	0.0975	1	0	0
0.6225	0.1025	1	0	0
0.6225	0.1075	1	0	0
0.6225	0.1125	1	0	0
0.6225	0.1175	1	0	0
0.6225	0.1225	1	0	0
0.6225	0.1275	1	0	0
0.6225	0.1325	1	0	0
0.6225	0.1375	1	0	0
0.6225	0.1425	1	0	0
0.6225	0.1475	1	0	0
0.6225	0.1525	1	0	0
0.6225	0.1575	1	0	0
0.6225	0.1625	1	0	0
0.6225	0.1675	1	0	0
0.6225	0.1725	1	0	0
0.6225	0.1775	1	0	0
0.6225	0.1825	1	0	0
0.6225	0.1875	1	0	0
0.6225	0.1925	1	0	0
0.6225	0.1975	1	0	0
0.6225	0.2025	1	0	0
0.6225	0.2075	1	0	0
0.6225	0.2125	1	0	0
0.6225	0.2175	1	0	0
0.6225	0.2225	1	0	0
0.6225	0.2275	1	0	0
0.6225	0.2325	1	0	0
0.6225	0.2375	1	0	0
0.6225	0.2425	1	0	0
0.6225	0.2475	1	0	0
0.6225	0.2525	1	0	0
0.6225	0.2575	1	0	0
0.6225	0.2625	1	0	0
0.6225	0.2675	1	0	0
0.6225	0.2725	1	0	0
0.6225	0.2775	1	0	0
0.6225	0.2825	1	0	0
0.6225	0.2875	1	0	0
0.6225	0.2925	1	0	0
0.6225	0.2975	1	0	0
0.6225	0.3025	1	0	0
0.6225	0.3075	1	0	0
0.6225	0.3125	1	0	0
0.6225	0.3175	1	0	0
0.6225	0.3225	1	0	0
0.6225	0.3275	1	0	0
0.6225	0.3325	1	0	-3.73991e-37
0.6225	0.3375	1	0	1.55042e-32
0.6225	0.3425	1	0	2.2854e-31
0.6225	0.3475	1	0	3.94028e-30
0.6225	0.3525	1	0	3.70482e-28
0.6225	0.3575	1	0	8.05724e-28
0.6225	0.3625	1	0	2.00651e-27
0.6225	0.3675	1	0	7.77995e-27
0.6225	0.3725	1	0	2.49213e-26
0.6225	0.3775	1	0	6.75444e-26
0.6225	0.3825	1	0	1.46776e-25
0.6225	0.3875	1	0	4.4675e-25
0.6225	0.3925	1	0	1.45807e-24
0.6225	0.3975	1	0	9.03352e-25
0.6225	0.4025	1	0	1.00722e-25
0.6225	0.4075	1	0	3.83443e-27
0.6225	0.4125	1	0	9.8293e-29
0.6225	0.4175	1	0	2.15277e-30
0.6225	0.4225	1	0	7.33738e-32
0.6225	0.4275	1	0	1.25641e-33
0.6225	0.4325	1	0	3.69595e-35
0.6225	0.4375	1	0	2.58245e-36
0.6225	0.4425	1	0	8.64797e-38
0.6225	0.4475	1	0	6.08668e-39
0.6225	0.4525	1	0	1.16112e-39
0.6225	0.4575	1	0	0
0.6225	0.4625	1	0	0
0.6225	0.4675	1	0	0
0.6225	0.4725	1	0	0
0.6225	0.4775	1	0	0
0.6225	0.4825	1	0	0
0.6225	0.4875	1	0	0
0.6225	0.4925	1	0	0
0.6225	0.4975	1	0	0
0.6225	0.5025	1	0	0
0.6225	0.5075	1	0	0
0.6225	0.5125	1	0	0
0.6225	0.5175	1	0	0
0.6225	0.5225	1	0	0
0.6225	0.5275	1	0	0
0.6225	0.5325	1	0	0
0.6225	0.5375	1	0	0
0.6225	0.5425	1	0	0
0.6225	0.5475	1	0	0
0.6225	0.5525	1	0	-1.16112e-39
0.6225	0.5575	1	0	-6.08668e-39
0.6225	0.5625	1	0	-8.64797e-38
0.6225	0.5675	1	0	-2.58245e-36
0.6225	0.5725	1	0	-3.69595e-35
0.6225	0.5775	1	0	-1.25641e-33
0.6225	0.5825	1	0	-7.33738e-32
0.6225	0.5875	1	0	-2.15277e-30
0.6225	0.5925	1	0	-9.8293e-29
0.6225	0.5975	1	0	-3.83443e-27
0.6225	0.6025	1	0	-1.00722e-25
0.6225	0.6075	1	0	-9.03352e-25
0.6225	0.6125	1	0	-1.45807e-24
0.6225	0.6175	1	0	-4.4675e-25
0.6225	0.6225	1	0	-1.46776e-25
0.6225	0.6275	1	0	-6.75444e-26
0.6225	0.6325	1	0	-2.49213e-26
0.6225	0.6375	1	0	-7.77995e-27
0.6225	0.6425	1	0	-2.00651e-27
0.6225	0.6475	1	0	-8.05724e-28
0.6225	0.6525	1	0	-3.70482e-28
0.6225	0.6575	1	0	-3.94028e-30
0.6225	0.6625	1	0	-2.2854e-31
0.6225	0.6675	1	0	-1.55042e-32
0.6225	0.6725	1	0	3.73991e-37
0.6225	0.6775	1	0	0
0.6225	0.6825	1	0	0
0.6225	0.6875	1	0	0
0.6225	0.6925	1	0	0
0.6225	0.6975	1	0	0
0.6225	0.7025	1	0	0
0.6225	0.7075	1	0	0
0.6225	0.7125	1	0	0
0.6225	0.7175	1	0	0
0.6225	0.7225	1	0	0
0.6225	0.7275	1	0	0
0.6225	0.7325	1	0	0
0.6225	0.7375	1	0	0
0.6225	0.7425	1	0	0
0.6225	0.7475	1	0	0
0.6225	0.7525	1	0	0
0.6225	0.7575	1	0	0
0.6225	0.7625	1	0	0
0.6225	0.7675	1	0	0
0.6225	0.7725	1	0	0
0.6225	0.7775	1	0	0
0.6225	0.7825	1	0	0
0.6225	0.7875	1	0	0
0.6225	0.7925	1	0	0
0.6225	0.7975	1	0	0
0.6225	0.8025	1	0	0
0.6225	0.8075	1	0	0
0.6225	0.8125	1	0	0
0.6225	0.8175	1	0	0
0.6225	0.8225	1	0	0
0.6225	0.8275	1	0	0
0.6225	0.8325	1	0	0
0.6225	0.8375	1	0	0
0.6225	0.8425	1	0	0
0.6225	0.8475	1	0	0
0.6225	0.8525	1	0	0
0.6225	0.8575	1	0	0
0.6225	0.8625	1	0	0
0.6225	0.8675	1	0	0
0.6225	0.8725	1	0	0
0.6225	0.8775	1	0	0
0.6225	0.8825	1	0	0
0.6225	0.8875	1	0	0
0.6225	0.8925	1	0	0
0.6225	0.8975	1	0	0
0.6225	0.9025	1	0	0
0.6225	0.9075	1	0	0
0.6225	0.9125	1	0	0
0.6225	0.9175	1	0	0
0.6225	0.9225	1	0	0
0.6225	0.9275	1	0	0
0.6225	0.9325	1	0	0
0.6225	0.9375	1	0	0
0.6225	0.9425	1	0	0
0.6225	0.9475	1	0	-3.73991e-37
0.6225	0.9525	1	0	-3.73691e-37
0.6225	0.9575	1	0	-6.18385e-33
0.6225	0.9625	1	0	2.28192e-32
0.6225	0.9675	1	0	1.11884e-30
0.6225	0.9725	1	0	7.16678e-30
0.6225	0.9775	1	0	4.07704e-28
0.6225	0.9825	1	0	1.35708e-27
0.6225	0.9875	1	0	1.01149e-26
0.6225	0.9925	1	0	6.95261e-26
0.6225	0.9975	1	0	2.49705e-25
0.6225	1.0025	1	0	1.12166e-25
0.6275	0.0075	1	0	-8.5819e-28
0.6275	0.0125	1	0	-1.8285e-27
0.6275	0.0175	1	0	-4.87397e-28
0.6275	0.0225	1	0	-6.78839e-29
0.6275	0.0275	1	0	-8.78209e-30
0.6275	0.0325	1	0	-2.78108e-30
0.6275	0.0375	1	0	-4.29268e-32
0.6275	0.0425	1	0	-7.51226e-33
0.6275	0.0475	1	0	-9.55488e-35
0.6275	0.0525	1	0	4.85484e-35
0.6275	0.0575	1	0	1.91221e-39
0.6275	0.0625	1	0	1.91361e-39
0.6275	0.0675	1	0	0
0.6275	0.0725	1	0	0
0.6275	0.0775	1	0	0
0.6275	0.0825	1	0	0
0.6275	0.0875	1	0	0
0.6275	0.0925	1	0	0
0.6275	0.0975	1	0	0
0.6275	0.1025	1	0	0
0.6275	0.1075	1	0	0
0.6275	0.1125	1	0	0
0.6275	0.1175	1	0	0
0.6275	0.1225	1	0	0
0.6275	0.1275	1	0	0
0.6275	0.1325	1	0	0
0.6275	0.1375	1	0	0
0.6275	0.1425	1	0	0
0.6275	0.1475	1	0	0
0.6275	0.1525	1	0	0
0.6275	0.1575	1	0	0
0.6275	0.1625	1	0	0
0.6275	0.1675	1	0	0
0.6275	0.1725	1	0	0
0.6275	0.1775	1	0	0
0.6275	0.1825	1	0	0
0.6275	0.1875	1	0	0
0.6275	0.1925	1	0	0
0.6275	0.1975	1	0	0
0.6275	0.2025	1	0	0
0.6275	0.2075	1	0	0
0.6275	0.2125	1	0	0
0.6275	0.2175	1	0	0
0.6275	0.2225	1	0	0
0.6275	0.2275	1	0	0
0.6275	0.2325	1	0	0
0.6275	0.2375	1	0	0
0.6275	0.2425	1	0	0
0.6275	0.2475	1	0	0
0.6275	0.2525	1	0	0
0.6275	0.2575	1	0	0
0.6275	0.2625	1	0	0
0.6275	0.2675	1	0	0
0.6275	0.2725	1	0	0
0.6275	0.2775	1	0	0
0.6275	0.2825	1	0	0
0.6275	0.2875	1	0	0
0.6275	0.2925	1	0	0
0.6275	0.2975	1	0	0
0.6275	0.3025	1	0	0
0.6275	0.3075	1	0	0
0.6275	0.3125	1	0	0
0.6275	0.3175	1	0	0
0.6275	0.3225	1	0	0
0.6275	0.3275	1	0	0
0.6275	0.3325	1	0	-1.91361e-39
0.6275	0.3375	1	0	6.30574e-35
0.6275	0.3425	1	0	1.08969e-33
0.6275	0.3475	1	0	2.02489e-32
0.6275	0.3525	1	0	2.44653e-30
0.6275	0.3575	1	0	4.89288e-30
0.6275	0.3625	1	0	1.15773e-29
0.6275	0.3675	1	0	4.77276e-29
0.6275	0.3725	1	0	1.55096e-28
0.6275	0.3775	1	0	4.36797e-28
0.6275	0.3825	1	0	9.86851e-28
0.6275	0.3875	1	0	3.04586e-27
0.6275	0.3925	1	0	1.03423e-26
0.6275	0.3975	1	0	7.09917e-27
0.6275	0.4025	1	0	8.63578e-28
0.6275	0.4075	1	0	3.49297e-29
0.6275	0.4125	1	0	9.63424e-31
0.6275	0.4175	1	0	2.30088e-32
0.6275	0.4225	1	0	8.97644e-34
0.6275	0.4275	1	0	1.46539e-35
0.6275	0.4325	1	0	3.94839e-37
0.6275	0.4375	1	0	2.79845e-38
0.6275	0.4425	1	0	0
0.6275	0.4475	1	0	0
0.6275	0.4525	1	0	0
0.6275	0.4575	1	0	0
0.6275	0.4625	1	0	0
0.6275	0.4675	1	0	0
0.6275	0.4725	1	0	0
0.6275	0.4775	1	0	0
0.6275	0.4825	1	0	0
0.6275	0.4875	1	0	0
0.6275	0.4925	1	0	0
0.6275	0.4975	1	0	0
0.6275	0.5025	1	0	0
0.6275	0.5075	1	0	0
0.6275	0.5125	1	0	0
0.6275	0.5175	1	0	0
0.6275	0.5225	1	0	0
0.6275	0.5275	1	0	0
0.6275	0.5325	1	0	0
0.6275	0.5375	1	0	0
0.6275	0.5425	1	0	0
0.6275	0.5475	1	0	0
0.6275	0.5525	1	0	0
0.6275	0.5575	1	0	0
0.6275	0.5625	1	0	0
0.6275	0.5675	1	0	-2.79845e-38
0.6275	0.5725	1	0	-3.94839e-37
0.6275	0.5775	1	0	-1.46539e-35
0.6275	0.5825	1	0	-8.97644e-34
0.6275	0.5875	1	0	-2.30088e-32
0.6275	0.5925	1	0	-9.63424e-31
0.6275	0.5975	1	0	-3.49297e-29
0.6275	0.6025	1	0	-8.63578e-28
0.6275	0.6075	1	0	-7.09917e-27
0.6275	0.6125	1	0	-1.03423e-26
0.6275	0.6175	1	0	-3.04586e-27
0.6275	0.6225	1	0	-9.86851e-28
0.6275	0.6275	1	0	-4.36797e-28
0.6275	0.6325	1	0	-1.55096e-28
0.6275	0.6375	1	0	-4.77276e-29
0.6275	0.6425	1	0	-1.15773e-29
0.6275	0.6475	1	0	-4.89288e-30
0.6275	0.6525	1	0	-2.44653e-30
0.6275	0.6575	1	0	-2.02489e-32
0.6275	0.6625	1	0	-1.08969e-33
0.6275	0.6675	1	0	-6.30574e-35
0.6275	0.6725	1	0	1.91361e-39
0.6275	0.6775	1	0	0
0.6275	0.6825	1	0	0
0.6275	0.6875	1	0	0
0.6275	0.6925	1	0	0
0.6275	0.6975	1	0	0
0.6275	0.7025	1	0	0
0.6275	0.7075	1	0	0
0.6275	0.7125	1	0	0
0.6275	0.7175	1	0	0
0.6275	0.7225	1	0	0
0.6275	0.7275	1	0	0
0.6275	0.7325	1	0	0
0.6275	0.7375	1	0	0
0.6275	0.7425	1	0	0
0.6275	0.7475	1	0	0
0.6275	0.7525	1	0	0
0.6275	0.7575	1	0	0
0.6275	0.7625	1	0	0
0.6275	0.7675	1	0	0
0.6275	0.7725	1	0	0
0.6275	0.7775	1	0	0
0.6275	0.7825	1	0	0
0.6275	0.7875	1	0	0
0.6275	0.7925	1	0	0
0.6275	0.7975	1	0	0
0.6275	0.8025	1	0	0
0.6275	0.8075	1	0	0
0.6275	0.8125	1	0	0
0.6275	0.8175	1	0	0
0.6275	0.8225	1	0	0
0.6275	0.8275	1	0	0
0.6275	0.8325	1	0	0
0.6275	0.8375	1	0	0
0.6275	0.8425	1	0	0
0.6275	0.8475	1	0	0
0.6275	0.8525	1	0	0
0.6275	0.8575	1	0	0
0.6275	0.8625	1	0	0
0.6275	0.8675	1	0	0
0.6275	0.8725	1	0	0
0.6275	0.8775	1	0	0
0.6275	0.8825	1	0	0
0.6275	0.8875	1	0	0
0.6275	0.8925	1	0	0
0.6275	0.8975	1	0	0
0.6275	0.9025	1	0	0
0.6275	0.9075	1	0	0
0.6275	0.9125	1	0	0
0.6275	0.9175	1	0	0
0.6275	0.9225	1	0	0
0.6275	0.9275	1	0	0
0.6275	0.9325	1	0	0
0.6275	0.9375	1	0	0
0.6275	0.9425	1	0	0
0.6275	0.9475	1	0	-1.91361e-39
0.6275	0.9525	1	0	-1.91221e-39
0.6275	0.9575	1	0	-4.85484e-35
0.6275	0.9625	1	0	9.55507e-35
0.6275	0.9675	1	0	7.51242e-33
0.6275	0.9725	1	0	4.29361e-32
0.6275	0.9775	1	0	2.78127e-30
0.6275	0.9825	1	0	8.7849e-30
0.6275	0.9875	1	0	6.79411e-29
0.6275	0.9925	1	0	4.87593e-28
0.6275	0.9975	1	0	1.82856e-27
0.6275	1.0025	1	0	8.58391e-28
0.6325	0.0075	1	0	-6.5936e-30
0.6325	0.0125	1	0	-1.33984e-29
0.6325	0.0175	1	0	-3.41367e-30
0.6325	0.0225	1	0	-4.55341e-31
0.6325	0.0275	1	0	-5.58354e-32
0.6325	0.0325	1	0	-1.79047e-32
0.6325	0.0375	1	0	-2.58556e-34
0.6325	0.0425	1	0	-5.13375e-35
0.6325	0.0475	1	0	-3.82356e-37
0.6325	0.0525	1	0	3.89259e-37
0.6325	0.0575	1	0	0
0.6325	0.0625	1	0	0
0.6325	0.0675	1	0	0
0.6325	0.0725	1	0	0
0.6325	0.0775	1	0	0
0.6325	0.0825	1	0	0
0.6325	0.0875	1	0	0
0.6325	0.0925	1	0	0
0.6325	0.0975	1	0	0
0.6325	0.1025	1	0	0
0.6325	0.1075	1	0	0
0.6325	0.1125	1	0	0
0.6325	0.1175	1	0	0
0.6325	0.1225	1	0	0
0.6325	0.1275	1	0	0
0.6325	0.1325	1	0	0
0.6325	0.1375	1	0	0
0.6325	0.1425	1	0	0
0.6325	0.1475	1	0	0
0.6325	0.1525	1	0	0
0.6325	0.1575	1	0	0
0.6325	0.1625	1	0	0
0.6325	0.1675	1	0	0
0.6325	0.1725	1	0	0
0.6325	0.1775	1	0	0
0.6325	0.1825	1	0	0
0.6325	0.1875	1	0	0
0.6325	0.1925	1	0	0
0.6325	0.1975	1	0	0
0.6325	0.2025	1	0	0
0.6325	0.2075	1	0	0
0.6325	0.2125	1	0	0
0.6325	0.2175	1	0	0
0.6325	0.2225	1	0	0
0.6325	0.2275	1	0	0
0.6325	0.2325	1	0	0
0.6325	0.2375	1	0	0
0.6325	0.2425	1	0	0
0.6325	0.2475	1	0	0
0.6325	0.2525	1	0	0
0.6325	0.2575	1	0	0
0.6325	0.2625	1	0	0
0.6325	0.2675	1	0	0
0.6325	0.2725	1	0	0
0.6325	0.2775	1	0	0
0.6325	0.2825	1	0	0
0.6325	0.2875	1	0	0
0.6325	0.2925	1	0	0
0.6325	0.2975	1	0	0
0.6325	0.3025	1	0	0
0.6325	0.3075	1	0	0
0.6325	0.3125	1	0	0
0.6325	0.3175	1	0	0
0.6325	0.3225	1	0	0
0.6325	0.3275	1	0	0
0.6325	0.3325	1	0	0
0.6325	0.3375	1	0	2.41631e-37
0.6325	0.3425	1	0	5.02555e-36
0.6325	0.3475	1	0	1.07372e-34
0.6325	0.3525	1	0	1.52936e-32
0.6325	0.3575	1	0	2.91257e-32
0.6325	0.3625	1	0	6.63106e-32
0.6325	0.3675	1	0	2.93214e-31
0.6325	0.3725	1	0	9.60931e-31
0.6325	0.3775	1	0	2.81359e-30
0.6325	0.3825	1	0	6.61244e-30
0.6325	0.3875	1	0	2.06937e-29
0.6325	0.3925	1	0	7.29993e-29
0.6325	0.3975	1	0	5.55449e-29
0.6325	0.4025	1	0	7.35964e-30
0.6325	0.4075	1	0	3.20594e-31
0.6325	0.4125	1	0	9.51742e-33
0.6325	0.4175	1	0	2.4544e-34
0.6325	0.4225	1	0	1.07735e-35
0.6325	0.4275	1	0	1.67005e-37
0.6325	0.4325	1	0	3.41861e-39
0.6325	0.4375	1	0	0
0.6325	0.4425	1	0	0
0.6325	0.4475	1	0	0
0.6325	0.4525	1	0	0
0.6325	0.4575	1	0	0
0.6325	0.4625	1	0	0
0.6325	0.4675	1	0	0
0.6325	0.4725	1	0	0
0.6325	0.4775	1	0	0
0.6325	0.4825	1	0	0
0.6325	0.4875	1	0	0
0.6325	0.4925	1	0	0
0.6325	0.4975	1	0	0
0.6325	0.5025	1	0	0
0.6325	0.5075	1	0	0
0.6325	0.5125	1	0	0
0.6325	0.5175	1	0	0
0.6325	0.5225	1	0	0
0.6325	0.5275	1	0	0
0.6325	0.5325	1	0	0
0.6325	0.5375	1	0	0
0.6325	0.5425	1	0	0
0.6325	0.5475	1	0	0
0.6325	0.5525	1	0	0
0.6325	0.5575	1	0	0
0.6325	0.5625	1	0	0
0.6325	0.5675	1	0	0
0.6325	0.5725	1	0	-3.41861e-39
0.6325	0.5775	1	0	-1.67005e-37
0.6325	0.5825	1	0	-1.07735e-35
0.6325	0.5875	1	0	-2.4544e-34
0.6325	0.5925	1	0	-9.51742e-33
0.6325	0.5975	1	0	-3.20594e-31
0.6325	0.6025	1	0	-7.35964e-30
0.6325	0.6075	1	0	-5.55449e-29
0.6325	0.6125	1	0	-7.29993e-29
0.6325	0.6175	1	0	-2.06937e-29
0.6325	0.6225	1	0	-6.61244e-30
0.6325	0.6275	1	0	-2.81359e-30
0.6325	0.6325	1	0	-9.60931e-31
0.6325	0.6375	1	0	-2.93214e-31
0.6325	0.6425	1	0	-6.63106e-32
0.6325	0.6475	1	0	-2.91257e-32
0.6325	0.6525	1	0	-1.52936e-32
0.6325	0.6575	1	0	-1.07372e-34
0.6325	0.6625	1	0	-5.02555e-36
0.6325	0.6675	1	0	-2.41631e-37
0.6325	0.6725	1	0	0
0.6325	0.6775	1	0	0
0.6325	0.6825	1	0	0
0.6325	0.6875	1	0	0
0.6325	0.6925	1	0	0
0.6325	0.6975	1	0	0
0.6325	0.7025	1	0	0
0.6325	0.7075	1	0	0
0.6325	0.7125	1	0	0
0.6325	0.7175	1	0	0
0.6325	0.7225	1	0	0
0.6325	0.7275	1	0	0
0.6325	0.7325	1	0	0
0.6325	0.7375	1	0	0
0.6325	0.7425	1	0	0
0.6325	0.7475	1	0	0
0.6325	0.7525	1	0	0
0.6325	0.7575	1	0	0
0.6325	0.7625	1	0	0
0.6325	0.7675	1	0	0
0.6325	0.7725	1	0	0
0.6325	0.7775	1	0	0
0.6325	0.7825	1	0	0
0.6325	0.7875	1	0	0
0.6325	0.7925	1	0	0
0.6325	0.7975	1	0	0
0.6325	0.8025	1	0	0
0.6325	0.8075	1	0	0
0.6325	0.8125	1	0	0
0.6325	0.8175	1	0	0
0.6325	0.8225	1	0	0
0.6325	0.8275	1	0	0
0.6325	0.8325	1	0	0
0.6325	0.8375	1	0	0
0.6325	0.8425	1	0	0
0.6325	0.8475	1	0	0
0.6325	0.8525	1	0	0
0.6325	0.8575	1	0	0
0.6325	0.8625	1	0	0
0.6325	0.8675	1	0	0
0.6325	0.8725	1	0	0
0.6325	0.8775	1	0	0
0.6325	0.8825	1	0	0
0.6325	0.8875	1	0	0
0.6325	0.8925	1	0	0
0.6325	0.8975	1	0	0
0.6325	0.9025	1	0	0
0.6325	0.9075	1	0	0
0.6325	0.9125	1	0	0
0.6325	0.9175	1	0	0
0.6325	0.9225	1	0	0
0.6325	0.9275	1	0	0
0.6325	0.9325	1	0	0
0.6325	0.9375	1	0	0
0.6325	0.9425	1	0	0
0.6325	0.9475	1	0	0
0.6325	0.9525	1	0	0
0.6325	0.9575	1	0	-3.89259e-37
0.6325	0.9625	1	0	3.82362e-37
0.6325	0.9675	1	0	5.13386e-35
0.6325	0.9725	1	0	2.58615e-34
0.6325	0.9775	1	0	1.7906e-32
0.6325	0.9825	1	0	5.58539e-32
0.6325	0.9875	1	0	4.55802e-31
0.6325	0.9925	1	0	3.41525e-30
0.6325	0.9975	1	0	1.33983e-29
0.6325	1.0025	1	0	6.59496e-30
0.6375	0.0075	1	0	-5.08517e-32
0.6375	0.0125	1	0	-9.81678e-32
0.6375	0.0175	1	0	-2.3851e-32
0.6375	0.0225	1	0	-3.04219e-33
0.6375	0.0275	1	0	-3.48977e-34
0.6375	0.0325	1	0	-1.09064e-34
0.6375	0.0375	1	0	-1.56197e-36
0.6375	0.0425	1	0	-3.52931e-37
0.6375	0.0475	1	0	-1.16196e-39
0.6375	0.0525	1	0	2.57306e-39
0.6375	0.0575	1	0	0
0.6375	0.0625	1	0	0
0.6375	0.0675	1	0	0
0.6375	0.0725	1	0	0
0.6375	0.0775	1	0	0
0.6375	0.0825	1	0	0
0.6375	0.0875	1	0	0
0.6375	0.0925	1	0	0
0.6375	0.0975	1	0	0
0.6375	0.1025	1	0	0
0.6375	0.1075	1	0	0
0.6375	0.1125	1	0	0
0.6375	0.1175	1	0	0
0.6375	0.1225	1	0	0
0.6375	0.1275	1	0	0
0.6375	0.1325	1	0	0
0.6375	0.1375	1	0	0
0.6375	0.1425	1	0	0
0.6375	0.1475	1	0	0
0.6375	0.1525	1	0	0
0.6375	0.1575	1	0	0
0.6375	0.1625	1	0	0
0.6375	0.1675	1	0	0
0.6375	0.1725	1	0	0
0.6375	0.1775	1	0	0
0.6375	0.1825	1	0	0
0.6375	0.1875	1	0	0
0.6375	0.1925	1	0	0
0.6375	0.1975	1	0	0
0.6375	0.2025	1	0	0
0.6375	0.2075	1	0	0
0.6375	0.2125	1	0	0
0.6375	0.2175	1	0	0
0.6375	0.2225	1	0	0
0.6375	0.2275	1	0	0
0.6375	0.2325	1	0	0
0.6375	0.2375	1	0	0
0.6375	0.2425	1	0	0
0.6375	0.2475	1	0	0
0.6375	0.2525	1	0	0
0.6375	0.2575	1	0	0
0.6375	0.2625	1	0	0
0.6375	0.2675	1	0	0
0.6375	0.2725	1	0	0
0.6375	0.2775	1	0	0
0.6375	0.2825	1	0	0
0.6375	0.2875	1	0	0
0.6375	0.2925	1	0	0
0.6375	0.2975	1	0	0
0.6375	0.3025	1	0	0
0.6375	0.3075	1	0	0
0.6375	0.3125	1	0	0
0.6375	0.3175	1	0	0
0.6375	0.3225	1	0	0
0.6375	0.3275	1	0	0
0.6375	0.3325	1	0	0
0.6375	0.3375	1	0	5.13996e-40
0.6375	0.3425	1	0	2.18964e-38
0.6375	0.3475	1	0	5.8379e-37
0.6375	0.3525	1	0	9.03865e-35
0.6375	0.3575	1	0	1.68766e-34
0.6375	0.3625	1	0	3.76073e-34
0.6375	0.3675	1	0	1.79976e-33
0.6375	0.3725	1	0	5.91284e-33
0.6375	0.3775	1	0	1.80083e-32
0.6375	0.3825	1	0	4.40785e-32
0.6375	0.3875	1	0	1.3984e-31
0.6375	0.3925	1	0	5.13044e-31
0.6375	0.3975	1	0	4.32841e-31
0.6375	0.4025	1	0	6.2447e-32
0.6375	0.4075	1	0	2.96746e-33
0.6375	0.4125	1	0	9.44499e-35
0.6375	0.4175	1	0	2.59988e-36
0.6375	0.4225	1	0	1.26425e-37
0.6375	0.4275	1	0	0
0.6375	0.4325	1	0	0
0.6375	0.4375	1	0	0
0.6375	0.4425	1	0	0
0.6375	0.4475	1	0	0
0.6375	0.4525	1	0	0
0.6375	0.4575	1	0	0
0.6375	0.4625	1	0	0
0.6375	0.4675	1	0	0
0.6375	0.4725	1	0	0
0.6375	0.4775	1	0	0
0.6375	0.4825	1	0	0
0.6375	0.4875	1	0	0
0.6375	0.4925	1	0	0
0.6375	0.4975	1	0	0
0.6375	0.5025	1	0	0
0.6375	0.5075	1	0	0
0.6375	0.5125	1	0	0
0.6375	0.5175	1	0	0
0.6375	0.5225	1	0	0
0.6375	0.5275	1	0	0
0.6375	0.5325	1	0	0
0.6375	0.5375	1	0	0
0.6375	0.5425	1	0	0
0.6375	0.5475	1	0	0
0.6375	0.5525	1	0	0
0.6375	0.5575	1	0	0
0.6375	0.5625	1	0	0
0.6375	0.5675	1	0	0
0.6375	0.5725	1	0	0
0.6375	0.5775	1	0	0
0.6375	0.5825	1	0	-1.26425e-37
0.6375	0.5875	1	0	-2.59988e-36
0.6375	0.5925	1	0	-9.44499e-35
0.6375	0.5975	1	0	-2.96746e-33
0.6375	0.6025	1	0	-6.2447e-32
0.6375	0.6075	1	0	-4.32841e-31
0.6375	0.6125	1	0	-5.13044e-31
0.6375	0.6175	1	0	-1.3984e-31
0.6375	0.6225	1	0	-4.40785e-32
0.6375	0.6275	1	0	-1.80083e-32
0.6375	0.6325	1	0	-5.91284e-33
0.6375	0.6375	1	0	-1.79976e-33
0.6375	0.6425	1	0	-3.76073e-34
0.6375	0.6475	1	0	-1.68766e-34
0.6375	0.6525	1	0	-9.03865e-35
0.6375	0.6575	1	0	-5.8379e-37
0.6375	0.6625	1	0	-2.18964e-38
0.6375	0.6675	1	0	-5.13996e-40
0.6375	0.6725	1	0	0
0.6375	0.6775	1	0	0
0.6375	0.6825	1	0	0
0.6375	0.6875	1	0	0
0.6375	0.6925	1	0	0
0.6375	0.6975	1	0	0
0.6375	0.7025	1	0	0
0.6375	0.7075	1	0	0
0.6375	0.7125	1	0	0
0.6375	0.7175	1	0	0
0.6375	0.7225	1	0	0
0.6375	0.7275	1	0	0
0.6375	0.7325	1	0	0
0.6375	0.7375	1	0	0
0.6375	0.7425	1	0	0
0.6375	0.7475	1	0	0
0.6375	0.7525	1	0	0
0.6375	0.7575	1	0	0
0.6375	0.7625	1	0	0
0.6375	0.7675	1	0	0
0.6375	0.7725	1	0	0
0.6375	0.7775	1	0	0
0.6375	0.7825	1	0	0
0.6375	0.7875	1	0	0
0.6375	0.7925	1	0	0
0.6375	0.7975	1	0	0
0.6375	0.8025	1	0	0
0.6375	0.8075	1	0	0
0.6375	0.8125	1	0	0
0.6375	0.8175	1	0	0
0.6375	0.8225	1	0	0
0.6375	0.8275	1	0	0
0.6375	0.8325	1	0	0
0.6375	0.8375	1	0	0
0.6375	0.8425	1	0	0
0.6375	0.8475	1	0	0
0.6375	0.8525	1	0	0
0.6375	0.8575	1	0	0
0.6375	0.8625	1	0	0
0.6375	0.8675	1	0	0
0.6375	0.8725	1	0	0
0.6375	0.8775	1	0	0
0.6375	0.8825	1	0	0
0.6375	0.8875	1	0	0
0.6375	0.8925	1	0	0
0.6375	0.8975	1	0	0
0.6375	0.9025	1	0	0
0.6375	0.9075	1	0	0
0.6375	0.9125	1	0	0
0.6375	0.9175	1	0	0
0.6375	0.9225	1	0	0
0.6375	0.9275	1	0	0
0.6375	0.9325	1	0	0
0.6375	0.9375	1	0	0
0.6375	0.9425	1	0	0
0.6375	0.9475	1	0	0
0.6375	0.9525	1	0	0
0.6375	0.9575	1	0	-2.57306e-39
0.6375	0.9625	1	0	1.16224e-39
0.6375	0.9675	1	0	3.52936e-37
0.6375	0.9725	1	0	1.56233e-36
0.6375	0.9775	1	0	1.09073e-34
0.6375	0.9825	1	0	3.49098e-34
0.6375	0.9875	1	0	3.04582e-33
0.6375	0.9925	1	0	2.38634e-32
0.6375	0.9975	1	0	9.81638e-32
0.6375	1.0025	1	0	5.08613e-32
0.6425	0.0075	1	0	-3.93755e-34
0.6425	0.0125	1	0	-7.19126e-34
0.6425	0.0175	1	0	-1.66182e-34
0.6425	0.0225	1	0	-2.02049e-35
0.6425	0.0275	1	0	-2.15254e-36
0.6425	0.0325	1	0	-6.30881e-37
0.6425	0.0375	1	0	-8.89628e-39
0.6425	0.0425	1	0	-1.93631e-39
0.6425	0.0475	1	0	0
0.6425	0.0525	1	0	0
0.6425	0.0575	1	0	0
0.6425	0.0625	1	0	0
0.6425	0.0675	1	0	0
0.6425	0.0725	1	0	0
0.6425	0.0775	1	0	0
0.6425	0.0825	1	0	0
0.6425	0.0875	1	0	0
0.6425	0.0925	1	0	0
0.6425	0.0975	1	0	0
0.6425	0.1025	1	0	0
0.6425	0.1075	1	0	0
0.6425	0.1125	1	0	0
0.6425	0.1175	1	0	0
0.6425	0.1225	1	0	0
0.6425	0.1275	1	0	0
0.6425	0.1325	1	0	0
0.6425	0.1375	1	0	0
0.6425	0.1425	1	0	0
0.6425	0.1475	1	0	0
0.6425	0.1525	1	0	0
0.6425	0.1575	1	0	0
0.6425	0.1625	1	0	0
0.6425	0.1675	1	0	0
0.6425	0.1725	1	0	0
0.6425	0.1775	1	0	0
0.6425	0.1825	1	0	0
0.6425	0.1875	1	0	0
0.6425	0.1925	1	0	0
0.6425	0.1975	1	0	0
0.6425	0.2025	1	0	0
0.6425	0.2075	1	0	0
0.6425	0.2125	1	0	0
0.6425	0.2175	1	0	0
0.6425	0.2225	1	0	0
0.6425	0.2275	1	0	0
0.6425	0.2325	1	0	0
0.6425	0.2375	1	0	0
0.6425	0.2425	1	0	0
0.6425	0.2475	1	0	0
0.6425	0.2525	1	0	0
0.6425	0.2575	1	0	0
0.6425	0.2625	1	0	0
0.6425	0.2675	1	0	0
0.6425	0.2725	1	0	0
0.6425	0.2775	1	0	0
0.6425	0.2825	1	0	0
0.6425	0.2875	1	0	0
0.6425	0.2925	1	0	0
0.6425	0.2975	1	0	0
0.6425	0.3025	1	0	0
0.6425	0.3075	1	0	0
0.6425	0.3125	1	0	0
0.6425	0.3175	1	0	0
0.6425	0.3225	1	0	0
0.6425	0.3275	1	0	0
0.6425	0.3325	1	0	0
0.6425	0.3375	1	0	0
0.6425	0.3425	1	0	0
0.6425	0.3475	1	0	2.72721e-39
0.6425	0.3525	1	0	5.0555e-37
0.6425	0.3575	1	0	9.47806e-37
0.6425	0.3625	1	0	2.10741e-36
0.6425	0.3675	1	0	1.10223e-35
0.6425	0.3725	1	0	3.6096e-35
0.6425	0.3775	1	0	1.14393e-34
0.6425	0.3825	1	0	2.92151e-34
0.6425	0.3875	1	0	9.39731e-34
0.6425	0.3925	1	0	3.59205e-33
0.6425	0.3975	1	0	3.35914e-33
0.6425	0.4025	1	0	5.28511e-34
0.6425	0.4075	1	0	2.76896e-35
0.6425	0.4125	1	0	9.37956e-37
0.6425	0.4175	1	0	2.69265e-38
0.6425	0.4225	1	0	0
0.6425	0.4275	1	0	0
0.6425	0.4325	1	0	0
0.6425	0.4375	1	0	0
0.6425	0.4425	1	0	0
0.6425	0.4475	1	0	0
0.6425	0.4525	1	0	0
0.6425	0.4575	1	0	0
0.6425	0.4625	1	0	0
0.6425	0.4675	1	0	0
0.6425	0.4725	1	0	0
0.6425	0.4775	1	0	0
0.6425	0.4825	1	0	0
0.6425	0.4875	1	0	0
0.6425	0.4925	1	0	0
0.6425	0.4975	1	0	0
0.6425	0.5025	1	0	0
0.6425	0.5075	1	0	0
0.6425	0.5125	1	0	0
0.6425	0.5175	1	0	0
0.6425	0.5225	1	0	0
0.6425	0.5275	1	0	0
0.6425	0.5325	1	0	0
0.6425	0.5375	1	0	0
0.6425	0.5425	1	0	0
0.6425	0.5475	1	0	0
0.6425	0.5525	1	0	0
0.6425	0.5575	1	0	0
0.6425	0.5625	1	0	0
0.6425	0.5675	1	0	0
0.6425	0.5725	1	0	0
0.6425	0.5775	1	0	0
0.6425	0.5825	1	0	0
0.6425	0.5875	1	0	-2.69265e-38
0.6425	0.5925	1	0	-9.37956e-37
0.6425	0.5975	1	0	-2.76896e-35
0.6425	0.6025	1	0	-5.28511e-34
0.6425	0.6075	1	0	-3.35914e-33
0.6425	0.6125	1	0	-3.59205e-33
0.6425	0.6175	1	0	-9.39731e-34
0.6425	0.6225	1	0	-2.92151e-34
0.6425	0.6275	1	0	-1.14393e-34
0.6425	0.6325	1	0	-3.6096e-35
0.6425	0.6375	1	0	-1.10223e-35
0.6425	0.6425	1	0	-2.10741e-36
0.6425	0.6475	1	0	-9.47806e-37
0.6425	0.6525	1	0	-5.0555e-37
0.6425	0.6575	1	0	-2.72721e-39
0.6425	0.6625	1	0	0
0.6425	0.6675	1	0	0
0.6425	0.6725	1	0	0
0.6425	0.6775	1	0	0
0.6425	0.6825	1	0	0
0.6425	0.6875	1	0	0
0.6425	0.6925	1	0	0
0.6425	0.6975	1	0	0
0.6425	0.7025	1	0	0
0.6425	0.7075	1	0	0
0.6425	0.7125	1	0	0
0.6425	0.7175	1	0	0
0.6425	0.7225	1	0	0
0.6425	0.7275	1	0	0
0.6425	0.7325	1	0	0
0.6425	0.7375	1	0	0
0.6425	0.7425	1	0	0
0.6425	0.7475	1	0	0
0.6425	0.7525	1	0	0
0.6425	0.7575	1	0	0
0.6425	0.7625	1	0	0
0.6425	0.7675	1	0	0
0.6425	0.7725	1	0	0
0.6425	0.7775	1	0	0
0.6425	0.7825	1	0	0
0.6425	0.7875	1	0	0
0.6425	0.7925	1	0	0
0.6425	0.7975	1	0	0
0.6425	0.8025	1	0	0
0.6425	0.8075	1	0	0
0.6425	0.8125	1	0	0
0.6425	0.8175	1	0	0
0.6425	0.8225	1	0	0
0.6425	0.8275	1	0	0
0.6425	0.8325	1	0	0
0.6425	0.8375	1	0	0
0.6425	0.8425	1	0	0
0.6425	0.8475	1	0	0
0.6425	0.8525	1	0	0
0.6425	0.8575	1	0	0
0.6425	0.8625	1	0	0
0.6425	0.8675	1	0	0
0.6425	0.8725	1	0	0
0.6425	0.8775	1	0	0
0.6425	0.8825	1	0	0
0.6425	0.8875	1	0	0
0.6425	0.8925	1	0	0
0.6425	0.8975	1	0	0
0.6425	0.9025	1	0	0
0.6425	0.9075	1	0	0
0.6425	0.9125	1	0	0
0.6425	0.9175	1	0	0
0.6425	0.9225	1	0	0
0.6425	0.9275	1	0	0
0.6425	0.9325	1	0	0
0.6425	0.9375	1	0	0
0.6425	0.9425	1	0	0
0.6425	0.9475	1	0	0
0.6425	0.9525	1	0	0
0.6425	0.9575	1	0	0
0.6425	0.9625	1	0	0
0.6425	0.9675	1	0	1.93631e-39
0.6425	0.9725	1	0	8.89881e-39
0.6425	0.9775	1	0	6.30939e-37
0.6425	0.9825	1	0	2.15331e-36
0.6425	0.9875	1	0	2.02324e-35
0.6425	0.9925	1	0	1.66277e-34
0.6425	0.9975	1	0	7.19082e-34
0.6425	1.0025	1	0	3.93824e-34
0.6475	0.0075	1	0	-3.06151e-36
0.6475	0.0125	1	0	-5.26691e-36
0.6475	0.0175	1	0	-1.15451e-36
0.6475	0.0225	1	0	-1.33034e-37
0.6475	0.0275	1	0	-1.2668e-38
0.6475	0.0325	1	0	-3.07501e-39
0.6475	0.0375	1	0	0
0.6475	0.0425	1	0	0
0.6475	0.0475	1	0	0
0.6475	0.0525	1	0	0
0.6475	0.0575	1	0	0
0.6475	0.0625	1	0	0
0.6475	0.0675	1	0	0
0.6475	0.0725	1	0	0
0.6475	0.0775	1	0	0
0.6475	0.0825	1	0	0
0.6475	0.0875	1	0	0
0.6475	0.0925	1	0	0
0.6475	0.0975	1	0	0
0.6475	0.1025	1	0	0
0.6475	0.1075	1	0	0
0.6475	0.1125	1	0	0
0.6475	0.1175	1	0	0
0.6475	0.1225	1	0	0
0.6475	0.1275	1	0	0
0.6475	0.1325	1	0	0
0.6475	0.1375	1	0	0
0.6475	0.1425	1	0	0
0.6475	0.1475	1	0	0
0.6475	0.1525	1	0	0
0.6475	0.1575	1	0	0
0.6475	0.1625	1	0	0
0.6475	0.1675	1	0	0
0.6475	0.1725	1	0	0
0.6475	0.1775	1	0	0
0.6475	0.1825	1	0	0
0.6475	0.1875	1	0	0
0.6475	0.1925	1	0	0
0.6475	0.1975	1	0	0
0.6475	0.2025	1	0	0
0.6475	0.2075	1	0	0
0.6475	0.2125	1	0	0
0.6475	0.2175	1	0	0
0.6475	0.2225	1	0	0
0.6475	0.2275	1	0	0
0.6475	0.2325	1	0	0
0.6475	0.2375	1	0	0
0.6475	0.2425	1	0	0
0.6475	0.2475	1	0	0
0.6475	0.2525	1	0	0
0.6475	0.2575	1	0	0
0.6475	0.2625	1	0	0
0.6475	0.2675	1	0	0
0.6475	0.2725	1	0	0
0.6475	0.2775	1	0	0
0.6475	0.2825	1	0	0
0.6475	0.2875	1	0	0
0.6475	0.2925	1	0	0
0.6475	0.2975	1	0	0
0.6475	0.3025	1	0	0
0.6475	0.3075	1	0	0
0.6475	0.3125	1	0	0
0.6475	0.3175	1	0	0
0.6475	0.3225	1	0	0
0.6475	0.3275	1	0	0
0.6475	0.3325	1	0	0
0.6475	0.3375	1	0	0
0.6475	0.3425	1	0	0
0.6475	0.3475	1	0	0
0.6475	0.3525	1	0	2.13025e-39
0.6475	0.3575	1	0	4.72826e-39
0.6475	0.3625	1	0	1.12087e-38
0.6475	0.3675	1	0	6.71225e-38
0.6475	0.3725	1	0	2.18475e-37
0.6475	0.3775	1	0	7.20844e-37
0.6475	0.3825	1	0	1.92529e-36
0.6475	0.3875	1	0	6.28295e-36
0.6475	0.3925	1	0	2.5056e-35
0.6475	0.3975	1	0	2.59514e-35
0.6475	0.4025	1	0	4.46766e-36
0.6475	0.4075	1	0	2.5978e-37
0.6475	0.4125	1	0	8.62639e-39
0.6475	0.4175	1	0	0
0.6475	0.4225	1	0	0
0.6475	0.4275	1	0	0
0.6475	0.4325	1	0	0
0.6475	0.4375	1	0	0
0.6475	0.4425	1	0	0
0.6475	0.4475	1	0	0
0.6475	0.4525	1	0	0
0.6475	0.4575	1	0	0
0.6475	0.4625	1	0	0
0.6475	0.4675	1	0	0
0.6475	0.4725	1	0	0
0.6475	0.4775	1	0	0
0.6475	0.4825	1	0	0
0.6475	0.4875	1	0	0
0.6475	0.4925	1	0	0
0.6475	0.4975	1	0	0
0.6475	0.5025	1	0	0
0.6475	0.5075	1	0	0
0.6475	0.5125	1	0	0
0.6475	0.5175	1	0	0
0.6475	0.5225	1	0	0
0.6475	0.5275	1	0	0
0.6475	0.5325	1	0	0
0.6475	0.5375	1	0	0
0.6475	0.5425	1	0	0
0.6475	0.5475	1	0	0
0.6475	0.5525	1	0	0
0.6475	0.5575	1	0	0
0.6475	0.5625	1	0	0
0.6475	0.5675	1	0	0
0.6475	0.5725	1	0	0
0.6475	0.5775	1	0	0
0.6475	0.5825	1	0	0
0.6475	0.5875	1	0	0
0.6475	0.5925	1	0	-8.62639e-39
0.6475	0.5975	1	0	-2.5978e-37
0.6475	0.6025	1	0	-4.46766e-36
0.6475	0.6075	1	0	-2.59514e-35
0.6475	0.6125	1	0	-2.5056e-35
0.6475	0.6175	1	0	-6.28295e-36
0.6475	0.6225	1	0	-1.92529e-36
0.6475	0.6275	1	0	-7.20844e-37
0.6475	0.6325	1	0	-2.18475e-37
0.6475	0.6375	1	0	-6.71225e-38
0.6475	0.6425	1	0	-1.12087e-38
0.6475	0.6475	1	0	-4.72826e-39
0.6475	0.6525	1	0	-2.13025e-39
0.6475	0.6575	1	0	0
0.6475	0.6625	1	0	0
0.6475	0.6675	1	0	0
0.6475	0.6725	1	0	0
0.6475	0.6775	1	0	0
0.6475	0.6825	1	0	0
0.6475	0.6875	1	0	0
0.6475	0.6925	1	0	0
0.6475	0.6975	1	0	0
0.6475	0.7025	1	0	0
0.6475	0.7075	1	0	0
0.6475	0.7125	1	0	0
0.6475	0.7175	1	0	0
0.6475	0.7225	1	0	0
0.6475	0.7275	1	0	0
0.6475	0.7325	1	0	0
0.6475	0.7375	1	0	0
0.6475	0.7425	1	0	0
0.6475	0.7475	1	0	0
0.6475	0.7525	1	0	0
0.6475	0.7575	1	0	0
0.6475	0.7625	1	0	0
0.6475	0.7675	1	0	0
0.6475	0.7725	1	0	0
0.6475	0.7775	1	0	0
0.6475	0.7825	1	0	0
0.6475	0.7875	1	0	0
0.6475	0.7925	1	0	0
0.6475	0.7975	1	0	0
0.6475	0.8025	1	0	0
0.6475	0.8075	1	0	0
0.6475	0.8125	1	0	0
0.6475	0.8175	1	0	0
0.6475	0.8225	1	0	0
0.6475	0.8275	1	0	0
0.6475	0.8325	1	0	0
0.6475	0.8375	1	0	0
0.6475	0.8425	1	0	0
0.6475	0.8475	1	0	0
0.6475	0.8525	1	0	0
0.6475	0.8575	1	0	0
0.6475	0.8625	1	0	0
0.6475	0.8675	1	0	0
0.6475	0.8725	1	0	0
0.6475	0.8775	1	0	0
0.6475	0.8825	1	0	0
0.6475	0.8875	1	0	0
0.6475	0.8925	1	0	0
0.6475	0.8975	1	0	0
0.6475	0.9025	1	0	0
0.6475	0.9075	1	0	0
0.6475	0.9125	1	0	0
0.6475	0.9175	1	0	0
0.6475	0.9225	1	0	0
0.6475	0.9275	1	0	0
0.6475	0.9325	1	0	0
0.6475	0.9375	1	0	0
0.6475	0.9425	1	0	0
0.6475	0.9475	1	0	0
0.6475	0.9525	1	0	0
0.6475	0.9575	1	0	0
0.6475	0.9625	1	0	0
0.6475	0.9675	1	0	0
0.6475	0.9725	1	0	0
0.6475	0.9775	1	0	3.07529e-39
0.6475	0.9825	1	0	1.26728e-38
0.6475	0.9875	1	0	1.33234e-37
0.6475	0.9925	1	0	1.15521e-36
0.6475	0.9975	1	0	5.26654e-36
0.6475	1.0025	1	0	3.06202e-36
0.6525	0.0075	1	0	-2.36464e-38
0.6525	0.0125	1	0	-3.83519e-38
0.6525	0.0175	1	0	-7.37952e-39
0.6525	0.0225	1	0	0
0.6525	0.0275	1	0	0
0.6525	0.0325	1	0	0
0.6525	0.0375	1	0	0
0.6525	0.0425	1	0	0
0.6525	0.0475	1	0	0
0.6525	0.0525	1	0	0
0.6525	0.0575	1	0	0
0.6525	0.0625	1	0	0
0.6525	0.0675	1	0	0
0.6525	0.0725	1	0	0
0.6525	0.0775	1	0	0
0.6525	0.0825	1	0	0
0.6525	0.0875	1	0	0
0.6525	0.0925	1	0	0
0.6525	0.0975	1	0	0
0.6525	0.1025	1	0	0
0.6525	0.1075	1	0	0
0.6525	0.1125	1	0	0
0.6525	0.1175	1	0	0
0.6525	0.1225	1	0	0
0.6525	0.1275	1	0	0
0.6525	0.1325	1	0	0
0.6525	0.1375	1	0	0
0.6525	0.1425	1	0	0
0.6525	0.1475	1	0	0
0.6525	0.1525	1	0	0
0.6525	0.1575	1	0	0
0.6525	0.1625	1	0	0
0.6525	0.1675	1	0	0
0.6525	0.1725	1	0	0
0.6525	0.1775	1	0	0
0.6525	0.1825	1	0	0
0.6525	0.1875	1	0	0
0.6525	0.1925	1	0	0
0.6525	0.1975	1	0	0
0.6525	0.2025	1	0	0
0.6525	0.2075	1	0	0
0.6525	0.2125	1	0	0
0.6525	0.2175	1	0	0
0.6525	0.2225	1	0	0
0.6525	0.2275	1	0	0
0.6525	0.2325	1	0	0
0.6525	0.2375	1	0	0
0.6525	0.2425	1	0	0
0.6525	0.2475	1	0	0
0.6525	0.2525	1	0	0
0.6525	0.2575	1	0	0
0.6525	0.2625	1	0	0
0.6525	0.2675	1	0	0
0.6525	0.2725	1	0	0
0.6525	0.2775	1	0	0
0.6525	0.2825	1	0	0
0.6525	0.2875	1	0	0
0.6525	0.2925	1	0	0
0.6525	0.2975	1	0	0
0.6525	0.3025	1	0	0
0.6525	0.3075	1	0	0
0.6525	0.3125	1	0	0
0.6525	0.3175	1	0	0
0.6525	0.3225	1	0	0
0.6525	0.3275	1	0	0
0.6525	0.3325	1	0	0
0.6525	0.3375	1	0	0
0.6525	0.3425	1	0	0
0.6525	0.3475	1	0	0
0.6525	0.3525	1	0	0
0.6525	0.3575	1	0	0
0.6525	0.3625	1	0	0
0.6525	0.3675	1	0	0
0.6525	0.3725	1	0	6.39833e-40
0.6525	0.3775	1	0	4.01668e-39
0.6525	0.3825	1	0	1.20887e-38
0.6525	0.3875	1	0	4.15636e-38
0.6525	0.3925	1	0	1.73861e-37
0.6525	0.3975	1	0	1.99239e-37
0.6525	0.4025	1	0	3.7538e-38
0.6525	0.4075	1	0	1.71883e-39
0.6525	0.4125	1	0	0
0.6525	0.4175	1	0	0
0.6525	0.4225	1	0	0
0.6525	0.4275	1	0	0
0.6525	0.4325	1	0	0
0.6525	0.4375	1	0	0
0.6525	0.4425	1	0	0
0.6525	0.4475	1	0	0
0.6525	0.4525	1	0	0
0.6525	0.4575	1	0	0
0.6525	0.4625	1	0	0
0.6525	0.4675	1	0	0
0.6525	0.4725	1	0	0
0.6525	0.4775	1	0	0
0.6525	0.4825	1	0	0
0.6525	0.4875	1	0	0
0.6525	0.4925	1	0	0
0.6525	0.4975	1	0	0
0.6525	0.5025	1	0	0
0.6525	0.5075	1	0	0
0.6525	0.5125	1	0	0
0.6525	0.5175	1	0	0
0.6525	0.5225	1	0	0
0.6525	0.5275	1	0	0
0.6525	0.5325	1	0	0
0.6525	0.5375	1	0	0
0.6525	0.5425	1	0	0
0.6525	0.5475	1	0	0
0.6525	0.5525	1	0	0
0.6525	0.5575	1	0	0
0.6525	0.5625	1	0	0
0.6525	0.5675	1	0	0
0.6525	0.5725	1	0	0
0.6525	0.5775	1	0	0
0.6525	0.5825	1	0	0
0.6525	0.5875	1	0	0
0.6525	0.5925	1	0	0
0.6525	0.5975	1	0	-1.71883e-39
0.6525	0.6025	1	0	-3.7538e-38
0.6525	0.6075	1	0	-1.99239e-37
0.6525	0.6125	1	0	-1.73861e-37
0.6525	0.6175	1	0	-4.15636e-38
0.6525	0.6225	1	0	-1.20887e-38
0.6525	0.6275	1	0	-4.01668e-39
0.6525	0.6325	1	0	-6.39833e-40
0.6525	0.6375	1	0	0
0.6525	0.6425	1	0	0
0.6525	0.6475	1	0	0
0.6525	0.6525	1	0	0
0.6525	0.6575	1	0	0
0.6525	0.6625	1	0	0
0.6525	0.6675	1	0	0
0.6525	0.6725	1	0	0
0.6525	0.6775	1	0	0
0.6525	0.6825	1	0	0
0.6525	0.6875	1	0	0
0.6525	0.6925	1	0	0
0.6525	0.6975	1	0	0
0.6525	0.7025	1	0	0
0.6525	0.7075	1	0	0
0.6525	0.7125	1	0	0
0.6525	0.7175	1	0	0
0.6525	0.7225	1	0	0
0.6525	0.7275	1	0	0
0.6525	0.7325	1	0	0
0.6525	0.7375	1	0	0
0.6525	0.7425	1	0	0
0.6525	0.7475	1	0	0
0.6525	0.7525	1	0	0
0.6525	0.7575	1	0	0
0.6525	0.7625	1	0	0
0.6525	0.7675	1	0	0
0.6525	0.7725	1	0	0
0.6525	0.7775	1	0	0
0.6525	0.7825	1	0	0
0.6525	0.7875	1	0	0
0.6525	0.7925	1	0	0
0.6525	0.7975	1	0	0
0.6525	0.8025	1	0	0
0.6525	0.8075	1	0	0
0.6525	0.8125	1	0	0
0.6525	0.8175	1	0	0
0.6525	0.8225	1	0	0
0.6525	0.8275	1	0	0
0.6525	0.8325	1	0	0
0.6525	0.8375	1	0	0
0.6525	0.8425	1	0	0
0.6525	0.8475	1	0	0
0.6525	0.8525	1	0	0
0.6525	0.8575	1	0	0
0.6525	0.8625	1	0	0
0.6525	0.8675	1	0	0
0.6525	0.8725	1	0	0
0.6525	0.8775	1	0	0
0.6525	0.8825	1	0	0
0.6525	0.8875	1	0	0
0.6525	0.8925	1	0	0
0.6525	0.8975	1	0	0
0.6525	0.9025	1	0	0
0.6525	0.9075	1	0	0
0.6525	0.9125	1	0	0
0.6525	0.9175	1	0	0
0.6525	0.9225	1	0	0
0.6525	0.9275	1	0	0
0.6525	0.9325	1	0	0
0.6525	0.9375	1	0	0
0.6525	0.9425	1	0	0
0.6525	0.9475	1	0	0
0.6525	0.9525	1	0	0
0.6525	0.9575	1	0	0
0.6525	0.9625	1	0	0
0.6525	0.9675	1	0	0
0.6525	0.9725	1	0	0
0.6525	0.9775	1	0	0
0.6525	0.9825	1	0	0
0.6525	0.9875	1	0	0
0.6525	0.9925	1	0	7.38372e-39
0.6525	0.9975	1	0	3.83502e-38
0.6525	1.0025	1	0	2.36503e-38
0.6575	0.0075	1	0	0
0.6575	0.0125	1	0	0
0.6575	0.0175	1	0	0
0.6575	0.0225	1	0	0
0.6575	0.0275	1	0	0
0.6575	0.0325	1	0	0
0.6575	0.0375	1	0	0
0.6575	0.0425	1	0	0
0.6575	0.0475	1	0	0
0.6575	0.0525	1	0	0
0.6575	0.0575	1	0	0
0.6575	0.0625	1	0	0
0.6575	0.0675	1	0	0
0.6575	0.0725	1	0	0
0.6575	0.0775	1	0	0
0.6575	0.0825	1	0	0
0.6575	0.0875	1	0	0
0.6575	0.0925	1	0	0
0.6575	0.0975	1	0	0
0.6575	0.1025	1	0	0
0.6575	0.1075	1	0	0
0.6575	0.1125	1	0	0
0.6575	0.1175	1	0	0
0.6575	0.1225	1	0	0
0.6575	0.1275	1	0	0
0.6575	0.1325	1	0	0
0.6575	0.1375	1	0	0
0.6575	0.1425	1	0	0
0.6575	0.1475	1	0	0
0.6575	0.1525	1	0	0
0.6575	0.1575	1	0	0
0.6575	0.1625	1	0	0
0.6575	0.1675	1	0	0
0.6575	0.1725	1	0	0
0.6575	0.1775	1	0	0
0.6575	0.1825	1	0	0
0.6575	0.1875	1	0	0
0.6575	0.1925	1	0	0
0.6575	0.1975	1	0	0
0.6575	0.2025	1	0	0
0.6575	0.2075	1	0	0
0.6575	0.2125	1	0	0
0.6575	0.2175	1	0	0
0.6575	0.2225	1	0	0
0.6575	0.2275	1	0	0
0.6575	0.2325	1	0	0
0.6575	0.2375	1	0	0
0.6575	0.2425	1	0	0
0.6575	0.2475	1	0	0
0.6575	0.2525	1	0	0
0.6575	0.2575	1	0	0
0.6575	0.2625	1	0	0
0.6575	0.2675	1	0	0
0.6575	0.2725	1	0	0
0.6575	0.2775	1	0	0
0.6575	0.2825	1	0	0
0.6575	0.2875	1	0	0
0.6575	0.2925	1	0	0
0.6575	0.2975	1	0	0
0.6575	0.3025	1	0	0
0.6575	0.3075	1	0	0
0.6575	0.3125	1	0	0
0.6575	0.3175	1	0	0
0.6575	0.3225	1	0	0
0.6575	0.3275	1	0	0
0.6575	0.3325	1	0	0
0.6575	0.3375	1	0	0
0.6575	0.3425	1	0	0
0.6575	0.3475	1	0	0
0.6575	0.3525	1	0	0
0.6575	0.3575	1	0	0
0.6575	0.3625	1	0	0
0.6575	0.3675	1	0	0
0.6575	0.3725	1	0	0
0.6575	0.3775	1	0	0
0.6575	0.3825	1	0	0
0.6575	0.3875	1	0	0
0.6575	0.3925	1	0	1.13225e-40
0.6575	0.3975	1	0	5.67526e-40
0.6575	0.4025	1	0	0
0.6575	0.4075	1	0	0
0.6575	0.4125	1	0	0
0.6575	0.4175	1	0	0
0.6575	0.4225	1	0	0
0.6575	0.4275	1	0	0
0.6575	0.4325	1	0	0
0.6575	0.4375	1	0	0
0.6575	0.4425	1	0	0
0.6575	0.4475	1	0	0
0.6575	0.4525	1	0	0
0.6575	0.4575	1	0	0
0.6575	0.4625	1	0	0
0.6575	0.4675	1	0	0
0.6575	0.4725	1	0	0
0.6575	0.4775	1	0	0
0.6575	0.4825	1	0	0
0.6575	0.4875	1	0	0
0.6575	0.4925	1	0	0
0.6575	0.4975	1	0	0
0.6575	0.5025	1	0	0
0.6575	0.5075	1	0	0
0.6575	0.5125	1	0	0
0.6575	0.5175	1	0	0
0.6575	0.5225	1	0	0
0.6575	0.5275	1	0	0
0.6575	0.5325	1	0	0
0.6575	0.5375	1	0	0
0.6575	0.5425	1	0	0
0.6575	0.5475	1	0	0
0.6575	0.5525	1	0	0
0.6575	0.5575	1	0	0
0.6575	0.5625	1	0	0
0.6575	0.5675	1	0	0
0.6575	0.5725	1	0	0
0.6575	0.5775	1	0	0
0.6575	0.5825	1	0	0
0.6575	0.5875	1	0	0
0.6575	0.5925	1	0	0
0.6575	0.5975	1	0	0
0.6575	0.6025	1	0	0
0.6575	0.6075	1	0	-5.67526e-40
0.6575	0.6125	1	0	-1.13225e-40
0.6575	0.6175	1	0	0
0.6575	0.6225	1	0	0
0.6575	0.6275	1	0	0
0.6575	0.6325	1	0	0
0.6575	0.6375	1	0	0
0.6575	0.6425	1	0	0
0.6575	0.6475	1	0	0
0.6575	0.6525	1	0	0
0.6575	0.6575	1	0	0
0.6575	0.6625	1	0	0
0.6575	0.6675	1	0	0
0.6575	0.6725	1	0	0
0.6575	0.6775	1	0	0
0.6575	0.6825	1	0	0
0.6575	0.6875	1	0	0
0.6575	0.6925	1	0	0
0.6575	0.6975	1	0	0
0.6575	0.7025	1	0	0
0.6575	0.7075	1	0	0
0.6575	0.7125	1	0	0
0.6575	0.7175	1	0	0
0.6575	0.7225	1	0	0
0.6575	0.7275	1	0	0
0.6575	0.7325	1	0	0
0.6575	0.7375	1	0	0
0.6575	0.7425	1	0	0
0.6575	0.7475	1	0	0
0.6575	0.7525	1	0	0
0.6575	0.7575	1	0	0
0.6575	0.7625	1	0	0
0.6575	0.7675	1	0	0
0.6575	0.7725	1	0	0
0.6575	0.7775	1	0	0
0.6575	0.7825	1	0	0
0.6575	0.7875	1	0	0
0.6575	0.7925	1	0	0
0.6575	0.7975	1	0	0
0.6575	0.8025	1	0	0
0.6575	0.8075	1	0	0
0.6575	0.8125	1	0	0
0.6575	0.8175	1	0	0
0.6575	0.8225	1	0	0
0.6575	0.8275	1	0	0
0.6575	0.8325	1	0	0
0.6575	0.8375	1	0	0
0.6575	0.8425	1	0	0
0.6575	0.8475	1	0	0
0.6575	0.8525	1	0	0
0.6575	0.8575	1	0	0
0.6575	0.8625	1	0	0
0.6575	0.8675	1	0	0
0.6575	0.8725	1	0	0
0.6575	0.8775	1	0	0
0.6575	0.8825	1	0	0
0.6575	0.8875	1	0	0
0.6575	0.8925	1	0	0
0.6575	0.8975	1	0	0
0.6575	0.9025	1	0	0
0.6575	0.9075	1	0	0
0.6575	0.9125	1	0	0
0.6575	0.9175	1	0	0
0.6575	0.9225	1	0	0
0.6575	0.9275	1	0	0
0.6575	0.9325	1	0	0
0.6575	0.9375	1	0	0
0.6575	0.9425	1	0	0
0.6575	0.9475	1	0	0
0.6575	0.9525	1	0	0
0.6575	0.9575	1	0	0
0.6575	0.9625	1	0	0
0.6575	0.9675	1	0	0
0.6575	0.9725	1	0	0
0.6575	0.9775	1	0	0
0.6575	0.9825	1	0	0
0.6575	0.9875	1	0	0
0.6575	0.9925	1	0	0
0.6575	0.9975	1	0	0
0.6575	1.0025	1	0	0
0.6625	0.0075	1	0	0
0.6625	0.0125	1	0	0
0.6625	0.0175	1	0	0
0.6625	0.0225	1	0	0
0.6625	0.0275	1	0	0
0.6625	0.0325	1	0	0
0.6625	0.0375	1	0	0
0.6625	0.0425	1	0	0
0.6625	0.0475	1	0	0
0.6625	0.0525	1	0	0
0.6625	0.0575	1	0	0
0.6625	0.0625	1	0	0
0.6625	0.0675	1	0	0
0.6625	0.0725	1	0	0
0.6625	0.0775	1	0	0
0.6625	0.0825	1	0	0
0.6625	0.0875	1	0	0
0.6625	0.0925	1	0	0
0.6625	0.0975	1	0	0
0.6625	0.1025	1	0	0
0.6625	0.1075	1	0	0
0.6625	0.1125	1	0	0
0.6625	0.1175	1	0	0
0.6625	0.1225	1	0	0
0.6625	0.1275	1	0	0
0.6625	0.1325	1	0	0
0.6625	0.1375	1	0	0
0.6625	0.1425	1	0	0
0.6625	0.1475	1	0	0
0.6625	0.1525	1	0	0
0.6625	0.1575	1	0	0
0.6625	0.1625	1	0	0
0.6625	0.1675	1	0	0
0.6625	0.1725	1	0	0
0.6625	0.1775	1	0	0
0.6625	0.1825	1	0	0
0.6625	0.1875	1	0	0
0.6625	0.1925	1	0	0
0.6625	0.1975	1	0	0
0.6625	0.2025	1	0	0
0.6625	0.2075	1	0	0
0.6625	0.2125	1	0	0
0.6625	0.2175	1	0	0
0.6625	0.2225	1	0	0
0.6625	0.2275	1	0	0
0.6625	0.2325	1	0	0
0.6625	0.2375	1	0	0
0.6625	0.2425	1	0	0
0.6625	0.2475	1	0	0
0.6625	0.2525	1	0	0
0.6625	0.2575	1	0	0
0.6625	0.2625	1	0	0
0.6625	0.2675	1	0	0
0.6625	0.2725	1	0	0
0.6625	0.2775	1	0	0
0.6625	0.2825	1	0	0
0.6625	0.2875	1	0	0
0.6625	0.2925	1	0	0
0.6625	0.2975	1	0	0
0.6625	0.3025	1	0	0
0.6625	0.3075	1	0	0
0.6625	0.3125	1	0	0
0.6625	0.3175	1	0	0
0.6625	0.3225	1	0	0
0.6625	0.3275	1	0	0
0.6625	0.3325	1	0	0
0.6625	0.3375	1	0	0
0.6625	0.3425	1	0	0
0.6625	0.3475	1	0	0
0.6625	0.3525	1	0	0
0.6625	0.3575	1	0	0
0.6625	0.3625	1	0	0
0.6625	0.3675	1	0	0
0.6625	0.3725	1	0	0
0.6625	0.3775	1	0	0
0.6625	0.3825	1	0	0
0.6625	0.3875	1	0	0
0.6625	0.3925	1	0	0
0.6625	0.3975	1	0	0
0.6625	0.4025	1	0	0
0.6625	0.4075	1	0	0
0.6625	0.4125	1	0	0
0.6625	0.4175	1	0	0
0.6625	0.4225	1	0	0
0.6625	0.4275	1	0	0
0.6625	0.4325	1	0	0
0.6625	0.4375	1	0	0
0.6625	0.4425	1	0	0
0.6625	0.4475	1	0	0
0.6625	0.4525	1	0	0
0.6625	0.4575	1	0	0
0.6625	0.4625	1	0	0
0.6625	0.4675	1	0	0
0.6625	0.4725	1	0	0
0.6625	0.4775	1	0	0
0.6625	0.4825	1	0	0
0.6625	0.4875	1	0	0
0.6625	0.4925	1	0	0
0.6625	0.4975	1	0	0
0.6625	0.5025	1	0	0
0.6625	0.5075	1	0	0
0.6625	0.5125	1	0	0
0.6625	0.5175	1	0	0
0.6625	0.5225	1	0	0
0.6625	0.5275	1	0	0
0.6625	0.5325	1	0	0
0.6625	0.5375	1	0	0
0.6625	0.5425	1	0	0
0.6625	0.5475	1	0	0
0.6625	0.5525	1	0	0
0.6625	0.5575	1	0	0
0.6625	0.5625	1	0	0
0.6625	0.5675	1	0	0
0.6625	0.5725	1	0	0
0.6625	0.5775	1	0	0
0.6625	0.5825	1	0	0
0.6625	0.5875	1	0	0
0.6625	0.5925	1	0	0
0.6625	0.5975	1	0	0
0.6625	0.6025	1	0	0
0.6625	0.6075	1	0	0
0.6625	0.6125	1	0	0
0.6625	0.6175	1	0	0
0.6625	0.6225	1	0	0
0.6625	0.6275	1	0	0
0.6625	0.6325	1	0	0
0.6625	0.6375	1	0	0
0.6625	0.6425	1	0	0
0.6625	0.6475	1	0	0
0.6625	0.6525	1	0	0
0.6625	0.6575	1	0	0
0.6625	0.6625	1	0	0
0.6625	0.6675	1	0	0
0.6625	0.6725	1	0	0
0.6625	0.6775	1	0	0
0.6625	0.6825	1	0	0
0.6625	0.6875	1	0	0
0.6625	0.6925	1	0	0
0.6625	0.6975	1	0	0
0.6625	0.7025	1	0	0
0.6625	0.7075	1	0	0
0.6625	0.7125	1	0	0
0.6625	0.7175	1	0	0
0.6625	0.7225	1	0	0
0.6625	0.7275	1	0	0
0.6625	0.7325	1	0	0
0.6625	0.7375	1	0	0
0.6625	0.7425	1	0	0
0.6625	0.7475	1	0	0
0.6625	0.7525	1	0	0
0.6625	0.7575	1	0	0
0.6625	0.7625	1	0	0
0.6625	0.7675	1	0	0
0.6625	0.7725	1	0	0
0.6625	0.7775	1	0	0
0.6625	0.7825	1	0	0
0.6625	0.7875	1	0	0
0.6625	0.7925	1	0	0
0.6625	0.7975	1	0	0
0.6625	0.8025	1	0	0
0.6625	0.8075	1	0	0
0.6625	0.8125	1	0	0
0.6625	0.8175	1	0	0
0.6625	0.8225	1	0	0
0.6625	0.8275	1	0	0
0.6625	0.8325	1	0	0
0.6625	0.8375	1	0	0
0.6625	0.8425	1	0	0
0.6625	0.8475	1	0	0
0.6625	0.8525	1	0	0
0.6625	0.8575	1	0	0
0.6625	0.8625	1	0	0
0.6625	0.8675	1	0	0
0.6625	0.8725	1	0	0
0.6625	0.8775	1	0	0
0.6625	0.8825	1	0	0
0.6625	0.8875	1	0	0
0.6625	0.8925	1	0	0
0.6625	0.8975	1	0	0
0.6625	0.9025	1	0	0
0.6625	0.9075	1	0	0
0.6625	0.9125	1	0	0
0.6625	0.9175	1	0	0
0.6625	0.9225	1	0	0
0.6625	0.9275	1	0	0
0.6625	0.9325	1	0	0
0.6625	0.9375	1	0	0
0.6625	0.9425	1	0	0
0.6625	0.9475	1	0	0
0.6625	0.9525	1	0	0
0.6625	0.9575	1	0	0
0.6625	0.9625	1	0	0
0.6625	0.9675	1	0	0
0.6625	0.9725	1	0	0
0.6625	0.9775	1	0	0
0.6625	0.9825	1	0	0
0.6625	0.9875	1	0	0
0.6625	0.9925	1	0	0
0.6625	0.9975	1	0	0
0.6625	1.0025	1	0	0
0.6675	0.0075	1	0	0
0.6675	0.0125	1	0	0
0.6675	0.0175	1	0	0
0.6675	0.0225	1	0	0
0.6675	0.0275	1	0	0
0.6675	0.0325	1	0	0
0.6675	0.0375	1	0	0
0.6675	0.0425	1	0	0
0.6675	0.0475	1	0	0
0.6675	0.0525	1	0	0
0.6675	0.0575	1	0	0
0.6675	0.0625	1	0	0
0.6675	0.0675	1	0	0
0.6675	0.0725	1	0	0
0.6675	0.0775	1	0	0
0.6675	0.0825	1	0	0
0.6675	0.0875	1	0	0
0.6675	0.0925	1	0	0
0.6675	0.0975	1	0	0
0.6675	0.1025	1	0	0
0.6675	0.1075	1	0	0
0.6675	0.1125	1	0	0
0.6675	0.1175	1	0	0
0.6675	0.1225	1	0	0
0.6675	0.1275	1	0	0
0.6675	0.1325	1	0	0
0.6675	0.1375	1	0	0
0.6675	0.1425	1	0	0
0.6675	0.1475	1	0	0
0.6675	0.1525	1	0	0
0.6675	0.1575	1	0	0
0.6675	0.1625	1	0	0
0.6675	0.1675	1	0	0
0.6675	0.1725	1	0	0
0.6675	0.1775	1	0	0
0.6675	0.1825	1	0	0
0.6675	0.1875	1	0	0
0.6675	0.1925	1	0	0
0.6675	0.1975	1	0	0
0.6675	0.2025	1	0	0
0.6675	0.2075	1	0	0
0.6675	0.2125	1	0	0
0.6675	0.2175	1	0	0
0.6675	0.2225	1	0	0
0.6675	0.2275	1	0	0
0.6675	0.2325	1	0	0
0.6675	0.2375	1	0	0
0.6675	0.2425	1	0	0
0.6675	0.2475	1	0	0
0.6675	0.2525	1	0	0
0.6675	0.2575	1	0	0
0.6675	0.2625	1	0	0
0.6675	0.2675	1	0	0
0.6675	0.2725	1	0	0
0.6675	0.2775	1	0	0
0.6675	0.2825	1	0	0
0.6675	0.2875	1	0	0
0.6675	0.2925	1	0	0
0.6675	0.2975	1	0	0
0.6675	0.3025	1	0	0
0.6675	0.3075	1	0	0
0.6675	0.3125	1	0	0
0.6675	0.3175	1	0	0
0.6675	0.3225	1	0	0
0.6675	0.3275	1	0	0
0.6675	0.3325	1	0	0
0.6675	0.3375	1	0	0
0.6675	0.3425	1	0	0
0.6675	0.3475	1	0	0
0.6675	0.3525	1	0	0
0.6675	0.3575	1	0	0
0.6675	0.3625	1	0	0
0.6675	0.3675	1	0	0
0.6675	0.3725	1	0	0
0.6675	0.3775	1	0	0
0.6675	0.3825	1	0	0
0.6675	0.3875	1	0	0
0.6675	0.3925	1	0	0
0.6675	0.3975	1	0	0
0.6675	0.4025	1	0	0
0.6675	0.4075	1	0	0
0.6675	0.4125	1	0	0
0.6675	0.4175	1	0	0
0.6675	0.4225	1	0	0
0.6675	0.4275	1	0	0
0.6675	0.4325	1	0	0
0.6675	0.4375	1	0	0
0.6675	0.4425	1	0	0
0.6675	0.4475	1	0	0
0.6675	0.4525	1	0	0
0.6675	0.4575	1	0	0
0.6675	0.4625	1	0	0
0.6675	0.4675	1	0	0
0.6675	0.4725	1	0	0
0.6675	0.4775	1	0	0
0.6675	0.4825	1	0	0
0.6675	0.4875	1	0	0
0.6675	0.4925	1	0	0
0.6675	0.4975	1	0	0
0.6675	0.5025	1	0	0
0.6675	0.5075	1	0	0
0.6675	0.5125	1	0	0
0.6675	0.5175	1	0	0
0.6675	0.5225	1	0	0
0.6675	0.5275	1	0	0
0.6675	0.5325	1	0	0
0.6675	0.5375	1	0	0
0.6675	0.5425	1	0	0
0.6675	0.5475	1	0	0
0.6675	0.5525	1	0	0
0.6675	0.5575	1	0	0
0.6675	0.5625	1	0	0
0.6675	0.5675	1	0	0
0.6675	0.5725	1	0	0
0.6675	0.5775	1	0	0
0.6675	0.5825	1	0	0
0.6675	0.5875	1	0	0
0.6675	0.5925	1	0	0
0.6675	0.5975	1	0	0
0.6675	0.6025	1	0	0
0.6675	0.6075	1	0	0
0.6675	0.6125	1	0	0
0.6675	0.6175	1	0	0
0.6675	0.6225	1	0	0
0.6675	0.6275	1	0	0
0.6675	0.6325	1	0	0
0.6675	0.6375	1	0	0
0.6675	0.6425	1	0	0
0.6675	0.6475	1	0	0
0.6675	0.6525	1	0	0
0.6675	0.6575	1	0	0
0.6675	0.6625	1	0	0
0.6675	0.6675	1	0	0
0.6675	0.6725	1	0	0
0.6675	0.6775	1	0	0
0.6675	0.6825	1	0	0
0.6675	0.6875	1	0	0
0.6675	0.6925	1	0	0
0.6675	0.6975	1	0	0
0.6675	0.7025	1	0	0
0.6675	0.7075	1	0	0
0.6675	0.7125	1	0	0
0.6675	0.7175	1	0	0
0.6675	0.7225	1	0	0
0.6675	0.7275	1	0	0
0.6675	0.7325	1	0	0
0.6675	0.7375	1	0	0
0.6675	0.7425	1	0	0
0.6675	0.7475	1	0	0
0.6675	0.7525	1	0	0
0.6675	0.7575	1	0	0
0.6675	0.7625	1	0	0
0.6675	0.7675	1	0	0
0.6675	0.7725	1	0	0
0.6675	0.7775	1	0	0
0.6675	0.7825	1	0	0
0.6675	0.7875	1	0	0
0.6675	0.7925	1	0	0
0.6675	0.7975	1	0	0
0.6675	0.8025	1	0	0
0.6675	0.8075	1	0	0
0.6675	0.8125	1	0	0
0.6675	0.8175	1	0	0
0.6675	0.8225	1	0	0
0.6675	0.8275	1	0	0
0.6675	0.8325	1	0	0
0.6675	0.8375	1	0	0
0.6675	0.8425	1	0	0
0.6675	0.8475	1	0	0
0.6675	0.8525	1	0	0
0.6675	0.8575	1	0	0
0.6675	0.8625	1	0	0
0.6675	0.8675	1	0	0
0.6675	0.8725	1	0	0
0.6675	0.8775	1	0	0
0.6675	0.8825	1	0	0
0.6675	0.8875	1	0	0
0.6675	0.8925	1	0	0
0.6675	0.8975	1	0	0
0.6675	0.9025	1	0	0
0.6675	0.9075	1	0	0
0.6675	0.9125	1	0	0
0.6675	0.9175	1	0	0
0.6675	0.9225	1	0	0
0.6675	0.9275	1	0	0
0.6675	0.9325	1	0	0
0.6675	0.9375	1	0	0
0.6675	0.9425	1	0	0
0.6675	0.9475	1	0	0
0.6675	0.9525	1	0	0
0.6675	0.9575	1	0	0
0.6675	0.9625	1	0	0
0.6675	0.9675	1	0	0
0.6675	0.9725	1	0	0
0.6675	0.9775	1	0	0
0.6675	0.9825	1	0	0
0.6675	0.9875	1	0	0
0.6675	0.9925	1	0	0
0.6675	0.9975	1	0	0
0.6675	1.0025	1	0	0
0.6725	0.0075	1	0	0
0.6725	0.0125	1	0	0
0.6725	0.0175	1	0	0
0.6725	0.0225	1	0	0
0.6725	0.0275	1	0	0
0.6725	0.0325	1	0	0
0.6725	0.0375	1	0	0
0.6725	0.0425	1	0	0
0.6725	0.0475	1	0	0
0.6725	0.0525	1	0	0
0.6725	0.0575	1	0	0
0.6725	0.0625	1	0	0
0.6725	0.0675	1	0	0
0.6725	0.0725	1	0	0
0.6725	0.0775	1	0	0
0.6725	0.0825	1	0	0
0.6725	0.0875	1	0	0
0.6725	0.0925	1	0	0
0.6725	0.0975	1	0	0
0.6725	0.1025	1	0	0
0.6725	0.1075	1	0	0
0.6725	0.1125	1	0	0
0.6725	0.1175	1	0	0
0.6725	0.1225	1	0	0
0.6725	0.1275	1	0	0
0.6725	0.1325	1	0	0
0.6725	0.1375	1	0	0
0.6725	0.1425	1	0	0
0.6725	0.1475	1	0	0
0.6725	0.1525	1	0	0
0.6725	0.1575	1	0	0
0.6725	0.1625	1	0	0
0.6725	0.1675	1	0	0
0.6725	0.1725	1	0	0
0.6725	0.1775	1	0	0
0.6725	0.1825	1	0	0
0.6725	0.1875	1	0	0
0.6725	0.1925	1	0	0
0.6725	0.1975	1	0	0
0.6725	0.2025	1	0	0
0.6725	0.2075	1	0	0
0.6725	0.2125	1	0	0
0.6725	0.2175	1	0	0
0.6725	0.2225	1	0	0
0.6725	0.2275	1	0	0
0.6725	0.2325	1	0	0
0.6725	0.2375	1	0	0
0.6725	0.2425	1	0	0
0.6725	0.2475	1	0	0
0.6725	0.2525	1	0	0
0.6725	0.2575	1	0	0
0.6725	0.2625	1	0	0
0.6725	0.2675	1	0	0
0.6725	0.2725	1	0	0
0.6725	0.2775	1	0	0
0.6725	0.2825	1	0	0
0.6725	0.2875	1	0	0
0.6725	0.2925	1	0	0
0.6725	0.2975	1	0	0
0.6725	0.3025	1	0	0
0.6725	0.3075	1	0	0
0.6725	0.3125	1	0	0
0.6725	0.3175	1	0	0
0.6725	0.3225	1	0	0
0.6725	0.3275	1	0	0
0.6725	0.3325	1	0	0
0.6725	0.3375	1	0	0
0.6725	0.3425	1	0	0
0.6725	0.3475	1	0	0
0.6725	0.3525	1	0	0
0.6725	0.3575	1	0	0
0.6725	0.3625	1	0	0
0.6725	0.3675	1	0	0
0.6725	0.3725	1	0	0
0.6725	0.3775	1	0	0
0.6725	0.3825	1	0	0
0.6725	0.3875	1	0	0
0.6725	0.3925	1	0	0
0.6725	0.3975	1	0	0
0.6725	0.4025	1	0	0
0.6725	0.4075	1	0	0
0.6725	0.4125	1	0	0
0.6725	0.4175	1	0	0
0.6725	0.4225	1	0	0
0.6725	0.4275	1	0	0
0.6725	0.4325	1	0	0
0.6725	0.4375	1	0	0
0.6725	0.4425	1	0	0
0.6725	0.4475	1	0	0
0.6725	0.4525	1	0	0
0.6725	0.4575	1	0	0
0.6725	0.4625	1	0	0
0.6725	0.4675	1	0	0
0.6725	0.4725	1	0	0
0.6725	0.4775	1	0	0
0.6725	0.4825	1	0	0
0.6725	0.4875	1	0	0
0.6725	0.4925	1	0	0
0.6725	0.4975	1	0	0
0.6725	0.5025	1	0	0
0.6725	0.5075	1	0	0
0.6725	0.5125	1	0	0
0.6725	0.5175	1	0	0
0.6725	0.5225	1	0	0
0.6725	0.5275	1	0	0
0.6725	0.5325	1	0	0
0.6725	0.5375	1	0	0
0.6725	0.5425	1	0	0
0.6725	0.5475	1	0	0
0.6725	0.5525	1	0	0
0.6725	0.5575	1	0	0
0.6725	0.5625	1	0	0
0.6725	0.5675	1	0	0
0.6725	0.5725	1	0	0
0.6725	0.5775	1	0	0
0.6725	0.5825	1	0	0
0.6725	0.5875	1	0	0
0.6725	0.5925	1	0	0
0.6725	0.5975	1	0	0
0.6725	0.6025	1	0	0
0.6725	0.6075	1	0	0
0.6725	0.6125	1	0	0
0.6725	0.6175	1	0	0
0.6725	0.6225	1	0	0
0.6725	0.6275	1	0	0
0.6725	0.6325	1	0	0
0.6725	0.6375	1	0	0
0.6725	0.6425	1	0	0
0.6725	0.6475	1	0	0
0.6725	0.6525	1	0	0
0.6725	0.6575	1	0	0
0.6725	0.6625	1	0	0
0.6725	0.6675	1	0	0
0.6725	0.6725	1	0	0
0.6725	0.6775	1	0	0
0.6725	0.6825	1	0	0
0.6725	0.6875	1	0	0
0.6725	0.6925	1	0	0
0.6725	0.6975	1	0	0
0.6725	0.7025	1	0	0
0.6725	0.7075	1	0	0
0.6725	0.7125	1	0	0
0.6725	0.7175	1	0	0
0.6725	0.7225	1	0	0
0.6725	0.7275	1	0	0
0.6725	0.7325	1	0	0
0.6725	0.7375	1	0	0
0.6725	0.7425	1	0	0
0.6725	0.7475	1	0	0
0.6725	0.7525	1	0	0
0.6725	0.7575	1	0	0
0.6725	0.7625	1	0	0
0.6725	0.7675	1	0	0
0.6725	0.7725	1	0	0
0.6725	0.7775	1	0	0
0.6725	0.7825	1	0	0
0.6725	0.7875	1	0	0
0.6725	0.7925	1	0	0
0.6725	0.7975	1	0	0
0.6725	0.8025	1	0	0
0.6725	0.8075	1	0	0
0.6725	0.8125	1	0	0
0.6725	0.8175	1	0	0
0.6725	0.8225	1	0	0
0.6725	0.8275	1	0	0
0.6725	0.8325	1	0	0
0.6725	0.8375	1	0	0
0.6725	0.8425	1	0	0
0.6725	0.8475	1	0	0
0.6725	0.8525	1	0	0
0.6725	0.8575	1	0	0
0.6725	0.8625	1	0	0
0.6725	0.8675	1	0	0
0.6725	0.8725	1	0	0
0.6725	0.8775	1	0	0
0.6725	0.8825	1	0	0
0.6725	0.8875	1	0	0
0.6725	0.8925	1	0	0
0.6725	0.8975	1	0	0
0.6725	0.9025	1	0	0
0.6725	0.9075	1	0	0
0.6725	0.9125	1	0	0
0.6725	0.9175	1	0	0
0.6725	0.9225	1	0	0
0.6725	0.9275	1	0	0
0.6725	0.9325	1	0	0
0.6725	0.9375	1	0	0
0.6725	0.9425	1	0	0
0.6725	0.9475	1	0	0
0.6725	0.9525	1	0	0
0.6725	0.9575	1	0	0
0.6725	0.9625	1	0	0
0.6725	0.9675	1	0	0
0.6725	0.9725	1	0	0
0.6725	0.9775	1	0	0
0.6725	0.9825	1	0	0
0.6725	0.9875	1	0	0
0.6725	0.9925	1	0	0
0.6725	0.9975	1	0	0
0.6725	1.0025	1	0	0
0.6775	0.0075	1	0	0
0.6775	0.0125	1	0	0
0.6775	0.0175	1	0	0
0.6775	0.0225	1	0	0
0.6775	0.0275	1	0	0
0.6775	0.0325	1	0	0
0.6775	0.0375	1	0	0
0.6775	0.0425	1	0	0
0.6775	0.0475	1	0	0
0.6775	0.0525	1	0	0
0.6775	0.0575	1	0	0
0.6775	0.0625	1	0	0
0.6775	0.0675	1	0	0
0.6775	0.0725	1	0	0
0.6775	0.0775	1	0	0
0.6775	0.0825	1	0	0
0.6775	0.0875	1	0	0
0.6775	0.0925	1	0	0
0.6775	0.0975	1	0	0
0.6775	0.1025	1	0	0
0.6775	0.1075	1	0	0
0.6775	0.1125	1	0	0
0.6775	0.1175	1	0	0
0.6775	0.1225	1	0	0
0.6775	0.1275	1	0	0
0.6775	0.1325	1	0	0
0.6775	0.1375	1	0	0
0.6775	0.1425	1	0	0
0.6775	0.1475	1	0	0
0.6775	0.1525	1	0	0
0.6775	0.1575	1	0	0
0.6775	0.1625	1	0	0
0.6775	0.1675	1	0	0
0.6775	0.1725	1	0	0
0.6775	0.1775	1	0	0
0.6775	0.1825	1	0	0
0.6775	0.1875	1	0	0
0.6775	0.1925	1	0	0
0.6775	0.1975	1	0	0
0.6775	0.2025	1	0	0
0.6775	0.2075	1	0	0
0.6775	0.2125	1	0	0
0.6775	0.2175	1	0	0
0.6775	0.2225	1	0	0
0.6775	0.2275	1	0	0
0.6775	0.2325	1	0	0
0.6775	0.2375	1	0	0
0.6775	0.2425	1	0	0
0.6775	0.2475	1	0	0
0.6775	0.2525	1	0	0
0.6775	0.2575	1	0	0
0.6775	0.2625	1	0	0
0.6775	0.2675	1	0	0
0.6775	0.2725	1	0	0
0.6775	0.2775	1	0	0
0.6775	0.2825	1	0	0
0.6775	0.2875	1	0	0
0.6775	0.2925	1	0	0
0.6775	0.2975	1	0	0
0.6775	0.3025	1	0	0
0.6775	0.3075	1	0	0
0.6775	0.3125	1	0	0
0.6775	0.3175	1	0	0
0.6775	0.3225	1	0	0
0.6775	0.3275	1	0	0
0.6775	0.3325	1	0	0
0.6775	0.3375	1	0	0
0.6775	0.3425	1	0	0
0.6775	0.3475	1	0	0
0.6775	0.3525	1	0	0
0.6775	0.3575	1	0	0
0.6775	0.3625	1	0	0
0.6775	0.3675	1	0	0
0.6775	0.3725	1	0	0
0.6775	0.3775	1	0	0
0.6775	0.3825	1	0	0
0.6775	0.3875	1	0	0
0.6775	0.3925	1	0	0
0.6775	0.3975	1	0	0
0.6775	0.4025	1	0	0
0.6775	0.4075	1	0	0
0.6775	0.4125	1	0	0
0.6775	0.4175	1	0	0
0.6775	0.4225	1	0	0
0.6775	0.4275	1	0	0
0.6775	0.4325	1	0	0
0.6775	0.4375	1	0	0
0.6775	0.4425	1	0	0
0.6775	0.4475	1	0	0
0.6775	0.4525	1	0	0
0.6775	0.4575	1	0	0
0.6775	0.4625	1	0	0
0.6775	0.4675	1	0	0
0.6775	0.4725	1	0	0
0.6775	0.4775	1	0	0
0.6775	0.4825	1	0	0
0.6775	0.4875	1	0	0
0.6775	0.4925	1	0	0
0.6775	0.4975	1	0	0
0.6775	0.5025	1	0	0
0.6775	0.5075	1	0	0
0.6775	0.5125	1	0	0
0.6775	0.5175	1	0	0
0.6775	0.5225	1	0	0
0.6775	0.5275	1	0	0
0.6775	0.5325	1	0	0
0.6775	0.5375	1	0	0
0.6775	0.5425	1	0	0
0.6775	0.5475	1	0	0
0.6775	0.5525	1	0	0
0.6775	0.5575	1	0	0
0.6775	0.5625	1	0	0
0.6775	0.5675	1	0	0
0.6775	0.5725	1	0	0
0.6775	0.5775	1	0	0
0.6775	0.5825	1	0	0
0.6775	0.5875	1	0	0
0.6775	0.5925	1	0	0
0.6775	0.5975	1	0	0
0.6775	0.6025	1	0	0
0.6775	0.6075	1	0	0
0.6775	0.6125	1	0	0
0.6775	0.6175	1	0	0
0.6775	0.6225	1	0	0
0.6775	0.6275	1	0	0
0.6775	0.6325	1	0	0
0.6775	0.6375	1	0	0
0.6775	0.6425	1	0	0
0.6775	0.6475	1	0	0
0.6775	0.6525	1	0	0
0.6775	0.6575	1	0	0
0.6775	0.6625	1	0	0
0.6775	0.6675	1	0	0
0.6775	0.6725	1	0	0
0.6775	0.6775	1	0	0
0.6775	0.6825	1	0	0
0.6775	0.6875	1	0	0
0.6775	0.6925	1	0	0
0.6775	0.6975	1	0	0
0.6775	0.7025	1	0	0
0.6775	0.7075	1	0	0
0.6775	0.7125	1	0	0
0.6775	0.7175	1	0	0
0.6775	0.7225	1	0	0
0.6775	0.7275	1	0	0
0.6775	0.7325	1	0	0
0.6775	0.7375	1	0	0
0.6775	0.7425	1	0	0
0.6775	0.7475	1	0	0
0.6775	0.7525	1	0	0
0.6775	0.7575	1	0	0
0.6775	0.7625	1	0	0
0.6775	0.7675	1	0	0
0.6775	0.7725	1	0	0
0.6775	0.7775	1	0	0
0.6775	0.7825	1	0	0
0.6775	0.7875	1	0	0
0.6775	0.7925	1	0	0
0.6775	0.7975	1	0	0
0.6775	0.8025	1	0	0
0.6775	0.8075	1	0	0
0.6775	0.8125	1	0	0
0.6775	0.8175	1	0	0
0.6775	0.8225	1	0	0
0.6775	0.8275	1	0	0
0.6775	0.8325	1	0	0
0.6775	0.8375	1	0	0
0.6775	0.8425	1	0	0
0.6775	0.8475	1	0	0
0.6775	0.8525	1	0	0
0.6775	0.8575	1	0	0
0.6775	0.8625	1	0	0
0.6775	0.8675	1	0	0
0.6775	0.8725	1	0	0
0.6775	0.8775	1	0	0
0.6775	0.8825	1	0	0
0.6775	0.8875	1	0	0
0.6775	0.8925	1	0	0
0.6775	0.8975	1	0	0
0.6775	0.9025	1	0	0
0.6775	0.9075	1	0	0
0.6775	0.9125	1	0	0
0.6775	0.9175	1	0	0
0.6775	0.9225	1	0	0
0.6775	0.9275	1	0	0
0.6775	0.9325	1	0	0
0.6775	0.9375	1	0	0
0.6775	0.9425	1	0	0
0.6775	0.9475	1	0	0
0.6775	0.9525	1	0	0
0.6775	0.9575	1	0	0
0.6775	0.9625	1	0	0
0.6775	0.9675	1	0	0
0.6775	0.9725	1	0	0
0.6775	0.9775	1	0	0
0.6775	0.9825	1	0	0
0.6775	0.9875	1	0	0
0.6775	0.9925	1	0	0
0.6775	0.9975	1	0	0
0.6775	1.0025	1	0	0
0.6825	0.0075	1	0	0
0.6825	0.0125	1	0	0
0.6825	0.0175	1	0	0
0.6825	0.0225	1	0	0
0.6825	0.0275	1	0	0
0.6825	0.0325	1	0	0
0.6825	0.0375	1	0	0
0.6825	0.0425	1	0	0
0.6825	0.0475	1	0	0
0.6825	0.0525	1	0	0
0.6825	0.0575	1	0	0
0.6825	0.0625	1	0	0
0.6825	0.0675	1	0	0
0.6825	0.0725	1	0	0
0.6825	0.0775	1	0	0
0.6825	0.0825	1	0	0
0.6825	0.0875	1	0	0
0.6825	0.0925	1	0	0
0.6825	0.0975	1	0	0
0.6825	0.1025	1	0	0
0.6825	0.1075	1	0	0
0.6825	0.1125	1	0	0
0.6825	0.1175	1	0	0
0.6825	0.1225	1	0	0
0.6825	0.1275	1	0	0
0.6825	0.1325	1	0	0
0.6825	0.1375	1	0	0
0.6825	0.1425	1	0	0
0.6825	0.1475	1	0	0
0.6825	0.1525	1	0	0
0.6825	0.1575	1	0	0
0.6825	0.1625	1	0	0
0.6825	0.1675	1	0	0
0.6825	0.1725	1	0	0
0.6825	0.1775	1	0	0
0.6825	0.1825	1	0	0
0.6825	0.1875	1	0	0
0.6825	0.1925	1	0	0
0.6825	0.1975	1	0	0
0.6825	0.2025	1	0	0
0.6825	0.2075	1	0	0
0.6825	0.2125	1	0	0
0.6825	0.2175	1	0	0
0.6825	0.2225	1	0	0
0.6825	0.2275	1	0	0
0.6825	0.2325	1	0	0
0.6825	0.2375	1	0	0
0.6825	0.2425	1	0	0
0.6825	0.2475	1	0	0
0.6825	0.2525	1	0	0
0.6825	0.2575	1	0	0
0.6825	0.2625	1	0	0
0.6825	0.2675	1	0	0
0.6825	0.2725	1	0	0
0.6825	0.2775	1	0	0
0.6825	0.2825	1	0	0
0.6825	0.2875	1	0	0
0.6825	0.2925	1	0	0
0.6825	0.2975	1	0	0
0.6825	0.3025	1	0	0
0.6825	0.3075	1	0	0
0.6825	0.3125	1	0	0
0.6825	0.3175	1	0	0
0.6825	0.3225	1	0	0
0.6825	0.3275	1	0	0
0.6825	0.3325	1	0	0
0.6825	0.3375	1	0	0
0.6825	0.3425	1	0	0
0.6825	0.3475	1	0	0
0.6825	0.3525	1	0	0
0.6825	0.3575	1	0	0
0.6825	0.3625	1	0	0
0.6825	0.3675	1	0	0
0.6825	0.3725	1	0	0
0.6825	0.3775	1	0	0
0.6825	0.3825	1	0	0
0.6825	0.3875	1	0	0
0.6825	0.3925	1	0	0
0.6825	0.3975	1	0	0
0.6825	0.4025	1	0	0
0.6825	0.4075	1	0	0
0.6825	0.4125	1	0	0
0.6825	0.4175	1	0	0
0.6825	0.4225	1	0	0
0.6825	0.4275	1	0	0
0.6825	0.4325	1	0	0
0.6825	0.4375	1	0	0
0.6825	0.4425	1	0	0
0.6825	0.4475	1	0	0
0.6825	0.4525	1	0	0
0.6825	0.4575	1	0	0
0.6825	0.4625	1	0	0
0.6825	0.4675	1	0	0
0.6825	0.4725	1	0	0
0.6825	0.4775	1	0	0
0.6825	0.4825	1	0	0
0.6825	0.4875	1	0	0
0.6825	0.4925	1	0	0
0.6825	0.4975	1	0	0
0.6825	0.5025	1	0	0
0.6825	0.5075	1	0	0
0.6825	0.5125	1	0	0
0.6825	0.5175	1	0	0
0.6825	0.5225	1	0	0
0.6825	0.5275	1	0	0
0.6825	0.5325	1	0	0
0.6825	0.5375	1	0	0
0.6825	0.5425	1	0	0
0.6825	0.5475	1	0	0
0.6825	0.5525	1	0	0
0.6825	0.5575	1	0	0
0.6825	0.5625	1	0	0
0.6825	0.5675	1	0	0
0.6825	0.5725	1	0	0
0.6825	0.5775	1	0	0
0.6825	0.5825	1	0	0
0.6825	0.5875	1	0	0
0.6825	0.5925	1	0	0
0.6825	0.5975	1	0	0
0.6825	0.6025	1	0	0
0.6825	0.6075	1	0	0
0.6825	0.6125	1	0	0
0.6825	0.6175	1	0	0
0.6825	0.6225	1	0	0
0.6825	0.6275	1	0	0
0.6825	0.6325	1	0	0
0.6825	0.6375	1	0	0
0.6825	0.6425	1	0	0
0.6825	0.6475	1	0	0
0.6825	0.6525	1	0	0
0.6825	0.6575	1	0	0
0.6825	0.6625	1	0	0
0.6825	0.6675	1	0	0
0.6825	0.6725	1	0	0
0.6825	0.6775	1	0	0
0.6825	0.6825	1	0	0
0.6825	0.6875	1	0	0
0.6825	0.6925	1	0	0
0.6825	0.6975	1	0	0
0.6825	0.7025	1	0	0
0.6825	0.7075	1	0	0
0.6825	0.7125	1	0	0
0.6825	0.7175	1	0	0
0.6825	0.7225	1	0	0
0.6825	0.7275	1	0	0
0.6825	0.7325	1	0	0
0.6825	0.7375	1	0	0
0.6825	0.7425	1	0	0
0.6825	0.7475	1	0	0
0.6825	0.7525	1	0	0
0.6825	0.7575	1	0	0
0.6825	0.7625	1	0	0
0.6825	0.7675	1	0	0
0.6825	0.7725	1	0	0
0.6825	0.7775	1	0	0
0.6825	0.7825	1	0	0
0.6825	0.7875	1	0	0
0.6825	0.7925	1	0	0
0.6825	0.7975	1	0	0
0.6825	0.8025	1	0	0
0.6825	0.8075	1	0	0
0.6825	0.8125	1	0	0
0.6825	0.8175	1	0	0
0.6825	0.8225	1	0	0
0.6825	0.8275	1	0	0
0.6825	0.8325	1	0	0
0.6825	0.8375	1	0	0
0.6825	0.8425	1	0	0
0.6825	0.8475	1	0	0
0.6825	0.8525	1	0	0
0.6825	0.8575	1	0	0
0.6825	0.8625	1	0	0
0.6825	0.8675	1	0	0
0.6825	0.8725	1	0	0
0.6825	0.8775	1	0	0
0.6825	0.8825	1	0	0
0.6825	0.8875	1	0	0
0.6825	0.8925	1	0	0
0.6825	0.8975	1	0	0
0.6825	0.9025	1	0	0
0.6825	0.9075	1	0	0
0.6825	0.9125	1	0	0
0.6825	0.9175	1	0	0
0.6825	0.9225	1	0	0
0.6825	0.9275	1	0	0
0.6825	0.9325	1	0	0
0.6825	0.9375	1	0	0
0.6825	0.9425	1	0	0
0.6825	0.9475	1	0	0
0.6825	0.9525	1	0	0
0.6825	0.9575	1	0	0
0.6825	0.9625	1	0	0
0.6825	0.9675	1	0	0
0.6825	0.9725	1	0	0
0.6825	0.9775	1	0	0
0.6825	0.9825	1	0	0
0.6825	0.9875	1	0	0
0.6825	0.9925	1	0	0
0.6825	0.9975	1	0	0
0.6825	1.0025	1	0	0
0.6875	0.0075	1	0	0
0.6875	0.0125	1	0	0
0.6875	0.0175	1	0	0
0.6875	0.0225	1	0	0
0.6875	0.0275	1	0	0
0.6875	0.0325	1	0	0
0.6875	0.0375	1	0	0
0.6875	0.0425	1	0	0
0.6875	0.0475	1	0	0
0.6875	0.0525	1	0	0
0.6875	0.0575	1	0	0
0.6875	0.0625	1	0	0
0.6875	0.0675	1	0	0
0.6875	0.0725	1	0	0
0.6875	0.0775	1	0	0
0.6875	0.0825	1	0	0
0.6875	0.0875	1	0	0
0.6875	0.0925	1	0	0
0.6875	0.0975	1	0	0
0.6875	0.1025	1	0	0
0.6875	0.1075	1	0	0
0.6875	0.1125	1	0	0
0.6875	0.1175	1	0	0
0.6875	0.1225	1	0	0
0.6875	0.1275	1	0	0
0.6875	0.1325	1	0	0
0.6875	0.1375	1	0	0
0.6875	0.1425	1	0	0
0.6875	0.1475	1	0	0
0.6875	0.1525	1	0	0
0.6875	0.1575	1	0	0
0.6875	0.1625	1	0	0
0.6875	0.1675	1	0	0
0.6875	0.1725	1	0	0
0.6875	0.1775	1	0	0
0.6875	0.1825	1	0	0
0.6875	0.1875	1	0	0
0.6875	0.1925	1	0	0
0.6875	0.1975	1	0	0
0.6875	0.2025	1	0	0
0.6875	0.2075	1	0	0
0.6875	0.2125	1	0	0
0.6875	0.2175	1	0	0
0.6875	0.2225	1	0	0
0.6875	0.2275	1	0	0
0.6875	0.2325	1	0	0
0.6875	0.2375	1	0	0
0.6875	0.2425	1	0	0
0.6875	0.2475	1	0	0
0.6875	0.2525	1	0	0
0.6875	0.2575	1	0	0
0.6875	0.2625	1	0	0
0.6875	0.2675	1	0	0
0.6875	0.2725	1	0	0
0.6875	0.2775	1	0	0
0.6875	0.2825	1	0	0
0.6875	0.2875	1	0	0
0.6875	0.2925	1	0	0
0.6875	0.2975	1	0	0
0.6875	0.3025	1	0	0
0.6875	0.3075	1	0	0
0.6875	0.3125	1	0	0
0.6875	0.3175	1	0	0
0.6875	0.3225	1	0	0
0.6875	0.3275	1	0	0
0.6875	0.3325	1	0	0
0.6875	0.3375	1	0	0
0.6875	0.3425	1	0	0
0.6875	0.3475	1	0	0
0.6875	0.3525	1	0	0
0.6875	0.3575	1	0	0
0.6875	0.3625	1	0	0
0.6875	0.3675	1	0	0
0.6875	0.3725	1	0	0
0.6875	0.3775	1	0	0
0.6875	0.3825	1	0	0
0.6875	0.3875	1	0	0
0.6875	0.3925	1	0	0
0.6875	0.3975	1	0	0
0.6875	0.4025	1	0	0
0.6875	0.4075	1	0	0
0.6875	0.4125	1	0	0
0.6875	0.4175	1	0	0
0.6875	0.4225	1	0	0
0.6875	0.4275	1	0	0
0.6875	0.4325	1	0	0
0.6875	0.4375	1	0	0
0.6875	0.4425	1	0	0
0.6875	0.4475	1	0	0
0.6875	0.4525	1	0	0
0.6875	0.4575	1	0	0
0.6875	0.4625	1	0	0
0.6875	0.4675	1	0	0
0.6875	0.4725	1	0	0
0.6875	0.4775	1	0	0
0.6875	0.4825	1	0	0
0.6875	0.4875	1	0	0
0.6875	0.4925	1	0	0
0.6875	0.4975	1	0	0
0.6875	0.5025	1	0	0
0.6875	0.5075	1	0	0
0.6875	0.5125	1	0	0
0.6875	0.5175	1	0	0
0.6875	0.5225	1	0	0
0.6875	0.5275	1	0	0
0.6875	0.5325	1	0	0
0.6875	0.5375	1	0	0
0.6875	0.5425	1	0	0
0.6875	0.5475	1	0	0
0.6875	0.5525	1	0	0
0.6875	0.5575	1	0	0
0.6875	0.5625	1	0	0
0.6875	0.5675	1	0	0
0.6875	0.5725	1	0	0
0.6875	0.5775	1	0	0
0.6875	0.5825	1	0	0
0.6875	0.5875	1	0	0
0.6875	0.5925	1	0	0
0.6875	0.5975	1	0	0
0.6875	0.6025	1	0	0
0.6875	0.6075	1	0	0
0.6875	0.6125	1	0	0
0.6875	0.6175	1	0	0
0.6875	0.6225	1	0	0
0.6875	0.6275	1	0	0
0.6875	0.6325	1	0	0
0.6875	0.6375	1	0	0
0.6875	0.6425	1	0	0
0.6875	0.6475	1	0	0
0.6875	0.6525	1	0	0
0.6875	0.6575	1	0	0
0.6875	0.6625	1	0	0
0.6875	0.6675	1	0	0
0.6875	0.6725	1	0	0
0.6875	0.6775	1	0	0
0.6875	0.6825	1	0	0
0.6875	0.6875	1	0	0
0.6875	0.6925	1	0	0
0.6875	0.6975	1	0	0
0.6875	0.7025	1	0	0
0.6875	0.7075	1	0	0
0.6875	0.7125	1	0	0
0.6875	0.7175	1	0	0
0.6875	0.7225	1	0	0
0.6875	0.7275	1	0	0
0.6875	0.7325	1	0	0
0.6875	0.7375	1	0	0
0.6875	0.7425	1	0	0
0.6875	0.7475	1	0	0
0.6875	0.7525	1	0	0
0.6875	0.7575	1	0	0
0.6875	0.7625	1	0	0
0.6875	0.7675	1	0	0
0.6875	0.7725	1	0	0
0.6875	0.7775	1	0	0
0.6875	0.7825	1	0	0
0.6875	0.7875	1	0	0
0.6875	0.7925	1	0	0
0.6875	0.7975	1	0	0
0.6875	0.8025	1	0	0
0.6875	0.8075	1	0	0
0.6875	0.8125	1	0	0
0.6875	0.8175	1	0	0
0.6875	0.8225	1	0	0
0.6875	0.8275	1	0	0
0.6875	0.8325	1	0	0
0.6875	0.8375	1	0	0
0.6875	0.8425	1	0	0
0.6875	0.8475	1	0	0
0.6875	0.8525	1	0	0
0.6875	0.8575	1	0	0
0.6875	0.8625	1	0	0
0.6875	0.8675	1	0	0
0.6875	0.8725	1	0	0
0.6875	0.8775	1	0	0
0.6875	0.8825	1	0	0
0.6875	0.8875	1	0	0
0.6875	0.8925	1	0	0
0.6875	0.8975	1	0	0
0.6875	0.9025	1	0	0
0.6875	0.9075	1	0	0
0.6875	0.9125	1	0	0
0.6875	0.9175	1	0	0
0.6875	0.9225	1	0	0
0.6875	0.9275	1	0	0
0.6875	0.9325	1	0	0
0.6875	0.9375	1	0	0
0.6875	0.9425	1	0	0
0.6875	0.9475	1	0	0
0.6875	0.9525	1	0	0
0.6875	0.9575	1	0	0
0.6875	0.9625	1	0	0
0.6875	0.9675	1	0	0
0.6875	0.9725	1	0	0
0.6875	0.9775	1	0	0
0.6875	0.9825	1	0	0
0.6875	0.9875	1	0	0
0.6875	0.9925	1	0	0
0.6875	0.9975	1	0	0
0.6875	1.0025	1	0	0
0.6925	0.0075	1	0	0
0.6925	0.0125	1	0	0
0.6925	0.0175	1	0	0
0.6925	0.0225	1	0	0
0.6925	0.0275	1	0	0
0.6925	0.0325	1	0	0
0.6925	0.0375	1	0	0
0.6925	0.0425	1	0	0
0.6925	0.0475	1	0	0
0.6925	0.0525	1	0	0
0.6925	0.0575	1	0	0
0.6925	0.0625	1	0	0
0.6925	0.0675	1	0	0
0.6925	0.0725	1	0	0
0.6925	0.0775	1	0	0
0.6925	0.0825	1	0	0
0.6925	0.0875	1	0	0
0.6925	0.0925	1	0	0
0.6925	0.0975	1	0	0
0.6925	0.1025	1	0	0
0.6925	0.1075	1	0	0
0.6925	0.1125	1	0	0
0.6925	0.1175	1	0	0
0.6925	0.1225	1	0	0
0.6925	0.1275	1	0	0
0.6925	0.1325	1	0	0
0.6925	0.1375	1	0	0
0.6925	0.1425	1	0	0
0.6925	0.1475	1	0	0
0.6925	0.1525	1	0	0
0.6925	0.1575	1	0	0
0.6925	0.1625	1	0	0
0.6925	0.1675	1	0	0
0.6925	0.1725	1	0	0
0.6925	0.1775	1	0	0
0.6925	0.1825	1	0	0
0.6925	0.1875	1	0	0
0.6925	0.1925	1	0	0
0.6925	0.1975	1	0	0
0.6925	0.2025	1	0	0
0.6925	0.2075	1	0	0
0.6925	0.2125	1	0	0
0.6925	0.2175	1	0	0
0.6925	0.2225	1	0	0
0.6925	0.2275	1	0	0
0.6925	0.2325	1	0	0
0.6925	0.2375	1	0	0
0.6925	0.2425	1	0	0
0.6925	0.2475	1	0	0
0.6925	0.2525	1	0	0
0.6925	0.2575	1	0	0
0.6925	0.2625	1	0	0
0.6925	0.2675	1	0	0
0.6925	0.2725	1	0	0
0.6925	0.2775	1	0	0
0.6925	0.2825	1	0	0
0.6925	0.2875	1	0	0
0.6925	0.2925	1	0	0
0.6925	0.2975	1	0	0
0.6925	0.3025	1	0	0
0.6925	0.3075	1	0	0
0.6925	0.3125	1	0	0
0.6925	0.3175	1	0	0
0.6925	0.3225	1	0	0
0.6925	0.3275	1	0	0
0.6925	0.3325	1	0	0
0.6925	0.3375	1	0	0
0.6925	0.3425	1	0	0
0.6925	0.3475	1	0	0
0.6925	0.3525	1	0	0
0.6925	0.3575	1	0	0
0.6925	0.3625	1	0	0
0.6925	0.3675	1	0	0
0.6925	0.3725	1	0	0
0.6925	0.3775	1	0	0
0.6925	0.3825	1	0	0
0.6925	0.3875	1	0	0
0.6925	0.3925	1	0	0
0.6925	0.3975	1	0	0
0.6925	0.4025	1	0	0
0.6925	0.4075	1	0	0
0.6925	0.4125	1	0	0
0.6925	0.4175	1	0	0
0.6925	0.4225	1	0	0
0.6925	0.4275	1	0	0
0.6925	0.4325	1	0	0
0.6925	0.4375	1	0	0
0.6925	0.4425	1	0	0
0.6925	0.4475	1	0	0
0.6925	0.4525	1	0	0
0.6925	0.4575	1	0	0
0.6925	0.4625	1	0	0
0.6925	0.4675	1	0	0
0.6925	0.4725	1	0	0
0.6925	0.4775	1	0	0
0.6925	0.4825	1	0	0
0.6925	0.4875	1	0	0
0.6925	0.4925	1	0	0
0.6925	0.4975	1	0	0
0.6925	0.5025	1	0	0
0.6925	0.5075	1	0	0
0.6925	0.5125	1	0	0
0.6925	0.5175	1	0	0
0.6925	0.5225	1	0	0
0.6925	0.5275	1	0	0
0.6925	0.5325	1	0	0
0.6925	0.5375	1	0	0
0.6925	0.5425	1	0	0
0.6925	0.5475	1	0	0
0.6925	0.5525	1	0	0
0.6925	0.5575	1	0	0
0.6925	0.5625	1	0	0
0.6925	0.5675	1	0	0
0.6925	0.5725	1	0	0
0.6925	0.5775	1	0	0
0.6925	0.5825	1	0	0
0.6925	0.5875	1	0	0
0.6925	0.5925	1	0	0
0.6925	0.5975	1	0	0
0.6925	0.6025	1	0	0
0.6925	0.6075	1	0	0
0.6925	0.6125	1	0	0
0.6925	0.6175	1	0	0
0.6925	0.6225	1	0	0
0.6925	0.6275	1	0	0
0.6925	0.6325	1	0	0
0.6925	0.6375	1	0	0
0.6925	0.6425	1	0	0
0.6925	0.6475	1	0	0
0.6925	0.6525	1	0	0
0.6925	0.6575	1	0	0
0.6925	0.6625	1	0	0
0.6925	0.6675	1	0	0
0.6925	0.6725	1	0	0
0.6925	0.6775	1	0	0
0.6925	0.6825	1	0	0
0.6925	0.6875	1	0	0
0.6925	0.6925	1	0	0
0.6925	0.6975	1	0	0
0.6925	0.7025	1	0	0
0.6925	0.7075	1	0	0
0.6925	0.7125	1	0	0
0.6925	0.7175	1	0	0
0.6925	0.7225	1	0	0
0.6925	0.7275	1	0	0
0.6925	0.7325	1	0	0
0.6925	0.7375	1	0	0
0.6925	0.7425	1	0	0
0.6925	0.7475	1	0	0
0.6925	0.7525	1	0	0
0.6925	0.7575	1	0	0
0.6925	0.7625	1	0	0
0.6925	0.7675	1	0	0
0.6925	0.7725	1	0	0
0.6925	0.7775	1	0	0
0.6925	0.7825	1	0	0
0.6925	0.7875	1	0	0
0.6925	0.7925	1	0	0
0.6925	0.7975	1	0	0
0.6925	0.8025	1	0	0
0.6925	0.8075	1	0	0
0.6925	0.8125	1	0	0
0.6925	0.8175	1	0	0
0.6925	0.8225	1	0	0
0.6925	0.8275	1	0	0
0.6925	0.8325	1	0	0
0.6925	0.8375	1	0	0
0.6925	0.8425	1	0	0
0.6925	0.8475	1	0	0
0.6925	0.8525	1	0	0
0.6925	0.8575	1	0	0
0.6925	0.8625	1	0	0
0.6925	0.8675	1	0	0
0.6925	0.8725	1	0	0
0.6925	0.8775	1	0	0
0.6925	0.8825	1	0	0
0.6925	0.8875	1	0	0
0.6925	0.8925	1	0	0
0.6925	0.8975	1	0	0
0.6925	0.9025	1	0	0
0.6925	0.9075	1	0	0
0.6925	0.9125	1	0	0
0.6925	0.9175	1	0	0
0.6925	0.9225	1	0	0
0.6925	0.9275	1	0	0
0.6925	0.9325	1	0	0
0.6925	0.9375	1	0	0
0.6925	0.9425	1	0	0
0.6925	0.9475	1	0	0
0.6925	0.9525	1	0	0
0.6925	0.9575	1	0	0
0.6925	0.9625	1	0	0
0.6925	0.9675	1	0	0
0.6925	0.9725	1	0	0
0.6925	0.9775	1	0	0
0.6925	0.9825	1	0	0
0.6925	0.9875	1	0	0
0.6925	0.9925	1	0	0
0.6925	0.9975	1	0	0
0.6925	1.0025	1	0	0
0.6975	0.0075	1	0	0
0.6975	0.0125	1	0	0
0.6975	0.0175	1	0	0
0.6975	0.0225	1	0	0
0.6975	0.0275	1	0	0
0.6975	0.0325	1	0	0
0.6975	0.0375	1	0	0
0.6975	0.0425	1	0	0
0.6975	0.0475	1	0	0
0.6975	0.0525	1	0	0
0.6975	0.0575	1	0	0
0.6975	0.0625	1	0	0
0.6975	0.0675	1	0	0
0.6975	0.0725	1	0	0
0.6975	0.0775	1	0	0
0.6975	0.0825	1	0	0
0.6975	0.0875	1	0	0
0.6975	0.0925	1	0	0
0.6975	0.0975	1	0	0
0.6975	0.1025	1	0	0
0.6975	0.1075	1	0	0
0.6975	0.1125	1	0	0
0.6975	0.1175	1	0	0
0.6975	0.1225	1	0	0
0.6975	0.1275	1	0	0
0.6975	0.1325	1	0	0
0.6975	0.1375	1	0	0
0.6975	0.1425	1	0	0
0.6975	0.1475	1	0	0
0.6975	0.1525	1	0	0
0.6975	0.1575	1	0	0
0.6975	0.1625	1	0	0
0.6975	0.1675	1	0	0
0.6975	0.1725	1	0	0
0.6975	0.1775	1	0	0
0.6975	0.1825	1	0	0
0.6975	0.1875	1	0	0
0.6975	0.1925	1	0	0
0.6975	0.1975	1	0	0
0.6975	0.2025	1	0	0
0.6975	0.2075	1	0	0
0.6975	0.2125	1	0	0
0.6975	0.2175	1	0	0
0.6975	0.2225	1	0	0
0.6975	0.2275	1	0	0
0.6975	0.2325	1	0	0
0.6975	0.2375	1	0	0
0.6975	0.2425	1	0	0
0.6975	0.2475	1	0	0
0.6975	0.2525	1	0	0
0.6975	0.2575	1	0	0
0.6975	0.2625	1	0	0
0.6975	0.2675	1	0	0
0.6975	0.2725	1	0	0
0.6975	0.2775	1	0	0
0.6975	0.2825	1	0	0
0.6975	0.2875	1	0	0
0.6975	0.2925	1	0	0
0.6975	0.2975	1	0	0
0.6975	0.3025	1	0	0
0.6975	0.3075	1	0	0
0.6975	0.3125	1	0	0
0.6975	0.3175	1	0	0
0.6975	0.3225	1	0	0
0.6975	0.3275	1	0	0
0.6975	0.3325	1	0	0
0.6975	0.3375	1	0	0
0.6975	0.3425	1	0	0
0.6975	0.3475	1	0	0
0.6975	0.3525	1	0	0
0.6975	0.3575	1	0	0
0.6975	0.3625	1	0	0
0.6975	0.3675	1	0	0
0.6975	0.3725	1	0	0
0.6975	0.3775	1	0	0
0.6975	0.3825	1	0	0
0.6975	0.3875	1	0	0
0.6975	0.3925	1	0	0
0.6975	0.3975	1	0	0
0.6975	0.4025	1	0	0
0.6975	0.4075	1	0	0
0.6975	0.4125	1	0	0
0.6975	0.4175	1	0	0
0.6975	0.4225	1	0	0
0.6975	0.4275	1	0	0
0.6975	0.4325	1	0	0
0.6975	0.4375	1	0	0
0.6975	0.4425	1	0	0
0.6975	0.4475	1	0	0
0.6975	0.4525	1	0	0
0.6975	0.4575	1	0	0
0.6975	0.4625	1	0	0
0.6975	0.4675	1	0	0
0.6975	0.4725	1	0	0
0.6975	0.4775	1	0	0
0.6975	0.4825	1	0	0
0.6975	0.4875	1	0	0
0.6975	0.4925	1	0	0
0.6975	0.4975	1	0	0
0.6975	0.5025	1	0	0
0.6975	0.5075	1	0	0
0.6975	0.5125	1	0	0
0.6975	0.5175	1	0	0
0.6975	0.5225	1	0	0
0.6975	0.5275	1	0	0
0.6975	0.5325	1	0	0
0.6975	0.5375	1	0	0
0.6975	0.5425	1	0	0
0.6975	0.5475	1	0	0
0.6975	0.5525	1	0	0
0.6975	0.5575	1	0	0
0.6975	0.5625	1	0	0
0.6975	0.5675	1	0	0
0.6975	0.5725	1	0	0
0.6975	0.5775	1	0	0
0.6975	0.5825	1	0	0
0.6975	0.5875	1	0	0
0.6975	0.5925	1	0	0
0.6975	0.5975	1	0	0
0.6975	0.6025	1	0	0
0.6975	0.6075	1	0	0
0.6975	0.6125	1	0	0
0.6975	0.6175	1	0	0
0.6975	0.6225	1	0	0
0.6975	0.6275	1	0	0
0.6975	0.6325	1	0	0
0.6975	0.6375	1	0	0
0.6975	0.6425	1	0	0
0.6975	0.6475	1	0	0
0.6975	0.6525	1	0	0
0.6975	0.6575	1	0	0
0.6975	0.6625	1	0	0
0.6975	0.6675	1	0	0
0.6975	0.6725	1	0	0
0.6975	0.6775	1	0	0
0.6975	0.6825	1	0	0
0.6975	0.6875	1	0	0
0.6975	0.6925	1	0	0
0.6975	0.6975	1	0	0
0.6975	0.7025	1	0	0
0.6975	0.7075	1	0	0
0.6975	0.7125	1	0	0
0.6975	0.7175	1	0	0
0.6975	0.7225	1	0	0
0.6975	0.7275	1	0	0
0.6975	0.7325	1	0	0
0.6975	0.7375	1	0	0
0.6975	0.7425	1	0	0
0.6975	0.7475	1	0	0
0.6975	0.7525	1	0	0
0.6975	0.7575	1	0	0
0.6975	0.7625	1	0	0
0.6975	0.7675	1	0	0
0.6975	0.7725	1	0	0
0.6975	0.7775	1	0	0
0.6975	0.7825	1	0	0
0.6975	0.7875	1	0	0
0.6975	0.7925	1	0	0
0.6975	0.7975	1	0	0
0.6975	0.8025	1	0	0
0.6975	0.8075	1	0	0
0.6975	0.8125	1	0	0
0.6975	0.8175	1	0	0
0.6975	0.8225	1	0	0
0.6975	0.8275	1	0	0
0.6975	0.8325	1	0	0
0.6975	0.8375	1	0	0
0.6975	0.8425	1	0	0
0.6975	0.8475	1	0	0
0.6975	0.8525	1	0	0
0.6975	0.8575	1	0	0
0.6975	0.8625	1	0	0
0.6975	0.8675	1	0	0
0.6975	0.8725	1	0	0
0.6975	0.8775	1	0	0
0.6975	0.8825	1	0	0
0.6975	0.8875	1	0	0
0.6975	0.8925	1	0	0
0.6975	0.8975	1	0	0
0.6975	0.9025	1	0	0
0.6975	0.9075	1	0	0
0.6975	0.9125	1	0	0
0.6975	0.9175	1	0	0
0.6975	0.9225	1	0	0
0.6975	0.9275	1	0	0
0.6975	0.9325	1	0	0
0.6975	0.9375	1	0	0
0.6975	0.9425	1	0	0
0.6975	0.9475	1	0	0
0.6975	0.9525	1	0	0
0.6975	0.9575	1	0	0
0.6975	0.9625	1	0	0
0.6975	0.9675	1	0	0
0.6975	0.9725	1	0	0
0.6975	0.9775	1	0	0
0.6975	0.9825	1	0	0
0.6975	0.9875	1	0	0
0.6975	0.9925	1	0	0
0.6975	0.9975	1	0	0
0.6975	1.0025	1	0	0
0.7025	0.0075	1	0	0
0.7025	0.0125	1	0	0
0.7025	0.0175	1	0	0
0.7025	0.0225	1	0	0
0.7025	0.0275	1	0	0
0.7025	0.0325	1	0	0
0.7025	0.0375	1	0	0
0.7025	0.0425	1	0	0
0.7025	0.0475	1	0	0
0.7025	0.0525	1	0	0
0.7025	0.0575	1	0	0
0.7025	0.0625	1	0	0
0.7025	0.0675	1	0	0
0.7025	0.0725	1	0	0
0.7025	0.0775	1	0	0
0.7025	0.0825	1	0	0
0.7025	0.0875	1	0	0
0.7025	0.0925	1	0	0
0.7025	0.0975	1	0	0
0.7025	0.1025	1	0	0
0.7025	0.1075	1	0	0
0.7025	0.1125	1	0	0
0.7025	0.1175	1	0	0
0.7025	0.1225	1	0	0
0.7025	0.1275	1	0	0
0.7025	0.1325	1	0	0
0.7025	0.1375	1	0	0
0.7025	0.1425	1	0	0
0.7025	0.1475	1	0	0
0.7025	0.1525	1	0	0
0.7025	0.1575	1	0	0
0.7025	0.1625	1	0	0
0.7025	0.1675	1	0	0
0.7025	0.1725	1	0	0
0.7025	0.1775	1	0	0
0.7025	0.1825	1	0	0
0.7025	0.1875	1	0	0
0.7025	0.1925	1	0	0
0.7025	0.1975	1	0	0
0.7025	0.2025	1	0	0
0.7025	0.2075	1	0	0
0.7025	0.2125	1	0	0
0.7025	0.2175	1	0	0
0.7025	0.2225	1	0	0
0.7025	0.2275	1	0	0
0.7025	0.2325	1	0	0
0.7025	0.2375	1	0	0
0.7025	0.2425	1	0	0
0.7025	0.2475	1	0	0
0.7025	0.2525	1	0	0
0.7025	0.2575	1	0	0
0.7025	0.2625	1	0	0
0.7025	0.2675	1	0	0
0.7025	0.2725	1	0	0
0.7025	0.2775	1	0	0
0.7025	0.2825	1	0	0
0.7025	0.2875	1	0	0
0.7025	0.2925	1	0	0
0.7025	0.2975	1	0	0
0.7025	0.3025	1	0	0
0.7025	0.3075	1	0	0
0.7025	0.3125	1	0	0
0.7025	0.3175	1	0	0
0.7025	0.3225	1	0	0
0.7025	0.3275	1	0	0
0.7025	0.3325	1	0	0
0.7025	0.3375	1	0	0
0.7025	0.3425	1	0	0
0.7025	0.3475	1	0	0
0.7025	0.3525	1	0	0
0.7025	0.3575	1	0	0
0.7025	0.3625	1	0	0
0.7025	0.3675	1	0	0
0.7025	0.3725	1	0	0
0.7025	0.3775	1	0	0
0.7025	0.3825	1	0	0
0.7025	0.3875	1	0	0
0.7025	0.3925	1	0	0
0.7025	0.3975	1	0	0
0.7025	0.4025	1	0	0
0.7025	0.4075	1	0	0
0.7025	0.4125	1	0	0
0.7025	0.4175	1	0	0
0.7025	0.4225	1	0	0
0.7025	0.4275	1	0	0
0.7025	0.4325	1	0	0
0.7025	0.4375	1	0	0
0.7025	0.4425	1	0	0
0.7025	0.4475	1	0	0
0.7025	0.4525	1	0	0
0.7025	0.4575	1	0	0
0.7025	0.4625	1	0	0
0.7025	0.4675	1	0	0
0.7025	0.4725	1	0	0
0.7025	0.4775	1	0	0
0.7025	0.4825	1	0	0
0.7025	0.4875	1	0	0
0.7025	0.4925	1	0	0
0.7025	0.4975	1	0	0
0.7025	0.5025	1	0	0
0.7025	0.5075	1	0	0
0.7025	0.5125	1	0	0
0.7025	0.5175	1	0	0
0.7025	0.5225	1	0	0
0.7025	0.5275	1	0	0
0.7025	0.5325	1	0	0
0.7025	0.5375	1	0	0
0.7025	0.5425	1	0	0
0.7025	0.5475	1	0	0
0.7025	0.5525	1	0	0
0.7025	0.5575	1	0	0
0.7025	0.5625	1	0	0
0.7025	0.5675	1	0	0
0.7025	0.5725	1	0	0
0.7025	0.5775	1	0	0
0.7025	0.5825	1	0	0
0.7025	0.5875	1	0	0
0.7025	0.5925	1	0	0
0.7025	0.5975	1	0	0
0.7025	0.6025	1	0	0
0.7025	0.6075	1	0	0
0.7025	0.6125	1	0	0
0.7025	0.6175	1	0	0
0.7025	0.6225	1	0	0
0.7025	0.6275	1	0	0
0.7025	0.6325	1	0	0
0.7025	0.6375	1	0	0
0.7025	0.6425	1	0	0
0.7025	0.6475	1	0	0
0.7025	0.6525	1	0	0
0.7025	0.6575	1	0	0
0.7025	0.6625	1	0	0
0.7025	0.6675	1	0	0
0.7025	0.6725	1	0	0
0.7025	0.6775	1	0	0
0.7025	0.6825	1	0	0
0.7025	0.6875	1	0	0
0.7025	0.6925	1	0	0
0.7025	0.6975	1	0	0
0.7025	0.7025	1	0	0
0.7025	0.7075	1	0	0
0.7025	0.7125	1	0	0
0.7025	0.7175	1	0	0
0.7025	0.7225	1	0	0
0.7025	0.7275	1	0	0
0.7025	0.7325	1	0	0
0.7025	0.7375	1	0	0
0.7025	0.7425	1	0	0
0.7025	0.7475	1	0	0
0.7025	0.7525	1	0	0
0.7025	0.7575	1	0	0
0.7025	0.7625	1	0	0
0.7025	0.7675	1	0	0
0.7025	0.7725	1	0	0
0.7025	0.7775	1	0	0
0.7025	0.7825	1	0	0
0.7025	0.7875	1	0	0
0.7025	0.7925	1	0	0
0.7025	0.7975	1	0	0
0.7025	0.8025	1	0	0
0.7025	0.8075	1	0	0
0.7025	0.8125	1	0	0
0.7025	0.8175	1	0	0
0.7025	0.8225	1	0	0
0.7025	0.8275	1	0	0
0.7025	0.8325	1	0	0
0.7025	0.8375	1	0	0
0.7025	0.8425	1	0	0
0.7025	0.8475	1	0	0
0.7025	0.8525	1	0	0
0.7025	0.8575	1	0	0
0.7025	0.8625	1	0	0
0.7025	0.8675	1	0	0
0.7025	0.8725	1	0	0
0.7025	0.8775	1	0	0
0.7025	0.8825	1	0	0
0.7025	0.8875	1	0	0
0.7025	0.8925	1	0	0
0.7025	0.8975	1	0	0
0.7025	0.9025	1	0	0
0.7025	0.9075	1	0	0
0.7025	0.9125	1	0	0
0.7025	0.9175	1	0	0
0.7025	0.9225	1	0	0
0.7025	0.9275	1	0	0
0.7025	0.9325	1	0	0
0.7025	0.9375	1	0	0
0.7025	0.9425	1	0	0
0.7025	0.9475	1	0	0
0.7025	0.9525	1	0	0
0.7025	0.9575	1	0	0
0.7025	0.9625	1	0	0
0.7025	0.9675	1	0	0
0.7025	0.9725	1	0	0
0.7025	0.9775	1	0	0
0.7025	0.9825	1	0	0
0.7025	0.9875	1	0	0
0.7025	0.9925	1	0	0
0.7025	0.9975	1	0	0
0.7025	1.0025	1	0	0
0.7075	0.0075	1	0	0
0.7075	0.0125	1	0	0
0.7075	0.0175	1	0	0
0.7075	0.0225	1	0	0
0.7075	0.0275	1	0	0
0.7075	0.0325	1	0	0
0.7075	0.0375	1	0	0
0.7075	0.0425	1	0	0
0.7075	0.0475	1	0	0
0.7075	0.0525	1	0	0
0.7075	0.0575	1	0	0
0.7075	0.0625	1	0	0
0.7075	0.0675	1	0	0
0.7075	0.0725	1	0	0
0.7075	0.0775	1	0	0
0.7075	0.0825	1	0	0
0.7075	0.0875	1	0	0
0.7075	0.0925	1	0	0
0.7075	0.0975	1	0	0
0.7075	0.1025	1	0	0
0.7075	0.1075	1	0	0
0.7075	0.1125	1	0	0
0.7075	0.1175	1	0	0
0.7075	0.1225	1	0	0
0.7075	0.1275	1	0	0
0.7075	0.1325	1	0	0
0.7075	0.1375	1	0	0
0.7075	0.1425	1	0	0
0.7075	0.1475	1	0	0
0.7075	0.1525	1	0	0
0.7075	0.1575	1	0	0
0.7075	0.1625	1	0	0
0.7075	0.1675	1	0	0
0.7075	0.1725	1	0	0
0.7075	0.1775	1	0	0
0.7075	0.1825	1	0	0
0.7075	0.1875	1	0	0
0.7075	0.1925	1	0	0
0.7075	0.1975	1	0	0
0.7075	0.2025	1	0	0
0.7075	0.2075	1	0	0
0.7075	0.2125	1	0	0
0.7075	0.2175	1	0	0
0.7075	0.2225	1	0	0
0.7075	0.2275	1	0	0
0.7075	0.2325	1	0	0
0.7075	0.2375	1	0	0
0.7075	0.2425	1	0	0
0.7075	0.2475	1	0	0
0.7075	0.2525	1	0	0
0.7075	0.2575	1	0	0
0.7075	0.2625	1	0	0
0.7075	0.2675	1	0	0
0.7075	0.2725	1	0	0
0.7075	0.2775	1	0	0
0.7075	0.2825	1	0	0
0.7075	0.2875	1	0	0
0.7075	0.2925	1	0	0
0.7075	0.2975	1	0	0
0.7075	0.3025	1	0	0
0.7075	0.3075	1	0	0
0.7075	0.3125	1	0	0
0.7075	0.3175	1	0	0
0.7075	0.3225	1	0	0
0.7075	0.3275	1	0	0
0.7075	0.3325	1	0	0
0.7075	0.3375	1	0	0
0.7075	0.3425	1	0	0
0.7075	0.3475	1	0	0
0.7075	0.3525	1	0	0
0.7075	0.3575	1	0	0
0.7075	0.3625	1	0	0
0.7075	0.3675	1	0	0
0.7075	0.3725	1	0	0
0.7075	0.3775	1	0	0
0.7075	0.3825	1	0	0
0.7075	0.3875	1	0	0
0.7075	0.3925	1	0	0
0.7075	0.3975	1	0	0
0.7075	0.4025	1	0	0
0.7075	0.4075	1	0	0
0.7075	0.4125	1	0	0
0.7075	0.4175	1	0	0
0.7075	0.4225	1	0	0
0.7075	0.4275	1	0	0
0.7075	0.4325	1	0	0
0.7075	0.4375	1	0	0
0.7075	0.4425	1	0	0
0.7075	0.4475	1	0	0
0.7075	0.4525	1	0	0
0.7075	0.4575	1	0	0
0.7075	0.4625	1	0	0
0.7075	0.4675	1	0	0
0.7075	0.4725	1	0	0
0.7075	0.4775	1	0	0
0.7075	0.4825	1	0	0
0.7075	0.4875	1	0	0
0.7075	0.4925	1	0	0
0.7075	0.4975	1	0	0
0.7075	0.5025	1	0	0
0.7075	0.5075	1	0	0
0.7075	0.5125	1	0	0
0.7075	0.5175	1	0	0
0.7075	0.5225	1	0	0
0.7075	0.5275	1	0	0
0.7075	0.5325	1	0	0
0.7075	0.5375	1	0	0
0.7075	0.5425	1	0	0
0.7075	0.5475	1	0	0
0.7075	0.5525	1	0	0
0.7075	0.5575	1	0	0
0.7075	0.5625	1	0	0
0.7075	0.5675	1	0	0
0.7075	0.5725	1	0	0
0.7075	0.5775	1	0	0
0.7075	0.5825	1	0	0
0.7075	0.5875	1	0	0
0.7075	0.5925	1	0	0
0.7075	0.5975	1	0	0
0.7075	0.6025	1	0	0
0.7075	0.6075	1	0	0
0.7075	0.6125	1	0	0
0.7075	0.6175	1	0	0
0.7075	0.6225	1	0	0
0.7075	0.6275	1	0	0
0.7075	0.6325	1	0	0
0.7075	0.6375	1	0	0
0.7075	0.6425	1	0	0
0.7075	0.6475	1	0	0
0.7075	0.6525	1	0	0
0.7075	0.6575	1	0	0
0.7075	0.6625	1	0	0
0.7075	0.6675	1	0	0
0.7075	0.6725	1	0	0
0.7075	0.6775	1	0	0
0.7075	0.6825	1	0	0
0.7075	0.6875	1	0	0
0.7075	0.6925	1	0	0
0.7075	0.6975	1	0	0
0.7075	0.7025	1	0	0
0.7075	0.7075	1	0	0
0.7075	0.7125	1	0	0
0.7075	0.7175	1	0	0
0.7075	0.7225	1	0	0
0.7075	0.7275	1	0	0
0.7075	0.7325	1	0	0
0.7075	0.7375	1	0	0
0.7075	0.7425	1	0	0
0.7075	0.7475	1	0	0
0.7075	0.7525	1	0	0
0.7075	0.7575	1	0	0
0.7075	0.7625	1	0	0
0.7075	0.7675	1	0	0
0.7075	0.7725	1	0	0
0.7075	0.7775	1	0	0
0.7075	0.7825	1	0	0
0.7075	0.7875	1	0	0
0.7075	0.7925	1	0	0
0.7075	0.7975	1	0	0
0.7075	0.8025	1	0	0
0.7075	0.8075	1	0	0
0.7075	0.8125	1	0	0
0.7075	0.8175	1	0	0
0.7075	0.8225	1	0	0
0.7075	0.8275	1	0	0
0.7075	0.8325	1	0	0
0.7075	0.8375	1	0	0
0.7075	0.8425	1	0	0
0.7075	0.8475	1	0	0
0.7075	0.8525	1	0	0
0.7075	0.8575	1	0	0
0.7075	0.8625	1	0	0
0.7075	0.8675	1	0	0
0.7075	0.8725	1	0	0
0.7075	0.8775	1	0	0
0.7075	0.8825	1	0	0
0.7075	0.8875	1	0	0
0.7075	0.8925	1	0	0
0.7075	0.8975	1	0	0
0.7075	0.9025	1	0	0
0.7075	0.9075	1	0	0
0.7075	0.9125	1	0	0
0.7075	0.9175	1	0	0
0.7075	0.9225	1	0	0
0.7075	0.9275	1	0	0
0.7075	0.9325	1	0	0
0.7075	0.9375	1	0	0
0.7075	0.9425	1	0	0
0.7075	0.9475	1	0	0
0.7075	0.9525	1	0	0
0.7075	0.9575	1	0	0
0.7075	0.9625	1	0	0
0.7075	0.9675	1	0	0
0.7075	0.9725	1	0	0
0.7075	0.9775	1	0	0
0.7075	0.9825	1	0	0
0.7075	0.9875	1	0	0
0.7075	0.9925	1	0	0
0.7075	0.9975	1	0	0
0.7075	1.0025	1	0	0
0.7125	0.0075	1	0	0
0.7125	0.0125	1	0	0
0.7125	0.0175	1	0	0
0.7125	0.0225	1	0	0
0.7125	0.0275	1	0	0
0.7125	0.0325	1	0	0
0.7125	0.0375	1	0	0
0.7125	0.0425	1	0	0
0.7125	0.0475	1	0	0
0.7125	0.0525	1	0	0
0.7125	0.0575	1	0	0
0.7125	0.0625	1	0	0
0.7125	0.0675	1	0	0
0.7125	0.0725	1	0	0
0.7125	0.0775	1	0	0
0.7125	0.0825	1	0	0
0.7125	0.0875	1	0	0
0.7125	0.0925	1	0	0
0.7125	0.0975	1	0	0
0.7125	0.1025	1	0	0
0.7125	0.1075	1	0	0
0.7125	0.1125	1	0	0
0.7125	0.1175	1	0	0
0.7125	0.1225	1	0	0
0.7125	0.1275	1	0	0
0.7125	0.1325	1	0	0
0.7125	0.1375	1	0	0
0.7125	0.1425	1	0	0
0.7125	0.1475	1	0	0
0.7125	0.1525	1	0	0
0.7125	0.1575	1	0	0
0.7125	0.1625	1	0	0
0.7125	0.1675	1	0	0
0.7125	0.1725	1	0	0
0.7125	0.1775	1	0	0
0.7125	0.1825	1	0	0
0.7125	0.1875	1	0	0
0.7125	0.1925	1	0	0
0.7125	0.1975	1	0	0
0.7125	0.2025	1	0	0
0.7125	0.2075	1	0	0
0.7125	0.2125	1	0	0
0.7125	0.2175	1	0	0
0.7125	0.2225	1	0	0
0.7125	0.2275	1	0	0
0.7125	0.2325	1	0	0
0.7125	0.2375	1	0	0
0.7125	0.2425	1	0	0
0.7125	0.2475	1	0	0
0.7125	0.2525	1	0	0
0.7125	0.2575	1	0	0
0.7125	0.2625	1	0	0
0.7125	0.2675	1	0	0
0.7125	0.2725	1	0	0
0.7125	0.2775	1	0	0
0.7125	0.2825	1	0	0
0.7125	0.2875	1	0	0
0.7125	0.2925	1	0	0
0.7125	0.2975	1	0	0
0.7125	0.3025	1	0	0
0.7125	0.3075	1	0	0
0.7125	0.3125	1	0	0
0.7125	0.3175	1	0	0
0.7125	0.3225	1	0	0
0.7125	0.3275	1	0	0
0.7125	0.3325	1	0	0
0.7125	0.3375	1	0	0
0.7125	0.3425	1	0	0
0.7125	0.3475	1	0	0
0.7125	0.3525	1	0	0
0.7125	0.3575	1	0	0
0.7125	0.3625	1	0	0
0.7125	0.3675	1	0	0
0.7125	0.3725	1	0	0
0.7125	0.3775	1	0	0
0.7125	0.3825	1	0	0
0.7125	0.3875	1	0	0
0.7125	0.3925	1	0	0
0.7125	0.3975	1	0	0
0.7125	0.4025	1	0	0
0.7125	0.4075	1	0	0
0.7125	0.4125	1	0	0
0.7125	0.4175	1	0	0
0.7125	0.4225	1	0	0
0.7125	0.4275	1	0	0
0.7125	0.4325	1	0	0
0.7125	0.4375	1	0	0
0.7125	0.4425	1	0	0
0.7125	0.4475	1	0	0
0.7125	0.4525	1	0	0
0.7125	0.4575	1	0	0
0.7125	0.4625	1	0	0
0.7125	0.4675	1	0	0
0.7125	0.4725	1	0	0
0.7125	0.4775	1	0	0
0.7125	0.4825	1	0	0
0.7125	0.4875	1	0	0
0.7125	0.4925	1	0	0
0.7125	0.4975	1	0	0
0.7125	0.5025	1	0	0
0.7125	0.5075	1	0	0
0.7125	0.5125	1	0	0
0.7125	0.5175	1	0	0
0.7125	0.5225	1	0	0
0.7125	0.5275	1	0	0
0.7125	0.5325	1	0	0
0.7125	0.5375	1	0	0
0.7125	0.5425	1	0	0
0.7125	0.5475	1	0	0
0.7125	0.5525	1	0	0
0.7125	0.5575	1	0	0
0.7125	0.5625	1	0	0
0.7125	0.5675	1	0	0
0.7125	0.5725	1	0	0
0.7125	0.5775	1	0	0
0.7125	0.5825	1	0	0
0.7125	0.5875	1	0	0
0.7125	0.5925	1	0	0
0.7125	0.5975	1	0	0
0.7125	0.6025	1	0	0
0.7125	0.6075	1	0	0
0.7125	0.6125	1	0	0
0.7125	0.6175	1	0	0
0.7125	0.6225	1	0	0
0.7125	0.6275	1	0	0
0.7125	0.6325	1	0	0
0.7125	0.6375	1	0	0
0.7125	0.6425	1	0	0
0.7125	0.6475	1	0	0
0.7125	0.6525	1	0	0
0.7125	0.6575	1	0	0
0.7125	0.6625	1	0	0
0.7125	0.6675	1	0	0
0.7125	0.6725	1	0	0
0.7125	0.6775	1	0	0
0.7125	0.6825	1	0	0
0.7125	0.6875	1	0	0
0.7125	0.6925	1	0	0
0.7125	0.6975	1	0	0
0.7125	0.7025	1	0	0
0.7125	0.7075	1	0	0
0.7125	0.7125	1	0	0
0.7125	0.7175	1	0	0
0.7125	0.7225	1	0	0
0.7125	0.7275	1	0	0
0.7125	0.7325	1	0	0
0.7125	0.7375	1	0	0
0.7125	0.7425	1	0	0
0.7125	0.7475	1	0	0
0.7125	0.7525	1	0	0
0.7125	0.7575	1	0	0
0.7125	0.7625	1	0	0
0.7125	0.7675	1	0	0
0.7125	0.7725	1	0	0
0.7125	0.7775	1	0	0
0.7125	0.7825	1	0	0
0.7125	0.7875	1	0	0
0.7125	0.7925	1	0	0
0.7125	0.7975	1	0	0
0.7125	0.8025	1	0	0
0.7125	0.8075	1	0	0
0.7125	0.8125	1	0	0
0.7125	0.8175	1	0	0
0.7125	0.8225	1	0	0
0.7125	0.8275	1	0	0
0.7125	0.8325	1	0	0
0.7125	0.8375	1	0	0
0.7125	0.8425	1	0	0
0.7125	0.8475	1	0	0
0.7125	0.8525	1	0	0
0.7125	0.8575	1	0	0
0.7125	0.8625	1	0	0
0.7125	0.8675	1	0	0
0.7125	0.8725	1	0	0
0.7125	0.8775	1	0	0
0.7125	0.8825	1	0	0
0.7125	0.8875	1	0	0
0.7125	0.8925	1	0	0
0.7125	0.8975	1	0	0
0.7125	0.9025	1	0	0
0.7125	0.9075	1	0	0
0.7125	0.9125	1	0	0
0.7125	0.9175	1	0	0
0.7125	0.9225	1	0	0
0.7125	0.9275	1	0	0
0.7125	0.9325	1	0	0
0.7125	0.9375	1	0	0
0.7125	0.9425	1	0	0
0.7125	0.9475	1	0	0
0.7125	0.9525	1	0	0
0.7125	0.9575	1	0	0
0.7125	0.9625	1	0	0
0.7125	0.9675	1	0	0
0.7125	0.9725	1	0	0
0.7125	0.9775	1	0	0
0.7125	0.9825	1	0	0
0.7125	0.9875	1	0	0
0.7125	0.9925	1	0	0
0.7125	0.9975	1	0	0
0.7125	1.0025	1	0	0
0.7175	0.0075	1	0	0
0.7175	0.0125	1	0	0
0.7175	0.0175	1	0	0
0.7175	0.0225	1	0	0
0.7175	0.0275	1	0	0
0.7175	0.0325	1	0	0
0.7175	0.0375	1	0	0
0.7175	0.0425	1	0	0
0.7175	0.0475	1	0	0
0.7175	0.0525	1	0	0
0.7175	0.0575	1	0	0
0.7175	0.0625	1	0	0
0.7175	0.0675	1	0	0
0.7175	0.0725	1	0	0
0.7175	0.0775	1	0	0
0.7175	0.0825	1	0	0
0.7175	0.0875	1	0	0
0.7175	0.0925	1	0	0
0.7175	0.0975	1	0	0
0.7175	0.1025	1	0	0
0.7175	0.1075	1	0	0
0.7175	0.1125	1	0	0
0.7175	0.1175	1	0	0
0.7175	0.1225	1	0	0
0.7175	0.1275	1	0	0
0.7175	0.1325	1	0	0
0.7175	0.1375	1	0	0
0.7175	0.1425	1	0	0
0.7175	0.1475	1	0	0
0.7175	0.1525	1	0	0
0.7175	0.1575	1	0	0
0.7175	0.1625	1	0	0
0.7175	0.1675	1	0	0
0.7175	0.1725	1	0	0
0.7175	0.1775	1	0	0
0.7175	0.1825	1	0	0
0.7175	0.1875	1	0	0
0.7175	0.1925	1	0	0
0.7175	0.1975	1	0	0
0.7175	0.2025	1	0	0
0.7175	0.2075	1	0	0
0.7175	0.2125	1	0	0
0.7175	0.2175	1	0	0
0.7175	0.2225	1	0	0
0.7175	0.2275	1	0	0
0.7175	0.2325	1	0	0
0.7175	0.2375	1	0	0
0.7175	0.2425	1	0	0
0.7175	0.2475	1	0	0
0.7175	0.2525	1	0	0
0.7175	0.2575	1	0	0
0.7175	0.2625	1	0	0
0.7175	0.2675	1	0	0
0.7175	0.2725	1	0	0
0.7175	0.2775	1	0	0
0.7175	0.2825	1	0	0
0.7175	0.2875	1	0	0
0.7175	0.2925	1	0	0
0.7175	0.2975	1	0	0
0.7175	0.3025	1	0	0
0.7175	0.3075	1	0	0
0.7175	0.3125	1	0	0
0.7175	0.3175	1	0	0
0.7175	0.3225	1	0	0
0.7175	0.3275	1	0	0
0.7175	0.3325	1	0	0
0.7175	0.3375	1	0	0
0.7175	0.3425	1	0	0
0.7175	0.3475	1	0	0
0.7175	0.3525	1	0	0
0.7175	0.3575	1	0	0
0.7175	0.3625	1	0	0
0.7175	0.3675	1	0	0
0.7175	0.3725	1	0	0
0.7175	0.3775	1	0	0
0.7175	0.3825	1	0	0
0.7175	0.3875	1	0	0
0.7175	0.3925	1	0	0
0.7175	0.3975	1	0	0
0.7175	0.4025	1	0	0
0.7175	0.4075	1	0	0
0.7175	0.4125	1	0	0
0.7175	0.4175	1	0	0
0.7175	0.4225	1	0	0
0.7175	0.4275	1	0	0
0.7175	0.4325	1	0	0
0.7175	0.4375	1	0	0
0.7175	0.4425	1	0	0
0.7175	0.4475	1	0	0
0.7175	0.4525	1	0	0
0.7175	0.4575	1	0	0
0.7175	0.4625	1	0	0
0.7175	0.4675	1	0	0
0.7175	0.4725	1	0	0
0.7175	0.4775	1	0	0
0.7175	0.4825	1	0	0
0.7175	0.4875	1	0	0
0.7175	0.4925	1	0	0
0.7175	0.4975	1	0	0
0.7175	0.5025	1	0	0
0.7175	0.5075	1	0	0
0.7175	0.5125	1	0	0
0.7175	0.5175	1	0	0
0.7175	0.5225	1	0	0
0.7175	0.5275	1	0	0
0.7175	0.5325	1	0	0
0.7175	0.5375	1	0	0
0.7175	0.5425	1	0	0
0.7175	0.5475	1	0	0
0.7175	0.5525	1	0	0
0.7175	0.5575	1	0	0
0.7175	0.5625	1	0	0
0.7175	0.5675	1	0	0
0.7175	0.5725	1	0	0
0.7175	0.5775	1	0	0
0.7175	0.5825	1	0	0
0.7175	0.5875	1	0	0
0.7175	0.5925	1	0	0
0.7175	0.5975	1	0	0
0.7175	0.6025	1	0	0
0.7175	0.6075	1	0	0
0.7175	0.6125	1	0	0
0.7175	0.6175	1	0	0
0.7175	0.6225	1	0	0
0.7175	0.6275	1	0	0
0.7175	0.6325	1	0	0
0.7175	0.6375	1	0	0
0.7175	0.6425	1	0	0
0.7175	0.6475	1	0	0
0.7175	0.6525	1	0	0
0.7175	0.6575	1	0	0
0.7175	0.6625	1	0	0
0.7175	0.6675	1	0	0
0.7175	0.6725	1	0	0
0.7175	0.6775	1	0	0
0.7175	0.6825	1	0	0
0.7175	0.6875	1	0	0
0.7175	0.6925	1	0	0
0.7175	0.6975	1	0	0
0.7175	0.7025	1	0	0
0.7175	0.7075	1	0	0
0.7175	0.7125	1	0	0
0.7175	0.7175	1	0	0
0.7175	0.7225	1	0	0
0.7175	0.7275	1	0	0
0.7175	0.7325	1	0	0
0.7175	0.7375	1	0	0
0.7175	0.7425	1	0	0
0.7175	0.7475	1	0	0
0.7175	0.7525	1	0	0
0.7175	0.7575	1	0	0
0.7175	0.7625	1	0	0
0.7175	0.7675	1	0	0
0.7175	0.7725	1	0	0
0.7175	0.7775	1	0	0
0.7175	0.7825	1	0	0
0.7175	0.7875	1	0	0
0.7175	0.7925	1	0	0
0.7175	0.7975	1	0	0
0.7175	0.8025	1	0	0
0.7175	0.8075	1	0	0
0.7175	0.8125	1	0	0
0.7175	0.8175	1	0	0
0.7175	0.8225	1	0	0
0.7175	0.8275	1	0	0
0.7175	0.8325	1	0	0
0.7175	0.8375	1	0	0
0.7175	0.8425	1	0	0
0.7175	0.8475	1	0	0
0.7175	0.8525	1	0	0
0.7175	0.8575	1	0	0
0.7175	0.8625	1	0	0
0.7175	0.8675	1	0	0
0.7175	0.8725	1	0	0
0.7175	0.8775	1	0	0
0.7175	0.8825	1	0	0
0.7175	0.8875	1	0	0
0.7175	0.8925	1	0	0
0.7175	0.8975	1	0	0
0.7175	0.9025	1	0	0
0.7175	0.9075	1	0	0
0.7175	0.9125	1	0	0
0.7175	0.9175	1	0	0
0.7175	0.9225	1	0	0
0.7175	0.9275	1	0	0
0.7175	0.9325	1	0	0
0.7175	0.9375	1	0	0
0.7175	0.9425	1	0	0
0.7175	0.9475	1	0	0
0.7175	0.9525	1	0	0
0.7175	0.9575	1	0	0
0.7175	0.9625	1	0	0
0.7175	0.9675	1	0	0
0.7175	0.9725	1	0	0
0.7175	0.9775	1	0	0
0.7175	0.9825	1	0	0
0.7175	0.9875	1	0	0
0.7175	0.9925	1	0	0
0.7175	0.9975	1	0	0
0.7175	1.0025	1	0	0
0.7225	0.0075	1	0	0
0.7225	0.0125	1	0	0
0.7225	0.0175	1	0	0
0.7225	0.0225	1	0	0
0.7225	0.0275	1	0	0
0.7225	0.0325	1	0	0
0.7225	0.0375	1	0	0
0.7225	0.0425	1	0	0
0.7225	0.0475	1	0	0
0.7225	0.0525	1	0	0
0.7225	0.0575	1	0	0
0.7225	0.0625	1	0	0
0.7225	0.0675	1	0	0
0.7225	0.0725	1	0	0
0.7225	0.0775	1	0	0
0.7225	0.0825	1	0	0
0.7225	0.0875	1	0	0
0.7225	0.0925	1	0	0
0.7225	0.0975	1	0	0
0.7225	0.1025	1	0	0
0.7225	0.1075	1	0	0
0.7225	0.1125	1	0	0
0.7225	0.1175	1	0	0
0.7225	0.1225	1	0	0
0.7225	0.1275	1	0	0
0.7225	0.1325	1	0	0
0.7225	0.1375	1	0	0
0.7225	0.1425	1	0	0
0.7225	0.1475	1	0	0
0.7225	0.1525	1	0	0
0.7225	0.1575	1	0	0
0.7225	0.1625	1	0	0
0.7225	0.1675	1	0	0
0.7225	0.1725	1	0	0
0.7225	0.1775	1	0	0
0.7225	0.1825	1	0	0
0.7225	0.1875	1	0	0
0.7225	0.1925	1	0	0
0.7225	0.1975	1	0	0
0.7225	0.2025	1	0	0
0.7225	0.2075	1	0	0
0.7225	0.2125	1	0	0
0.7225	0.2175	1	0	0
0.7225	0.2225	1	0	0
0.7225	0.2275	1	0	0
0.7225	0.2325	1	0	0
0.7225	0.2375	1	0	0
0.7225	0.2425	1	0	0
0.7225	0.2475	1	0	0
0.7225	0.2525	1	0	0
0.7225	0.2575	1	0	0
0.7225	0.2625	1	0	0
0.7225	0.2675	1	0	0
0.7225	0.2725	1	0	0
0.7225	0.2775	1	0	0
0.7225	0.2825	1	0	0
0.7225	0.2875	1	0	0
0.7225	0.2925	1	0	0
0.7225	0.2975	1	0	0
0.7225	0.3025	1	0	0
0.7225	0.3075	1	0	0
0.7225	0.3125	1	0	0
0.7225	0.3175	1	0	0
0.7225	0.3225	1	0	0
0.7225	0.3275	1	0	0
0.7225	0.3325	1	0	0
0.7225	0.3375	1	0	0
0.7225	0.3425	1	0	0
0.7225	0.3475	1	0	0
0.7225	0.3525	1	0	0
0.7225	0.3575	1	0	0
0.7225	0.3625	1	0	0
0.7225	0.3675	1	0	0
0.7225	0.3725	1	0	0
0.7225	0.3775	1	0	0
0.7225	0.3825	1	0	0
0.7225	0.3875	1	0	0
0.7225	0.3925	1	0	0
0.7225	0.3975	1	0	0
0.7225	0.4025	1	0	0
0.7225	0.4075	1	0	0
0.7225	0.4125	1	0	0
0.7225	0.4175	1	0	0
0.7225	0.4225	1	0	0
0.7225	0.4275	1	0	0
0.7225	0.4325	1	0	0
0.7225	0.4375	1	0	0
0.7225	0.4425	1	0	0
0.7225	0.4475	1	0	0
0.7225	0.4525	1	0	0
0.7225	0.4575	1	0	0
0.7225	0.4625	1	0	0
0.7225	0.4675	1	0	0
0.7225	0.4725	1	0	0
0.7225	0.4775	1	0	0
0.7225	0.4825	1	0	0
0.7225	0.4875	1	0	0
0.7225	0.4925	1	0	0
0.7225	0.4975	1	0	0
0.7225	0.5025	1	0	0
0.7225	0.5075	1	0	0
0.7225	0.5125	1	0	0
0.7225	0.5175	1	0	0
0.7225	0.5225	1	0	0
0.7225	0.5275	1	0	0
0.7225	0.5325	1	0	0
0.7225	0.5375	1	0	0
0.7225	0.5425	1	0	0
0.7225	0.5475	1	0	0
0.7225	0.5525	1	0	0
0.7225	0.5575	1	0	0
0.7225	0.5625	1	0	0
0.7225	0.5675	1	0	0
0.7225	0.5725	1	0	0
0.7225	0.5775	1	0	0
0.7225	0.5825	1	0	0
0.7225	0.5875	1	0	0
0.7225	0.5925	1	0	0
0.7225	0.5975	1	0	0
0.7225	0.6025	1	0	0
0.7225	0.6075	1	0	0
0.7225	0.6125	1	0	0
0.7225	0.6175	1	0	0
0.7225	0.6225	1	0	0
0.7225	0.6275	1	0	0
0.7225	0.6325	1	0	0
0.7225	0.6375	1	0	0
0.7225	0.6425	1	0	0
0.7225	0.6475	1	0	0
0.7225	0.6525	1	0	0
0.7225	0.6575	1	0	0
0.7225	0.6625	1	0	0
0.7225	0.6675	1	0	0
0.7225	0.6725	1	0	0
0.7225	0.6775	1	0	0
0.7225	0.6825	1	0	0
0.7225	0.6875	1	0	0
0.7225	0.6925	1	0	0
0.7225	0.6975	1	0	0
0.7225	0.7025	1	0	0
0.7225	0.7075	1	0	0
0.7225	0.7125	1	0	0
0.7225	0.7175	1	0	0
0.7225	0.7225	1	0	0
0.7225	0.7275	1	0	0
0.7225	0.7325	1	0	0
0.7225	0.7375	1	0	0
0.7225	0.7425	1	0	0
0.7225	0.7475	1	0	0
0.7225	0.7525	1	0	0
0.7225	0.7575	1	0	0
0.7225	0.7625	1	0	0
0.7225	0.7675	1	0	0
0.7225	0.7725	1	0	0
0.7225	0.7775	1	0	0
0.7225	0.7825	1	0	0
0.7225	0.7875	1	0	0
0.7225	0.7925	1	0	0
0.7225	0.7975	1	0	0
0.7225	0.8025	1	0	0
0.7225	0.8075	1	0	0
0.7225	0.8125	1	0	0
0.7225	0.8175	1	0	0
0.7225	0.8225	1	0	0
0.7225	0.8275	1	0	0
0.7225	0.8325	1	0	0
0.7225	0.8375	1	0	0
0.7225	0.8425	1	0	0
0.7225	0.8475	1	0	0
0.7225	0.8525	1	0	0
0.7225	0.8575	1	0	0
0.7225	0.8625	1	0	0
0.7225	0.8675	1	0	0
0.7225	0.8725	1	0	0
0.7225	0.8775	1	0	0
0.7225	0.8825	1	0	0
0.7225	0.8875	1	0	0
0.7225	0.8925	1	0	0
0.7225	0.8975	1	0	0
0.7225	0.9025	1	0	0
0.7225	0.9075	1	0	0
0.7225	0.9125	1	0	0
0.7225	0.9175	1	0	0
0.7225	0.9225	1	0	0
0.7225	0.9275	1	0	0
0.7225	0.9325	1	0	0
0.7225	0.9375	1	0	0
0.7225	0.9425	1	0	0
0.7225	0.9475	1	0	0
0.7225	0.9525	1	0	0
0.7225	0.9575	1	0	0
0.7225	0.9625	1	0	0
0.7225	0.9675	1	0	0
0.7225	0.9725	1	0	0
0.7225	0.9775	1	0	0
0.7225	0.9825	1	0	0
0.7225	0.9875	1	0	0
0.7225	0.9925	1	0	0
0.7225	0.9975	1	0	0
0.7225	1.0025	1	0	0
0.7275	0.0075	1	0	0
0.7275	0.0125	1	0	0
0.7275	0.0175	1	0	0
0.7275	0.0225	1	0	0
0.7275	0.0275	1	0	0
0.7275	0.0325	1	0	0
0.7275	0.0375	1	0	0
0.7275	0.0425	1	0	0
0.7275	0.0475	1	0	0
0.7275	0.0525	1	0	0
0.7275	0.0575	1	0	0
0.7275	0.0625	1	0	0
0.7275	0.0675	1	0	0
0.7275	0.0725	1	0	0
0.7275	0.0775	1	0	0
0.7275	0.0825	1	0	0
0.7275	0.0875	1	0	0
0.7275	0.0925	1	0	0
0.7275	0.0975	1	0	0
0.7275	0.1025	1	0	0
0.7275	0.1075	1	0	0
0.7275	0.1125	1	0	0
0.7275	0.1175	1	0	0
0.7275	0.1225	1	0	0
0.7275	0.1275	1	0	0
0.7275	0.1325	1	0	0
0.7275	0.1375	1	0	0
0.7275	0.1425	1	0	0
0.7275	0.1475	1	0	0
0.7275	0.1525	1	0	0
0.7275	0.1575	1	0	0
0.7275	0.1625	1	0	0
0.7275	0.1675	1	0	0
0.7275	0.1725	1	0	0
0.7275	0.1775	1	0	0
0.7275	0.1825	1	0	0
0.7275	0.1875	1	0	0
0.7275	0.1925	1	0	0
0.7275	0.1975	1	0	0
0.7275	0.2025	1	0	0
0.7275	0.2075	1	0	0
0.7275	0.2125	1	0	0
0.7275	0.2175	1	0	0
0.7275	0.2225	1	0	0
0.7275	0.2275	1	0	0
0.7275	0.2325	1	0	0
0.7275	0.2375	1	0	0
0.7275	0.2425	1	0	0
0.7275	0.2475	1	0	0
0.7275	0.2525	1	0	0
0.7275	0.2575	1	0	0
0.7275	0.2625	1	0	0
0.7275	0.2675	1	0	0
0.7275	0.2725	1	0	0
0.7275	0.2775	1	0	0
0.7275	0.2825	1	0	0
0.7275	0.2875	1	0	0
0.7275	0.2925	1	0	0
0.7275	0.2975	1	0	0
0.7275	0.3025	1	0	0
0.7275	0.3075	1	0	0
0.7275	0.3125	1	0	0
0.7275	0.3175	1	0	0
0.7275	0.3225	1	0	0
0.7275	0.3275	1	0	0
0.7275	0.3325	1	0	0
0.7275	0.3375	1	0	0
0.7275	0.3425	1	0	0
0.7275	0.3475	1	0	0
0.7275	0.3525	1	0	0
0.7275	0.3575	1	0	0
0.7275	0.3625	1	0	0
0.7275	0.3675	1	0	0
0.7275	0.3725	1	0	0
0.7275	0.3775	1	0	0
0.7275	0.3825	1	0	0
0.7275	0.3875	1	0	0
0.7275	0.3925	1	0	0
0.7275	0.3975	1	0	0
0.7275	0.4025	1	0	0
0.7275	0.4075	1	0	0
0.7275	0.4125	1	0	0
0.7275	0.4175	1	0	0
0.7275	0.4225	1	0	0
0.7275	0.4275	1	0	0
0.7275	0.4325	1	0	0
0.7275	0.4375	1	0	0
0.7275	0.4425	1	0	0
0.7275	0.4475	1	0	0
0.7275	0.4525	1	0	0
0.7275	0.4575	1	0	0
0.7275	0.4625	1	0	0
0.7275	0.4675	1	0	0
0.7275	0.4725	1	0	0
0.7275	0.4775	1	0	0
0.7275	0.4825	1	0	0
0.7275	0.4875	1	0	0
0.7275	0.4925	1	0	0
0.7275	0.4975	1	0	0
0.7275	0.5025	1	0	0
0.7275	0.5075	1	0	0
0.7275	0.5125	1	0	0
0.7275	0.5175	1	0	0
0.7275	0.5225	1	0	0
0.7275	0.5275	1	0	0
0.7275	0.5325	1	0	0
0.7275	0.5375	1	0	0
0.7275	0.5425	1	0	0
0.7275	0.5475	1	0	0
0.7275	0.5525	1	0	0
0.7275	0.5575	1	0	0
0.7275	0.5625	1	0	0
0.7275	0.5675	1	0	0
0.7275	0.5725	1	0	0
0.7275	0.5775	1	0	0
0.7275	0.5825	1	0	0
0.7275	0.5875	1	0	0
0.7275	0.5925	1	0	0
0.7275	0.5975	1	0	0
0.7275	0.6025	1	0	0
0.7275	0.6075	1	0	0
0.7275	0.6125	1	0	0
0.7275	0.6175	1	0	0
0.7275	0.6225	1	0	0
0.7275	0.6275	1	0	0
0.7275	0.6325	1	0	0
0.7275	0.6375	1	0	0
0.7275	0.6425	1	0	0
0.7275	0.6475	1	0	0
0.7275	0.6525	1	0	0
0.7275	0.6575	1	0	0
0.7275	0.6625	1	0	0
0.7275	0.6675	1	0	0
0.7275	0.6725	1	0	0
0.7275	0.6775	1	0	0
0.7275	0.6825	1	0	0
0.7275	0.6875	1	0	0
0.7275	0.6925	1	0	0
0.7275	0.6975	1	0	0
0.7275	0.7025	1	0	0
0.7275	0.7075	1	0	0
0.7275	0.7125	1	0	0
0.7275	0.7175	1	0	0
0.7275	0.7225	1	0	0
0.7275	0.7275	1	0	0
0.7275	0.7325	1	0	0
0.7275	0.7375	1	0	0
0.7275	0.7425	1	0	0
0.7275	0.7475	1	0	0
0.7275	0.7525	1	0	0
0.7275	0.7575	1	0	0
0.7275	0.7625	1	0	0
0.7275	0.7675	1	0	0
0.7275	0.7725	1	0	0
0.7275	0.7775	1	0	0
0.7275	0.7825	1	0	0
0.7275	0.7875	1	0	0
0.7275	0.7925	1	0	0
0.7275	0.7975	1	0	0
0.7275	0.8025	1	0	0
0.7275	0.8075	1	0	0
0.7275	0.8125	1	0	0
0.7275	0.8175	1	0	0
0.7275	0.8225	1	0	0
0.7275	0.8275	1	0	0
0.7275	0.8325	1	0	0
0.7275	0.8375	1	0	0
0.7275	0.8425	1	0	0
0.7275	0.8475	1	0	0
0.7275	0.8525	1	0	0
0.7275	0.8575	1	0	0
0.7275	0.8625	1	0	0
0.7275	0.8675	1	0	0
0.7275	0.8725	1	0	0
0.7275	0.8775	1	0	0
0.7275	0.8825	1	0	0
0.7275	0.8875	1	0	0
0.7275	0.8925	1	0	0
0.7275	0.8975	1	0	0
0.7275	0.9025	1	0	0
0.7275	0.9075	1	0	0
0.7275	0.9125	1	0	0
0.7275	0.9175	1	0	0
0.7275	0.9225	1	0	0
0.7275	0.9275	1	0	0
0.7275	0.9325	1	0	0
0.7275	0.9375	1	0	0
0.7275	0.9425	1	0	0
0.7275	0.9475	1	0	0
0.7275	0.9525	1	0	0
0.7275	0.9575	1	0	0
0.7275	0.9625	1	0	0
0.7275	0.9675	1	0	0
0.7275	0.9725	1	0	0
0.7275	0.9775	1	0	0
0.7275	0.9825	1	0	0
0.7275	0.9875	1	0	0
0.7275	0.9925	1	0	0
0.7275	0.9975	1	0	0
0.7275	1.0025	1	0	0
0.7325	0.0075	1	0	0
0.7325	0.0125	1	0	0
0.7325	0.0175	1	0	0
0.7325	0.0225	1	0	0
0.7325	0.0275	1	0	0
0.7325	0.0325	1	0	0
0.7325	0.0375	1	0	0
0.7325	0.0425	1	0	0
0.7325	0.0475	1	0	0
0.7325	0.0525	1	0	0
0.7325	0.0575	1	0	0
0.7325	0.0625	1	0	0
0.7325	0.0675	1	0	0
0.7325	0.0725	1	0	0
0.7325	0.0775	1	0	0
0.7325	0.0825	1	0	0
0.7325	0.0875	1	0	0
0.7325	0.0925	1	0	0
0.7325	0.0975	1	0	0
0.7325	0.1025	1	0	0
0.7325	0.1075	1	0	0
0.7325	0.1125	1	0	0
0.7325	0.1175	1	0	0
0.7325	0.1225	1	0	0
0.7325	0.1275	1	0	0
0.7325	0.1325	1	0	0
0.7325	0.1375	1	0	0
0.7325	0.1425	1	0	0
0.7325	0.1475	1	0	0
0.7325	0.1525	1	0	0
0.7325	0.1575	1	0	0
0.7325	0.1625	1	0	0
0.7325	0.1675	1	0	0
0.7325	0.1725	1	0	0
0.7325	0.1775	1	0	0
0.7325	0.1825	1	0	0
0.7325	0.1875	1	0	0
0.7325	0.1925	1	0	0
0.7325	0.1975	1	0	0
0.7325	0.2025	1	0	0
0.7325	0.2075	1	0	0
0.7325	0.2125	1	0	0
0.7325	0.2175	1	0	0
0.7325	0.2225	1	0	0
0.7325	0.2275	1	0	0
0.7325	0.2325	1	0	0
0.7325	0.2375	1	0	0
0.7325	0.2425	1	0	0
0.7325	0.2475	1	0	0
0.7325	0.2525	1	0	0
0.7325	0.2575	1	0	0
0.7325	0.2625	1	0	0
0.7325	0.2675	1	0	0
0.7325	0.2725	1	0	0
0.7325	0.2775	1	0	0
0.7325	0.2825	1	0	0
0.7325	0.2875	1	0	0
0.7325	0.2925	1	0	0
0.7325	0.2975	1	0	0
0.7325	0.3025	1	0	0
0.7325	0.3075	1	0	0
0.7325	0.3125	1	0	0
0.7325	0.3175	1	0	0
0.7325	0.3225	1	0	0
0.7325	0.3275	1	0	0
0.7325	0.3325	1	0	0
0.7325	0.3375	1	0	0
0.7325	0.3425	1	0	0
0.7325	0.3475	1	0	0
0.7325	0.3525	1	0	0
0.7325	0.3575	1	0	0
0.7325	0.3625	1	0	0
0.7325	0.3675	1	0	0
0.7325	0.3725	1	0	0
0.7325	0.3775	1	0	0
0.7325	0.3825	1	0	0
0.7325	0.3875	1	0	0
0.7325	0.3925	1	0	0
0.7325	0.3975	1	0	0
0.7325	0.4025	1	0	0
0.7325	0.4075	1	0	0
0.7325	0.4125	1	0	0
0.7325	0.4175	1	0	0
0.7325	0.4225	1	0	0
0.7325	0.4275	1	0	0
0.7325	0.4325	1	0	0
0.7325	0.4375	1	0	0
0.7325	0.4425	1	0	0
0.7325	0.4475	1	0	0
0.7325	0.4525	1	0	0
0.7325	0.4575	1	0	0
0.7325	0.4625	1	0	0
0.7325	0.4675	1	0	0
0.7325	0.4725	1	0	0
0.7325	0.4775	1	0	0
0.7325	0.4825	1	0	0
0.7325	0.4875	1	0	0
0.7325	0.4925	1	0	0
0.7325	0.4975	1	0	0
0.7325	0.5025	1	0	0
0.7325	0.5075	1	0	0
0.7325	0.5125	1	0	0
0.7325	0.5175	1	0	0
0.7325	0.5225	1	0	0
0.7325	0.5275	1	0	0
0.7325	0.5325	1	0	0
0.7325	0.5375	1	0	0
0.7325	0.5425	1	0	0
0.7325	0.5475	1	0	0
0.7325	0.5525	1	0	0
0.7325	0.5575	1	0	0
0.7325	0.5625	1	0	0
0.7325	0.5675	1	0	0
0.7325	0.5725	1	0	0
0.7325	0.5775	1	0	0
0.7325	0.5825	1	0	0
0.7325	0.5875	1	0	0
0.7325	0.5925	1	0	0
0.7325	0.5975	1	0	0
0.7325	0.6025	1	0	0
0.7325	0.6075	1	0	0
0.7325	0.6125	1	0	0
0.7325	0.6175	1	0	0
0.7325	0.6225	1	0	0
0.7325	0.6275	1	0	0
0.7325	0.6325	1	0	0
0.7325	0.6375	1	0	0
0.7325	0.6425	1	0	0
0.7325	0.6475	1	0	0
0.7325	0.6525	1	0	0
0.7325	0.6575	1	0	0
0.7325	0.6625	1	0	0
0.7325	0.6675	1	0	0
0.7325	0.6725	1	0	0
0.7325	0.6775	1	0	0
0.7325	0.6825	1	0	0
0.7325	0.6875	1	0	0
0.7325	0.6925	1	0	0
0.7325	0.6975	1	0	0
0.7325	0.7025	1	0	0
0.7325	0.7075	1	0	0
0.7325	0.7125	1	0	0
0.7325	0.7175	1	0	0
0.7325	0.7225	1	0	0
0.7325	0.7275	1	0	0
0.7325	0.7325	1	0	0
0.7325	0.7375	1	0	0
0.7325	0.7425	1	0	0
0.7325	0.7475	1	0	0
0.7325	0.7525	1	0	0
0.7325	0.7575	1	0	0
0.7325	0.7625	1	0	0
0.7325	0.7675	1	0	0
0.7325	0.7725	1	0	0
0.7325	0.7775	1	0	0
0.7325	0.7825	1	0	0
0.7325	0.7875	1	0	0
0.7325	0.7925	1	0	0
0.7325	0.7975	1	0	0
0.7325	0.8025	1	0	0
0.7325	0.8075	1	0	0
0.7325	0.8125	1	0	0
0.7325	0.8175	1	0	0
0.7325	0.8225	1	0	0
0.7325	0.8275	1	0	0
0.7325	0.8325	1	0	0
0.7325	0.8375	1	0	0
0.7325	0.8425	1	0	0
0.7325	0.8475	1	0	0
0.7325	0.8525	1	0	0
0.7325	0.8575	1	0	0
0.7325	0.8625	1	0	0
0.7325	0.8675	1	0	0
0.7325	0.8725	1	0	0
0.7325	0.8775	1	0	0
0.7325	0.8825	1	0	0
0.7325	0.8875	1	0	0
0.7325	0.8925	1	0	0
0.7325	0.8975	1	0	0
0.7325	0.9025	1	0	0
0.7325	0.9075	1	0	0
0.7325	0.9125	1	0	0
0.7325	0.9175	1	0	0
0.7325	0.9225	1	0	0
0.7325	0.9275	1	0	0
0.7325	0.9325	1	0	0
0.7325	0.9375	1	0	0
0.7325	0.9425	1	0	0
0.7325	0.9475	1	0	0
0.7325	0.9525	1	0	0
0.7325	0.9575	1	0	0
0.7325	0.9625	1	0	0
0.7325	0.9675	1	0	0
0.7325	0.9725	1	0	0
0.7325	0.9775	1	0	0
0.7325	0.9825	1	0	0
0.7325	0.9875	1	0	0
0.7325	0.9925	1	0	0
0.7325	0.9975	1	0	0
0.7325	1.0025	1	0	0
0.7375	0.0075	1	0	0
0.7375	0.0125	1	0	0
0.7375	0.0175	1	0	0
0.7375	0.0225	1	0	0
0.7375	0.0275	1	0	0
0.7375	0.0325	1	0	0
0.7375	0.0375	1	0	0
0.7375	0.0425	1	0	0
0.7375	0.0475	1	0	0
0.7375	0.0525	1	0	0
0.7375	0.0575	1	0	0
0.7375	0.0625	1	0	0
0.7375	0.0675	1	0	0
0.7375	0.0725	1	0	0
0.7375	0.0775	1	0	0
0.7375	0.0825	1	0	0
0.7375	0.0875	1	0	0
0.7375	0.0925	1	0	0
0.7375	0.0975	1	0	0
0.7375	0.1025	1	0	0
0.7375	0.1075	1	0	0
0.7375	0.1125	1	0	0
0.7375	0.1175	1	0	0
0.7375	0.1225	1	0	0
0.7375	0.1275	1	0	0
0.7375	0.1325	1	0	0
0.7375	0.1375	1	0	0
0.7375	0.1425	1	0	0
0.7375	0.1475	1	0	0
0.7375	0.1525	1	0	0
0.7375	0.1575	1	0	0
0.7375	0.1625	1	0	0
0.7375	0.1675	1	0	0
0.7375	0.1725	1	0	0
0.7375	0.1775	1	0	0
0.7375	0.1825	1	0	0
0.7375	0.1875	1	0	0
0.7375	0.1925	1	0	0
0.7375	0.1975	1	0	0
0.7375	0.2025	1	0	0
0.7375	0.2075	1	0	0
0.7375	0.2125	1	0	0
0.7375	0.2175	1	0	0
0.7375	0.2225	1	0	0
0.7375	0.2275	1	0	0
0.7375	0.2325	1	0	0
0.7375	0.2375	1	0	0
0.7375	0.2425	1	0	0
0.7375	0.2475	1	0	0
0.7375	0.2525	1	0	0
0.7375	0.2575	1	0	0
0.7375	0.2625	1	0	0
0.7375	0.2675	1	0	0
0.7375	0.2725	1	0	0
0.7375	0.2775	1	0	0
0.7375	0.2825	1	0	0
0.7375	0.2875	1	0	0
0.7375	0.2925	1	0	0
0.7375	0.2975	1	0	0
0.7375	0.3025	1	0	0
0.7375	0.3075	1	0	0
0.7375	0.3125	1	0	0
0.7375	0.3175	1	0	0
0.7375	0.3225	1	0	0
0.7375	0.3275	1	0	0
0.7375	0.3325	1	0	0
0.7375	0.3375	1	0	0
0.7375	0.3425	1	0	0
0.7375	0.3475	1	0	0
0.7375	0.3525	1	0	0
0.7375	0.3575	1	0	0
0.7375	0.3625	1	0	0
0.7375	0.3675	1	0	0
0.7375	0.3725	1	0	0
0.7375	0.3775	1	0	0
0.7375	0.3825	1	0	0
0.7375	0.3875	1	0	0
0.7375	0.3925	1	0	0
0.7375	0.3975	1	0	0
0.7375	0.4025	1	0	0
0.7375	0.4075	1	0	0
0.7375	0.4125	1	0	0
0.7375	0.4175	1	0	0
0.7375	0.4225	1	0	0
0.7375	0.4275	1	0	0
0.7375	0.4325	1	0	0
0.7375	0.4375	1	0	0
0.7375	0.4425	1	0	0
0.7375	0.4475	1	0	0
0.7375	0.4525	1	0	0
0.7375	0.4575	1	0	0
0.7375	0.4625	1	0	0
0.7375	0.4675	1	0	0
0.7375	0.4725	1	0	0
0.7375	0.4775	1	0	0
0.7375	0.4825	1	0	0
0.7375	0.4875	1	0	0
0.7375	0.4925	1	0	0
0.7375	0.4975	1	0	0
0.7375	0.5025	1	0	0
0.7375	0.5075	1	0	0
0.7375	0.5125	1	0	0
0.7375	0.5175	1	0	0
0.7375	0.5225	1	0	0
0.7375	0.5275	1	0	0
0.7375	0.5325	1	0	0
0.7375	0.5375	1	0	0
0.7375	0.5425	1	0	0
0.7375	0.5475	1	0	0
0.7375	0.5525	1	0	0
0.7375	0.5575	1	0	0
0.7375	0.5625	1	0	0
0.7375	0.5675	1	0	0
0.7375	0.5725	1	0	0
0.7375	0.5775	1	0	0
0.7375	0.5825	1	0	0
0.7375	0.5875	1	0	0
0.7375	0.5925	1	0	0
0.7375	0.5975	1	0	0
0.7375	0.6025	1	0	0
0.7375	0.6075	1	0	0
0.7375	0.6125	1	0	0
0.7375	0.6175	1	0	0
0.7375	0.6225	1	0	0
0.7375	0.6275	1	0	0
0.7375	0.6325	1	0	0
0.7375	0.6375	1	0	0
0.7375	0.6425	1	0	0
0.7375	0.6475	1	0	0
0.7375	0.6525	1	0	0
0.7375	0.6575	1	0	0
0.7375	0.6625	1	0	0
0.7375	0.6675	1	0	0
0.7375	0.6725	1	0	0
0.7375	0.6775	1	0	0
0.7375	0.6825	1	0	0
0.7375	0.6875	1	0	0
0.7375	0.6925	1	0	0
0.7375	0.6975	1	0	0
0.7375	0.7025	1	0	0
0.7375	0.7075	1	0	0
0.7375	0.7125	1	0	0
0.7375	0.7175	1	0	0
0.7375	0.7225	1	0	0
0.7375	0.7275	1	0	0
0.7375	0.7325	1	0	0
0.7375	0.7375	1	0	0
0.7375	0.7425	1	0	0
0.7375	0.7475	1	0	0
0.7375	0.7525	1	0	0
0.7375	0.7575	1	0	0
0.7375	0.7625	1	0	0
0.7375	0.7675	1	0	0
0.7375	0.7725	1	0	0
0.7375	0.7775	1	0	0
0.7375	0.7825	1	0	0
0.7375	0.7875	1	0	0
0.7375	0.7925	1	0	0
0.7375	0.7975	1	0	0
0.7375	0.8025	1	0	0
0.7375	0.8075	1	0	0
0.7375	0.8125	1	0	0
0.7375	0.8175	1	0	0
0.7375	0.8225	1	0	0
0.7375	0.8275	1	0	0
0.7375	0.8325	1	0	0
0.7375	0.8375	1	0	0
0.7375	0.8425	1	0	0
0.7375	0.8475	1	0	0
0.7375	0.8525	1	0	0
0.7375	0.8575	1	0	0
0.7375	0.8625	1	0	0
0.7375	0.8675	1	0	0
0.7375	0.8725	1	0	0
0.7375	0.8775	1	0	0
0.7375	0.8825	1	0	0
0.7375	0.8875	1	0	0
0.7375	0.8925	1	0	0
0.7375	0.8975	1	0	0
0.7375	0.9025	1	0	0
0.7375	0.9075	1	0	0
0.7375	0.9125	1	0	0
0.7375	0.9175	1	0	0
0.7375	0.9225	1	0	0
0.7375	0.9275	1	0	0
0.7375	0.9325	1	0	0
0.7375	0.9375	1	0	0
0.7375	0.9425	1	0	0
0.7375	0.9475	1	0	0
0.7375	0.9525	1	0	0
0.7375	0.9575	1	0	0
0.7375	0.9625	1	0	0
0.7375	0.9675	1	0	0
0.7375	0.9725	1	0	0
0.7375	0.9775	1	0	0
0.7375	0.9825	1	0	0
0.7375	0.9875	1	0	0
0.7375	0.9925	1	0	0
0.7375	0.9975	1	0	0
0.7375	1.0025	1	0	0
0.7425	0.0075	1	0	0
0.7425	0.0125	1	0	0
0.7425	0.0175	1	0	0
0.7425	0.0225	1	0	0
0.7425	0.0275	1	0	0
0.7425	0.0325	1	0	0
0.7425	0.0375	1	0	0
0.7425	0.0425	1	0	0
0.7425	0.0475	1	0	0
0.7425	0.0525	1	0	0
0.7425	0.0575	1	0	0
0.7425	0.0625	1	0	0
0.7425	0.0675	1	0	0
0.7425	0.0725	1	0	0
0.7425	0.0775	1	0	0
0.7425	0.0825	1	0	0
0.7425	0.0875	1	0	0
0.7425	0.0925	1	0	0
0.7425	0.0975	1	0	0
0.7425	0.1025	1	0	0
0.7425	0.1075	1	0	0
0.7425	0.1125	1	0	0
0.7425	0.1175	1	0	0
0.7425	0.1225	1	0	0
0.7425	0.1275	1	0	0
0.7425	0.1325	1	0	0
0.7425	0.1375	1	0	0
0.7425	0.1425	1	0	0
0.7425	0.1475	1	0	0
0.7425	0.1525	1	0	0
0.7425	0.1575	1	0	0
0.7425	0.1625	1	0	0
0.7425	0.1675	1	0	0
0.7425	0.1725	1	0	0
0.7425	0.1775	1	0	0
0.7425	0.1825	1	0	0
0.7425	0.1875	1	0	0
0.7425	0.1925	1	0	0
0.7425	0.1975	1	0	0
0.7425	0.2025	1	0	0
0.7425	0.2075	1	0	0
0.7425	0.2125	1	0	0
0.7425	0.2175	1	0	0
0.7425	0.2225	1	0	0
0.7425	0.2275	1	0	0
0.7425	0.2325	1	0	0
0.7425	0.2375	1	0	0
0.7425	0.2425	1	0	0
0.7425	0.2475	1	0	0
0.7425	0.2525	1	0	0
0.7425	0.2575	1	0	0
0.7425	0.2625	1	0	0
0.7425	0.2675	1	0	0
0.7425	0.2725	1	0	0
0.7425	0.2775	1	0	0
0.7425	0.2825	1	0	0
0.7425	0.2875	1	0	0
0.7425	0.2925	1	0	0
0.7425	0.2975	1	0	0
0.7425	0.3025	1	0	0
0.7425	0.3075	1	0	0
0.7425	0.3125	1	0	0
0.7425	0.3175	1	0	0
0.7425	0.3225	1	0	0
0.7425	0.3275	1	0	0
0.7425	0.3325	1	0	0
0.7425	0.3375	1	0	0
0.7425	0.3425	1	0	0
0.7425	0.3475	1	0	0
0.7425	0.3525	1	0	0
0.7425	0.3575	1	0	0
0.7425	0.3625	1	0	0
0.7425	0.3675	1	0	0
0.7425	0.3725	1	0	0
0.7425	0.3775	1	0	0
0.7425	0.3825	1	0	0
0.7425	0.3875	1	0	0
0.7425	0.3925	1	0	0
0.7425	0.3975	1	0	0
0.7425	0.4025	1	0	0
0.7425	0.4075	1	0	0
0.7425	0.4125	1	0	0
0.7425	0.4175	1	0	0
0.7425	0.4225	1	0	0
0.7425	0.4275	1	0	0
0.7425	0.4325	1	0	0
0.7425	0.4375	1	0	0
0.7425	0.4425	1	0	0
0.7425	0.4475	1	0	0
0.7425	0.4525	1	0	0
0.7425	0.4575	1	0	0
0.7425	0.4625	1	0	0
0.7425	0.4675	1	0	0
0.7425	0.4725	1	0	0
0.7425	0.4775	1	0	0
0.7425	0.4825	1	0	0
0.7425	0.4875	1	0	0
0.7425	0.4925	1	0	0
0.7425	0.4975	1	0	0
0.7425	0.5025	1	0	0
0.7425	0.5075	1	0	0
0.7425	0.5125	1	0	0
0.7425	0.5175	1	0	0
0.7425	0.5225	1	0	0
0.7425	0.5275	1	0	0
0.7425	0.5325	1	0	0
0.7425	0.5375	1	0	0
0.7425	0.5425	1	0	0
0.7425	0.5475	1	0	0
0.7425	0.5525	1	0	0
0.7425	0.5575	1	0	0
0.7425	0.5625	1	0	0
0.7425	0.5675	1	0	0
0.7425	0.5725	1	0	0
0.7425	0.5775	1	0	0
0.7425	0.5825	1	0	0
0.7425	0.5875	1	0	0
0.7425	0.5925	1	0	0
0.7425	0.5975	1	0	0
0.7425	0.6025	1	0	0
0.7425	0.6075	1	0	0
0.7425	0.6125	1	0	0
0.7425	0.6175	1	0	0
0.7425	0.6225	1	0	0
0.7425	0.6275	1	0	0
0.7425	0.6325	1	0	0
0.7425	0.6375	1	0	0
0.7425	0.6425	1	0	0
0.7425	0.6475	1	0	0
0.7425	0.6525	1	0	0
0.7425	0.6575	1	0	0
0.7425	0.6625	1	0	0
0.7425	0.6675	1	0	0
0.7425	0.6725	1	0	0
0.7425	0.6775	1	0	0
0.7425	0.6825	1	0	0
0.7425	0.6875	1	0	0
0.7425	0.6925	1	0	0
0.7425	0.6975	1	0	0
0.7425	0.7025	1	0	0
0.7425	0.7075	1	0	0
0.7425	0.7125	1	0	0
0.7425	0.7175	1	0	0
0.7425	0.7225	1	0	0
0.7425	0.7275	1	0	0
0.7425	0.7325	1	0	0
0.7425	0.7375	1	0	0
0.7425	0.7425	1	0	0
0.7425	0.7475	1	0	0
0.7425	0.7525	1	0	0
0.7425	0.7575	1	0	0
0.7425	0.7625	1	0	0
0.7425	0.7675	1	0	0
0.7425	0.7725	1	0	0
0.7425	0.7775	1	0	0
0.7425	0.7825	1	0	0
0.7425	0.7875	1	0	0
0.7425	0.7925	1	0	0
0.7425	0.7975	1	0	0
0.7425	0.8025	1	0	0
0.7425	0.8075	1	0	0
0.7425	0.8125	1	0	0
0.7425	0.8175	1	0	0
0.7425	0.8225	1	0	0
0.7425	0.8275	1	0	0
0.7425	0.8325	1	0	0
0.7425	0.8375	1	0	0
0.7425	0.8425	1	0	0
0.7425	0.8475	1	0	0
0.7425	0.8525	1	0	0
0.7425	0.8575	1	0	0
0.7425	0.8625	1	0	0
0.7425	0.8675	1	0	0
0.7425	0.8725	1	0	0
0.7425	0.8775	1	0	0
0.7425	0.8825	1	0	0
0.7425	0.8875	1	0	0
0.7425	0.8925	1	0	0
0.7425	0.8975	1	0	0
0.7425	0.9025	1	0	0
0.7425	0.9075	1	0	0
0.7425	0.9125	1	0	0
0.7425	0.9175	1	0	0
0.7425	0.9225	1	0	0
0.7425	0.9275	1	0	0
0.7425	0.9325	1	0	0
0.7425	0.9375	1	0	0
0.7425	0.9425	1	0	0
0.7425	0.9475	1	0	0
0.7425	0.9525	1	0	0
0.7425	0.9575	1	0	0
0.7425	0.9625	1	0	0
0.7425	0.9675	1	0	0
0.7425	0.9725	1	0	0
0.7425	0.9775	1	0	0
0.7425	0.9825	1	0	0
0.7425	0.9875	1	0	0
0.7425	0.9925	1	0	0
0.7425	0.9975	1	0	0
0.7425	1.0025	1	0	0
0.7475	0.0075	1	0	0
0.7475	0.0125	1	0	0
0.7475	0.0175	1	0	0
0.7475	0.0225	1	0	0
0.7475	0.0275	1	0	0
0.7475	0.0325	1	0	0
0.7475	0.0375	1	0	0
0.7475	0.0425	1	0	0
0.7475	0.0475	1	0	0
0.7475	0.0525	1	0	0
0.7475	0.0575	1	0	0
0.7475	0.0625	1	0	0
0.7475	0.0675	1	0	0
0.7475	0.0725	1	0	0
0.7475	0.0775	1	0	0
0.7475	0.0825	1	0	0
0.7475	0.0875	1	0	0
0.7475	0.0925	1	0	0
0.7475	0.0975	1	0	0
0.7475	0.1025	1	0	0
0.7475	0.1075	1	0	0
0.7475	0.1125	1	0	0
0.7475	0.1175	1	0	0
0.7475	0.1225	1	0	0
0.7475	0.1275	1	0	0
0.7475	0.1325	1	0	0
0.7475	0.1375	1	0	0
0.7475	0.1425	1	0	0
0.7475	0.1475	1	0	0
0.7475	0.1525	1	0	0
0.7475	0.1575	1	0	0
0.7475	0.1625	1	0	0
0.7475	0.1675	1	0	0
0.7475	0.1725	1	0	0
0.7475	0.1775	1	0	0
0.7475	0.1825	1	0	0
0.7475	0.1875	1	0	0
0.7475	0.1925	1	0	0
0.7475	0.1975	1	0	0
0.7475	0.2025	1	0	0
0.7475	0.2075	1	0	0
0.7475	0.2125	1	0	0
0.7475	0.2175	1	0	0
0.7475	0.2225	1	0	0
0.7475	0.2275	1	0	0
0.7475	0.2325	1	0	0
0.7475	0.2375	1	0	0
0.7475	0.2425	1	0	0
0.7475	0.2475	1	0	0
0.7475	0.2525	1	0	0
0.7475	0.2575	1	0	0
0.7475	0.2625	1	0	0
0.7475	0.2675	1	0	0
0.7475	0.2725	1	0	0
0.7475	0.2775	1	0	0
0.7475	0.2825	1	0	0
0.7475	0.2875	1	0	0
0.7475	0.2925	1	0	0
0.7475	0.2975	1	0	0
0.7475	0.3025	1	0	0
0.7475	0.3075	1	0	0
0.7475	0.3125	1	0	0
0.7475	0.3175	1	0	0
0.7475	0.3225	1	0	0
0.7475	0.3275	1	0	0
0.7475	0.3325	1	0	0
0.7475	0.3375	1	0	0
0.7475	0.3425	1	0	0
0.7475	0.3475	1	0	0
0.7475	0.3525	1	0	0
0.7475	0.3575	1	0	0
0.7475	0.3625	1	0	0
0.7475	0.3675	1	0	0
0.7475	0.3725	1	0	0
0.7475	0.3775	1	0	0
0.7475	0.3825	1	0	0
0.7475	0.3875	1	0	0
0.7475	0.3925	1	0	0
0.7475	0.3975	1	0	0
0.7475	0.4025	1	0	0
0.7475	0.4075	1	0	0
0.7475	0.4125	1	0	0
0.7475	0.4175	1	0	0
0.7475	0.4225	1	0	0
0.7475	0.4275	1	0	0
0.7475	0.4325	1	0	0
0.7475	0.4375	1	0	0
0.7475	0.4425	1	0	0
0.7475	0.4475	1	0	0
0.7475	0.4525	1	0	0
0.7475	0.4575	1	0	0
0.7475	0.4625	1	0	0
0.7475	0.4675	1	0	0
0.7475	0.4725	1	0	0
0.7475	0.4775	1	0	0
0.7475	0.4825	1	0	0
0.7475	0.4875	1	0	0
0.7475	0.4925	1	0	0
0.7475	0.4975	1	0	0
0.7475	0.5025	1	0	0
0.7475	0.5075	1	0	0
0.7475	0.5125	1	0	0
0.7475	0.5175	1	0	0
0.7475	0.5225	1	0	0
0.7475	0.5275	1	0	0
0.7475	0.5325	1	0	0
0.7475	0.5375	1	0	0
0.7475	0.5425	1	0	0
0.7475	0.5475	1	0	0
0.7475	0.5525	1	0	0
0.7475	0.5575	1	0	0
0.7475	0.5625	1	0	0
0.7475	0.5675	1	0	0
0.7475	0.5725	1	0	0
0.7475	0.5775	1	0	0
0.7475	0.5825	1	0	0
0.7475	0.5875	1	0	0
0.7475	0.5925	1	0	0
0.7475	0.5975	1	0	0
0.7475	0.6025	1	0	0
0.7475	0.6075	1	0	0
0.7475	0.6125	1	0	0
0.7475	0.6175	1	0	0
0.7475	0.6225	1	0	0
0.7475	0.6275	1	0	0
0.7475	0.6325	1	0	0
0.7475	0.6375	1	0	0
0.7475	0.6425	1	0	0
0.7475	0.6475	1	0	0
0.7475	0.6525	1	0	0
0.7475	0.6575	1	0	0
0.7475	0.6625	1	0	0
0.7475	0.6675	1	0	0
0.7475	0.6725	1	0	0
0.7475	0.6775	1	0	0
0.7475	0.6825	1	0	0
0.7475	0.6875	1	0	0
0.7475	0.6925	1	0	0
0.7475	0.6975	1	0	0
0.7475	0.7025	1	0	0
0.7475	0.7075	1	0	0
0.7475	0.7125	1	0	0
0.7475	0.7175	1	0	0
0.7475	0.7225	1	0	0
0.7475	0.7275	1	0	0
0.7475	0.7325	1	0	0
0.7475	0.7375	1	0	0
0.7475	0.7425	1	0	0
0.7475	0.7475	1	0	0
0.7475	0.7525	1	0	0
0.7475	0.7575	1	0	0
0.7475	0.7625	1	0	0
0.7475	0.7675	1	0	0
0.7475	0.7725	1	0	0
0.7475	0.7775	1	0	0
0.7475	0.7825	1	0	0
0.7475	0.7875	1	0	0
0.7475	0.7925	1	0	0
0.7475	0.7975	1	0	0
0.7475	0.8025	1	0	0
0.7475	0.8075	1	0	0
0.7475	0.8125	1	0	0
0.7475	0.8175	1	0	0
0.7475	0.8225	1	0	0
0.7475	0.8275	1	0	0
0.7475	0.8325	1	0	0
0.7475	0.8375	1	0	0
0.7475	0.8425	1	0	0
0.7475	0.8475	1	0	0
0.7475	0.8525	1	0	0
0.7475	0.8575	1	0	0
0.7475	0.8625	1	0	0
0.7475	0.8675	1	0	0
0.7475	0.8725	1	0	0
0.7475	0.8775	1	0	0
0.7475	0.8825	1	0	0
0.7475	0.8875	1	0	0
0.7475	0.8925	1	0	0
0.7475	0.8975	1	0	0
0.7475	0.9025	1	0	0
0.7475	0.9075	1	0	0
0.7475	0.9125	1	0	0
0.7475	0.9175	1	0	0
0.7475	0.9225	1	0	0
0.7475	0.9275	1	0	0
0.7475	0.9325	1	0	0
0.7475	0.9375	1	0	0
0.7475	0.9425	1	0	0
0.7475	0.9475	1	0	0
0.7475	0.9525	1	0	0
0.7475	0.9575	1	0	0
0.7475	0.9625	1	0	0
0.7475	0.9675	1	0	0
0.7475	0.9725	1	0	0
0.7475	0.9775	1	0	0
0.7475	0.9825	1	0	0
0.7475	0.9875	1	0	0
0.7475	0.9925	1	0	0
0.7475	0.9975	1	0	0
0.7475	1.0025	1	0	0
0.7525	0.0075	1	0	0
0.7525	0.0125	1	0	0
0.7525	0.0175	1	0	0
0.7525	0.0225	1	0	0
0.7525	0.0275	1	0	0
0.7525	0.0325	1	0	0
0.7525	0.0375	1	0	0
0.7525	0.0425	1	0	0
0.7525	0.0475	1	0	0
0.7525	0.0525	1	0	0
0.7525	0.0575	1	0	0
0.7525	0.0625	1	0	0
0.7525	0.0675	1	0	0
0.7525	0.0725	1	0	0
0.7525	0.0775	1	0	0
0.7525	0.0825	1	0	0
0.7525	0.0875	1	0	0
0.7525	0.0925	1	0	0
0.7525	0.0975	1	0	0
0.7525	0.1025	1	0	0
0.7525	0.1075	1	0	0
0.7525	0.1125	1	0	0
0.7525	0.1175	1	0	0
0.7525	0.1225	1	0	0
0.7525	0.1275	1	0	0
0.7525	0.1325	1	0	0
0.7525	0.1375	1	0	0
0.7525	0.1425	1	0	0
0.7525	0.1475	1	0	0
0.7525	0.1525	1	0	0
0.7525	0.1575	1	0	0
0.7525	0.1625	1	0	0
0.7525	0.1675	1	0	0
0.7525	0.1725	1	0	0
0.7525	0.1775	1	0	0
0.7525	0.1825	1	0	0
0.7525	0.1875	1	0	0
0.7525	0.1925	1	0	0
0.7525	0.1975	1	0	0
0.7525	0.2025	1	0	0
0.7525	0.2075	1	0	0
0.7525	0.2125	1	0	0
0.7525	0.2175	1	0	0
0.7525	0.2225	1	0	0
0.7525	0.2275	1	0	0
0.7525	0.2325	1	0	0
0.7525	0.2375	1	0	0
0.7525	0.2425	1	0	0
0.7525	0.2475	1	0	0
0.7525	0.2525	1	0	0
0.7525	0.2575	1	0	0
0.7525	0.2625	1	0	0
0.7525	0.2675	1	0	0
0.7525	0.2725	1	0	0
0.7525	0.2775	1	0	0
0.7525	0.2825	1	0	0
0.7525	0.2875	1	0	0
0.7525	0.2925	1	0	0
0.7525	0.2975	1	0	0
0.7525	0.3025	1	0	0
0.7525	0.3075	1	0	0
0.7525	0.3125	1	0	0
0.7525	0.3175	1	0	0
0.7525	0.3225	1	0	0
0.7525	0.3275	1	0	0
0.7525	0.3325	1	0	0
0.7525	0.3375	1	0	0
0.7525	0.3425	1	0	0
0.7525	0.3475	1	0	0
0.7525	0.3525	1	0	0
0.7525	0.3575	1	0	0
0.7525	0.3625	1	0	0
0.7525	0.3675	1	0	0
0.7525	0.3725	1	0	0
0.7525	0.3775	1	0	0
0.7525	0.3825	1	0	0
0.7525	0.3875	1	0	0
0.7525	0.3925	1	0	0
0.7525	0.3975	1	0	0
0.7525	0.4025	1	0	0
0.7525	0.4075	1	0	0
0.7525	0.4125	1	0	0
0.7525	0.4175	1	0	0
0.7525	0.4225	1	0	0
0.7525	0.4275	1	0	0
0.7525	0.4325	1	0	0
0.7525	0.4375	1	0	0
0.7525	0.4425	1	0	0
0.7525	0.4475	1	0	0
0.7525	0.4525	1	0	0
0.7525	0.4575	1	0	0
0.7525	0.4625	1	0	0
0.7525	0.4675	1	0	0
0.7525	0.4725	1	0	0
0.7525	0.4775	1	0	0
0.7525	0.4825	1	0	0
0.7525	0.4875	1	0	0
0.7525	0.4925	1	0	0
0.7525	0.4975	1	0	0
0.7525	0.5025	1	0	0
0.7525	0.5075	1	0	0
0.7525	0.5125	1	0	0
0.7525	0.5175	1	0	0
0.7525	0.5225	1	0	0
0.7525	0.5275	1	0	0
0.7525	0.5325	1	0	0
0.7525	0.5375	1	0	0
0.7525	0.5425	1	0	0
0.7525	0.5475	1	0	0
0.7525	0.5525	1	0	0
0.7525	0.5575	1	0	0
0.7525	0.5625	1	0	0
0.7525	0.5675	1	0	0
0.7525	0.5725	1	0	0
0.7525	0.5775	1	0	0
0.7525	0.5825	1	0	0
0.7525	0.5875	1	0	0
0.7525	0.5925	1	0	0
0.7525	0.5975	1	0	0
0.7525	0.6025	1	0	0
0.7525	0.6075	1	0	0
0.7525	0.6125	1	0	0
0.7525	0.6175	1	0	0
0.7525	0.6225	1	0	0
0.7525	0.6275	1	0	0
0.7525	0.6325	1	0	0
0.7525	0.6375	1	0	0
0.7525	0.6425	1	0	0
0.7525	0.6475	1	0	0
0.7525	0.6525	1	0	0
0.7525	0.6575	1	0	0
0.7525	0.6625	1	0	0
0.7525	0.6675	1	0	0
0.7525	0.6725	1	0	0
0.7525	0.6775	1	0	0
0.7525	0.6825	1	0	0
0.7525	0.6875	1	0	0
0.7525	0.6925	1	0	0
0.7525	0.6975	1	0	0
0.7525	0.7025	1	0	0
0.7525	0.7075	1	0	0
0.7525	0.7125	1	0	0
0.7525	0.7175	1	0	0
0.7525	0.7225	1	0	0
0.7525	0.7275	1	0	0
0.7525	0.7325	1	0	0
0.7525	0.7375	1	0	0
0.7525	0.7425	1	0	0
0.7525	0.7475	1	0	0
0.7525	0.7525	1	0	0
0.7525	0.7575	1	0	0
0.7525	0.7625	1	0	0
0.7525	0.7675	1	0	0
0.7525	0.7725	1	0	0
0.7525	0.7775	1	0	0
0.7525	0.7825	1	0	0
0.7525	0.7875	1	0	0
0.7525	0.7925	1	0	0
0.7525	0.7975	1	0	0
0.7525	0.8025	1	0	0
0.7525	0.8075	1	0	0
0.7525	0.8125	1	0	0
0.7525	0.8175	1	0	0
0.7525	0.8225	1	0	0
0.7525	0.8275	1	0	0
0.7525	0.8325	1	0	0
0.7525	0.8375	1	0	0
0.7525	0.8425	1	0	0
0.7525	0.8475	1	0	0
0.7525	0.8525	1	0	0
0.7525	0.8575	1	0	0
0.7525	0.8625	1	0	0
0.7525	0.8675	1	0	0
0.7525	0.8725	1	0	0
0.7525	0.8775	1	0	0
0.7525	0.8825	1	0	0
0.7525	0.8875	1	0	0
0.7525	0.8925	1	0	0
0.7525	0.8975	1	0	0
0.7525	0.9025	1	0	0
0.7525	0.9075	1	0	0
0.7525	0.9125	1	0	0
0.7525	0.9175	1	0	0
0.7525	0.9225	1	0	0
0.7525	0.9275	1	0	0
0.7525	0.9325	1	0	0
0.7525	0.9375	1	0	0
0.7525	0.9425	1	0	0
0.7525	0.9475	1	0	0
0.7525	0.9525	1	0	0
0.7525	0.9575	1	0	0
0.7525	0.9625	1	0	0
0.7525	0.9675	1	0	0
0.7525	0.9725	1	0	0
0.7525	0.9775	1	0	0
0.7525	0.9825	1	0	0
0.7525	0.9875	1	0	0
0.7525	0.9925	1	0	0
0.7525	0.9975	1	0	0
0.7525	1.0025	1	0	0
0.7575	0.0075	1	0	0
0.7575	0.0125	1	0	0
0.7575	0.0175	1	0	0
0.7575	0.0225	1	0	0
0.7575	0.0275	1	0	0
0.7575	0.0325	1	0	0
0.7575	0.0375	1	0	0
0.7575	0.0425	1	0	0
0.7575	0.0475	1	0	0
0.7575	0.0525	1	0	0
0.7575	0.0575	1	0	0
0.7575	0.0625	1	0	0
0.7575	0.0675	1	0	0
0.7575	0.0725	1	0	0
0.7575	0.0775	1	0	0
0.7575	0.0825	1	0	0
0.7575	0.0875	1	0	0
0.7575	0.0925	1	0	0
0.7575	0.0975	1	0	0
0.7575	0.1025	1	0	0
0.7575	0.1075	1	0	0
0.7575	0.1125	1	0	0
0.7575	0.1175	1	0	0
0.7575	0.1225	1	0	0
0.7575	0.1275	1	0	0
0.7575	0.1325	1	0	0
0.7575	0.1375	1	0	0
0.7575	0.1425	1	0	0
0.7575	0.1475	1	0	0
0.7575	0.1525	1	0	0
0.7575	0.1575	1	0	0
0.7575	0.1625	1	0	0
0.7575	0.1675	1	0	0
0.7575	0.1725	1	0	0
0.7575	0.1775	1	0	0
0.7575	0.1825	1	0	0
0.7575	0.1875	1	0	0
0.7575	0.1925	1	0	0
0.7575	0.1975	1	0	0
0.7575	0.2025	1	0	0
0.7575	0.2075	1	0	0
0.7575	0.2125	1	0	0
0.7575	0.2175	1	0	0
0.7575	0.2225	1	0	0
0.7575	0.2275	1	0	0
0.7575	0.2325	1	0	0
0.7575	0.2375	1	0	0
0.7575	0.2425	1	0	0
0.7575	0.2475	1	0	0
0.7575	0.2525	1	0	0
0.7575	0.2575	1	0	0
0.7575	0.2625	1	0	0
0.7575	0.2675	1	0	0
0.7575	0.2725	1	0	0
0.7575	0.2775	1	0	0
0.7575	0.2825	1	0	0
0.7575	0.2875	1	0	0
0.7575	0.2925	1	0	0
0.7575	0.2975	1	0	0
0.7575	0.3025	1	0	0
0.7575	0.3075	1	0	0
0.7575	0.3125	1	0	0
0.7575	0.3175	1	0	0
0.7575	0.3225	1	0	0
0.7575	0.3275	1	0	0
0.7575	0.3325	1	0	0
0.7575	0.3375	1	0	0
0.7575	0.3425	1	0	0
0.7575	0.3475	1	0	0
0.7575	0.3525	1	0	0
0.7575	0.3575	1	0	0
0.7575	0.3625	1	0	0
0.7575	0.3675	1	0	0
0.7575	0.3725	1	0	0
0.7575	0.3775	1	0	0
0.7575	0.3825	1	0	0
0.7575	0.3875	1	0	0
0.7575	0.3925	1	0	0
0.7575	0.3975	1	0	0
0.7575	0.4025	1	0	0
0.7575	0.4075	1	0	0
0.7575	0.4125	1	0	0
0.7575	0.4175	1	0	0
0.7575	0.4225	1	0	0
0.7575	0.4275	1	0	0
0.7575	0.4325	1	0	0
0.7575	0.4375	1	0	0
0.7575	0.4425	1	0	0
0.7575	0.4475	1	0	0
0.7575	0.4525	1	0	0
0.7575	0.4575	1	0	0
0.7575	0.4625	1	0	0
0.7575	0.4675	1	0	0
0.7575	0.4725	1	0	0
0.7575	0.4775	1	0	0
0.7575	0.4825	1	0	0
0.7575	0.4875	1	0	0
0.7575	0.4925	1	0	0
0.7575	0.4975	1	0	0
0.7575	0.5025	1	0	0
0.7575	0.5075	1	0	0
0.7575	0.5125	1	0	0
0.7575	0.5175	1	0	0
0.7575	0.5225	1	0	0
0.7575	0.5275	1	0	0
0.7575	0.5325	1	0	0
0.7575	0.5375	1	0	0
0.7575	0.5425	1	0	0
0.7575	0.5475	1	0	0
0.7575	0.5525	1	0	0
0.7575	0.5575	1	0	0
0.7575	0.5625	1	0	0
0.7575	0.5675	1	0	0
0.7575	0.5725	1	0	0
0.7575	0.5775	1	0	0
0.7575	0.5825	1	0	0
0.7575	0.5875	1	0	0
0.7575	0.5925	1	0	0
0.7575	0.5975	1	0	0
0.7575	0.6025	1	0	0
0.7575	0.6075	1	0	0
0.7575	0.6125	1	0	0
0.7575	0.6175	1	0	0
0.7575	0.6225	1	0	0
0.7575	0.6275	1	0	0
0.7575	0.6325	1	0	0
0.7575	0.6375	1	0	0
0.7575	0.6425	1	0	0
0.7575	0.6475	1	0	0
0.7575	0.6525	1	0	0
0.7575	0.6575	1	0	0
0.7575	0.6625	1	0	0
0.7575	0.6675	1	0	0
0.7575	0.6725	1	0	0
0.7575	0.6775	1	0	0
0.7575	0.6825	1	0	0
0.7575	0.6875	1	0	0
0.7575	0.6925	1	0	0
0.7575	0.6975	1	0	0
0.7575	0.7025	1	0	0
0.7575	0.7075	1	0	0
0.7575	0.7125	1	0	0
0.7575	0.7175	1	0	0
0.7575	0.7225	1	0	0
0.7575	0.7275	1	0	0
0.7575	0.7325	1	0	0
0.7575	0.7375	1	0	0
0.7575	0.7425	1	0	0
0.7575	0.7475	1	0	0
0.7575	0.7525	1	0	0
0.7575	0.7575	1	0	0
0.7575	0.7625	1	0	0
0.7575	0.7675	1	0	0
0.7575	0.7725	1	0	0
0.7575	0.7775	1	0	0
0.7575	0.7825	1	0	0
0.7575	0.7875	1	0	0
0.7575	0.7925	1	0	0
0.7575	0.7975	1	0	0
0.7575	0.8025	1	0	0
0.7575	0.8075	1	0	0
0.7575	0.8125	1	0	0
0.7575	0.8175	1	0	0
0.7575	0.8225	1	0	0
0.7575	0.8275	1	0	0
0.7575	0.8325	1	0	0
0.7575	0.8375	1	0	0
0.7575	0.8425	1	0	0
0.7575	0.8475	1	0	0
0.7575	0.8525	1	0	0
0.7575	0.8575	1	0	0
0.7575	0.8625	1	0	0
0.7575	0.8675	1	0	0
0.7575	0.8725	1	0	0
0.7575	0.8775	1	0	0
0.7575	0.8825	1	0	0
0.7575	0.8875	1	0	0
0.7575	0.8925	1	0	0
0.7575	0.8975	1	0	0
0.7575	0.9025	1	0	0
0.7575	0.9075	1	0	0
0.7575	0.9125	1	0	0
0.7575	0.9175	1	0	0
0.7575	0.9225	1	0	0
0.7575	0.9275	1	0	0
0.7575	0.9325	1	0	0
0.7575	0.9375	1	0	0
0.7575	0.9425	1	0	0
0.7575	0.9475	1	0	0
0.7575	0.9525	1	0	0
0.7575	0.9575	1	0	0
0.7575	0.9625	1	0	0
0.7575	0.9675	1	0	0
0.7575	0.9725	1	0	0
0.7575	0.9775	1	0	0
0.7575	0.9825	1	0	0
0.7575	0.9875	1	0	0
0.7575	0.9925	1	0	0
0.7575	0.9975	1	0	0
0.7575	1.0025	1	0	0
0.7625	0.0075	1	0	0
0.7625	0.0125	1	0	0
0.7625	0.0175	1	0	0
0.7625	0.0225	1	0	0
0.7625	0.0275	1	0	0
0.7625	0.0325	1	0	0
0.7625	0.0375	1	0	0
0.7625	0.0425	1	0	0
0.7625	0.0475	1	0	0
0.7625	0.0525	1	0	0
0.7625	0.0575	1	0	0
0.7625	0.0625	1	0	0
0.7625	0.0675	1	0	0
0.7625	0.0725	1	0	0
0.7625	0.0775	1	0	0
0.7625	0.0825	1	0	0
0.7625	0.0875	1	0	0
0.7625	0.0925	1	0	0
0.7625	0.0975	1	0	0
0.7625	0.1025	1	0	0
0.7625	0.1075	1	0	0
0.7625	0.1125	1	0	0
0.7625	0.1175	1	0	0
0.7625	0.1225	1	0	0
0.7625	0.1275	1	0	0
0.7625	0.1325	1	0	0
0.7625	0.1375	1	0	0
0.7625	0.1425	1	0	0
0.7625	0.1475	1	0	0
0.7625	0.1525	1	0	0
0.7625	0.1575	1	0	0
0.7625	0.1625	1	0	0
0.7625	0.1675	1	0	0
0.7625	0.1725	1	0	0
0.7625	0.1775	1	0	0
0.7625	0.1825	1	0	0
0.7625	0.1875	1	0	0
0.7625	0.1925	1	0	0
0.7625	0.1975	1	0	0
0.7625	0.2025	1	0	0
0.7625	0.2075	1	0	0
0.7625	0.2125	1	0	0
0.7625	0.2175	1	0	0
0.7625	0.2225	1	0	0
0.7625	0.2275	1	0	0
0.7625	0.2325	1	0	0
0.7625	0.2375	1	0	0
0.7625	0.2425	1	0	0
0.7625	0.2475	1	0	0
0.7625	0.2525	1	0	0
0.7625	0.2575	1	0	0
0.7625	0.2625	1	0	0
0.7625	0.2675	1	0	0
0.7625	0.2725	1	0	0
0.7625	0.2775	1	0	0
0.7625	0.2825	1	0	0
0.7625	0.2875	1	0	0
0.7625	0.2925	1	0	0
0.7625	0.2975	1	0	0
0.7625	0.3025	1	0	0
0.7625	0.3075	1	0	0
0.7625	0.3125	1	0	0
0.7625	0.3175	1	0	0
0.7625	0.3225	1	0	0
0.7625	0.3275	1	0	0
0.7625	0.3325	1	0	0
0.7625	0.3375	1	0	0
0.7625	0.3425	1	0	0
0.7625	0.3475	1	0	0
0.7625	0.3525	1	0	0
0.7625	0.3575	1	0	0
0.7625	0.3625	1	0	0
0.7625	0.3675	1	0	0
0.7625	0.3725	1	0	0
0.7625	0.3775	1	0	0
0.7625	0.3825	1	0	0
0.7625	0.3875	1	0	0
0.7625	0.3925	1	0	0
0.7625	0.3975	1	0	0
0.7625	0.4025	1	0	0
0.7625	0.4075	1	0	0
0.7625	0.4125	1	0	0
0.7625	0.4175	1	0	0
0.7625	0.4225	1	0	0
0.7625	0.4275	1	0	0
0.7625	0.4325	1	0	0
0.7625	0.4375	1	0	0
0.7625	0.4425	1	0	0
0.7625	0.4475	1	0	0
0.7625	0.4525	1	0	0
0.7625	0.4575	1	0	0
0.7625	0.4625	1	0	0
0.7625	0.4675	1	0	0
0.7625	0.4725	1	0	0
0.7625	0.4775	1	0	0
0.7625	0.4825	1	0	0
0.7625	0.4875	1	0	0
0.7625	0.4925	1	0	0
0.7625	0.4975	1	0	0
0.7625	0.5025	1	0	0
0.7625	0.5075	1	0	0
0.7625	0.5125	1	0	0
0.7625	0.5175	1	0	0
0.7625	0.5225	1	0	0
0.7625	0.5275	1	0	0
0.7625	0.5325	1	0	0
0.7625	0.5375	1	0	0
0.7625	0.5425	1	0	0
0.7625	0.5475	1	0	0
0.7625	0.5525	1	0	0
0.7625	0.5575	1	0	0
0.7625	0.5625	1	0	0
0.7625	0.5675	1	0	0
0.7625	0.5725	1	0	0
0.7625	0.5775	1	0	0
0.7625	0.5825	1	0	0
0.7625	0.5875	1	0	0
0.7625	0.5925	1	0	0
0.7625	0.5975	1	0	0
0.7625	0.6025	1	0	0
0.7625	0.6075	1	0	0
0.7625	0.6125	1	0	0
0.7625	0.6175	1	0	0
0.7625	0.6225	1	0	0
0.7625	0.6275	1	0	0
0.7625	0.6325	1	0	0
0.7625	0.6375	1	0	0
0.7625	0.6425	1	0	0
0.7625	0.6475	1	0	0
0.7625	0.6525	1	0	0
0.7625	0.6575	1	0	0
0.7625	0.6625	1	0	0
0.7625	0.6675	1	0	0
0.7625	0.6725	1	0	0
0.7625	0.6775	1	0	0
0.7625	0.6825	1	0	0
0.7625	0.6875	1	0	0
0.7625	0.6925	1	0	0
0.7625	0.6975	1	0	0
0.7625	0.7025	1	0	0
0.7625	0.7075	1	0	0
0.7625	0.7125	1	0	0
0.7625	0.7175	1	0	0
0.7625	0.7225	1	0	0
0.7625	0.7275	1	0	0
0.7625	0.7325	1	0	0
0.7625	0.7375	1	0	0
0.7625	0.7425	1	0	0
0.7625	0.7475	1	0	0
0.7625	0.7525	1	0	0
0.7625	0.7575	1	0	0
0.7625	0.7625	1	0	0
0.7625	0.7675	1	0	0
0.7625	0.7725	1	0	0
0.7625	0.7775	1	0	0
0.7625	0.7825	1	0	0
0.7625	0.7875	1	0	0
0.7625	0.7925	1	0	0
0.7625	0.7975	1	0	0
0.7625	0.8025	1	0	0
0.7625	0.8075	1	0	0
0.7625	0.8125	1	0	0
0.7625	0.8175	1	0	0
0.7625	0.8225	1	0	0
0.7625	0.8275	1	0	0
0.7625	0.8325	1	0	0
0.7625	0.8375	1	0	0
0.7625	0.8425	1	0	0
0.7625	0.8475	1	0	0
0.7625	0.8525	1	0	0
0.7625	0.8575	1	0	0
0.7625	0.8625	1	0	0
0.7625	0.8675	1	0	0
0.7625	0.8725	1	0	0
0.7625	0.8775	1	0	0
0.7625	0.8825	1	0	0
0.7625	0.8875	1	0	0
0.7625	0.8925	1	0	0
0.7625	0.8975	1	0	0
0.7625	0.9025	1	0	0
0.7625	0.9075	1	0	0
0.7625	0.9125	1	0	0
0.7625	0.9175	1	0	0
0.7625	0.9225	1	0	0
0.7625	0.9275	1	0	0
0.7625	0.9325	1	0	0
0.7625	0.9375	1	0	0
0.7625	0.9425	1	0	0
0.7625	0.9475	1	0	0
0.7625	0.9525	1	0	0
0.7625	0.9575	1	0	0
0.7625	0.9625	1	0	0
0.7625	0.9675	1	0	0
0.7625	0.9725	1	0	0
0.7625	0.9775	1	0	0
0.7625	0.9825	1	0	0
0.7625	0.9875	1	0	0
0.7625	0.9925	1	0	0
0.7625	0.9975	1	0	0
0.7625	1.0025	1	0	0
0.7675	0.0075	1	0	0
0.7675	0.0125	1	0	0
0.7675	0.0175	1	0	0
0.7675	0.0225	1	0	0
0.7675	0.0275	1	0	0
0.7675	0.0325	1	0	0
0.7675	0.0375	1	0	0
0.7675	0.0425	1	0	0
0.7675	0.0475	1	0	0
0.7675	0.0525	1	0	0
0.7675	0.0575	1	0	0
0.7675	0.0625	1	0	0
0.7675	0.0675	1	0	0
0.7675	0.0725	1	0	0
0.7675	0.0775	1	0	0
0.7675	0.0825	1	0	0
0.7675	0.0875	1	0	0
0.7675	0.0925	1	0	0
0.7675	0.0975	1	0	0
0.7675	0.1025	1	0	0
0.7675	0.1075	1	0	0
0.7675	0.1125	1	0	0
0.7675	0.1175	1	0	0
0.7675	0.1225	1	0	0
0.7675	0.1275	1	0	0
0.7675	0.1325	1	0	0
0.7675	0.1375	1	0	0
0.7675	0.1425	1	0	0
0.7675	0.1475	1	0	0
0.7675	0.1525	1	0	0
0.7675	0.1575	1	0	0
0.7675	0.1625	1	0	0
0.7675	0.1675	1	0	0
0.7675	0.1725	1	0	0
0.7675	0.1775	1	0	0
0.7675	0.1825	1	0	0
0.7675	0.1875	1	0	0
0.7675	0.1925	1	0	0
0.7675	0.1975	1	0	0
0.7675	0.2025	1	0	0
0.7675	0.2075	1	0	0
0.7675	0.2125	1	0	0
0.7675	0.2175	1	0	0
0.7675	0.2225	1	0	0
0.7675	0.2275	1	0	0
0.7675	0.2325	1	0	0
0.7675	0.2375	1	0	0
0.7675	0.2425	1	0	0
0.7675	0.2475	1	0	0
0.7675	0.2525	1	0	0
0.7675	0.2575	1	0	0
0.7675	0.2625	1	0	0
0.7675	0.2675	1	0	0
0.7675	0.2725	1	0	0
0.7675	0.2775	1	0	0
0.7675	0.2825	1	0	0
0.7675	0.2875	1	0	0
0.7675	0.2925	1	0	0
0.7675	0.2975	1	0	0
0.7675	0.3025	1	0	0
0.7675	0.3075	1	0	0
0.7675	0.3125	1	0	0
0.7675	0.3175	1	0	0
0.7675	0.3225	1	0	0
0.7675	0.3275	1	0	0
0.7675	0.3325	1	0	0
0.7675	0.3375	1	0	0
0.7675	0.3425	1	0	0
0.7675	0.3475	1	0	0
0.7675	0.3525	1	0	0
0.7675	0.3575	1	0	0
0.7675	0.3625	1	0	0
0.7675	0.3675	1	0	0
0.7675	0.3725	1	0	0
0.7675	0.3775	1	0	0
0.7675	0.3825	1	0	0
0.7675	0.3875	1	0	0
0.7675	0.3925	1	0	0
0.7675	0.3975	1	0	0
0.7675	0.4025	1	0	0
0.7675	0.4075	1	0	0
0.7675	0.4125	1	0	0
0.7675	0.4175	1	0	0
0.7675	0.4225	1	0	0
0.7675	0.4275	1	0	0
0.7675	0.4325	1	0	0
0.7675	0.4375	1	0	0
0.7675	0.4425	1	0	0
0.7675	0.4475	1	0	0
0.7675	0.4525	1	0	0
0.7675	0.4575	1	0	0
0.7675	0.4625	1	0	0
0.7675	0.4675	1	0	0
0.7675	0.4725	1	0	0
0.7675	0.4775	1	0	0
0.7675	0.4825	1	0	0
0.7675	0.4875	1	0	0
0.7675	0.4925	1	0	0
0.7675	0.4975	1	0	0
0.7675	0.5025	1	0	0
0.7675	0.5075	1	0	0
0.7675	0.5125	1	0	0
0.7675	0.5175	1	0	0
0.7675	0.5225	1	0	0
0.7675	0.5275	1	0	0
0.7675	0.5325	1	0	0
0.7675	0.5375	1	0	0
0.7675	0.5425	1	0	0
0.7675	0.5475	1	0	0
0.7675	0.5525	1	0	0
0.7675	0.5575	1	0	0
0.7675	0.5625	1	0	0
0.7675	0.5675	1	0	0
0.7675	0.5725	1	0	0
0.7675	0.5775	1	0	0
0.7675	0.5825	1	0	0
0.7675	0.5875	1	0	0
0.7675	0.5925	1	0	0
0.7675	0.5975	1	0	0
0.7675	0.6025	1	0	0
0.7675	0.6075	1	0	0
0.7675	0.6125	1	0	0
0.7675	0.6175	1	0	0
0.7675	0.6225	1	0	0
0.7675	0.6275	1	0	0
0.7675	0.6325	1	0	0
0.7675	0.6375	1	0	0
0.7675	0.6425	1	0	0
0.7675	0.6475	1	0	0
0.7675	0.6525	1	0	0
0.7675	0.6575	1	0	0
0.7675	0.6625	1	0	0
0.7675	0.6675	1	0	0
0.7675	0.6725	1	0	0
0.7675	0.6775	1	0	0
0.7675	0.6825	1	0	0
0.7675	0.6875	1	0	0
0.7675	0.6925	1	0	0
0.7675	0.6975	1	0	0
0.7675	0.7025	1	0	0
0.7675	0.7075	1	0	0
0.7675	0.7125	1	0	0
0.7675	0.7175	1	0	0
0.7675	0.7225	1	0	0
0.7675	0.7275	1	0	0
0.7675	0.7325	1	0	0
0.7675	0.7375	1	0	0
0.7675	0.7425	1	0	0
0.7675	0.7475	1	0	0
0.7675	0.7525	1	0	0
0.7675	0.7575	1	0	0
0.7675	0.7625	1	0	0
0.7675	0.7675	1	0	0
0.7675	0.7725	1	0	0
0.7675	0.7775	1	0	0
0.7675	0.7825	1	0	0
0.7675	0.7875	1	0	0
0.7675	0.7925	1	0	0
0.7675	0.7975	1	0	0
0.7675	0.8025	1	0	0
0.7675	0.8075	1	0	0
0.7675	0.8125	1	0	0
0.7675	0.8175	1	0	0
0.7675	0.8225	1	0	0
0.7675	0.8275	1	0	0
0.7675	0.8325	1	0	0
0.7675	0.8375	1	0	0
0.7675	0.8425	1	0	0
0.7675	0.8475	1	0	0
0.7675	0.8525	1	0	0
0.7675	0.8575	1	0	0
0.7675	0.8625	1	0	0
0.7675	0.8675	1	0	0
0.7675	0.8725	1	0	0
0.7675	0.8775	1	0	0
0.7675	0.8825	1	0	0
0.7675	0.8875	1	0	0
0.7675	0.8925	1	0	0
0.7675	0.8975	1	0	0
0.7675	0.9025	1	0	0
0.7675	0.9075	1	0	0
0.7675	0.9125	1	0	0
0.7675	0.9175	1	0	0
0.7675	0.9225	1	0	0
0.7675	0.9275	1	0	0
0.7675	0.9325	1	0	0
0.7675	0.9375	1	0	0
0.7675	0.9425	1	0	0
0.7675	0.9475	1	0	0
0.7675	0.9525	1	0	0
0.7675	0.9575	1	0	0
0.7675	0.9625	1	0	0
0.7675	0.9675	1	0	0
0.7675	0.9725	1	0	0
0.7675	0.9775	1	0	0
0.7675	0.9825	1	0	0
0.7675	0.9875	1	0	0
0.7675	0.9925	1	0	0
0.7675	0.9975	1	0	0
0.7675	1.0025	1	0	0
0.7725	0.0075	1	0	0
0.7725	0.0125	1	0	0
0.7725	0.0175	1	0	0
0.7725	0.0225	1	0	0
0.7725	0.0275	1	0	0
0.7725	0.0325	1	0	0
0.7725	0.0375	1	0	0
0.7725	0.0425	1	0	0
0.7725	0.0475	1	0	0
0.7725	0.0525	1	0	0
0.7725	0.0575	1	0	0
0.7725	0.0625	1	0	0
0.7725	0.0675	1	0	0
0.7725	0.0725	1	0	0
0.7725	0.0775	1	0	0
0.7725	0.0825	1	0	0
0.7725	0.0875	1	0	0
0.7725	0.0925	1	0	0
0.7725	0.0975	1	0	0
0.7725	0.1025	1	0	0
0.7725	0.1075	1	0	0
0.7725	0.1125	1	0	0
0.7725	0.1175	1	0	0
0.7725	0.1225	1	0	0
0.7725	0.1275	1	0	0
0.7725	0.1325	1	0	0
0.7725	0.1375	1	0	0
0.7725	0.1425	1	0	0
0.7725	0.1475	1	0	0
0.7725	0.1525	1	0	0
0.7725	0.1575	1	0	0
0.7725	0.1625	1	0	0
0.7725	0.1675	1	0	0
0.7725	0.1725	1	0	0
0.7725	0.1775	1	0	0
0.7725	0.1825	1	0	0
0.7725	0.1875	1	0	0
0.7725	0.1925	1	0	0
0.7725	0.1975	1	0	0
0.7725	0.2025	1	0	0
0.7725	0.2075	1	0	0
0.7725	0.2125	1	0	0
0.7725	0.2175	1	0	0
0.7725	0.2225	1	0	0
0.7725	0.2275	1	0	0
0.7725	0.2325	1	0	0
0.7725	0.2375	1	0	0
0.7725	0.2425	1	0	0
0.7725	0.2475	1	0	0
0.7725	0.2525	1	0	0
0.7725	0.2575	1	0	0
0.7725	0.2625	1	0	0
0.7725	0.2675	1	0	0
0.7725	0.2725	1	0	0
0.7725	0.2775	1	0	0
0.7725	0.2825	1	0	0
0.7725	0.2875	1	0	0
0.7725	0.2925	1	0	0
0.7725	0.2975	1	0	0
0.7725	0.3025	1	0	0
0.7725	0.3075	1	0	0
0.7725	0.3125	1	0	0
0.7725	0.3175	1	0	0
0.7725	0.3225	1	0	0
0.7725	0.3275	1	0	0
0.7725	0.3325	1	0	0
0.7725	0.3375	1	0	0
0.7725	0.3425	1	0	0
0.7725	0.3475	1	0	0
0.7725	0.3525	1	0	0
0.7725	0.3575	1	0	0
0.7725	0.3625	1	0	0
0.7725	0.3675	1	0	0
0.7725	0.3725	1	0	0
0.7725	0.3775	1	0	0
0.7725	0.3825	1	0	0
0.7725	0.3875	1	0	0
0.7725	0.3925	1	0	0
0.7725	0.3975	1	0	0
0.7725	0.4025	1	0	0
0.7725	0.4075	1	0	0
0.7725	0.4125	1	0	0
0.7725	0.4175	1	0	0
0.7725	0.4225	1	0	0
0.7725	0.4275	1	0	0
0.7725	0.4325	1	0	0
0.7725	0.4375	1	0	0
0.7725	0.4425	1	0	0
0.7725	0.4475	1	0	0
0.7725	0.4525	1	0	0
0.7725	0.4575	1	0	0
0.7725	0.4625	1	0	0
0.7725	0.4675	1	0	0
0.7725	0.4725	1	0	0
0.7725	0.4775	1	0	0
0.7725	0.4825	1	0	0
0.7725	0.4875	1	0	0
0.7725	0.4925	1	0	0
0.7725	0.4975	1	0	0
0.7725	0.5025	1	0	0
0.7725	0.5075	1	0	0
0.7725	0.5125	1	0	0
0.7725	0.5175	1	0	0
0.7725	0.5225	1	0	0
0.7725	0.5275	1	0	0
0.7725	0.5325	1	0	0
0.7725	0.5375	1	0	0
0.7725	0.5425	1	0	0
0.7725	0.5475	1	0	0
0.7725	0.5525	1	0	0
0.7725	0.5575	1	0	0
0.7725	0.5625	1	0	0
0.7725	0.5675	1	0	0
0.7725	0.5725	1	0	0
0.7725	0.5775	1	0	0
0.7725	0.5825	1	0	0
0.7725	0.5875	1	0	0
0.7725	0.5925	1	0	0
0.7725	0.5975	1	0	0
0.7725	0.6025	1	0	0
0.7725	0.6075	1	0	0
0.7725	0.6125	1	0	0
0.7725	0.6175	1	0	0
0.7725	0.6225	1	0	0
0.7725	0.6275	1	0	0
0.7725	0.6325	1	0	0
0.7725	0.6375	1	0	0
0.7725	0.6425	1	0	0
0.7725	0.6475	1	0	0
0.7725	0.6525	1	0	0
0.7725	0.6575	1	0	0
0.7725	0.6625	1	0	0
0.7725	0.6675	1	0	0
0.7725	0.6725	1	0	0
0.7725	0.6775	1	0	0
0.7725	0.6825	1	0	0
0.7725	0.6875	1	0	0
0.7725	0.6925	1	0	0
0.7725	0.6975	1	0	0
0.7725	0.7025	1	0	0
0.7725	0.7075	1	0	0
0.7725	0.7125	1	0	0
0.7725	0.7175	1	0	0
0.7725	0.7225	1	0	0
0.7725	0.7275	1	0	0
0.7725	0.7325	1	0	0
0.7725	0.7375	1	0	0
0.7725	0.7425	1	0	0
0.7725	0.7475	1	0	0
0.7725	0.7525	1	0	0
0.7725	0.7575	1	0	0
0.7725	0.7625	1	0	0
0.7725	0.7675	1	0	0
0.7725	0.7725	1	0	0
0.7725	0.7775	1	0	0
0.7725	0.7825	1	0	0
0.7725	0.7875	1	0	0
0.7725	0.7925	1	0	0
0.7725	0.7975	1	0	0
0.7725	0.8025	1	0	0
0.7725	0.8075	1	0	0
0.7725	0.8125	1	0	0
0.7725	0.8175	1	0	0
0.7725	0.8225	1	0	0
0.7725	0.8275	1	0	0
0.7725	0.8325	1	0	0
0.7725	0.8375	1	0	0
0.7725	0.8425	1	0	0
0.7725	0.8475	1	0	0
0.7725	0.8525	1	0	0
0.7725	0.8575	1	0	0
0.7725	0.8625	1	0	0
0.7725	0.8675	1	0	0
0.7725	0.8725	1	0	0
0.7725	0.8775	1	0	0
0.7725	0.8825	1	0	0
0.7725	0.8875	1	0	0
0.7725	0.8925	1	0	0
0.7725	0.8975	1	0	0
0.7725	0.9025	1	0	0
0.7725	0.9075	1	0	0
0.7725	0.9125	1	0	0
0.7725	0.9175	1	0	0
0.7725	0.9225	1	0	0
0.7725	0.9275	1	0	0
0.7725	0.9325	1	0	0
0.7725	0.9375	1	0	0
0.7725	0.9425	1	0	0
0.7725	0.9475	1	0	0
0.7725	0.9525	1	0	0
0.7725	0.9575	1	0	0
0.7725	0.9625	1	0	0
0.7725	0.9675	1	0	0
0.7725	0.9725	1	0	0
0.7725	0.9775	1	0	0
0.7725	0.9825	1	0	0
0.7725	0.9875	1	0	0
0.7725	0.9925	1	0	0
0.7725	0.9975	1	0	0
0.7725	1.0025	1	0	0
0.7775	0.0075	1	0	0
0.7775	0.0125	1	0	0
0.7775	0.0175	1	0	0
0.7775	0.0225	1	0	0
0.7775	0.0275	1	0	0
0.7775	0.0325	1	0	0
0.7775	0.0375	1	0	0
0.7775	0.0425	1	0	0
0.7775	0.0475	1	0	0
0.7775	0.0525	1	0	0
0.7775	0.0575	1	0	0
0.7775	0.0625	1	0	0
0.7775	0.0675	1	0	0
0.7775	0.0725	1	0	0
0.7775	0.0775	1	0	0
0.7775	0.0825	1	0	0
0.7775	0.0875	1	0	0
0.7775	0.0925	1	0	0
0.7775	0.0975	1	0	0
0.7775	0.1025	1	0	0
0.7775	0.1075	1	0	0
0.7775	0.1125	1	0	0
0.7775	0.1175	1	0	0
0.7775	0.1225	1	0	0
0.7775	0.1275	1	0	0
0.7775	0.1325	1	0	0
0.7775	0.1375	1	0	0
0.7775	0.1425	1	0	0
0.7775	0.1475	1	0	0
0.7775	0.1525	1	0	0
0.7775	0.1575	1	0	0
0.7775	0.1625	1	0	0
0.7775	0.1675	1	0	0
0.7775	0.1725	1	0	0
0.7775	0.1775	1	0	0
0.7775	0.1825	1	0	0
0.7775	0.1875	1	0	0
0.7775	0.1925	1	0	0
0.7775	0.1975	1	0	0
0.7775	0.2025	1	0	0
0.7775	0.2075	1	0	0
0.7775	0.2125	1	0	0
0.7775	0.2175	1	0	0
0.7775	0.2225	1	0	0
0.7775	0.2275	1	0	0
0.7775	0.2325	1	0	0
0.7775	0.2375	1	0	0
0.7775	0.2425	1	0	0
0.7775	0.2475	1	0	0
0.7775	0.2525	1	0	0
0.7775	0.2575	1	0	0
0.7775	0.2625	1	0	0
0.7775	0.2675	1	0	0
0.7775	0.2725	1	0	0
0.7775	0.2775	1	0	0
0.7775	0.2825	1	0	0
0.7775	0.2875	1	0	0
0.7775	0.2925	1	0	0
0.7775	0.2975	1	0	0
0.7775	0.3025	1	0	0
0.7775	0.3075	1	0	0
0.7775	0.3125	1	0	0
0.7775	0.3175	1	0	0
0.7775	0.3225	1	0	0
0.7775	0.3275	1	0	0
0.7775	0.3325	1	0	0
0.7775	0.3375	1	0	0
0.7775	0.3425	1	0	0
0.7775	0.3475	1	0	0
0.7775	0.3525	1	0	0
0.7775	0.3575	1	0	0
0.7775	0.3625	1	0	0
0.7775	0.3675	1	0	0
0.7775	0.3725	1	0	0
0.7775	0.3775	1	0	0
0.7775	0.3825	1	0	0
0.7775	0.3875	1	0	0
0.7775	0.3925	1	0	0
0.7775	0.3975	1	0	0
0.7775	0.4025	1	0	0
0.7775	0.4075	1	0	0
0.7775	0.4125	1	0	0
0.7775	0.4175	1	0	0
0.7775	0.4225	1	0	0
0.7775	0.4275	1	0	0
0.7775	0.4325	1	0	0
0.7775	0.4375	1	0	0
0.7775	0.4425	1	0	0
0.7775	0.4475	1	0	0
0.7775	0.4525	1	0	0
0.7775	0.4575	1	0	0
0.7775	0.4625	1	0	0
0.7775	0.4675	1	0	0
0.7775	0.4725	1	0	0
0.7775	0.4775	1	0	0
0.7775	0.4825	1	0	0
0.7775	0.4875	1	0	0
0.7775	0.4925	1	0	0
0.7775	0.4975	1	0	0
0.7775	0.5025	1	0	0
0.7775	0.5075	1	0	0
0.7775	0.5125	1	0	0
0.7775	0.5175	1	0	0
0.7775	0.5225	1	0	0
0.7775	0.5275	1	0	0
0.7775	0.5325	1	0	0
0.7775	0.5375	1	0	0
0.7775	0.5425	1	0	0
0.7775	0.5475	1	0	0
0.7775	0.5525	1	0	0
0.7775	0.5575	1	0	0
0.7775	0.5625	1	0	0
0.7775	0.5675	1	0	0
0.7775	0.5725	1	0	0
0.7775	0.5775	1	0	0
0.7775	0.5825	1	0	0
0.7775	0.5875	1	0	0
0.7775	0.5925	1	0	0
0.7775	0.5975	1	0	0
0.7775	0.6025	1	0	0
0.7775	0.6075	1	0	0
0.7775	0.6125	1	0	0
0.7775	0.6175	1	0	0
0.7775	0.6225	1	0	0
0.7775	0.6275	1	0	0
0.7775	0.6325	1	0	0
0.7775	0.6375	1	0	0
0.7775	0.6425	1	0	0
0.7775	0.6475	1	0	0
0.7775	0.6525	1	0	0
0.7775	0.6575	1	0	0
0.7775	0.6625	1	0	0
0.7775	0.6675	1	0	0
0.7775	0.6725	1	0	0
0.7775	0.6775	1	0	0
0.7775	0.6825	1	0	0
0.7775	0.6875	1	0	0
0.7775	0.6925	1	0	0
0.7775	0.6975	1	0	0
0.7775	0.7025	1	0	0
0.7775	0.7075	1	0	0
0.7775	0.7125	1	0	0
0.7775	0.7175	1	0	0
0.7775	0.7225	1	0	0
0.7775	0.7275	1	0	0
0.7775	0.7325	1	0	0
0.7775	0.7375	1	0	0
0.7775	0.7425	1	0	0
0.7775	0.7475	1	0	0
0.7775	0.7525	1	0	0
0.7775	0.7575	1	0	0
0.7775	0.7625	1	0	0
0.7775	0.7675	1	0	0
0.7775	0.7725	1	0	0
0.7775	0.7775	1	0	0
0.7775	0.7825	1	0	0
0.7775	0.7875	1	0	0
0.7775	0.7925	1	0	0
0.7775	0.7975	1	0	0
0.7775	0.8025	1	0	0
0.7775	0.8075	1	0	0
0.7775	0.8125	1	0	0
0.7775	0.8175	1	0	0
0.7775	0.8225	1	0	0
0.7775	0.8275	1	0	0
0.7775	0.8325	1	0	0
0.7775	0.8375	1	0	0
0.7775	0.8425	1	0	0
0.7775	0.8475	1	0	0
0.7775	0.8525	1	0	0
0.7775	0.8575	1	0	0
0.7775	0.8625	1	0	0
0.7775	0.8675	1	0	0
0.7775	0.8725	1	0	0
0.7775	0.8775	1	0	0
0.7775	0.8825	1	0	0
0.7775	0.8875	1	0	0
0.7775	0.8925	1	0	0
0.7775	0.8975	1	0	0
0.7775	0.9025	1	0	0
0.7775	0.9075	1	0	0
0.7775	0.9125	1	0	0
0.7775	0.9175	1	0	0
0.7775	0.9225	1	0	0
0.7775	0.9275	1	0	0
0.7775	0.9325	1	0	0
0.7775	0.9375	1	0	0
0.7775	0.9425	1	0	0
0.7775	0.9475	1	0	0
0.7775	0.9525	1	0	0
0.7775	0.9575	1	0	0
0.7775	0.9625	1	0	0
0.7775	0.9675	1	0	0
0.7775	0.9725	1	0	0
0.7775	0.9775	1	0	0
0.7775	0.9825	1	0	0
0.7775	0.9875	1	0	0
0.7775	0.9925	1	0	0
0.7775	0.9975	1	0	0
0.7775	1.0025	1	0	0
0.7825	0.0075	1	0	0
0.7825	0.0125	1	0	0
0.7825	0.0175	1	0	0
0.7825	0.0225	1	0	0
0.7825	0.0275	1	0	0
0.7825	0.0325	1	0	0
0.7825	0.0375	1	0	0
0.7825	0.0425	1	0	0
0.7825	0.0475	1	0	0
0.7825	0.0525	1	0	0
0.7825	0.0575	1	0	0
0.7825	0.0625	1	0	0
0.7825	0.0675	1	0	0
0.7825	0.0725	1	0	0
0.7825	0.0775	1	0	0
0.7825	0.0825	1	0	0
0.7825	0.0875	1	0	0
0.7825	0.0925	1	0	0
0.7825	0.0975	1	0	0
0.7825	0.1025	1	0	0
0.7825	0.1075	1	0	0
0.7825	0.1125	1	0	0
0.7825	0.1175	1	0	0
0.7825	0.1225	1	0	0
0.7825	0.1275	1	0	0
0.7825	0.1325	1	0	0
0.7825	0.1375	1	0	0
0.7825	0.1425	1	0	0
0.7825	0.1475	1	0	0
0.7825	0.1525	1	0	0
0.7825	0.1575	1	0	0
0.7825	0.1625	1	0	0
0.7825	0.1675	1	0	0
0.7825	0.1725	1	0	0
0.7825	0.1775	1	0	0
0.7825	0.1825	1	0	0
0.7825	0.1875	1	0	0
0.7825	0.1925	1	0	0
0.7825	0.1975	1	0	0
0.7825	0.2025	1	0	0
0.7825	0.2075	1	0	0
0.7825	0.2125	1	0	0
0.7825	0.2175	1	0	0
0.7825	0.2225	1	0	0
0.7825	0.2275	1	0	0
0.7825	0.2325	1	0	0
0.7825	0.2375	1	0	0
0.7825	0.2425	1	0	0
0.7825	0.2475	1	0	0
0.7825	0.2525	1	0	0
0.7825	0.2575	1	0	0
0.7825	0.2625	1	0	0
0.7825	0.2675	1	0	0
0.7825	0.2725	1	0	0
0.7825	0.2775	1	0	0
0.7825	0.2825	1	0	0
0.7825	0.2875	1	0	0
0.7825	0.2925	1	0	0
0.7825	0.2975	1	0	0
0.7825	0.3025	1	0	0
0.7825	0.3075	1	0	0
0.7825	0.3125	1	0	0
0.7825	0.3175	1	0	0
0.7825	0.3225	1	0	0
0.7825	0.3275	1	0	0
0.7825	0.3325	1	0	0
0.7825	0.3375	1	0	0
0.7825	0.3425	1	0	0
0.7825	0.3475	1	0	0
0.7825	0.3525	1	0	0
0.7825	0.3575	1	0	0
0.7825	0.3625	1	0	0
0.7825	0.3675	1	0	0
0.7825	0.3725	1	0	0
0.7825	0.3775	1	0	0
0.7825	0.3825	1	0	0
0.7825	0.3875	1	0	0
0.7825	0.3925	1	0	0
0.7825	0.3975	1	0	0
0.7825	0.4025	1	0	0
0.7825	0.4075	1	0	0
0.7825	0.4125	1	0	0
0.7825	0.4175	1	0	0
0.7825	0.4225	1	0	0
0.7825	0.4275	1	0	0
0.7825	0.4325	1	0	0
0.7825	0.4375	1	0	0
0.7825	0.4425	1	0	0
0.7825	0.4475	1	0	0
0.7825	0.4525	1	0	0
0.7825	0.4575	1	0	0
0.7825	0.4625	1	0	0
0.7825	0.4675	1	0	0
0.7825	0.4725	1	0	0
0.7825	0.4775	1	0	0
0.7825	0.4825	1	0	0
0.7825	0.4875	1	0	0
0.7825	0.4925	1	0	0
0.7825	0.4975	1	0	0
0.7825	0.5025	1	0	0
0.7825	0.5075	1	0	0
0.7825	0.5125	1	0	0
0.7825	0.5175	1	0	0
0.7825	0.5225	1	0	0
0.7825	0.5275	1	0	0
0.7825	0.5325	1	0	0
0.7825	0.5375	1	0	0
0.7825	0.5425	1	0	0
0.7825	0.5475	1	0	0
0.7825	0.5525	1	0	0
0.7825	0.5575	1	0	0
0.7825	0.5625	1	0	0
0.7825	0.5675	1	0	0
0.7825	0.5725	1	0	0
0.7825	0.5775	1	0	0
0.7825	0.5825	1	0	0
0.7825	0.5875	1	0	0
0.7825	0.5925	1	0	0
0.7825	0.5975	1	0	0
0.7825	0.6025	1	0	0
0.7825	0.6075	1	0	0
0.7825	0.6125	1	0	0
0.7825	0.6175	1	0	0
0.7825	0.6225	1	0	0
0.7825	0.6275	1	0	0
0.7825	0.6325	1	0	0
0.7825	0.6375	1	0	0
0.7825	0.6425	1	0	0
0.7825	0.6475	1	0	0
0.7825	0.6525	1	0	0
0.7825	0.6575	1	0	0
0.7825	0.6625	1	0	0
0.7825	0.6675	1	0	0
0.7825	0.6725	1	0	0
0.7825	0.6775	1	0	0
0.7825	0.6825	1	0	0
0.7825	0.6875	1	0	0
0.7825	0.6925	1	0	0
0.7825	0.6975	1	0	0
0.7825	0.7025	1	0	0
0.7825	0.7075	1	0	0
0.7825	0.7125	1	0	0
0.7825	0.7175	1	0	0
0.7825	0.7225	1	0	0
0.7825	0.7275	1	0	0
0.7825	0.7325	1	0	0
0.7825	0.7375	1	0	0
0.7825	0.7425	1	0	0
0.7825	0.7475	1	0	0
0.7825	0.7525	1	0	0
0.7825	0.7575	1	0	0
0.7825	0.7625	1	0	0
0.7825	0.7675	1	0	0
0.7825	0.7725	1	0	0
0.7825	0.7775	1	0	0
0.7825	0.7825	1	0	0
0.7825	0.7875	1	0	0
0.7825	0.7925	1	0	0
0.7825	0.7975	1	0	0
0.7825	0.8025	1	0	0
0.7825	0.8075	1	0	0
0.7825	0.8125	1	0	0
0.7825	0.8175	1	0	0
0.7825	0.8225	1	0	0
0.7825	0.8275	1	0	0
0.7825	0.8325	1	0	0
0.7825	0.8375	1	0	0
0.7825	0.8425	1	0	0
0.7825	0.8475	1	0	0
0.7825	0.8525	1	0	0
0.7825	0.8575	1	0	0
0.7825	0.8625	1	0	0
0.7825	0.8675	1	0	0
0.7825	0.8725	1	0	0
0.7825	0.8775	1	0	0
0.7825	0.8825	1	0	0
0.7825	0.8875	1	0	0
0.7825	0.8925	1	0	0
0.7825	0.8975	1	0	0
0.7825	0.9025	1	0	0
0.7825	0.9075	1	0	0
0.7825	0.9125	1	0	0
0.7825	0.9175	1	0	0
0.7825	0.9225	1	0	0
0.7825	0.9275	1	0	0
0.7825	0.9325	1	0	0
0.7825	0.9375	1	0	0
0.7825	0.9425	1	0	0
0.7825	0.9475	1	0	0
0.7825	0.9525	1	0	0
0.7825	0.9575	1	0	0
0.7825	0.9625	1	0	0
0.7825	0.9675	1	0	0
0.7825	0.9725	1	0	0
0.7825	0.9775	1	0	0
0.7825	0.9825	1	0	0
0.7825	0.9875	1	0	0
0.7825	0.9925	1	0	0
0.7825	0.9975	1	0	0
0.7825	1.0025	1	0	0
0.7875	0.0075	1	0	0
0.7875	0.0125	1	0	0
0.7875	0.0175	1	0	0
0.7875	0.0225	1	0	0
0.7875	0.0275	1	0	0
0.7875	0.0325	1	0	0
0.7875	0.0375	1	0	0
0.7875	0.0425	1	0	0
0.7875	0.0475	1	0	0
0.7875	0.0525	1	0	0
0.7875	0.0575	1	0	0
0.7875	0.0625	1	0	0
0.7875	0.0675	1	0	0
0.7875	0.0725	1	0	0
0.7875	0.0775	1	0	0
0.7875	0.0825	1	0	0
0.7875	0.0875	1	0	0
0.7875	0.0925	1	0	0
0.7875	0.0975	1	0	0
0.7875	0.1025	1	0	0
0.7875	0.1075	1	0	0
0.7875	0.1125	1	0	0
0.7875	0.1175	1	0	0
0.7875	0.1225	1	0	0
0.7875	0.1275	1	0	0
0.7875	0.1325	1	0	0
0.7875	0.1375	1	0	0
0.7875	0.1425	1	0	0
0.7875	0.1475	1	0	0
0.7875	0.1525	1	0	0
0.7875	0.1575	1	0	0
0.7875	0.1625	1	0	0
0.7875	0.1675	1	0	0
0.7875	0.1725	1	0	0
0.7875	0.1775	1	0	0
0.7875	0.1825	1	0	0
0.7875	0.1875	1	0	0
0.7875	0.1925	1	0	0
0.7875	0.1975	1	0	0
0.7875	0.2025	1	0	0
0.7875	0.2075	1	0	0
0.7875	0.2125	1	0	0
0.7875	0.2175	1	0	0
0.7875	0.2225	1	0	0
0.7875	0.2275	1	0	0
0.7875	0.2325	1	0	0
0.7875	0.2375	1	0	0
0.7875	0.2425	1	0	0
0.7875	0.2475	1	0	0
0.7875	0.2525	1	0	0
0.7875	0.2575	1	0	0
0.7875	0.2625	1	0	0
0.7875	0.2675	1	0	0
0.7875	0.2725	1	0	0
0.7875	0.2775	1	0	0
0.7875	0.2825	1	0	0
0.7875	0.2875	1	0	0
0.7875	0.2925	1	0	0
0.7875	0.2975	1	0	0
0.7875	0.3025	1	0	0
0.7875	0.3075	1	0	0
0.7875	0.3125	1	0	0
0.7875	0.3175	1	0	0
0.7875	0.3225	1	0	0
0.7875	0.3275	1	0	0
0.7875	0.3325	1	0	0
0.7875	0.3375	1	0	0
0.7875	0.3425	1	0	0
0.7875	0.3475	1	0	0
0.7875	0.3525	1	0	0
0.7875	0.3575	1	0	0
0.7875	0.3625	1	0	0
0.7875	0.3675	1	0	0
0.7875	0.3725	1	0	0
0.7875	0.3775	1	0	0
0.7875	0.3825	1	0	0
0.7875	0.3875	1	0	0
0.7875	0.3925	1	0	0
0.7875	0.3975	1	0	0
0.7875	0.4025	1	0	0
0.7875	0.4075	1	0	0
0.7875	0.4125	1	0	0
0.7875	0.4175	1	0	0
0.7875	0.4225	1	0	0
0.7875	0.4275	1	0	0
0.7875	0.4325	1	0	0
0.7875	0.4375	1	0	0
0.7875	0.4425	1	0	0
0.7875	0.4475	1	0	0
0.7875	0.4525	1	0	0
0.7875	0.4575	1	0	0
0.7875	0.4625	1	0	0
0.7875	0.4675	1	0	0
0.7875	0.4725	1	0	0
0.7875	0.4775	1	0	0
0.7875	0.4825	1	0	0
0.7875	0.4875	1	0	0
0.7875	0.4925	1	0	0
0.7875	0.4975	1	0	0
0.7875	0.5025	1	0	0
0.7875	0.5075	1	0	0
0.7875	0.5125	1	0	0
0.7875	0.5175	1	0	0
0.7875	0.5225	1	0	0
0.7875	0.5275	1	0	0
0.7875	0.5325	1	0	0
0.7875	0.5375	1	0	0
0.7875	0.5425	1	0	0
0.7875	0.5475	1	0	0
0.7875	0.5525	1	0	0
0.7875	0.5575	1	0	0
0.7875	0.5625	1	0	0
0.7875	0.5675	1	0	0
0.7875	0.5725	1	0	0
0.7875	0.5775	1	0	0
0.7875	0.5825	1	0	0
0.7875	0.5875	1	0	0
0.7875	0.5925	1	0	0
0.7875	0.5975	1	0	0
0.7875	0.6025	1	0	0
0.7875	0.6075	1	0	0
0.7875	0.6125	1	0	0
0.7875	0.6175	1	0	0
0.7875	0.6225	1	0	0
0.7875	0.6275	1	0	0
0.7875	0.6325	1	0	0
0.7875	0.6375	1	0	0
0.7875	0.6425	1	0	0
0.7875	0.6475	1	0	0
0.7875	0.6525	1	0	0
0.7875	0.6575	1	0	0
0.7875	0.6625	1	0	0
0.7875	0.6675	1	0	0
0.7875	0.6725	1	0	0
0.7875	0.6775	1	0	0
0.7875	0.6825	1	0	0
0.7875	0.6875	1	0	0
0.7875	0.6925	1	0	0
0.7875	0.6975	1	0	0
0.7875	0.7025	1	0	0
0.7875	0.7075	1	0	0
0.7875	0.7125	1	0	0
0.7875	0.7175	1	0	0
0.7875	0.7225	1	0	0
0.7875	0.7275	1	0	0
0.7875	0.7325	1	0	0
0.7875	0.7375	1	0	0
0.7875	0.7425	1	0	0
0.7875	0.7475	1	0	0
0.7875	0.7525	1	0	0
0.7875	0.7575	1	0	0
0.7875	0.7625	1	0	0
0.7875	0.7675	1	0	0
0.7875	0.7725	1	0	0
0.7875	0.7775	1	0	0
0.7875	0.7825	1	0	0
0.7875	0.7875	1	0	0
0.7875	0.7925	1	0	0
0.7875	0.7975	1	0	0
0.7875	0.8025	1	0	0
0.7875	0.8075	1	0	0
0.7875	0.8125	1	0	0
0.7875	0.8175	1	0	0
0.7875	0.8225	1	0	0
0.7875	0.8275	1	0	0
0.7875	0.8325	1	0	0
0.7875	0.8375	1	0	0
0.7875	0.8425	1	0	0
0.7875	0.8475	1	0	0
0.7875	0.8525	1	0	0
0.7875	0.8575	1	0	0
0.7875	0.8625	1	0	0
0.7875	0.8675	1	0	0
0.7875	0.8725	1	0	0
0.7875	0.8775	1	0	0
0.7875	0.8825	1	0	0
0.7875	0.8875	1	0	0
0.7875	0.8925	1	0	0
0.7875	0.8975	1	0	0
0.7875	0.9025	1	0	0
0.7875	0.9075	1	0	0
0.7875	0.9125	1	0	0
0.7875	0.9175	1	0	0
0.7875	0.9225	1	0	0
0.7875	0.9275	1	0	0
0.7875	0.9325	1	0	0
0.7875	0.9375	1	0	0
0.7875	0.9425	1	0	0
0.7875	0.9475	1	0	0
0.7875	0.9525	1	0	0
0.7875	0.9575	1	0	0
0.7875	0.9625	1	0	0
0.7875	0.9675	1	0	0
0.7875	0.9725	1	0	0
0.7875	0.9775	1	0	0
0.7875	0.9825	1	0	0
0.7875	0.9875	1	0	0
0.7875	0.9925	1	0	0
0.7875	0.9975	1	0	0
0.7875	1.0025	1	0	0
0.7925	0.0075	1	0	0
0.7925	0.0125	1	0	0
0.7925	0.0175	1	0	0
0.7925	0.0225	1	0	0
0.7925	0.0275	1	0	0
0.7925	0.0325	1	0	0
0.7925	0.0375	1	0	0
0.7925	0.0425	1	0	0
0.7925	0.0475	1	0	0
0.7925	0.0525	1	0	0
0.7925	0.0575	1	0	0
0.7925	0.0625	1	0	0
0.7925	0.0675	1	0	0
0.7925	0.0725	1	0	0
0.7925	0.0775	1	0	0
0.7925	0.0825	1	0	0
0.7925	0.0875	1	0	0
0.7925	0.0925	1	0	0
0.7925	0.0975	1	0	0
0.7925	0.1025	1	0	0
0.7925	0.1075	1	0	0
0.7925	0.1125	1	0	0
0.7925	0.1175	1	0	0
0.7925	0.1225	1	0	0
0.7925	0.1275	1	0	0
0.7925	0.1325	1	0	0
0.7925	0.1375	1	0	0
0.7925	0.1425	1	0	0
0.7925	0.1475	1	0	0
0.7925	0.1525	1	0	0
0.7925	0.1575	1	0	0
0.7925	0.1625	1	0	0
0.7925	0.1675	1	0	0
0.7925	0.1725	1	0	0
0.7925	0.1775	1	0	0
0.7925	0.1825	1	0	0
0.7925	0.1875	1	0	0
0.7925	0.1925	1	0	0
0.7925	0.1975	1	0	0
0.7925	0.2025	1	0	0
0.7925	0.2075	1	0	0
0.7925	0.2125	1	0	0
0.7925	0.2175	1	0	0
0.7925	0.2225	1	0	0
0.7925	0.2275	1	0	0
0.7925	0.2325	1	0	0
0.7925	0.2375	1	0	0
0.7925	0.2425	1	0	0
0.7925	0.2475	1	0	0
0.7925	0.2525	1	0	0
0.7925	0.2575	1	0	0
0.7925	0.2625	1	0	0
0.7925	0.2675	1	0	0
0.7925	0.2725	1	0	0
0.7925	0.2775	1	0	0
0.7925	0.2825	1	0	0
0.7925	0.2875	1	0	0
0.7925	0.2925	1	0	0
0.7925	0.2975	1	0	0
0.7925	0.3025	1	0	0
0.7925	0.3075	1	0	0
0.7925	0.3125	1	0	0
0.7925	0.3175	1	0	0
0.7925	0.3225	1	0	0
0.7925	0.3275	1	0	0
0.7925	0.3325	1	0	0
0.7925	0.3375	1	0	0
0.7925	0.3425	1	0	0
0.7925	0.3475	1	0	0
0.7925	0.3525	1	0	0
0.7925	0.3575	1	0	0
0.7925	0.3625	1	0	0
0.7925	0.3675	1	0	0
0.7925	0.3725	1	0	0
0.7925	0.3775	1	0	0
0.7925	0.3825	1	0	0
0.7925	0.3875	1	0	0
0.7925	0.3925	1	0	0
0.7925	0.3975	1	0	0
0.7925	0.4025	1	0	0
0.7925	0.4075	1	0	0
0.7925	0.4125	1	0	0
0.7925	0.4175	1	0	0
0.7925	0.4225	1	0	0
0.7925	0.4275	1	0	0
0.7925	0.4325	1	0	0
0.7925	0.4375	1	0	0
0.7925	0.4425	1	0	0
0.7925	0.4475	1	0	0
0.7925	0.4525	1	0	0
0.7925	0.4575	1	0	0
0.7925	0.4625	1	0	0
0.7925	0.4675	1	0	0
0.7925	0.4725	1	0	0
0.7925	0.4775	1	0	0
0.7925	0.4825	1	0	0
0.7925	0.4875	1	0	0
0.7925	0.4925	1	0	0
0.7925	0.4975	1	0	0
0.7925	0.5025	1	0	0
0.7925	0.5075	1	0	0
0.7925	0.5125	1	0	0
0.7925	0.5175	1	0	0
0.7925	0.5225	1	0	0
0.7925	0.5275	1	0	0
0.7925	0.5325	1	0	0
0.7925	0.5375	1	0	0
0.7925	0.5425	1	0	0
0.7925	0.5475	1	0	0
0.7925	0.5525	1	0	0
0.7925	0.5575	1	0	0
0.7925	0.5625	1	0	0
0.7925	0.5675	1	0	0
0.7925	0.5725	1	0	0
0.7925	0.5775	1	0	0
0.7925	0.5825	1	0	0
0.7925	0.5875	1	0	0
0.7925	0.5925	1	0	0
0.7925	0.5975	1	0	0
0.7925	0.6025	1	0	0
0.7925	0.6075	1	0	0
0.7925	0.6125	1	0	0
0.7925	0.6175	1	0	0
0.7925	0.6225	1	0	0
0.7925	0.6275	1	0	0
0.7925	0.6325	1	0	0
0.7925	0.6375	1	0	0
0.7925	0.6425	1	0	0
0.7925	0.6475	1	0	0
0.7925	0.6525	1	0	0
0.7925	0.6575	1	0	0
0.7925	0.6625	1	0	0
0.7925	0.6675	1	0	0
0.7925	0.6725	1	0	0
0.7925	0.6775	1	0	0
0.7925	0.6825	1	0	0
0.7925	0.6875	1	0	0
0.7925	0.6925	1	0	0
0.7925	0.6975	1	0	0
0.7925	0.7025	1	0	0
0.7925	0.7075	1	0	0
0.7925	0.7125	1	0	0
0.7925	0.7175	1	0	0
0.7925	0.7225	1	0	0
0.7925	0.7275	1	0	0
0.7925	0.7325	1	0	0
0.7925	0.7375	1	0	0
0.7925	0.7425	1	0	0
0.7925	0.7475	1	0	0
0.7925	0.7525	1	0	0
0.7925	0.7575	1	0	0
0.7925	0.7625	1	0	0
0.7925	0.7675	1	0	0
0.7925	0.7725	1	0	0
0.7925	0.7775	1	0	0
0.7925	0.7825	1	0	0
0.7925	0.7875	1	0	0
0.7925	0.7925	1	0	0
0.7925	0.7975	1	0	0
0.7925	0.8025	1	0	0
0.7925	0.8075	1	0	0
0.7925	0.8125	1	0	0
0.7925	0.8175	1	0	0
0.7925	0.8225	1	0	0
0.7925	0.8275	1	0	0
0.7925	0.8325	1	0	0
0.7925	0.8375	1	0	0
0.7925	0.8425	1	0	0
0.7925	0.8475	1	0	0
0.7925	0.8525	1	0	0
0.7925	0.8575	1	0	0
0.7925	0.8625	1	0	0
0.7925	0.8675	1	0	0
0.7925	0.8725	1	0	0
0.7925	0.8775	1	0	0
0.7925	0.8825	1	0	0
0.7925	0.8875	1	0	0
0.7925	0.8925	1	0	0
0.7925	0.8975	1	0	0
0.7925	0.9025	1	0	0
0.7925	0.9075	1	0	0
0.7925	0.9125	1	0	0
0.7925	0.9175	1	0	0
0.7925	0.9225	1	0	0
0.7925	0.9275	1	0	0
0.7925	0.9325	1	0	0
0.7925	0.9375	1	0	0
0.7925	0.9425	1	0	0
0.7925	0.9475	1	0	0
0.7925	0.9525	1	0	0
0.7925	0.9575	1	0	0
0.7925	0.9625	1	0	0
0.7925	0.9675	1	0	0
0.7925	0.9725	1	0	0
0.7925	0.9775	1	0	0
0.7925	0.9825	1	0	0
0.7925	0.9875	1	0	0
0.7925	0.9925	1	0	0
0.7925	0.9975	1	0	0
0.7925	1.0025	1	0	0
0.7975	0.0075	1	0	0
0.7975	0.0125	1	0	0
0.7975	0.0175	1	0	0
0.7975	0.0225	1	0	0
0.7975	0.0275	1	0	0
0.7975	0.0325	1	0	0
0.7975	0.0375	1	0	0
0.7975	0.0425	1	0	0
0.7975	0.0475	1	0	0
0.7975	0.0525	1	0	0
0.7975	0.0575	1	0	0
0.7975	0.0625	1	0	0
0.7975	0.0675	1	0	0
0.7975	0.0725	1	0	0
0.7975	0.0775	1	0	0
0.7975	0.0825	1	0	0
0.7975	0.0875	1	0	0
0.7975	0.0925	1	0	0
0.7975	0.0975	1	0	0
0.7975	0.1025	1	0	0
0.7975	0.1075	1	0	0
0.7975	0.1125	1	0	0
0.7975	0.1175	1	0	0
0.7975	0.1225	1	0	0
0.7975	0.1275	1	0	0
0.7975	0.1325	1	0	0
0.7975	0.1375	1	0	0
0.7975	0.1425	1	0	0
0.7975	0.1475	1	0	0
0.7975	0.1525	1	0	0
0.7975	0.1575	1	0	0
0.7975	0.1625	1	0	0
0.7975	0.1675	1	0	0
0.7975	0.1725	1	0	0
0.7975	0.1775	1	0	0
0.7975	0.1825	1	0	0
0.7975	0.1875	1	0	0
0.7975	0.1925	1	0	0
0.7975	0.1975	1	0	0
0.7975	0.2025	1	0	0
0.7975	0.2075	1	0	0
0.7975	0.2125	1	0	0
0.7975	0.2175	1	0	0
0.7975	0.2225	1	0	0
0.7975	0.2275	1	0	0
0.7975	0.2325	1	0	0
0.7975	0.2375	1	0	0
0.7975	0.2425	1	0	0
0.7975	0.2475	1	0	0
0.7975	0.2525	1	0	0
0.7975	0.2575	1	0	0
0.7975	0.2625	1	0	0
0.7975	0.2675	1	0	0
0.7975	0.2725	1	0	0
0.7975	0.2775	1	0	0
0.7975	0.2825	1	0	0
0.7975	0.2875	1	0	0
0.7975	0.2925	1	0	0
0.7975	0.2975	1	0	0
0.7975	0.3025	1	0	0
0.7975	0.3075	1	0	0
0.7975	0.3125	1	0	0
0.7975	0.3175	1	0	0
0.7975	0.3225	1	0	0
0.7975	0.3275	1	0	0
0.7975	0.3325	1	0	0
0.7975	0.3375	1	0	0
0.7975	0.3425	1	0	0
0.7975	0.3475	1	0	0
0.7975	0.3525	1	0	0
0.7975	0.3575	1	0	0
0.7975	0.3625	1	0	0
0.7975	0.3675	1	0	0
0.7975	0.3725	1	0	0
0.7975	0.3775	1	0	0
0.7975	0.3825	1	0	0
0.7975	0.3875	1	0	0
0.7975	0.3925	1	0	0
0.7975	0.3975	1	0	0
0.7975	0.4025	1	0	0
0.7975	0.4075	1	0	0
0.7975	0.4125	1	0	0
0.7975	0.4175	1	0	0
0.7975	0.4225	1	0	0
0.7975	0.4275	1	0	0
0.7975	0.4325	1	0	0
0.7975	0.4375	1	0	0
0.7975	0.4425	1	0	0
0.7975	0.4475	1	0	0
0.7975	0.4525	1	0	0
0.7975	0.4575	1	0	0
0.7975	0.4625	1	0	0
0.7975	0.4675	1	0	0
0.7975	0.4725	1	0	0
0.7975	0.4775	1	0	0
0.7975	0.4825	1	0	0
0.7975	0.4875	1	0	0
0.7975	0.4925	1	0	0
0.7975	0.4975	1	0	0
0.7975	0.5025	1	0	0
0.7975	0.5075	1	0	0
0.7975	0.5125	1	0	0
0.7975	0.5175	1	0	0
0.7975	0.5225	1	0	0
0.7975	0.5275	1	0	0
0.7975	0.5325	1	0	0
0.7975	0.5375	1	0	0
0.7975	0.5425	1	0	0
0.7975	0.5475	1	0	0
0.7975	0.5525	1	0	0
0.7975	0.5575	1	0	0
0.7975	0.5625	1	0	0
0.7975	0.5675	1	0	0
0.7975	0.5725	1	0	0
0.7975	0.5775	1	0	0
0.7975	0.5825	1	0	0
0.7975	0.5875	1	0	0
0.7975	0.5925	1	0	0
0.7975	0.5975	1	0	0
0.7975	0.6025	1	0	0
0.7975	0.6075	1	0	0
0.7975	0.6125	1	0	0
0.7975	0.6175	1	0	0
0.7975	0.6225	1	0	0
0.7975	0.6275	1	0	0
0.7975	0.6325	1	0	0
0.7975	0.6375	1	0	0
0.7975	0.6425	1	0	0
0.7975	0.6475	1	0	0
0.7975	0.6525	1	0	0
0.7975	0.6575	1	0	0
0.7975	0.6625	1	0	0
0.7975	0.6675	1	0	0
0.7975	0.6725	1	0	0
0.7975	0.6775	1	0	0
0.7975	0.6825	1	0	0
0.7975	0.6875	1	0	0
0.7975	0.6925	1	0	0
0.7975	0.6975	1	0	0
0.7975	0.7025	1	0	0
0.7975	0.7075	1	0	0
0.7975	0.7125	1	0	0
0.7975	0.7175	1	0	0
0.7975	0.7225	1	0	0
0.7975	0.7275	1	0	0
0.7975	0.7325	1	0	0
0.7975	0.7375	1	0	0
0.7975	0.7425	1	0	0
0.7975	0.7475	1	0	0
0.7975	0.7525	1	0	0
0.7975	0.7575	1	0	0
0.7975	0.7625	1	0	0
0.7975	0.7675	1	0	0
0.7975	0.7725	1	0	0
0.7975	0.7775	1	0	0
0.7975	0.7825	1	0	0
0.7975	0.7875	1	0	0
0.7975	0.7925	1	0	0
0.7975	0.7975	1	0	0
0.7975	0.8025	1	0	0
0.7975	0.8075	1	0	0
0.7975	0.8125	1	0	0
0.7975	0.8175	1	0	0
0.7975	0.8225	1	0	0
0.7975	0.8275	1	0	0
0.7975	0.8325	1	0	0
0.7975	0.8375	1	0	0
0.7975	0.8425	1	0	0
0.7975	0.8475	1	0	0
0.7975	0.8525	1	0	0
0.7975	0.8575	1	0	0
0.7975	0.8625	1	0	0
0.7975	0.8675	1	0	0
0.7975	0.8725	1	0	0
0.7975	0.8775	1	0	0
0.7975	0.8825	1	0	0
0.7975	0.8875	1	0	0
0.7975	0.8925	1	0	0
0.7975	0.8975	1	0	0
0.7975	0.9025	1	0	0
0.7975	0.9075	1	0	0
0.7975	0.9125	1	0	0
0.7975	0.9175	1	0	0
0.7975	0.9225	1	0	0
0.7975	0.9275	1	0	0
0.7975	0.9325	1	0	0
0.7975	0.9375	1	0	0
0.7975	0.9425	1	0	0
0.7975	0.9475	1	0	0
0.7975	0.9525	1	0	0
0.7975	0.9575	1	0	0
0.7975	0.9625	1	0	0
0.7975	0.9675	1	0	0
0.7975	0.9725	1	0	0
0.7975	0.9775	1	0	0
0.7975	0.9825	1	0	0
0.7975	0.9875	1	0	0
0.7975	0.9925	1	0	0
0.7975	0.9975	1	0	0
0.7975	1.0025	1	0	0
0.8025	0.0075	1	0	0
0.8025	0.0125	1	0	0
0.8025	0.0175	1	0	0
0.8025	0.0225	1	0	0
0.8025	0.0275	1	0	0
0.8025	0.0325	1	0	0
0.8025	0.0375	1	0	0
0.8025	0.0425	1	0	0
0.8025	0.0475	1	0	0
0.8025	0.0525	1	0	0
0.8025	0.0575	1	0	0
0.8025	0.0625	1	0	0
0.8025	0.0675	1	0	0
0.8025	0.0725	1	0	0
0.8025	0.0775	1	0	0
0.8025	0.0825	1	0	0
0.8025	0.0875	1	0	0
0.8025	0.0925	1	0	0
0.8025	0.0975	1	0	0
0.8025	0.1025	1	0	0
0.8025	0.1075	1	0	0
0.8025	0.1125	1	0	0
0.8025	0.1175	1	0	0
0.8025	0.1225	1	0	0
0.8025	0.1275	1	0	0
0.8025	0.1325	1	0	0
0.8025	0.1375	1	0	0
0.8025	0.1425	1	0	0
0.8025	0.1475	1	0	0
0.8025	0.1525	1	0	0
0.8025	0.1575	1	0	0
0.8025	0.1625	1	0	0
0.8025	0.1675	1	0	0
0.8025	0.1725	1	0	0
0.8025	0.1775	1	0	0
0.8025	0.1825	1	0	0
0.8025	0.1875	1	0	0
0.8025	0.1925	1	0	0
0.8025	0.1975	1	0	0
0.8025	0.2025	1	0	0
0.8025	0.2075	1	0	0
0.8025	0.2125	1	0	0
0.8025	0.2175	1	0	0
0.8025	0.2225	1	0	0
0.8025	0.2275	1	0	0
0.8025	0.2325	1	0	0
0.8025	0.2375	1	0	0
0.8025	0.2425	1	0	0
0.8025	0.2475	1	0	0
0.8025	0.2525	1	0	0
0.8025	0.2575	1	0	0
0.8025	0.2625	1	0	0
0.8025	0.2675	1	0	0
0.8025	0.2725	1	0	0
0.8025	0.2775	1	0	0
0.8025	0.2825	1	0	0
0.8025	0.2875	1	0	0
0.8025	0.2925	1	0	0
0.8025	0.2975	1	0	0
0.8025	0.3025	1	0	0
0.8025	0.3075	1	0	0
0.8025	0.3125	1	0	0
0.8025	0.3175	1	0	0
0.8025	0.3225	1	0	0
0.8025	0.3275	1	0	0
0.8025	0.3325	1	0	0
0.8025	0.3375	1	0	0
0.8025	0.3425	1	0	0
0.8025	0.3475	1	0	0
0.8025	0.3525	1	0	0
0.8025	0.3575	1	0	0
0.8025	0.3625	1	0	0
0.8025	0.3675	1	0	0
0.8025	0.3725	1	0	0
0.8025	0.3775	1	0	0
0.8025	0.3825	1	0	0
0.8025	0.3875	1	0	0
0.8025	0.3925	1	0	0
0.8025	0.3975	1	0	0
0.8025	0.4025	1	0	0
0.8025	0.4075	1	0	0
0.8025	0.4125	1	0	0
0.8025	0.4175	1	0	0
0.8025	0.4225	1	0	0
0.8025	0.4275	1	0	0
0.8025	0.4325	1	0	0
0.8025	0.4375	1	0	0
0.8025	0.4425	1	0	0
0.8025	0.4475	1	0	0
0.8025	0.4525	1	0	0
0.8025	0.4575	1	0	0
0.8025	0.4625	1	0	0
0.8025	0.4675	1	0	0
0.8025	0.4725	1	0	0
0.8025	0.4775	1	0	0
0.8025	0.4825	1	0	0
0.8025	0.4875	1	0	0
0.8025	0.4925	1	0	0
0.8025	0.4975	1	0	0
0.8025	0.5025	1	0	0
0.8025	0.5075	1	0	0
0.8025	0.5125	1	0	0
0.8025	0.5175	1	0	0
0.8025	0.5225	1	0	0
0.8025	0.5275	1	0	0
0.8025	0.5325	1	0	0
0.8025	0.5375	1	0	0
0.8025	0.5425	1	0	0
0.8025	0.5475	1	0	0
0.8025	0.5525	1	0	0
0.8025	0.5575	1	0	0
0.8025	0.5625	1	0	0
0.8025	0.5675	1	0	0
0.8025	0.5725	1	0	0
0.8025	0.5775	1	0	0
0.8025	0.5825	1	0	0
0.8025	0.5875	1	0	0
0.8025	0.5925	1	0	0
0.8025	0.5975	1	0	0
0.8025	0.6025	1	0	0
0.8025	0.6075	1	0	0
0.8025	0.6125	1	0	0
0.8025	0.6175	1	0	0
0.8025	0.6225	1	0	0
0.8025	0.6275	1	0	0
0.8025	0.6325	1	0	0
0.8025	0.6375	1	0	0
0.8025	0.6425	1	0	0
0.8025	0.6475	1	0	0
0.8025	0.6525	1	0	0
0.8025	0.6575	1	0	0
0.8025	0.6625	1	0	0
0.8025	0.6675	1	0	0
0.8025	0.6725	1	0	0
0.8025	0.6775	1	0	0
0.8025	0.6825	1	0	0
0.8025	0.6875	1	0	0
0.8025	0.6925	1	0	0
0.8025	0.6975	1	0	0
0.8025	0.7025	1	0	0
0.8025	0.7075	1	0	0
0.8025	0.7125	1	0	0
0.8025	0.7175	1	0	0
0.8025	0.7225	1	0	0
0.8025	0.7275	1	0	0
0.8025	0.7325	1	0	0
0.8025	0.7375	1	0	0
0.8025	0.7425	1	0	0
0.8025	0.7475	1	0	0
0.8025	0.7525	1	0	0
0.8025	0.7575	1	0	0
0.8025	0.7625	1	0	0
0.8025	0.7675	1	0	0
0.8025	0.7725	1	0	0
0.8025	0.7775	1	0	0
0.8025	0.7825	1	0	0
0.8025	0.7875	1	0	0
0.8025	0.7925	1	0	0
0.8025	0.7975	1	0	0
0.8025	0.8025	1	0	0
0.8025	0.8075	1	0	0
0.8025	0.8125	1	0	0
0.8025	0.8175	1	0	0
0.8025	0.8225	1	0	0
0.8025	0.8275	1	0	0
0.8025	0.8325	1	0	0
0.8025	0.8375	1	0	0
0.8025	0.8425	1	0	0
0.8025	0.8475	1	0	0
0.8025	0.8525	1	0	0
0.8025	0.8575	1	0	0
0.8025	0.8625	1	0	0
0.8025	0.8675	1	0	0
0.8025	0.8725	1	0	0
0.8025	0.8775	1	0	0
0.8025	0.8825	1	0	0
0.8025	0.8875	1	0	0
0.8025	0.8925	1	0	0
0.8025	0.8975	1	0	0
0.8025	0.9025	1	0	0
0.8025	0.9075	1	0	0
0.8025	0.9125	1	0	0
0.8025	0.9175	1	0	0
0.8025	0.9225	1	0	0
0.8025	0.9275	1	0	0
0.8025	0.9325	1	0	0
0.8025	0.9375	1	0	0
0.8025	0.9425	1	0	0
0.8025	0.9475	1	0	0
0.8025	0.9525	1	0	0
0.8025	0.9575	1	0	0
0.8025	0.9625	1	0	0
0.8025	0.9675	1	0	0
0.8025	0.9725	1	0	0
0.8025	0.9775	1	0	0
0.8025	0.9825	1	0	0
0.8025	0.9875	1	0	0
0.8025	0.9925	1	0	0
0.8025	0.9975	1	0	0
0.8025	1.0025	1	0	0
0.8075	0.0075	1	0	0
0.8075	0.0125	1	0	0
0.8075	0.0175	1	0	0
0.8075	0.0225	1	0	0
0.8075	0.0275	1	0	0
0.8075	0.0325	1	0	0
0.8075	0.0375	1	0	0
0.8075	0.0425	1	0	0
0.8075	0.0475	1	0	0
0.8075	0.0525	1	0	0
0.8075	0.0575	1	0	0
0.8075	0.0625	1	0	0
0.8075	0.0675	1	0	0
0.8075	0.0725	1	0	0
0.8075	0.0775	1	0	0
0.8075	0.0825	1	0	0
0.8075	0.0875	1	0	0
0.8075	0.0925	1	0	0
0.8075	0.0975	1	0	0
0.8075	0.1025	1	0	0
0.8075	0.1075	1	0	0
0.8075	0.1125	1	0	0
0.8075	0.1175	1	0	0
0.8075	0.1225	1	0	0
0.8075	0.1275	1	0	0
0.8075	0.1325	1	0	0
0.8075	0.1375	1	0	0
0.8075	0.1425	1	0	0
0.8075	0.1475	1	0	0
0.8075	0.1525	1	0	0
0.8075	0.1575	1	0	0
0.8075	0.1625	1	0	0
0.8075	0.1675	1	0	0
0.8075	0.1725	1	0	0
0.8075	0.1775	1	0	0
0.8075	0.1825	1	0	0
0.8075	0.1875	1	0	0
0.8075	0.1925	1	0	0
0.8075	0.1975	1	0	0
0.8075	0.2025	1	0	0
0.8075	0.2075	1	0	0
0.8075	0.2125	1	0	0
0.8075	0.2175	1	0	0
0.8075	0.2225	1	0	0
0.8075	0.2275	1	0	0
0.8075	0.2325	1	0	0
0.8075	0.2375	1	0	0
0.8075	0.2425	1	0	0
0.8075	0.2475	1	0	0
0.8075	0.2525	1	0	0
0.8075	0.2575	1	0	0
0.8075	0.2625	1	0	0
0.8075	0.2675	1	0	0
0.8075	0.2725	1	0	0
0.8075	0.2775	1	0	0
0.8075	0.2825	1	0	0
0.8075	0.2875	1	0	0
0.8075	0.2925	1	0	0
0.8075	0.2975	1	0	0
0.8075	0.3025	1	0	0
0.8075	0.3075	1	0	0
0.8075	0.3125	1	0	0
0.8075	0.3175	1	0	0
0.8075	0.3225	1	0	0
0.8075	0.3275	1	0	0
0.8075	0.3325	1	0	0
0.8075	0.3375	1	0	0
0.8075	0.3425	1	0	0
0.8075	0.3475	1	0	0
0.8075	0.3525	1	0	0
0.8075	0.3575	1	0	0
0.8075	0.3625	1	0	0
0.8075	0.3675	1	0	0
0.8075	0.3725	1	0	0
0.8075	0.3775	1	0	0
0.8075	0.3825	1	0	0
0.8075	0.3875	1	0	0
0.8075	0.3925	1	0	0
0.8075	0.3975	1	0	0
0.8075	0.4025	1	0	0
0.8075	0.4075	1	0	0
0.8075	0.4125	1	0	0
0.8075	0.4175	1	0	0
0.8075	0.4225	1	0	0
0.8075	0.4275	1	0	0
0.8075	0.4325	1	0	0
0.8075	0.4375	1	0	0
0.8075	0.4425	1	0	0
0.8075	0.4475	1	0	0
0.8075	0.4525	1	0	0
0.8075	0.4575	1	0	0
0.8075	0.4625	1	0	0
0.8075	0.4675	1	0	0
0.8075	0.4725	1	0	0
0.8075	0.4775	1	0	0
0.8075	0.4825	1	0	0
0.8075	0.4875	1	0	0
0.8075	0.4925	1	0	0
0.8075	0.4975	1	0	0
0.8075	0.5025	1	0	0
0.8075	0.5075	1	0	0
0.8075	0.5125	1	0	0
0.8075	0.5175	1	0	0
0.8075	0.5225	1	0	0
0.8075	0.5275	1	0	0
0.8075	0.5325	1	0	0
0.8075	0.5375	1	0	0
0.8075	0.5425	1	0	0
0.8075	0.5475	1	0	0
0.8075	0.5525	1	0	0
0.8075	0.5575	1	0	0
0.8075	0.5625	1	0	0
0.8075	0.5675	1	0	0
0.8075	0.5725	1	0	0
0.8075	0.5775	1	0	0
0.8075	0.5825	1	0	0
0.8075	0.5875	1	0	0
0.8075	0.5925	1	0	0
0.8075	0.5975	1	0	0
0.8075	0.6025	1	0	0
0.8075	0.6075	1	0	0
0.8075	0.6125	1	0	0
0.8075	0.6175	1	0	0
0.8075	0.6225	1	0	0
0.8075	0.6275	1	0	0
0.8075	0.6325	1	0	0
0.8075	0.6375	1	0	0
0.8075	0.6425	1	0	0
0.8075	0.6475	1	0	0
0.8075	0.6525	1	0	0
0.8075	0.6575	1	0	0
0.8075	0.6625	1	0	0
0.8075	0.6675	1	0	0
0.8075	0.6725	1	0	0
0.8075	0.6775	1	0	0
0.8075	0.6825	1	0	0
0.8075	0.6875	1	0	0
0.8075	0.6925	1	0	0
0.8075	0.6975	1	0	0
0.8075	0.7025	1	0	0
0.8075	0.7075	1	0	0
0.8075	0.7125	1	0	0
0.8075	0.7175	1	0	0
0.8075	0.7225	1	0	0
0.8075	0.7275	1	0	0
0.8075	0.7325	1	0	0
0.8075	0.7375	1	0	0
0.8075	0.7425	1	0	0
0.8075	0.7475	1	0	0
0.8075	0.7525	1	0	0
0.8075	0.7575	1	0	0
0.8075	0.7625	1	0	0
0.8075	0.7675	1	0	0
0.8075	0.7725	1	0	0
0.8075	0.7775	1	0	0
0.8075	0.7825	1	0	0
0.8075	0.7875	1	0	0
0.8075	0.7925	1	0	0
0.8075	0.7975	1	0	0
0.8075	0.8025	1	0	0
0.8075	0.8075	1	0	0
0.8075	0.8125	1	0	0
0.8075	0.8175	1	0	0
0.8075	0.8225	1	0	0
0.8075	0.8275	1	0	0
0.8075	0.8325	1	0	0
0.8075	0.8375	1	0	0
0.8075	0.8425	1	0	0
0.8075	0.8475	1	0	0
0.8075	0.8525	1	0	0
0.8075	0.8575	1	0	0
0.8075	0.8625	1	0	0
0.8075	0.8675	1	0	0
0.8075	0.8725	1	0	0
0.8075	0.8775	1	0	0
0.8075	0.8825	1	0	0
0.8075	0.8875	1	0	0
0.8075	0.8925	1	0	0
0.8075	0.8975	1	0	0
0.8075	0.9025	1	0	0
0.8075	0.9075	1	0	0
0.8075	0.9125	1	0	0
0.8075	0.9175	1	0	0
0.8075	0.9225	1	0	0
0.8075	0.9275	1	0	0
0.8075	0.9325	1	0	0
0.8075	0.9375	1	0	0
0.8075	0.9425	1	0	0
0.8075	0.9475	1	0	0
0.8075	0.9525	1	0	0
0.8075	0.9575	1	0	0
0.8075	0.9625	1	0	0
0.8075	0.9675	1	0	0
0.8075	0.9725	1	0	0
0.8075	0.9775	1	0	0
0.8075	0.9825	1	0	0
0.8075	0.9875	1	0	0
0.8075	0.9925	1	0	0
0.8075	0.9975	1	0	0
0.8075	1.0025	1	0	0
0.8125	0.0075	1	0	0
0.8125	0.0125	1	0	0
0.8125	0.0175	1	0	0
0.8125	0.0225	1	0	0
0.8125	0.0275	1	0	0
0.8125	0.0325	1	0	0
0.8125	0.0375	1	0	0
0.8125	0.0425	1	0	0
0.8125	0.0475	1	0	0
0.8125	0.0525	1	0	0
0.8125	0.0575	1	0	0
0.8125	0.0625	1	0	0
0.8125	0.0675	1	0	0
0.8125	0.0725	1	0	0
0.8125	0.0775	1	0	0
0.8125	0.0825	1	0	0
0.8125	0.0875	1	0	0
0.8125	0.0925	1	0	0
0.8125	0.0975	1	0	0
0.8125	0.1025	1	0	0
0.8125	0.1075	1	0	0
0.8125	0.1125	1	0	0
0.8125	0.1175	1	0	0
0.8125	0.1225	1	0	0
0.8125	0.1275	1	0	0
0.8125	0.1325	1	0	0
0.8125	0.1375	1	0	0
0.8125	0.1425	1	0	0
0.8125	0.1475	1	0	0
0.8125	0.1525	1	0	0
0.8125	0.1575	1	0	0
0.8125	0.1625	1	0	0
0.8125	0.1675	1	0	0
0.8125	0.1725	1	0	0
0.8125	0.1775	1	0	0
0.8125	0.1825	1	0	0
0.8125	0.1875	1	0	0
0.8125	0.1925	1	0	0
0.8125	0.1975	1	0	0
0.8125	0.2025	1	0	0
0.8125	0.2075	1	0	0
0.8125	0.2125	1	0	0
0.8125	0.2175	1	0	0
0.8125	0.2225	1	0	0
0.8125	0.2275	1	0	0
0.8125	0.2325	1	0	0
0.8125	0.2375	1	0	0
0.8125	0.2425	1	0	0
0.8125	0.2475	1	0	0
0.8125	0.2525	1	0	0
0.8125	0.2575	1	0	0
0.8125	0.2625	1	0	0
0.8125	0.2675	1	0	0
0.8125	0.2725	1	0	0
0.8125	0.2775	1	0	0
0.8125	0.2825	1	0	0
0.8125	0.2875	1	0	0
0.8125	0.2925	1	0	0
0.8125	0.2975	1	0	0
0.8125	0.3025	1	0	0
0.8125	0.3075	1	0	0
0.8125	0.3125	1	0	0
0.8125	0.3175	1	0	0
0.8125	0.3225	1	0	0
0.8125	0.3275	1	0	0
0.8125	0.3325	1	0	0
0.8125	0.3375	1	0	0
0.8125	0.3425	1	0	0
0.8125	0.3475	1	0	0
0.8125	0.3525	1	0	0
0.8125	0.3575	1	0	0
0.8125	0.3625	1	0	0
0.8125	0.3675	1	0	0
0.8125	0.3725	1	0	0
0.8125	0.3775	1	0	0
0.8125	0.3825	1	0	0
0.8125	0.3875	1	0	0
0.8125	0.3925	1	0	0
0.8125	0.3975	1	0	0
0.8125	0.4025	1	0	0
0.8125	0.4075	1	0	0
0.8125	0.4125	1	0	0
0.8125	0.4175	1	0	0
0.8125	0.4225	1	0	0
0.8125	0.4275	1	0	0
0.8125	0.4325	1	0	0
0.8125	0.4375	1	0	0
0.8125	0.4425	1	0	0
0.8125	0.4475	1	0	0
0.8125	0.4525	1	0	0
0.8125	0.4575	1	0	0
0.8125	0.4625	1	0	0
0.8125	0.4675	1	0	0
0.8125	0.4725	1	0	0
0.8125	0.4775	1	0	0
0.8125	0.4825	1	0	0
0.8125	0.4875	1	0	0
0.8125	0.4925	1	0	0
0.8125	0.4975	1	0	0
0.8125	0.5025	1	0	0
0.8125	0.5075	1	0	0
0.8125	0.5125	1	0	0
0.8125	0.5175	1	0	0
0.8125	0.5225	1	0	0
0.8125	0.5275	1	0	0
0.8125	0.5325	1	0	0
0.8125	0.5375	1	0	0
0.8125	0.5425	1	0	0
0.8125	0.5475	1	0	0
0.8125	0.5525	1	0	0
0.8125	0.5575	1	0	0
0.8125	0.5625	1	0	0
0.8125	0.5675	1	0	0
0.8125	0.5725	1	0	0
0.8125	0.5775	1	0	0
0.8125	0.5825	1	0	0
0.8125	0.5875	1	0	0
0.8125	0.5925	1	0	0
0.8125	0.5975	1	0	0
0.8125	0.6025	1	0	0
0.8125	0.6075	1	0	0
0.8125	0.6125	1	0	0
0.8125	0.6175	1	0	0
0.8125	0.6225	1	0	0
0.8125	0.6275	1	0	0
0.8125	0.6325	1	0	0
0.8125	0.6375	1	0	0
0.8125	0.6425	1	0	0
0.8125	0.6475	1	0	0
0.8125	0.6525	1	0	0
0.8125	0.6575	1	0	0
0.8125	0.6625	1	0	0
0.8125	0.6675	1	0	0
0.8125	0.6725	1	0	0
0.8125	0.6775	1	0	0
0.8125	0.6825	1	0	0
0.8125	0.6875	1	0	0
0.8125	0.6925	1	0	0
0.8125	0.6975	1	0	0
0.8125	0.7025	1	0	0
0.8125	0.7075	1	0	0
0.8125	0.7125	1	0	0
0.8125	0.7175	1	0	0
0.8125	0.7225	1	0	0
0.8125	0.7275	1	0	0
0.8125	0.7325	1	0	0
0.8125	0.7375	1	0	0
0.8125	0.7425	1	0	0
0.8125	0.7475	1	0	0
0.8125	0.7525	1	0	0
0.8125	0.7575	1	0	0
0.8125	0.7625	1	0	0
0.8125	0.7675	1	0	0
0.8125	0.7725	1	0	0
0.8125	0.7775	1	0	0
0.8125	0.7825	1	0	0
0.8125	0.7875	1	0	0
0.8125	0.7925	1	0	0
0.8125	0.7975	1	0	0
0.8125	0.8025	1	0	0
0.8125	0.8075	1	0	0
0.8125	0.8125	1	0	0
0.8125	0.8175	1	0	0
0.8125	0.8225	1	0	0
0.8125	0.8275	1	0	0
0.8125	0.8325	1	0	0
0.8125	0.8375	1	0	0
0.8125	0.8425	1	0	0
0.8125	0.8475	1	0	0
0.8125	0.8525	1	0	0
0.8125	0.8575	1	0	0
0.8125	0.8625	1	0	0
0.8125	0.8675	1	0	0
0.8125	0.8725	1	0	0
0.8125	0.8775	1	0	0
0.8125	0.8825	1	0	0
0.8125	0.8875	1	0	0
0.8125	0.8925	1	0	0
0.8125	0.8975	1	0	0
0.8125	0.9025	1	0	0
0.8125	0.9075	1	0	0
0.8125	0.9125	1	0	0
0.8125	0.9175	1	0	0
0.8125	0.9225	1	0	0
0.8125	0.9275	1	0	0
0.8125	0.9325	1	0	0
0.8125	0.9375	1	0	0
0.8125	0.9425	1	0	0
0.8125	0.9475	1	0	0
0.8125	0.9525	1	0	0
0.8125	0.9575	1	0	0
0.8125	0.9625	1	0	0
0.8125	0.9675	1	0	0
0.8125	0.9725	1	0	0
0.8125	0.9775	1	0	0
0.8125	0.9825	1	0	0
0.8125	0.9875	1	0	0
0.8125	0.9925	1	0	0
0.8125	0.9975	1	0	0
0.8125	1.0025	1	0	0
0.8175	0.0075	1	0	0
0.8175	0.0125	1	0	0
0.8175	0.0175	1	0	0
0.8175	0.0225	1	0	0
0.8175	0.0275	1	0	0
0.8175	0.0325	1	0	0
0.8175	0.0375	1	0	0
0.8175	0.0425	1	0	0
0.8175	0.0475	1	0	0
0.8175	0.0525	1	0	0
0.8175	0.0575	1	0	0
0.8175	0.0625	1	0	0
0.8175	0.0675	1	0	0
0.8175	0.0725	1	0	0
0.8175	0.0775	1	0	0
0.8175	0.0825	1	0	0
0.8175	0.0875	1	0	0
0.8175	0.0925	1	0	0
0.8175	0.0975	1	0	0
0.8175	0.1025	1	0	0
0.8175	0.1075	1	0	0
0.8175	0.1125	1	0	0
0.8175	0.1175	1	0	0
0.8175	0.1225	1	0	0
0.8175	0.1275	1	0	0
0.8175	0.1325	1	0	0
0.8175	0.1375	1	0	0
0.8175	0.1425	1	0	0
0.8175	0.1475	1	0	0
0.8175	0.1525	1	0	0
0.8175	0.1575	1	0	0
0.8175	0.1625	1	0	0
0.8175	0.1675	1	0	0
0.8175	0.1725	1	0	0
0.8175	0.1775	1	0	0
0.8175	0.1825	1	0	0
0.8175	0.1875	1	0	0
0.8175	0.1925	1	0	0
0.8175	0.1975	1	0	0
0.8175	0.2025	1	0	0
0.8175	0.2075	1	0	0
0.8175	0.2125	1	0	0
0.8175	0.2175	1	0	0
0.8175	0.2225	1	0	0
0.8175	0.2275	1	0	0
0.8175	0.2325	1	0	0
0.8175	0.2375	1	0	0
0.8175	0.2425	1	0	0
0.8175	0.2475	1	0	0
0.8175	0.2525	1	0	0
0.8175	0.2575	1	0	0
0.8175	0.2625	1	0	0
0.8175	0.2675	1	0	0
0.8175	0.2725	1	0	0
0.8175	0.2775	1	0	0
0.8175	0.2825	1	0	0
0.8175	0.2875	1	0	0
0.8175	0.2925	1	0	0
0.8175	0.2975	1	0	0
0.8175	0.3025	1	0	0
0.8175	0.3075	1	0	0
0.8175	0.3125	1	0	0
0.8175	0.3175	1	0	0
0.8175	0.3225	1	0	0
0.8175	0.3275	1	0	0
0.8175	0.3325	1	0	0
0.8175	0.3375	1	0	0
0.8175	0.3425	1	0	0
0.8175	0.3475	1	0	0
0.8175	0.3525	1	0	0
0.8175	0.3575	1	0	0
0.8175	0.3625	1	0	0
0.8175	0.3675	1	0	0
0.8175	0.3725	1	0	0
0.8175	0.3775	1	0	0
0.8175	0.3825	1	0	0
0.8175	0.3875	1	0	0
0.8175	0.3925	1	0	0
0.8175	0.3975	1	0	0
0.8175	0.4025	1	0	0
0.8175	0.4075	1	0	0
0.8175	0.4125	1	0	0
0.8175	0.4175	1	0	0
0.8175	0.4225	1	0	0
0.8175	0.4275	1	0	0
0.8175	0.4325	1	0	0
0.8175	0.4375	1	0	0
0.8175	0.4425	1	0	0
0.8175	0.4475	1	0	0
0.8175	0.4525	1	0	0
0.8175	0.4575	1	0	0
0.8175	0.4625	1	0	0
0.8175	0.4675	1	0	0
0.8175	0.4725	1	0	0
0.8175	0.4775	1	0	0
0.8175	0.4825	1	0	0
0.8175	0.4875	1	0	0
0.8175	0.4925	1	0	0
0.8175	0.4975	1	0	0
0.8175	0.5025	1	0	0
0.8175	0.5075	1	0	0
0.8175	0.5125	1	0	0
0.8175	0.5175	1	0	0
0.8175	0.5225	1	0	0
0.8175	0.5275	1	0	0
0.8175	0.5325	1	0	0
0.8175	0.5375	1	0	0
0.8175	0.5425	1	0	0
0.8175	0.5475	1	0	0
0.8175	0.5525	1	0	0
0.8175	0.5575	1	0	0
0.8175	0.5625	1	0	0
0.8175	0.5675	1	0	0
0.8175	0.5725	1	0	0
0.8175	0.5775	1	0	0
0.8175	0.5825	1	0	0
0.8175	0.5875	1	0	0
0.8175	0.5925	1	0	0
0.8175	0.5975	1	0	0
0.8175	0.6025	1	0	0
0.8175	0.6075	1	0	0
0.8175	0.6125	1	0	0
0.8175	0.6175	1	0	0
0.8175	0.6225	1	0	0
0.8175	0.6275	1	0	0
0.8175	0.6325	1	0	0
0.8175	0.6375	1	0	0
0.8175	0.6425	1	0	0
0.8175	0.6475	1	0	0
0.8175	0.6525	1	0	0
0.8175	0.6575	1	0	0
0.8175	0.6625	1	0	0
0.8175	0.6675	1	0	0
0.8175	0.6725	1	0	0
0.8175	0.6775	1	0	0
0.8175	0.6825	1	0	0
0.8175	0.6875	1	0	0
0.8175	0.6925	1	0	0
0.8175	0.6975	1	0	0
0.8175	0.7025	1	0	0
0.8175	0.7075	1	0	0
0.8175	0.7125	1	0	0
0.8175	0.7175	1	0	0
0.8175	0.7225	1	0	0
0.8175	0.7275	1	0	0
0.8175	0.7325	1	0	0
0.8175	0.7375	1	0	0
0.8175	0.7425	1	0	0
0.8175	0.7475	1	0	0
0.8175	0.7525	1	0	0
0.8175	0.7575	1	0	0
0.8175	0.7625	1	0	0
0.8175	0.7675	1	0	0
0.8175	0.7725	1	0	0
0.8175	0.7775	1	0	0
0.8175	0.7825	1	0	0
0.8175	0.7875	1	0	0
0.8175	0.7925	1	0	0
0.8175	0.7975	1	0	0
0.8175	0.8025	1	0	0
0.8175	0.8075	1	0	0
0.8175	0.8125	1	0	0
0.8175	0.8175	1	0	0
0.8175	0.8225	1	0	0
0.8175	0.8275	1	0	0
0.8175	0.8325	1	0	0
0.8175	0.8375	1	0	0
0.8175	0.8425	1	0	0
0.8175	0.8475	1	0	0
0.8175	0.8525	1	0	0
0.8175	0.8575	1	0	0
0.8175	0.8625	1	0	0
0.8175	0.8675	1	0	0
0.8175	0.8725	1	0	0
0.8175	0.8775	1	0	0
0.8175	0.8825	1	0	0
0.8175	0.8875	1	0	0
0.8175	0.8925	1	0	0
0.8175	0.8975	1	0	0
0.8175	0.9025	1	0	0
0.8175	0.9075	1	0	0
0.8175	0.9125	1	0	0
0.8175	0.9175	1	0	0
0.8175	0.9225	1	0	0
0.8175	0.9275	1	0	0
0.8175	0.9325	1	0	0
0.8175	0.9375	1	0	0
0.8175	0.9425	1	0	0
0.8175	0.9475	1	0	0
0.8175	0.9525	1	0	0
0.8175	0.9575	1	0	0
0.8175	0.9625	1	0	0
0.8175	0.9675	1	0	0
0.8175	0.9725	1	0	0
0.8175	0.9775	1	0	0
0.8175	0.9825	1	0	0
0.8175	0.9875	1	0	0
0.8175	0.9925	1	0	0
0.8175	0.9975	1	0	0
0.8175	1.0025	1	0	0
0.8225	0.0075	1	0	0
0.8225	0.0125	1	0	0
0.8225	0.0175	1	0	0
0.8225	0.0225	1	0	0
0.8225	0.0275	1	0	0
0.8225	0.0325	1	0	0
0.8225	0.0375	1	0	0
0.8225	0.0425	1	0	0
0.8225	0.0475	1	0	0
0.8225	0.0525	1	0	0
0.8225	0.0575	1	0	0
0.8225	0.0625	1	0	0
0.8225	0.0675	1	0	0
0.8225	0.0725	1	0	0
0.8225	0.0775	1	0	0
0.8225	0.0825	1	0	0
0.8225	0.0875	1	0	0
0.8225	0.0925	1	0	0
0.8225	0.0975	1	0	0
0.8225	0.1025	1	0	0
0.8225	0.1075	1	0	0
0.8225	0.1125	1	0	0
0.8225	0.1175	1	0	0
0.8225	0.1225	1	0	0
0.8225	0.1275	1	0	0
0.8225	0.1325	1	0	0
0.8225	0.1375	1	0	0
0.8225	0.1425	1	0	0
0.8225	0.1475	1	0	0
0.8225	0.1525	1	0	0
0.8225	0.1575	1	0	0
0.8225	0.1625	1	0	0
0.8225	0.1675	1	0	0
0.8225	0.1725	1	0	0
0.8225	0.1775	1	0	0
0.8225	0.1825	1	0	0
0.8225	0.1875	1	0	0
0.8225	0.1925	1	0	0
0.8225	0.1975	1	0	0
0.8225	0.2025	1	0	0
0.8225	0.2075	1	0	0
0.8225	0.2125	1	0	0
0.8225	0.2175	1	0	0
0.8225	0.2225	1	0	0
0.8225	0.2275	1	0	0
0.8225	0.2325	1	0	0
0.8225	0.2375	1	0	0
0.8225	0.2425	1	0	0
0.8225	0.2475	1	0	0
0.8225	0.2525	1	0	0
0.8225	0.2575	1	0	0
0.8225	0.2625	1	0	0
0.8225	0.2675	1	0	0
0.8225	0.2725	1	0	0
0.8225	0.2775	1	0	0
0.8225	0.2825	1	0	0
0.8225	0.2875	1	0	0
0.8225	0.2925	1	0	0
0.8225	0.2975	1	0	0
0.8225	0.3025	1	0	0
0.8225	0.3075	1	0	0
0.8225	0.3125	1	0	0
0.8225	0.3175	1	0	0
0.8225	0.3225	1	0	0
0.8225	0.3275	1	0	0
0.8225	0.3325	1	0	0
0.8225	0.3375	1	0	0
0.8225	0.3425	1	0	0
0.8225	0.3475	1	0	0
0.8225	0.3525	1	0	0
0.8225	0.3575	1	0	0
0.8225	0.3625	1	0	0
0.8225	0.3675	1	0	0
0.8225	0.3725	1	0	0
0.8225	0.3775	1	0	0
0.8225	0.3825	1	0	0
0.8225	0.3875	1	0	0
0.8225	0.3925	1	0	0
0.8225	0.3975	1	0	0
0.8225	0.4025	1	0	0
0.8225	0.4075	1	0	0
0.8225	0.4125	1	0	0
0.8225	0.4175	1	0	0
0.8225	0.4225	1	0	0
0.8225	0.4275	1	0	0
0.8225	0.4325	1	0	0
0.8225	0.4375	1	0	0
0.8225	0.4425	1	0	0
0.8225	0.4475	1	0	0
0.8225	0.4525	1	0	0
0.8225	0.4575	1	0	0
0.8225	0.4625	1	0	0
0.8225	0.4675	1	0	0
0.8225	0.4725	1	0	0
0.8225	0.4775	1	0	0
0.8225	0.4825	1	0	0
0.8225	0.4875	1	0	0
0.8225	0.4925	1	0	0
0.8225	0.4975	1	0	0
0.8225	0.5025	1	0	0
0.8225	0.5075	1	0	0
0.8225	0.5125	1	0	0
0.8225	0.5175	1	0	0
0.8225	0.5225	1	0	0
0.8225	0.5275	1	0	0
0.8225	0.5325	1	0	0
0.8225	0.5375	1	0	0
0.8225	0.5425	1	0	0
0.8225	0.5475	1	0	0
0.8225	0.5525	1	0	0
0.8225	0.5575	1	0	0
0.8225	0.5625	1	0	0
0.8225	0.5675	1	0	0
0.8225	0.5725	1	0	0
0.8225	0.5775	1	0	0
0.8225	0.5825	1	0	0
0.8225	0.5875	1	0	0
0.8225	0.5925	1	0	0
0.8225	0.5975	1	0	0
0.8225	0.6025	1	0	0
0.8225	0.6075	1	0	0
0.8225	0.6125	1	0	0
0.8225	0.6175	1	0	0
0.8225	0.6225	1	0	0
0.8225	0.6275	1	0	0
0.8225	0.6325	1	0	0
0.8225	0.6375	1	0	0
0.8225	0.6425	1	0	0
0.8225	0.6475	1	0	0
0.8225	0.6525	1	0	0
0.8225	0.6575	1	0	0
0.8225	0.6625	1	0	0
0.8225	0.6675	1	0	0
0.8225	0.6725	1	0	0
0.8225	0.6775	1	0	0
0.8225	0.6825	1	0	0
0.8225	0.6875	1	0	0
0.8225	0.6925	1	0	0
0.8225	0.6975	1	0	0
0.8225	0.7025	1	0	0
0.8225	0.7075	1	0	0
0.8225	0.7125	1	0	0
0.8225	0.7175	1	0	0
0.8225	0.7225	1	0	0
0.8225	0.7275	1	0	0
0.8225	0.7325	1	0	0
0.8225	0.7375	1	0	0
0.8225	0.7425	1	0	0
0.8225	0.7475	1	0	0
0.8225	0.7525	1	0	0
0.8225	0.7575	1	0	0
0.8225	0.7625	1	0	0
0.8225	0.7675	1	0	0
0.8225	0.7725	1	0	0
0.8225	0.7775	1	0	0
0.8225	0.7825	1	0	0
0.8225	0.7875	1	0	0
0.8225	0.7925	1	0	0
0.8225	0.7975	1	0	0
0.8225	0.8025	1	0	0
0.8225	0.8075	1	0	0
0.8225	0.8125	1	0	0
0.8225	0.8175	1	0	0
0.8225	0.8225	1	0	0
0.8225	0.8275	1	0	0
0.8225	0.8325	1	0	0
0.8225	0.8375	1	0	0
0.8225	0.8425	1	0	0
0.8225	0.8475	1	0	0
0.8225	0.8525	1	0	0
0.8225	0.8575	1	0	0
0.8225	0.8625	1	0	0
0.8225	0.8675	1	0	0
0.8225	0.8725	1	0	0
0.8225	0.8775	1	0	0
0.8225	0.8825	1	0	0
0.8225	0.8875	1	0	0
0.8225	0.8925	1	0	0
0.8225	0.8975	1	0	0
0.8225	0.9025	1	0	0
0.8225	0.9075	1	0	0
0.8225	0.9125	1	0	0
0.8225	0.9175	1	0	0
0.8225	0.9225	1	0	0
0.8225	0.9275	1	0	0
0.8225	0.9325	1	0	0
0.8225	0.9375	1	0	0
0.8225	0.9425	1	0	0
0.8225	0.9475	1	0	0
0.8225	0.9525	1	0	0
0.8225	0.9575	1	0	0
0.8225	0.9625	1	0	0
0.8225	0.9675	1	0	0
0.8225	0.9725	1	0	0
0.8225	0.9775	1	0	0
0.8225	0.9825	1	0	0
0.8225	0.9875	1	0	0
0.8225	0.9925	1	0	0
0.8225	0.9975	1	0	0
0.8225	1.0025	1	0	0
0.8275	0.0075	1	0	0
0.8275	0.0125	1	0	0
0.8275	0.0175	1	0	0
0.8275	0.0225	1	0	0
0.8275	0.0275	1	0	0
0.8275	0.0325	1	0	0
0.8275	0.0375	1	0	0
0.8275	0.0425	1	0	0
0.8275	0.0475	1	0	0
0.8275	0.0525	1	0	0
0.8275	0.0575	1	0	0
0.8275	0.0625	1	0	0
0.8275	0.0675	1	0	0
0.8275	0.0725	1	0	0
0.8275	0.0775	1	0	0
0.8275	0.0825	1	0	0
0.8275	0.0875	1	0	0
0.8275	0.0925	1	0	0
0.8275	0.0975	1	0	0
0.8275	0.1025	1	0	0
0.8275	0.1075	1	0	0
0.8275	0.1125	1	0	0
0.8275	0.1175	1	0	0
0.8275	0.1225	1	0	0
0.8275	0.1275	1	0	0
0.8275	0.1325	1	0	0
0.8275	0.1375	1	0	0
0.8275	0.1425	1	0	0
0.8275	0.1475	1	0	0
0.8275	0.1525	1	0	0
0.8275	0.1575	1	0	0
0.8275	0.1625	1	0	0
0.8275	0.1675	1	0	0
0.8275	0.1725	1	0	0
0.8275	0.1775	1	0	0
0.8275	0.1825	1	0	0
0.8275	0.1875	1	0	0
0.8275	0.1925	1	0	0
0.8275	0.1975	1	0	0
0.8275	0.2025	1	0	0
0.8275	0.2075	1	0	0
0.8275	0.2125	1	0	0
0.8275	0.2175	1	0	0
0.8275	0.2225	1	0	0
0.8275	0.2275	1	0	0
0.8275	0.2325	1	0	0
0.8275	0.2375	1	0	0
0.8275	0.2425	1	0	0
0.8275	0.2475	1	0	0
0.8275	0.2525	1	0	0
0.8275	0.2575	1	0	0
0.8275	0.2625	1	0	0
0.8275	0.2675	1	0	0
0.8275	0.2725	1	0	0
0.8275	0.2775	1	0	0
0.8275	0.2825	1	0	0
0.8275	0.2875	1	0	0
0.8275	0.2925	1	0	0
0.8275	0.2975	1	0	0
0.8275	0.3025	1	0	0
0.8275	0.3075	1	0	0
0.8275	0.3125	1	0	0
0.8275	0.3175	1	0	0
0.8275	0.3225	1	0	0
0.8275	0.3275	1	0	0
0.8275	0.3325	1	0	0
0.8275	0.3375	1	0	0
0.8275	0.3425	1	0	0
0.8275	0.3475	1	0	0
0.8275	0.3525	1	0	0
0.8275	0.3575	1	0	0
0.8275	0.3625	1	0	0
0.8275	0.3675	1	0	0
0.8275	0.3725	1	0	0
0.8275	0.3775	1	0	0
0.8275	0.3825	1	0	0
0.8275	0.3875	1	0	0
0.8275	0.3925	1	0	0
0.8275	0.3975	1	0	0
0.8275	0.4025	1	0	0
0.8275	0.4075	1	0	0
0.8275	0.4125	1	0	0
0.8275	0.4175	1	0	0
0.8275	0.4225	1	0	0
0.8275	0.4275	1	0	0
0.8275	0.4325	1	0	0
0.8275	0.4375	1	0	0
0.8275	0.4425	1	0	0
0.8275	0.4475	1	0	0
0.8275	0.4525	1	0	0
0.8275	0.4575	1	0	0
0.8275	0.4625	1	0	0
0.8275	0.4675	1	0	0
0.8275	0.4725	1	0	0
0.8275	0.4775	1	0	0
0.8275	0.4825	1	0	0
0.8275	0.4875	1	0	0
0.8275	0.4925	1	0	0
0.8275	0.4975	1	0	0
0.8275	0.5025	1	0	0
0.8275	0.5075	1	0	0
0.8275	0.5125	1	0	0
0.8275	0.5175	1	0	0
0.8275	0.5225	1	0	0
0.8275	0.5275	1	0	0
0.8275	0.5325	1	0	0
0.8275	0.5375	1	0	0
0.8275	0.5425	1	0	0
0.8275	0.5475	1	0	0
0.8275	0.5525	1	0	0
0.8275	0.5575	1	0	0
0.8275	0.5625	1	0	0
0.8275	0.5675	1	0	0
0.8275	0.5725	1	0	0
0.8275	0.5775	1	0	0
0.8275	0.5825	1	0	0
0.8275	0.5875	1	0	0
0.8275	0.5925	1	0	0
0.8275	0.5975	1	0	0
0.8275	0.6025	1	0	0
0.8275	0.6075	1	0	0
0.8275	0.6125	1	0	0
0.8275	0.6175	1	0	0
0.8275	0.6225	1	0	0
0.8275	0.6275	1	0	0
0.8275	0.6325	1	0	0
0.8275	0.6375	1	0	0
0.8275	0.6425	1	0	0
0.8275	0.6475	1	0	0
0.8275	0.6525	1	0	0
0.8275	0.6575	1	0	0
0.8275	0.6625	1	0	0
0.8275	0.6675	1	0	0
0.8275	0.6725	1	0	0
0.8275	0.6775	1	0	0
0.8275	0.6825	1	0	0
0.8275	0.6875	1	0	0
0.8275	0.6925	1	0	0
0.8275	0.6975	1	0	0
0.8275	0.7025	1	0	0
0.8275	0.7075	1	0	0
0.8275	0.7125	1	0	0
0.8275	0.7175	1	0	0
0.8275	0.7225	1	0	0
0.8275	0.7275	1	0	0
0.8275	0.7325	1	0	0
0.8275	0.7375	1	0	0
0.8275	0.7425	1	0	0
0.8275	0.7475	1	0	0
0.8275	0.7525	1	0	0
0.8275	0.7575	1	0	0
0.8275	0.7625	1	0	0
0.8275	0.7675	1	0	0
0.8275	0.7725	1	0	0
0.8275	0.7775	1	0	0
0.8275	0.7825	1	0	0
0.8275	0.7875	1	0	0
0.8275	0.7925	1	0	0
0.8275	0.7975	1	0	0
0.8275	0.8025	1	0	0
0.8275	0.8075	1	0	0
0.8275	0.8125	1	0	0
0.8275	0.8175	1	0	0
0.8275	0.8225	1	0	0
0.8275	0.8275	1	0	0
0.8275	0.8325	1	0	0
0.8275	0.8375	1	0	0
0.8275	0.8425	1	0	0
0.8275	0.8475	1	0	0
0.8275	0.8525	1	0	0
0.8275	0.8575	1	0	0
0.8275	0.8625	1	0	0
0.8275	0.8675	1	0	0
0.8275	0.8725	1	0	0
0.8275	0.8775	1	0	0
0.8275	0.8825	1	0	0
0.8275	0.8875	1	0	0
0.8275	0.8925	1	0	0
0.8275	0.8975	1	0	0
0.8275	0.9025	1	0	0
0.8275	0.9075	1	0	0
0.8275	0.9125	1	0	0
0.8275	0.9175	1	0	0
0.8275	0.9225	1	0	0
0.8275	0.9275	1	0	0
0.8275	0.9325	1	0	0
0.8275	0.9375	1	0	0
0.8275	0.9425	1	0	0
0.8275	0.9475	1	0	0
0.8275	0.9525	1	0	0
0.8275	0.9575	1	0	0
0.8275	0.9625	1	0	0
0.8275	0.9675	1	0	0
0.8275	0.9725	1	0	0
0.8275	0.9775	1	0	0
0.8275	0.9825	1	0	0
0.8275	0.9875	1	0	0
0.8275	0.9925	1	0	0
0.8275	0.9975	1	0	0
0.8275	1.0025	1	0	0
0.8325	0.0075	1	0	0
0.8325	0.0125	1	0	0
0.8325	0.0175	1	0	0
0.8325	0.0225	1	0	0
0.8325	0.0275	1	0	0
0.8325	0.0325	1	0	0
0.8325	0.0375	1	0	0
0.8325	0.0425	1	0	0
0.8325	0.0475	1	0	0
0.8325	0.0525	1	0	0
0.8325	0.0575	1	0	0
0.8325	0.0625	1	0	0
0.8325	0.0675	1	0	0
0.8325	0.0725	1	0	0
0.8325	0.0775	1	0	0
0.8325	0.0825	1	0	0
0.8325	0.0875	1	0	0
0.8325	0.0925	1	0	0
0.8325	0.0975	1	0	0
0.8325	0.1025	1	0	0
0.8325	0.1075	1	0	0
0.8325	0.1125	1	0	0
0.8325	0.1175	1	0	0
0.8325	0.1225	1	0	0
0.8325	0.1275	1	0	0
0.8325	0.1325	1	0	0
0.8325	0.1375	1	0	0
0.8325	0.1425	1	0	0
0.8325	0.1475	1	0	0
0.8325	0.1525	1	0	0
0.8325	0.1575	1	0	0
0.8325	0.1625	1	0	0
0.8325	0.1675	1	0	0
0.8325	0.1725	1	0	0
0.8325	0.1775	1	0	0
0.8325	0.1825	1	0	0
0.8325	0.1875	1	0	0
0.8325	0.1925	1	0	0
0.8325	0.1975	1	0	0
0.8325	0.2025	1	0	0
0.8325	0.2075	1	0	0
0.8325	0.2125	1	0	0
0.8325	0.2175	1	0	0
0.8325	0.2225	1	0	0
0.8325	0.2275	1	0	0
0.8325	0.2325	1	0	0
0.8325	0.2375	1	0	0
0.8325	0.2425	1	0	0
0.8325	0.2475	1	0	0
0.8325	0.2525	1	0	0
0.8325	0.2575	1	0	0
0.8325	0.2625	1	0	0
0.8325	0.2675	1	0	0
0.8325	0.2725	1	0	0
0.8325	0.2775	1	0	0
0.8325	0.2825	1	0	0
0.8325	0.2875	1	0	0
0.8325	0.2925	1	0	0
0.8325	0.2975	1	0	0
0.8325	0.3025	1	0	0
0.8325	0.3075	1	0	0
0.8325	0.3125	1	0	0
0.8325	0.3175	1	0	0
0.8325	0.3225	1	0	0
0.8325	0.3275	1	0	0
0.8325	0.3325	1	0	0
0.8325	0.3375	1	0	0
0.8325	0.3425	1	0	0
0.8325	0.3475	1	0	0
0.8325	0.3525	1	0	0
0.8325	0.3575	1	0	0
0.8325	0.3625	1	0	0
0.8325	0.3675	1	0	0
0.8325	0.3725	1	0	0
0.8325	0.3775	1	0	0
0.8325	0.3825	1	0	0
0.8325	0.3875	1	0	0
0.8325	0.3925	1	0	0
0.8325	0.3975	1	0	0
0.8325	0.4025	1	0	0
0.8325	0.4075	1	0	0
0.8325	0.4125	1	0	0
0.8325	0.4175	1	0	0
0.8325	0.4225	1	0	0
0.8325	0.4275	1	0	0
0.8325	0.4325	1	0	0
0.8325	0.4375	1	0	0
0.8325	0.4425	1	0	0
0.8325	0.4475	1	0	0
0.8325	0.4525	1	0	0
0.8325	0.4575	1	0	0
0.8325	0.4625	1	0	0
0.8325	0.4675	1	0	0
0.8325	0.4725	1	0	0
0.8325	0.4775	1	0	0
0.8325	0.4825	1	0	0
0.8325	0.4875	1	0	0
0.8325	0.4925	1	0	0
0.8325	0.4975	1	0	0
0.8325	0.5025	1	0	0
0.8325	0.5075	1	0	0
0.8325	0.5125	1	0	0
0.8325	0.5175	1	0	0
0.8325	0.5225	1	0	0
0.8325	0.5275	1	0	0
0.8325	0.5325	1	0	0
0.8325	0.5375	1	0	0
0.8325	0.5425	1	0	0
0.8325	0.5475	1	0	0
0.8325	0.5525	1	0	0
0.8325	0.5575	1	0	0
0.8325	0.5625	1	0	0
0.8325	0.5675	1	0	0
0.8325	0.5725	1	0	0
0.8325	0.5775	1	0	0
0.8325	0.5825	1	0	0
0.8325	0.5875	1	0	0
0.8325	0.5925	1	0	0
0.8325	0.5975	1	0	0
0.8325	0.6025	1	0	0
0.8325	0.6075	1	0	0
0.8325	0.6125	1	0	0
0.8325	0.6175	1	0	0
0.8325	0.6225	1	0	0
0.8325	0.6275	1	0	0
0.8325	0.6325	1	0	0
0.8325	0.6375	1	0	0
0.8325	0.6425	1	0	0
0.8325	0.6475	1	0	0
0.8325	0.6525	1	0	0
0.8325	0.6575	1	0	0
0.8325	0.6625	1	0	0
0.8325	0.6675	1	0	0
0.8325	0.6725	1	0	0
0.8325	0.6775	1	0	0
0.8325	0.6825	1	0	0
0.8325	0.6875	1	0	0
0.8325	0.6925	1	0	0
0.8325	0.6975	1	0	0
0.8325	0.7025	1	0	0
0.8325	0.7075	1	0	0
0.8325	0.7125	1	0	0
0.8325	0.7175	1	0	0
0.8325	0.7225	1	0	0
0.8325	0.7275	1	0	0
0.8325	0.7325	1	0	0
0.8325	0.7375	1	0	0
0.8325	0.7425	1	0	0
0.8325	0.7475	1	0	0
0.8325	0.7525	1	0	0
0.8325	0.7575	1	0	0
0.8325	0.7625	1	0	0
0.8325	0.7675	1	0	0
0.8325	0.7725	1	0	0
0.8325	0.7775	1	0	0
0.8325	0.7825	1	0	0
0.8325	0.7875	1	0	0
0.8325	0.7925	1	0	0
0.8325	0.7975	1	0	0
0.8325	0.8025	1	0	0
0.8325	0.8075	1	0	0
0.8325	0.8125	1	0	0
0.8325	0.8175	1	0	0
0.8325	0.8225	1	0	0
0.8325	0.8275	1	0	0
0.8325	0.8325	1	0	0
0.8325	0.8375	1	0	0
0.8325	0.8425	1	0	0
0.8325	0.8475	1	0	0
0.8325	0.8525	1	0	0
0.8325	0.8575	1	0	0
0.8325	0.8625	1	0	0
0.8325	0.8675	1	0	0
0.8325	0.8725	1	0	0
0.8325	0.8775	1	0	0
0.8325	0.8825	1	0	0
0.8325	0.8875	1	0	0
0.8325	0.8925	1	0	0
0.8325	0.8975	1	0	0
0.8325	0.9025	1	0	0
0.8325	0.9075	1	0	0
0.8325	0.9125	1	0	0
0.8325	0.9175	1	0	0
0.8325	0.9225	1	0	0
0.8325	0.9275	1	0	0
0.8325	0.9325	1	0	0
0.8325	0.9375	1	0	0
0.8325	0.9425	1	0	0
0.8325	0.9475	1	0	0
0.8325	0.9525	1	0	0
0.8325	0.9575	1	0	0
0.8325	0.9625	1	0	0
0.8325	0.9675	1	0	0
0.8325	0.9725	1	0	0
0.8325	0.9775	1	0	0
0.8325	0.9825	1	0	0
0.8325	0.9875	1	0	0
0.8325	0.9925	1	0	0
0.8325	0.9975	1	0	0
0.8325	1.0025	1	0	0
0.8375	0.0075	1	0	0
0.8375	0.0125	1	0	0
0.8375	0.0175	1	0	0
0.8375	0.0225	1	0	0
0.8375	0.0275	1	0	0
0.8375	0.0325	1	0	0
0.8375	0.0375	1	0	0
0.8375	0.0425	1	0	0
0.8375	0.0475	1	0	0
0.8375	0.0525	1	0	0
0.8375	0.0575	1	0	0
0.8375	0.0625	1	0	0
0.8375	0.0675	1	0	0
0.8375	0.0725	1	0	0
0.8375	0.0775	1	0	0
0.8375	0.0825	1	0	0
0.8375	0.0875	1	0	0
0.8375	0.0925	1	0	0
0.8375	0.0975	1	0	0
0.8375	0.1025	1	0	0
0.8375	0.1075	1	0	0
0.8375	0.1125	1	0	0
0.8375	0.1175	1	0	0
0.8375	0.1225	1	0	0
0.8375	0.1275	1	0	0
0.8375	0.1325	1	0	0
0.8375	0.1375	1	0	0
0.8375	0.1425	1	0	0
0.8375	0.1475	1	0	0
0.8375	0.1525	1	0	0
0.8375	0.1575	1	0	0
0.8375	0.1625	1	0	0
0.8375	0.1675	1	0	0
0.8375	0.1725	1	0	0
0.8375	0.1775	1	0	0
0.8375	0.1825	1	0	0
0.8375	0.1875	1	0	0
0.8375	0.1925	1	0	0
0.8375	0.1975	1	0	0
0.8375	0.2025	1	0	0
0.8375	0.2075	1	0	0
0.8375	0.2125	1	0	0
0.8375	0.2175	1	0	0
0.8375	0.2225	1	0	0
0.8375	0.2275	1	0	0
0.8375	0.2325	1	0	0
0.8375	0.2375	1	0	0
0.8375	0.2425	1	0	0
0.8375	0.2475	1	0	0
0.8375	0.2525	1	0	0
0.8375	0.2575	1	0	0
0.8375	0.2625	1	0	0
0.8375	0.2675	1	0	0
0.8375	0.2725	1	0	0
0.8375	0.2775	1	0	0
0.8375	0.2825	1	0	0
0.8375	0.2875	1	0	0
0.8375	0.2925	1	0	0
0.8375	0.2975	1	0	0
0.8375	0.3025	1	0	0
0.8375	0.3075	1	0	0
0.8375	0.3125	1	0	0
0.8375	0.3175	1	0	0
0.8375	0.3225	1	0	0
0.8375	0.3275	1	0	0
0.8375	0.3325	1	0	0
0.8375	0.3375	1	0	0
0.8375	0.3425	1	0	0
0.8375	0.3475	1	0	0
0.8375	0.3525	1	0	0
0.8375	0.3575	1	0	0
0.8375	0.3625	1	0	0
0.8375	0.3675	1	0	0
0.8375	0.3725	1	0	0
0.8375	0.3775	1	0	0
0.8375	0.3825	1	0	0
0.8375	0.3875	1	0	0
0.8375	0.3925	1	0	0
0.8375	0.3975	1	0	0
0.8375	0.4025	1	0	0
0.8375	0.4075	1	0	0
0.8375	0.4125	1	0	0
0.8375	0.4175	1	0	0
0.8375	0.4225	1	0	0
0.8375	0.4275	1	0	0
0.8375	0.4325	1	0	0
0.8375	0.4375	1	0	0
0.8375	0.4425	1	0	0
0.8375	0.4475	1	0	0
0.8375	0.4525	1	0	0
0.8375	0.4575	1	0	0
0.8375	0.4625	1	0	0
0.8375	0.4675	1	0	0
0.8375	0.4725	1	0	0
0.8375	0.4775	1	0	0
0.8375	0.4825	1	0	0
0.8375	0.4875	1	0	0
0.8375	0.4925	1	0	0
0.8375	0.4975	1	0	0
0.8375	0.5025	1	0	0
0.8375	0.5075	1	0	0
0.8375	0.5125	1	0	0
0.8375	0.5175	1	0	0
0.8375	0.5225	1	0	0
0.8375	0.5275	1	0	0
0.8375	0.5325	1	0	0
0.8375	0.5375	1	0	0
0.8375	0.5425	1	0	0
0.8375	0.5475	1	0	0
0.8375	0.5525	1	0	0
0.8375	0.5575	1	0	0
0.8375	0.5625	1	0	0
0.8375	0.5675	1	0	0
0.8375	0.5725	1	0	0
0.8375	0.5775	1	0	0
0.8375	0.5825	1	0	0
0.8375	0.5875	1	0	0
0.8375	0.5925	1	0	0
0.8375	0.5975	1	0	0
0.8375	0.6025	1	0	0
0.8375	0.6075	1	0	0
0.8375	0.6125	1	0	0
0.8375	0.6175	1	0	0
0.8375	0.6225	1	0	0
0.8375	0.6275	1	0	0
0.8375	0.6325	1	0	0
0.8375	0.6375	1	0	0
0.8375	0.6425	1	0	0
0.8375	0.6475	1	0	0
0.8375	0.6525	1	0	0
0.8375	0.6575	1	0	0
0.8375	0.6625	1	0	0
0.8375	0.6675	1	0	0
0.8375	0.6725	1	0	0
0.8375	0.6775	1	0	0
0.8375	0.6825	1	0	0
0.8375	0.6875	1	0	0
0.8375	0.6925	1	0	0
0.8375	0.6975	1	0	0
0.8375	0.7025	1	0	0
0.8375	0.7075	1	0	0
0.8375	0.7125	1	0	0
0.8375	0.7175	1	0	0
0.8375	0.7225	1	0	0
0.8375	0.7275	1	0	0
0.8375	0.7325	1	0	0
0.8375	0.7375	1	0	0
0.8375	0.7425	1	0	0
0.8375	0.7475	1	0	0
0.8375	0.7525	1	0	0
0.8375	0.7575	1	0	0
0.8375	0.7625	1	0	0
0.8375	0.7675	1	0	0
0.8375	0.7725	1	0	0
0.8375	0.7775	1	0	0
0.8375	0.7825	1	0	0
0.8375	0.7875	1	0	0
0.8375	0.7925	1	0	0
0.8375	0.7975	1	0	0
0.8375	0.8025	1	0	0
0.8375	0.8075	1	0	0
0.8375	0.8125	1	0	0
0.8375	0.8175	1	0	0
0.8375	0.8225	1	0	0
0.8375	0.8275	1	0	0
0.8375	0.8325	1	0	0
0.8375	0.8375	1	0	0
0.8375	0.8425	1	0	0
0.8375	0.8475	1	0	0
0.8375	0.8525	1	0	0
0.8375	0.8575	1	0	0
0.8375	0.8625	1	0	0
0.8375	0.8675	1	0	0
0.8375	0.8725	1	0	0
0.8375	0.8775	1	0	0
0.8375	0.8825	1	0	0
0.8375	0.8875	1	0	0
0.8375	0.8925	1	0	0
0.8375	0.8975	1	0	0
0.8375	0.9025	1	0	0
0.8375	0.9075	1	0	0
0.8375	0.9125	1	0	0
0.8375	0.9175	1	0	0
0.8375	0.9225	1	0	0
0.8375	0.9275	1	0	0
0.8375	0.9325	1	0	0
0.8375	0.9375	1	0	0
0.8375	0.9425	1	0	0
0.8375	0.9475	1	0	0
0.8375	0.9525	1	0	0
0.8375	0.9575	1	0	0
0.8375	0.9625	1	0	0
0.8375	0.9675	1	0	0
0.8375	0.9725	1	0	0
0.8375	0.9775	1	0	0
0.8375	0.9825	1	0	0
0.8375	0.9875	1	0	0
0.8375	0.9925	1	0	0
0.8375	0.9975	1	0	0
0.8375	1.0025	1	0	0
0.8425	0.0075	1	0	0
0.8425	0.0125	1	0	0
0.8425	0.0175	1	0	0
0.8425	0.0225	1	0	0
0.8425	0.0275	1	0	0
0.8425	0.0325	1	0	0
0.8425	0.0375	1	0	0
0.8425	0.0425	1	0	0
0.8425	0.0475	1	0	0
0.8425	0.0525	1	0	0
0.8425	0.0575	1	0	0
0.8425	0.0625	1	0	0
0.8425	0.0675	1	0	0
0.8425	0.0725	1	0	0
0.8425	0.0775	1	0	0
0.8425	0.0825	1	0	0
0.8425	0.0875	1	0	0
0.8425	0.0925	1	0	0
0.8425	0.0975	1	0	0
0.8425	0.1025	1	0	0
0.8425	0.1075	1	0	0
0.8425	0.1125	1	0	0
0.8425	0.1175	1	0	0
0.8425	0.1225	1	0	0
0.8425	0.1275	1	0	0
0.8425	0.1325	1	0	0
0.8425	0.1375	1	0	0
0.8425	0.1425	1	0	0
0.8425	0.1475	1	0	0
0.8425	0.1525	1	0	0
0.8425	0.1575	1	0	0
0.8425	0.1625	1	0	0
0.8425	0.1675	1	0	0
0.8425	0.1725	1	0	0
0.8425	0.1775	1	0	0
0.8425	0.1825	1	0	0
0.8425	0.1875	1	0	0
0.8425	0.1925	1	0	0
0.8425	0.1975	1	0	0
0.8425	0.2025	1	0	0
0.8425	0.2075	1	0	0
0.8425	0.2125	1	0	0
0.8425	0.2175	1	0	0
0.8425	0.2225	1	0	0
0.8425	0.2275	1	0	0
0.8425	0.2325	1	0	0
0.8425	0.2375	1	0	0
0.8425	0.2425	1	0	0
0.8425	0.2475	1	0	0
0.8425	0.2525	1	0	0
0.8425	0.2575	1	0	0
0.8425	0.2625	1	0	0
0.8425	0.2675	1	0	0
0.8425	0.2725	1	0	0
0.8425	0.2775	1	0	0
0.8425	0.2825	1	0	0
0.8425	0.2875	1	0	0
0.8425	0.2925	1	0	0
0.8425	0.2975	1	0	0
0.8425	0.3025	1	0	0
0.8425	0.3075	1	0	0
0.8425	0.3125	1	0	0
0.8425	0.3175	1	0	0
0.8425	0.3225	1	0	0
0.8425	0.3275	1	0	0
0.8425	0.3325	1	0	0
0.8425	0.3375	1	0	0
0.8425	0.3425	1	0	0
0.8425	0.3475	1	0	0
0.8425	0.3525	1	0	0
0.8425	0.3575	1	0	0
0.8425	0.3625	1	0	0
0.8425	0.3675	1	0	0
0.8425	0.3725	1	0	0
0.8425	0.3775	1	0	0
0.8425	0.3825	1	0	0
0.8425	0.3875	1	0	0
0.8425	0.3925	1	0	0
0.8425	0.3975	1	0	0
0.8425	0.4025	1	0	0
0.8425	0.4075	1	0	0
0.8425	0.4125	1	0	0
0.8425	0.4175	1	0	0
0.8425	0.4225	1	0	0
0.8425	0.4275	1	0	0
0.8425	0.4325	1	0	0
0.8425	0.4375	1	0	0
0.8425	0.4425	1	0	0
0.8425	0.4475	1	0	0
0.8425	0.4525	1	0	0
0.8425	0.4575	1	0	0
0.8425	0.4625	1	0	0
0.8425	0.4675	1	0	0
0.8425	0.4725	1	0	0
0.8425	0.4775	1	0	0
0.8425	0.4825	1	0	0
0.8425	0.4875	1	0	0
0.8425	0.4925	1	0	0
0.8425	0.4975	1	0	0
0.8425	0.5025	1	0	0
0.8425	0.5075	1	0	0
0.8425	0.5125	1	0	0
0.8425	0.5175	1	0	0
0.8425	0.5225	1	0	0
0.8425	0.5275	1	0	0
0.8425	0.5325	1	0	0
0.8425	0.5375	1	0	0
0.8425	0.5425	1	0	0
0.8425	0.5475	1	0	0
0.8425	0.5525	1	0	0
0.8425	0.5575	1	0	0
0.8425	0.5625	1	0	0
0.8425	0.5675	1	0	0
0.8425	0.5725	1	0	0
0.8425	0.5775	1	0	0
0.8425	0.5825	1	0	0
0.8425	0.5875	1	0	0
0.8425	0.5925	1	0	0
0.8425	0.5975	1	0	0
0.8425	0.6025	1	0	0
0.8425	0.6075	1	0	0
0.8425	0.6125	1	0	0
0.8425	0.6175	1	0	0
0.8425	0.6225	1	0	0
0.8425	0.6275	1	0	0
0.8425	0.6325	1	0	0
0.8425	0.6375	1	0	0
0.8425	0.6425	1	0	0
0.8425	0.6475	1	0	0
0.8425	0.6525	1	0	0
0.8425	0.6575	1	0	0
0.8425	0.6625	1	0	0
0.8425	0.6675	1	0	0
0.8425	0.6725	1	0	0
0.8425	0.6775	1	0	0
0.8425	0.6825	1	0	0
0.8425	0.6875	1	0	0
0.8425	0.6925	1	0	0
0.8425	0.6975	1	0	0
0.8425	0.7025	1	0	0
0.8425	0.7075	1	0	0
0.8425	0.7125	1	0	0
0.8425	0.7175	1	0	0
0.8425	0.7225	1	0	0
0.8425	0.7275	1	0	0
0.8425	0.7325	1	0	0
0.8425	0.7375	1	0	0
0.8425	0.7425	1	0	0
0.8425	0.7475	1	0	0
0.8425	0.7525	1	0	0
0.8425	0.7575	1	0	0
0.8425	0.7625	1	0	0
0.8425	0.7675	1	0	0
0.8425	0.7725	1	0	0
0.8425	0.7775	1	0	0
0.8425	0.7825	1	0	0
0.8425	0.7875	1	0	0
0.8425	0.7925	1	0	0
0.8425	0.7975	1	0	0
0.8425	0.8025	1	0	0
0.8425	0.8075	1	0	0
0.8425	0.8125	1	0	0
0.8425	0.8175	1	0	0
0.8425	0.8225	1	0	0
0.8425	0.8275	1	0	0
0.8425	0.8325	1	0	0
0.8425	0.8375	1	0	0
0.8425	0.8425	1	0	0
0.8425	0.8475	1	0	0
0.8425	0.8525	1	0	0
0.8425	0.8575	1	0	0
0.8425	0.8625	1	0	0
0.8425	0.8675	1	0	0
0.8425	0.8725	1	0	0
0.8425	0.8775	1	0	0
0.8425	0.8825	1	0	0
0.8425	0.8875	1	0	0
0.8425	0.8925	1	0	0
0.8425	0.8975	1	0	0
0.8425	0.9025	1	0	0
0.8425	0.9075	1	0	0
0.8425	0.9125	1	0	0
0.8425	0.9175	1	0	0
0.8425	0.9225	1	0	0
0.8425	0.9275	1	0	0
0.8425	0.9325	1	0	0
0.8425	0.9375	1	0	0
0.8425	0.9425	1	0	0
0.8425	0.9475	1	0	0
0.8425	0.9525	1	0	0
0.8425	0.9575	1	0	0
0.8425	0.9625	1	0	0
0.8425	0.9675	1	0	0
0.8425	0.9725	1	0	0
0.8425	0.9775	1	0	0
0.8425	0.9825	1	0	0
0.8425	0.9875	1	0	0
0.8425	0.9925	1	0	0
0.8425	0.9975	1	0	0
0.8425	1.0025	1	0	0
0.8475	0.0075	1	0	0
0.8475	0.0125	1	0	0
0.8475	0.0175	1	0	0
0.8475	0.0225	1	0	0
0.8475	0.0275	1	0	0
0.8475	0.0325	1	0	0
0.8475	0.0375	1	0	0
0.8475	0.0425	1	0	0
0.8475	0.0475	1	0	0
0.8475	0.0525	1	0	0
0.8475	0.0575	1	0	0
0.8475	0.0625	1	0	0
0.8475	0.0675	1	0	0
0.8475	0.0725	1	0	0
0.8475	0.0775	1	0	0
0.8475	0.0825	1	0	0
0.8475	0.0875	1	0	0
0.8475	0.0925	1	0	0
0.8475	0.0975	1	0	0
0.8475	0.1025	1	0	0
0.8475	0.1075	1	0	0
0.8475	0.1125	1	0	0
0.8475	0.1175	1	0	0
0.8475	0.1225	1	0	0
0.8475	0.1275	1	0	0
0.8475	0.1325	1	0	0
0.8475	0.1375	1	0	0
0.8475	0.1425	1	0	0
0.8475	0.1475	1	0	0
0.8475	0.1525	1	0	0
0.8475	0.1575	1	0	0
0.8475	0.1625	1	0	0
0.8475	0.1675	1	0	0
0.8475	0.1725	1	0	0
0.8475	0.1775	1	0	0
0.8475	0.1825	1	0	0
0.8475	0.1875	1	0	0
0.8475	0.1925	1	0	0
0.8475	0.1975	1	0	0
0.8475	0.2025	1	0	0
0.8475	0.2075	1	0	0
0.8475	0.2125	1	0	0
0.8475	0.2175	1	0	0
0.8475	0.2225	1	0	0
0.8475	0.2275	1	0	0
0.8475	0.2325	1	0	0
0.8475	0.2375	1	0	0
0.8475	0.2425	1	0	0
0.8475	0.2475	1	0	0
0.8475	0.2525	1	0	0
0.8475	0.2575	1	0	0
0.8475	0.2625	1	0	0
0.8475	0.2675	1	0	0
0.8475	0.2725	1	0	0
0.8475	0.2775	1	0	0
0.8475	0.2825	1	0	0
0.8475	0.2875	1	0	0
0.8475	0.2925	1	0	0
0.8475	0.2975	1	0	0
0.8475	0.3025	1	0	0
0.8475	0.3075	1	0	0
0.8475	0.3125	1	0	0
0.8475	0.3175	1	0	0
0.8475	0.3225	1	0	0
0.8475	0.3275	1	0	0
0.8475	0.3325	1	0	0
0.8475	0.3375	1	0	0
0.8475	0.3425	1	0	0
0.8475	0.3475	1	0	0
0.8475	0.3525	1	0	0
0.8475	0.3575	1	0	0
0.8475	0.3625	1	0	0
0.8475	0.3675	1	0	0
0.8475	0.3725	1	0	0
0.8475	0.3775	1	0	0
0.8475	0.3825	1	0	0
0.8475	0.3875	1	0	0
0.8475	0.3925	1	0	0
0.8475	0.3975	1	0	0
0.8475	0.4025	1	0	0
0.8475	0.4075	1	0	0
0.8475	0.4125	1	0	0
0.8475	0.4175	1	0	0
0.8475	0.4225	1	0	0
0.8475	0.4275	1	0	0
0.8475	0.4325	1	0	0
0.8475	0.4375	1	0	0
0.8475	0.4425	1	0	0
0.8475	0.4475	1	0	0
0.8475	0.4525	1	0	0
0.8475	0.4575	1	0	0
0.8475	0.4625	1	0	0
0.8475	0.4675	1	0	0
0.8475	0.4725	1	0	0
0.8475	0.4775	1	0	0
0.8475	0.4825	1	0	0
0.8475	0.4875	1	0	0
0.8475	0.4925	1	0	0
0.8475	0.4975	1	0	0
0.8475	0.5025	1	0	0
0.8475	0.5075	1	0	0
0.8475	0.5125	1	0	0
0.8475	0.5175	1	0	0
0.8475	0.5225	1	0	0
0.8475	0.5275	1	0	0
0.8475	0.5325	1	0	0
0.8475	0.5375	1	0	0
0.8475	0.5425	1	0	0
0.8475	0.5475	1	0	0
0.8475	0.5525	1	0	0
0.8475	0.5575	1	0	0
0.8475	0.5625	1	0	0
0.8475	0.5675	1	0	0
0.8475	0.5725	1	0	0
0.8475	0.5775	1	0	0
0.8475	0.5825	1	0	0
0.8475	0.5875	1	0	0
0.8475	0.5925	1	0	0
0.8475	0.5975	1	0	0
0.8475	0.6025	1	0	0
0.8475	0.6075	1	0	0
0.8475	0.6125	1	0	0
0.8475	0.6175	1	0	0
0.8475	0.6225	1	0	0
0.8475	0.6275	1	0	0
0.8475	0.6325	1	0	0
0.8475	0.6375	1	0	0
0.8475	0.6425	1	0	0
0.8475	0.6475	1	0	0
0.8475	0.6525	1	0	0
0.8475	0.6575	1	0	0
0.8475	0.6625	1	0	0
0.8475	0.6675	1	0	0
0.8475	0.6725	1	0	0
0.8475	0.6775	1	0	0
0.8475	0.6825	1	0	0
0.8475	0.6875	1	0	0
0.8475	0.6925	1	0	0
0.8475	0.6975	1	0	0
0.8475	0.7025	1	0	0
0.8475	0.7075	1	0	0
0.8475	0.7125	1	0	0
0.8475	0.7175	1	0	0
0.8475	0.7225	1	0	0
0.8475	0.7275	1	0	0
0.8475	0.7325	1	0	0
0.8475	0.7375	1	0	0
0.8475	0.7425	1	0	0
0.8475	0.7475	1	0	0
0.8475	0.7525	1	0	0
0.8475	0.7575	1	0	0
0.8475	0.7625	1	0	0
0.8475	0.7675	1	0	0
0.8475	0.7725	1	0	0
0.8475	0.7775	1	0	0
0.8475	0.7825	1	0	0
0.8475	0.7875	1	0	0
0.8475	0.7925	1	0	0
0.8475	0.7975	1	0	0
0.8475	0.8025	1	0	0
0.8475	0.8075	1	0	0
0.8475	0.8125	1	0	0
0.8475	0.8175	1	0	0
0.8475	0.8225	1	0	0
0.8475	0.8275	1	0	0
0.8475	0.8325	1	0	0
0.8475	0.8375	1	0	0
0.8475	0.8425	1	0	0
0.8475	0.8475	1	0	0
0.8475	0.8525	1	0	0
0.8475	0.8575	1	0	0
0.8475	0.8625	1	0	0
0.8475	0.8675	1	0	0
0.8475	0.8725	1	0	0
0.8475	0.8775	1	0	0
0.8475	0.8825	1	0	0
0.8475	0.8875	1	0	0
0.8475	0.8925	1	0	0
0.8475	0.8975	1	0	0
0.8475	0.9025	1	0	0
0.8475	0.9075	1	0	0
0.8475	0.9125	1	0	0
0.8475	0.9175	1	0	0
0.8475	0.9225	1	0	0
0.8475	0.9275	1	0	0
0.8475	0.9325	1	0	0
0.8475	0.9375	1	0	0
0.8475	0.9425	1	0	0
0.8475	0.9475	1	0	0
0.8475	0.9525	1	0	0
0.8475	0.9575	1	0	0
0.8475	0.9625	1	0	0
0.8475	0.9675	1	0	0
0.8475	0.9725	1	0	0
0.8475	0.9775	1	0	0
0.8475	0.9825	1	0	0
0.8475	0.9875	1	0	0
0.8475	0.9925	1	0	0
0.8475	0.9975	1	0	0
0.8475	1.0025	1	0	0
0.8525	0.0075	1	0	0
0.8525	0.0125	1	0	0
0.8525	0.0175	1	0	0
0.8525	0.0225	1	0	0
0.8525	0.0275	1	0	0
0.8525	0.0325	1	0	0
0.8525	0.0375	1	0	0
0.8525	0.0425	1	0	0
0.8525	0.0475	1	0	0
0.8525	0.0525	1	0	0
0.8525	0.0575	1	0	0
0.8525	0.0625	1	0	0
0.8525	0.0675	1	0	0
0.8525	0.0725	1	0	0
0.8525	0.0775	1	0	0
0.8525	0.0825	1	0	0
0.8525	0.0875	1	0	0
0.8525	0.0925	1	0	0
0.8525	0.0975	1	0	0
0.8525	0.1025	1	0	0
0.8525	0.1075	1	0	0
0.8525	0.1125	1	0	0
0.8525	0.1175	1	0	0
0.8525	0.1225	1	0	0
0.8525	0.1275	1	0	0
0.8525	0.1325	1	0	0
0.8525	0.1375	1	0	0
0.8525	0.1425	1	0	0
0.8525	0.1475	1	0	0
0.8525	0.1525	1	0	0
0.8525	0.1575	1	0	0
0.8525	0.1625	1	0	0
0.8525	0.1675	1	0	0
0.8525	0.1725	1	0	0
0.8525	0.1775	1	0	0
0.8525	0.1825	1	0	0
0.8525	0.1875	1	0	0
0.8525	0.1925	1	0	0
0.8525	0.1975	1	0	0
0.8525	0.2025	1	0	0
0.8525	0.2075	1	0	0
0.8525	0.2125	1	0	0
0.8525	0.2175	1	0	0
0.8525	0.2225	1	0	0
0.8525	0.2275	1	0	0
0.8525	0.2325	1	0	0
0.8525	0.2375	1	0	0
0.8525	0.2425	1	0	0
0.8525	0.2475	1	0	0
0.8525	0.2525	1	0	0
0.8525	0.2575	1	0	0
0.8525	0.2625	1	0	0
0.8525	0.2675	1	0	0
0.8525	0.2725	1	0	0
0.8525	0.2775	1	0	0
0.8525	0.2825	1	0	0
0.8525	0.2875	1	0	0
0.8525	0.2925	1	0	0
0.8525	0.2975	1	0	0
0.8525	0.3025	1	0	0
0.8525	0.3075	1	0	0
0.8525	0.3125	1	0	0
0.8525	0.3175	1	0	0
0.8525	0.3225	1	0	0
0.8525	0.3275	1	0	0
0.8525	0.3325	1	0	0
0.8525	0.3375	1	0	0
0.8525	0.3425	1	0	0
0.8525	0.3475	1	0	0
0.8525	0.3525	1	0	0
0.8525	0.3575	1	0	0
0.8525	0.3625	1	0	0
0.8525	0.3675	1	0	0
0.8525	0.3725	1	0	0
0.8525	0.3775	1	0	0
0.8525	0.3825	1	0	0
0.8525	0.3875	1	0	0
0.8525	0.3925	1	0	0
0.8525	0.3975	1	0	0
0.8525	0.4025	1	0	0
0.8525	0.4075	1	0	0
0.8525	0.4125	1	0	0
0.8525	0.4175	1	0	0
0.8525	0.4225	1	0	0
0.8525	0.4275	1	0	0
0.8525	0.4325	1	0	0
0.8525	0.4375	1	0	0
0.8525	0.4425	1	0	0
0.8525	0.4475	1	0	0
0.8525	0.4525	1	0	0
0.8525	0.4575	1	0	0
0.8525	0.4625	1	0	0
0.8525	0.4675	1	0	0
0.8525	0.4725	1	0	0
0.8525	0.4775	1	0	0
0.8525	0.4825	1	0	0
0.8525	0.4875	1	0	0
0.8525	0.4925	1	0	0
0.8525	0.4975	1	0	0
0.8525	0.5025	1	0	0
0.8525	0.5075	1	0	0
0.8525	0.5125	1	0	0
0.8525	0.5175	1	0	0
0.8525	0.5225	1	0	0
0.8525	0.5275	1	0	0
0.8525	0.5325	1	0	0
0.8525	0.5375	1	0	0
0.8525	0.5425	1	0	0
0.8525	0.5475	1	0	0
0.8525	0.5525	1	0	0
0.8525	0.5575	1	0	0
0.8525	0.5625	1	0	0
0.8525	0.5675	1	0	0
0.8525	0.5725	1	0	0
0.8525	0.5775	1	0	0
0.8525	0.5825	1	0	0
0.8525	0.5875	1	0	0
0.8525	0.5925	1	0	0
0.8525	0.5975	1	0	0
0.8525	0.6025	1	0	0
0.8525	0.6075	1	0	0
0.8525	0.6125	1	0	0
0.8525	0.6175	1	0	0
0.8525	0.6225	1	0	0
0.8525	0.6275	1	0	0
0.8525	0.6325	1	0	0
0.8525	0.6375	1	0	0
0.8525	0.6425	1	0	0
0.8525	0.6475	1	0	0
0.8525	0.6525	1	0	0
0.8525	0.6575	1	0	0
0.8525	0.6625	1	0	0
0.8525	0.6675	1	0	0
0.8525	0.6725	1	0	0
0.8525	0.6775	1	0	0
0.8525	0.6825	1	0	0
0.8525	0.6875	1	0	0
0.8525	0.6925	1	0	0
0.8525	0.6975	1	0	0
0.8525	0.7025	1	0	0
0.8525	0.7075	1	0	0
0.8525	0.7125	1	0	0
0.8525	0.7175	1	0	0
0.8525	0.7225	1	0	0
0.8525	0.7275	1	0	0
0.8525	0.7325	1	0	0
0.8525	0.7375	1	0	0
0.8525	0.7425	1	0	0
0.8525	0.7475	1	0	0
0.8525	0.7525	1	0	0
0.8525	0.7575	1	0	0
0.8525	0.7625	1	0	0
0.8525	0.7675	1	0	0
0.8525	0.7725	1	0	0
0.8525	0.7775	1	0	0
0.8525	0.7825	1	0	0
0.8525	0.7875	1	0	0
0.8525	0.7925	1	0	0
0.8525	0.7975	1	0	0
0.8525	0.8025	1	0	0
0.8525	0.8075	1	0	0
0.8525	0.8125	1	0	0
0.8525	0.8175	1	0	0
0.8525	0.8225	1	0	0
0.8525	0.8275	1	0	0
0.8525	0.8325	1	0	0
0.8525	0.8375	1	0	0
0.8525	0.8425	1	0	0
0.8525	0.8475	1	0	0
0.8525	0.8525	1	0	0
0.8525	0.8575	1	0	0
0.8525	0.8625	1	0	0
0.8525	0.8675	1	0	0
0.8525	0.8725	1	0	0
0.8525	0.8775	1	0	0
0.8525	0.8825	1	0	0
0.8525	0.8875	1	0	0
0.8525	0.8925	1	0	0
0.8525	0.8975	1	0	0
0.8525	0.9025	1	0	0
0.8525	0.9075	1	0	0
0.8525	0.9125	1	0	0
0.8525	0.9175	1	0	0
0.8525	0.9225	1	0	0
0.8525	0.9275	1	0	0
0.8525	0.9325	1	0	0
0.8525	0.9375	1	0	0
0.8525	0.9425	1	0	0
0.8525	0.9475	1	0	0
0.8525	0.9525	1	0	0
0.8525	0.9575	1	0	0
0.8525	0.9625	1	0	0
0.8525	0.9675	1	0	0
0.8525	0.9725	1	0	0
0.8525	0.9775	1	0	0
0.8525	0.9825	1	0	0
0.8525	0.9875	1	0	0
0.8525	0.9925	1	0	0
0.8525	0.9975	1	0	0
0.8525	1.0025	1	0	0
0.8575	0.0075	1	0	0
0.8575	0.0125	1	0	0
0.8575	0.0175	1	0	0
0.8575	0.0225	1	0	0
0.8575	0.0275	1	0	0
0.8575	0.0325	1	0	0
0.8575	0.0375	1	0	0
0.8575	0.0425	1	0	0
0.8575	0.0475	1	0	0
0.8575	0.0525	1	0	0
0.8575	0.0575	1	0	0
0.8575	0.0625	1	0	0
0.8575	0.0675	1	0	0
0.8575	0.0725	1	0	0
0.8575	0.0775	1	0	0
0.8575	0.0825	1	0	0
0.8575	0.0875	1	0	0
0.8575	0.0925	1	0	0
0.8575	0.0975	1	0	0
0.8575	0.1025	1	0	0
0.8575	0.1075	1	0	0
0.8575	0.1125	1	0	0
0.8575	0.1175	1	0	0
0.8575	0.1225	1	0	0
0.8575	0.1275	1	0	0
0.8575	0.1325	1	0	0
0.8575	0.1375	1	0	0
0.8575	0.1425	1	0	0
0.8575	0.1475	1	0	0
0.8575	0.1525	1	0	0
0.8575	0.1575	1	0	0
0.8575	0.1625	1	0	0
0.8575	0.1675	1	0	0
0.8575	0.1725	1	0	0
0.8575	0.1775	1	0	0
0.8575	0.1825	1	0	0
0.8575	0.1875	1	0	0
0.8575	0.1925	1	0	0
0.8575	0.1975	1	0	0
0.8575	0.2025	1	0	0
0.8575	0.2075	1	0	0
0.8575	0.2125	1	0	0
0.8575	0.2175	1	0	0
0.8575	0.2225	1	0	0
0.8575	0.2275	1	0	0
0.8575	0.2325	1	0	0
0.8575	0.2375	1	0	0
0.8575	0.2425	1	0	0
0.8575	0.2475	1	0	0
0.8575	0.2525	1	0	0
0.8575	0.2575	1	0	0
0.8575	0.2625	1	0	0
0.8575	0.2675	1	0	0
0.8575	0.2725	1	0	0
0.8575	0.2775	1	0	0
0.8575	0.2825	1	0	0
0.8575	0.2875	1	0	0
0.8575	0.2925	1	0	0
0.8575	0.2975	1	0	0
0.8575	0.3025	1	0	0
0.8575	0.3075	1	0	0
0.8575	0.3125	1	0	0
0.8575	0.3175	1	0	0
0.8575	0.3225	1	0	0
0.8575	0.3275	1	0	0
0.8575	0.3325	1	0	0
0.8575	0.3375	1	0	0
0.8575	0.3425	1	0	0
0.8575	0.3475	1	0	0
0.8575	0.3525	1	0	0
0.8575	0.3575	1	0	0
0.8575	0.3625	1	0	0
0.8575	0.3675	1	0	0
0.8575	0.3725	1	0	0
0.8575	0.3775	1	0	0
0.8575	0.3825	1	0	0
0.8575	0.3875	1	0	0
0.8575	0.3925	1	0	0
0.8575	0.3975	1	0	0
0.8575	0.4025	1	0	0
0.8575	0.4075	1	0	0
0.8575	0.4125	1	0	0
0.8575	0.4175	1	0	0
0.8575	0.4225	1	0	0
0.8575	0.4275	1	0	0
0.8575	0.4325	1	0	0
0.8575	0.4375	1	0	0
0.8575	0.4425	1	0	0
0.8575	0.4475	1	0	0
0.8575	0.4525	1	0	0
0.8575	0.4575	1	0	0
0.8575	0.4625	1	0	0
0.8575	0.4675	1	0	0
0.8575	0.4725	1	0	0
0.8575	0.4775	1	0	0
0.8575	0.4825	1	0	0
0.8575	0.4875	1	0	0
0.8575	0.4925	1	0	0
0.8575	0.4975	1	0	0
0.8575	0.5025	1	0	0
0.8575	0.5075	1	0	0
0.8575	0.5125	1	0	0
0.8575	0.5175	1	0	0
0.8575	0.5225	1	0	0
0.8575	0.5275	1	0	0
0.8575	0.5325	1	0	0
0.8575	0.5375	1	0	0
0.8575	0.5425	1	0	0
0.8575	0.5475	1	0	0
0.8575	0.5525	1	0	0
0.8575	0.5575	1	0	0
0.8575	0.5625	1	0	0
0.8575	0.5675	1	0	0
0.8575	0.5725	1	0	0
0.8575	0.5775	1	0	0
0.8575	0.5825	1	0	0
0.8575	0.5875	1	0	0
0.8575	0.5925	1	0	0
0.8575	0.5975	1	0	0
0.8575	0.6025	1	0	0
0.8575	0.6075	1	0	0
0.8575	0.6125	1	0	0
0.8575	0.6175	1	0	0
0.8575	0.6225	1	0	0
0.8575	0.6275	1	0	0
0.8575	0.6325	1	0	0
0.8575	0.6375	1	0	0
0.8575	0.6425	1	0	0
0.8575	0.6475	1	0	0
0.8575	0.6525	1	0	0
0.8575	0.6575	1	0	0
0.8575	0.6625	1	0	0
0.8575	0.6675	1	0	0
0.8575	0.6725	1	0	0
0.8575	0.6775	1	0	0
0.8575	0.6825	1	0	0
0.8575	0.6875	1	0	0
0.8575	0.6925	1	0	0
0.8575	0.6975	1	0	0
0.8575	0.7025	1	0	0
0.8575	0.7075	1	0	0
0.8575	0.7125	1	0	0
0.8575	0.7175	1	0	0
0.8575	0.7225	1	0	0
0.8575	0.7275	1	0	0
0.8575	0.7325	1	0	0
0.8575	0.7375	1	0	0
0.8575	0.7425	1	0	0
0.8575	0.7475	1	0	0
0.8575	0.7525	1	0	0
0.8575	0.7575	1	0	0
0.8575	0.7625	1	0	0
0.8575	0.7675	1	0	0
0.8575	0.7725	1	0	0
0.8575	0.7775	1	0	0
0.8575	0.7825	1	0	0
0.8575	0.7875	1	0	0
0.8575	0.7925	1	0	0
0.8575	0.7975	1	0	0
0.8575	0.8025	1	0	0
0.8575	0.8075	1	0	0
0.8575	0.8125	1	0	0
0.8575	0.8175	1	0	0
0.8575	0.8225	1	0	0
0.8575	0.8275	1	0	0
0.8575	0.8325	1	0	0
0.8575	0.8375	1	0	0
0.8575	0.8425	1	0	0
0.8575	0.8475	1	0	0
0.8575	0.8525	1	0	0
0.8575	0.8575	1	0	0
0.8575	0.8625	1	0	0
0.8575	0.8675	1	0	0
0.8575	0.8725	1	0	0
0.8575	0.8775	1	0	0
0.8575	0.8825	1	0	0
0.8575	0.8875	1	0	0
0.8575	0.8925	1	0	0
0.8575	0.8975	1	0	0
0.8575	0.9025	1	0	0
0.8575	0.9075	1	0	0
0.8575	0.9125	1	0	0
0.8575	0.9175	1	0	0
0.8575	0.9225	1	0	0
0.8575	0.9275	1	0	0
0.8575	0.9325	1	0	0
0.8575	0.9375	1	0	0
0.8575	0.9425	1	0	0
0.8575	0.9475	1	0	0
0.8575	0.9525	1	0	0
0.8575	0.9575	1	0	0
0.8575	0.9625	1	0	0
0.8575	0.9675	1	0	0
0.8575	0.9725	1	0	0
0.8575	0.9775	1	0	0
0.8575	0.9825	1	0	0
0.8575	0.9875	1	0	0
0.8575	0.9925	1	0	0
0.8575	0.9975	1	0	0
0.8575	1.0025	1	0	0
0.8625	0.0075	1	0	0
0.8625	0.0125	1	0	0
0.8625	0.0175	1	0	0
0.8625	0.0225	1	0	0
0.8625	0.0275	1	0	0
0.8625	0.0325	1	0	0
0.8625	0.0375	1	0	0
0.8625	0.0425	1	0	0
0.8625	0.0475	1	0	0
0.8625	0.0525	1	0	0
0.8625	0.0575	1	0	0
0.8625	0.0625	1	0	0
0.8625	0.0675	1	0	0
0.8625	0.0725	1	0	0
0.8625	0.0775	1	0	0
0.8625	0.0825	1	0	0
0.8625	0.0875	1	0	0
0.8625	0.0925	1	0	0
0.8625	0.0975	1	0	0
0.8625	0.1025	1	0	0
0.8625	0.1075	1	0	0
0.8625	0.1125	1	0	0
0.8625	0.1175	1	0	0
0.8625	0.1225	1	0	0
0.8625	0.1275	1	0	0
0.8625	0.1325	1	0	0
0.8625	0.1375	1	0	0
0.8625	0.1425	1	0	0
0.8625	0.1475	1	0	0
0.8625	0.1525	1	0	0
0.8625	0.1575	1	0	0
0.8625	0.1625	1	0	0
0.8625	0.1675	1	0	0
0.8625	0.1725	1	0	0
0.8625	0.1775	1	0	0
0.8625	0.1825	1	0	0
0.8625	0.1875	1	0	0
0.8625	0.1925	1	0	0
0.8625	0.1975	1	0	0
0.8625	0.2025	1	0	0
0.8625	0.2075	1	0	0
0.8625	0.2125	1	0	0
0.8625	0.2175	1	0	0
0.8625	0.2225	1	0	0
0.8625	0.2275	1	0	0
0.8625	0.2325	1	0	0
0.8625	0.2375	1	0	0
0.8625	0.2425	1	0	0
0.8625	0.2475	1	0	0
0.8625	0.2525	1	0	0
0.8625	0.2575	1	0	0
0.8625	0.2625	1	0	0
0.8625	0.2675	1	0	0
0.8625	0.2725	1	0	0
0.8625	0.2775	1	0	0
0.8625	0.2825	1	0	0
0.8625	0.2875	1	0	0
0.8625	0.2925	1	0	0
0.8625	0.2975	1	0	0
0.8625	0.3025	1	0	0
0.8625	0.3075	1	0	0
0.8625	0.3125	1	0	0
0.8625	0.3175	1	0	0
0.8625	0.3225	1	0	0
0.8625	0.3275	1	0	0
0.8625	0.3325	1	0	0
0.8625	0.3375	1	0	0
0.8625	0.3425	1	0	0
0.8625	0.3475	1	0	0
0.8625	0.3525	1	0	0
0.8625	0.3575	1	0	0
0.8625	0.3625	1	0	0
0.8625	0.3675	1	0	0
0.8625	0.3725	1	0	0
0.8625	0.3775	1	0	0
0.8625	0.3825	1	0	0
0.8625	0.3875	1	0	0
0.8625	0.3925	1	0	0
0.8625	0.3975	1	0	0
0.8625	0.4025	1	0	0
0.8625	0.4075	1	0	0
0.8625	0.4125	1	0	0
0.8625	0.4175	1	0	0
0.8625	0.4225	1	0	0
0.8625	0.4275	1	0	0
0.8625	0.4325	1	0	0
0.8625	0.4375	1	0	0
0.8625	0.4425	1	0	0
0.8625	0.4475	1	0	0
0.8625	0.4525	1	0	0
0.8625	0.4575	1	0	0
0.8625	0.4625	1	0	0
0.8625	0.4675	1	0	0
0.8625	0.4725	1	0	0
0.8625	0.4775	1	0	0
0.8625	0.4825	1	0	0
0.8625	0.4875	1	0	0
0.8625	0.4925	1	0	0
0.8625	0.4975	1	0	0
0.8625	0.5025	1	0	0
0.8625	0.5075	1	0	0
0.8625	0.5125	1	0	0
0.8625	0.5175	1	0	0
0.8625	0.5225	1	0	0
0.8625	0.5275	1	0	0
0.8625	0.5325	1	0	0
0.8625	0.5375	1	0	0
0.8625	0.5425	1	0	0
0.8625	0.5475	1	0	0
0.8625	0.5525	1	0	0
0.8625	0.5575	1	0	0
0.8625	0.5625	1	0	0
0.8625	0.5675	1	0	0
0.8625	0.5725	1	0	0
0.8625	0.5775	1	0	0
0.8625	0.5825	1	0	0
0.8625	0.5875	1	0	0
0.8625	0.5925	1	0	0
0.8625	0.5975	1	0	0
0.8625	0.6025	1	0	0
0.8625	0.6075	1	0	0
0.8625	0.6125	1	0	0
0.8625	0.6175	1	0	0
0.8625	0.6225	1	0	0
0.8625	0.6275	1	0	0
0.8625	0.6325	1	0	0
0.8625	0.6375	1	0	0
0.8625	0.6425	1	0	0
0.8625	0.6475	1	0	0
0.8625	0.6525	1	0	0
0.8625	0.6575	1	0	0
0.8625	0.6625	1	0	0
0.8625	0.6675	1	0	0
0.8625	0.6725	1	0	0
0.8625	0.6775	1	0	0
0.8625	0.6825	1	0	0
0.8625	0.6875	1	0	0
0.8625	0.6925	1	0	0
0.8625	0.6975	1	0	0
0.8625	0.7025	1	0	0
0.8625	0.7075	1	0	0
0.8625	0.7125	1	0	0
0.8625	0.7175	1	0	0
0.8625	0.7225	1	0	0
0.8625	0.7275	1	0	0
0.8625	0.7325	1	0	0
0.8625	0.7375	1	0	0
0.8625	0.7425	1	0	0
0.8625	0.7475	1	0	0
0.8625	0.7525	1	0	0
0.8625	0.7575	1	0	0
0.8625	0.7625	1	0	0
0.8625	0.7675	1	0	0
0.8625	0.7725	1	0	0
0.8625	0.7775	1	0	0
0.8625	0.7825	1	0	0
0.8625	0.7875	1	0	0
0.8625	0.7925	1	0	0
0.8625	0.7975	1	0	0
0.8625	0.8025	1	0	0
0.8625	0.8075	1	0	0
0.8625	0.8125	1	0	0
0.8625	0.8175	1	0	0
0.8625	0.8225	1	0	0
0.8625	0.8275	1	0	0
0.8625	0.8325	1	0	0
0.8625	0.8375	1	0	0
0.8625	0.8425	1	0	0
0.8625	0.8475	1	0	0
0.8625	0.8525	1	0	0
0.8625	0.8575	1	0	0
0.8625	0.8625	1	0	0
0.8625	0.8675	1	0	0
0.8625	0.8725	1	0	0
0.8625	0.8775	1	0	0
0.8625	0.8825	1	0	0
0.8625	0.8875	1	0	0
0.8625	0.8925	1	0	0
0.8625	0.8975	1	0	0
0.8625	0.9025	1	0	0
0.8625	0.9075	1	0	0
0.8625	0.9125	1	0	0
0.8625	0.9175	1	0	0
0.8625	0.9225	1	0	0
0.8625	0.9275	1	0	0
0.8625	0.9325	1	0	0
0.8625	0.9375	1	0	0
0.8625	0.9425	1	0	0
0.8625	0.9475	1	0	0
0.8625	0.9525	1	0	0
0.8625	0.9575	1	0	0
0.8625	0.9625	1	0	0
0.8625	0.9675	1	0	0
0.8625	0.9725	1	0	0
0.8625	0.9775	1	0	0
0.8625	0.9825	1	0	0
0.8625	0.9875	1	0	0
0.8625	0.9925	1	0	0
0.8625	0.9975	1	0	0
0.8625	1.0025	1	0	0
0.8675	0.0075	1	0	0
0.8675	0.0125	1	0	0
0.8675	0.0175	1	0	0
0.8675	0.0225	1	0	0
0.8675	0.0275	1	0	0
0.8675	0.0325	1	0	0
0.8675	0.0375	1	0	0
0.8675	0.0425	1	0	0
0.8675	0.0475	1	0	0
0.8675	0.0525	1	0	0
0.8675	0.0575	1	0	0
0.8675	0.0625	1	0	0
0.8675	0.0675	1	0	0
0.8675	0.0725	1	0	0
0.8675	0.0775	1	0	0
0.8675	0.0825	1	0	0
0.8675	0.0875	1	0	0
0.8675	0.0925	1	0	0
0.8675	0.0975	1	0	0
0.8675	0.1025	1	0	0
0.8675	0.1075	1	0	0
0.8675	0.1125	1	0	0
0.8675	0.1175	1	0	0
0.8675	0.1225	1	0	0
0.8675	0.1275	1	0	0
0.8675	0.1325	1	0	0
0.8675	0.1375	1	0	0
0.8675	0.1425	1	0	0
0.8675	0.1475	1	0	0
0.8675	0.1525	1	0	0
0.8675	0.1575	1	0	0
0.8675	0.1625	1	0	0
0.8675	0.1675	1	0	0
0.8675	0.1725	1	0	0
0.8675	0.1775	1	0	0
0.8675	0.1825	1	0	0
0.8675	0.1875	1	0	0
0.8675	0.1925	1	0	0
0.8675	0.1975	1	0	0
0.8675	0.2025	1	0	0
0.8675	0.2075	1	0	0
0.8675	0.2125	1	0	0
0.8675	0.2175	1	0	0
0.8675	0.2225	1	0	0
0.8675	0.2275	1	0	0
0.8675	0.2325	1	0	0
0.8675	0.2375	1	0	0
0.8675	0.2425	1	0	0
0.8675	0.2475	1	0	0
0.8675	0.2525	1	0	0
0.8675	0.2575	1	0	0
0.8675	0.2625	1	0	0
0.8675	0.2675	1	0	0
0.8675	0.2725	1	0	0
0.8675	0.2775	1	0	0
0.8675	0.2825	1	0	0
0.8675	0.2875	1	0	0
0.8675	0.2925	1	0	0
0.8675	0.2975	1	0	0
0.8675	0.3025	1	0	0
0.8675	0.3075	1	0	0
0.8675	0.3125	1	0	0
0.8675	0.3175	1	0	0
0.8675	0.3225	1	0	0
0.8675	0.3275	1	0	0
0.8675	0.3325	1	0	0
0.8675	0.3375	1	0	0
0.8675	0.3425	1	0	0
0.8675	0.3475	1	0	0
0.8675	0.3525	1	0	0
0.8675	0.3575	1	0	0
0.8675	0.3625	1	0	0
0.8675	0.3675	1	0	0
0.8675	0.3725	1	0	0
0.8675	0.3775	1	0	0
0.8675	0.3825	1	0	0
0.8675	0.3875	1	0	0
0.8675	0.3925	1	0	0
0.8675	0.3975	1	0	0
0.8675	0.4025	1	0	0
0.8675	0.4075	1	0	0
0.8675	0.4125	1	0	0
0.8675	0.4175	1	0	0
0.8675	0.4225	1	0	0
0.8675	0.4275	1	0	0
0.8675	0.4325	1	0	0
0.8675	0.4375	1	0	0
0.8675	0.4425	1	0	0
0.8675	0.4475	1	0	0
0.8675	0.4525	1	0	0
0.8675	0.4575	1	0	0
0.8675	0.4625	1	0	0
0.8675	0.4675	1	0	0
0.8675	0.4725	1	0	0
0.8675	0.4775	1	0	0
0.8675	0.4825	1	0	0
0.8675	0.4875	1	0	0
0.8675	0.4925	1	0	0
0.8675	0.4975	1	0	0
0.8675	0.5025	1	0	0
0.8675	0.5075	1	0	0
0.8675	0.5125	1	0	0
0.8675	0.5175	1	0	0
0.8675	0.5225	1	0	0
0.8675	0.5275	1	0	0
0.8675	0.5325	1	0	0
0.8675	0.5375	1	0	0
0.8675	0.5425	1	0	0
0.8675	0.5475	1	0	0
0.8675	0.5525	1	0	0
0.8675	0.5575	1	0	0
0.8675	0.5625	1	0	0
0.8675	0.5675	1	0	0
0.8675	0.5725	1	0	0
0.8675	0.5775	1	0	0
0.8675	0.5825	1	0	0
0.8675	0.5875	1	0	0
0.8675	0.5925	1	0	0
0.8675	0.5975	1	0	0
0.8675	0.6025	1	0	0
0.8675	0.6075	1	0	0
0.8675	0.6125	1	0	0
0.8675	0.6175	1	0	0
0.8675	0.6225	1	0	0
0.8675	0.6275	1	0	0
0.8675	0.6325	1	0	0
0.8675	0.6375	1	0	0
0.8675	0.6425	1	0	0
0.8675	0.6475	1	0	0
0.8675	0.6525	1	0	0
0.8675	0.6575	1	0	0
0.8675	0.6625	1	0	0
0.8675	0.6675	1	0	0
0.8675	0.6725	1	0	0
0.8675	0.6775	1	0	0
0.8675	0.6825	1	0	0
0.8675	0.6875	1	0	0
0.8675	0.6925	1	0	0
0.8675	0.6975	1	0	0
0.8675	0.7025	1	0	0
0.8675	0.7075	1	0	0
0.8675	0.7125	1	0	0
0.8675	0.7175	1	0	0
0.8675	0.7225	1	0	0
0.8675	0.7275	1	0	0
0.8675	0.7325	1	0	0
0.8675	0.7375	1	0	0
0.8675	0.7425	1	0	0
0.8675	0.7475	1	0	0
0.8675	0.7525	1	0	0
0.8675	0.7575	1	0	0
0.8675	0.7625	1	0	0
0.8675	0.7675	1	0	0
0.8675	0.7725	1	0	0
0.8675	0.7775	1	0	0
0.8675	0.7825	1	0	0
0.8675	0.7875	1	0	0
0.8675	0.7925	1	0	0
0.8675	0.7975	1	0	0
0.8675	0.8025	1	0	0
0.8675	0.8075	1	0	0
0.8675	0.8125	1	0	0
0.8675	0.8175	1	0	0
0.8675	0.8225	1	0	0
0.8675	0.8275	1	0	0
0.8675	0.8325	1	0	0
0.8675	0.8375	1	0	0
0.8675	0.8425	1	0	0
0.8675	0.8475	1	0	0
0.8675	0.8525	1	0	0
0.8675	0.8575	1	0	0
0.8675	0.8625	1	0	0
0.8675	0.8675	1	0	0
0.8675	0.8725	1	0	0
0.8675	0.8775	1	0	0
0.8675	0.8825	1	0	0
0.8675	0.8875	1	0	0
0.8675	0.8925	1	0	0
0.8675	0.8975	1	0	0
0.8675	0.9025	1	0	0
0.8675	0.9075	1	0	0
0.8675	0.9125	1	0	0
0.8675	0.9175	1	0	0
0.8675	0.9225	1	0	0
0.8675	0.9275	1	0	0
0.8675	0.9325	1	0	0
0.8675	0.9375	1	0	0
0.8675	0.9425	1	0	0
0.8675	0.9475	1	0	0
0.8675	0.9525	1	0	0
0.8675	0.9575	1	0	0
0.8675	0.9625	1	0	0
0.8675	0.9675	1	0	0
0.8675	0.9725	1	0	0
0.8675	0.9775	1	0	0
0.8675	0.9825	1	0	0
0.8675	0.9875	1	0	0
0.8675	0.9925	1	0	0
0.8675	0.9975	1	0	0
0.8675	1.0025	1	0	0
0.8725	0.0075	1	0	0
0.8725	0.0125	1	0	0
0.8725	0.0175	1	0	0
0.8725	0.0225	1	0	0
0.8725	0.0275	1	0	0
0.8725	0.0325	1	0	0
0.8725	0.0375	1	0	0
0.8725	0.0425	1	0	0
0.8725	0.0475	1	0	0
0.8725	0.0525	1	0	0
0.8725	0.0575	1	0	0
0.8725	0.0625	1	0	0
0.8725	0.0675	1	0	0
0.8725	0.0725	1	0	0
0.8725	0.0775	1	0	0
0.8725	0.0825	1	0	0
0.8725	0.0875	1	0	0
0.8725	0.0925	1	0	0
0.8725	0.0975	1	0	0
0.8725	0.1025	1	0	0
0.8725	0.1075	1	0	0
0.8725	0.1125	1	0	0
0.8725	0.1175	1	0	0
0.8725	0.1225	1	0	0
0.8725	0.1275	1	0	0
0.8725	0.1325	1	0	0
0.8725	0.1375	1	0	0
0.8725	0.1425	1	0	0
0.8725	0.1475	1	0	0
0.8725	0.1525	1	0	0
0.8725	0.1575	1	0	0
0.8725	0.1625	1	0	0
0.8725	0.1675	1	0	0
0.8725	0.1725	1	0	0
0.8725	0.1775	1	0	0
0.8725	0.1825	1	0	0
0.8725	0.1875	1	0	0
0.8725	0.1925	1	0	0
0.8725	0.1975	1	0	0
0.8725	0.2025	1	0	0
0.8725	0.2075	1	0	0
0.8725	0.2125	1	0	0
0.8725	0.2175	1	0	0
0.8725	0.2225	1	0	0
0.8725	0.2275	1	0	0
0.8725	0.2325	1	0	0
0.8725	0.2375	1	0	0
0.8725	0.2425	1	0	0
0.8725	0.2475	1	0	0
0.8725	0.2525	1	0	0
0.8725	0.2575	1	0	0
0.8725	0.2625	1	0	0
0.8725	0.2675	1	0	0
0.8725	0.2725	1	0	0
0.8725	0.2775	1	0	0
0.8725	0.2825	1	0	0
0.8725	0.2875	1	0	0
0.8725	0.2925	1	0	0
0.8725	0.2975	1	0	0
0.8725	0.3025	1	0	0
0.8725	0.3075	1	0	0
0.8725	0.3125	1	0	0
0.8725	0.3175	1	0	0
0.8725	0.3225	1	0	0
0.8725	0.3275	1	0	0
0.8725	0.3325	1	0	0
0.8725	0.3375	1	0	0
0.8725	0.3425	1	0	0
0.8725	0.3475	1	0	0
0.8725	0.3525	1	0	0
0.8725	0.3575	1	0	0
0.8725	0.3625	1	0	0
0.8725	0.3675	1	0	0
0.8725	0.3725	1	0	0
0.8725	0.3775	1	0	0
0.8725	0.3825	1	0	0
0.8725	0.3875	1	0	0
0.8725	0.3925	1	0	0
0.8725	0.3975	1	0	0
0.8725	0.4025	1	0	0
0.8725	0.4075	1	0	0
0.8725	0.4125	1	0	0
0.8725	0.4175	1	0	0
0.8725	0.4225	1	0	0
0.8725	0.4275	1	0	0
0.8725	0.4325	1	0	0
0.8725	0.4375	1	0	0
0.8725	0.4425	1	0	0
0.8725	0.4475	1	0	0
0.8725	0.4525	1	0	0
0.8725	0.4575	1	0	0
0.8725	0.4625	1	0	0
0.8725	0.4675	1	0	0
0.8725	0.4725	1	0	0
0.8725	0.4775	1	0	0
0.8725	0.4825	1	0	0
0.8725	0.4875	1	0	0
0.8725	0.4925	1	0	0
0.8725	0.4975	1	0	0
0.8725	0.5025	1	0	0
0.8725	0.5075	1	0	0
0.8725	0.5125	1	0	0
0.8725	0.5175	1	0	0
0.8725	0.5225	1	0	0
0.8725	0.5275	1	0	0
0.8725	0.5325	1	0	0
0.8725	0.5375	1	0	0
0.8725	0.5425	1	0	0
0.8725	0.5475	1	0	0
0.8725	0.5525	1	0	0
0.8725	0.5575	1	0	0
0.8725	0.5625	1	0	0
0.8725	0.5675	1	0	0
0.8725	0.5725	1	0	0
0.8725	0.5775	1	0	0
0.8725	0.5825	1	0	0
0.8725	0.5875	1	0	0
0.8725	0.5925	1	0	0
0.8725	0.5975	1	0	0
0.8725	0.6025	1	0	0
0.8725	0.6075	1	0	0
0.8725	0.6125	1	0	0
0.8725	0.6175	1	0	0
0.8725	0.6225	1	0	0
0.8725	0.6275	1	0	0
0.8725	0.6325	1	0	0
0.8725	0.6375	1	0	0
0.8725	0.6425	1	0	0
0.8725	0.6475	1	0	0
0.8725	0.6525	1	0	0
0.8725	0.6575	1	0	0
0.8725	0.6625	1	0	0
0.8725	0.6675	1	0	0
0.8725	0.6725	1	0	0
0.8725	0.6775	1	0	0
0.8725	0.6825	1	0	0
0.8725	0.6875	1	0	0
0.8725	0.6925	1	0	0
0.8725	0.6975	1	0	0
0.8725	0.7025	1	0	0
0.8725	0.7075	1	0	0
0.8725	0.7125	1	0	0
0.8725	0.7175	1	0	0
0.8725	0.7225	1	0	0
0.8725	0.7275	1	0	0
0.8725	0.7325	1	0	0
0.8725	0.7375	1	0	0
0.8725	0.7425	1	0	0
0.8725	0.7475	1	0	0
0.8725	0.7525	1	0	0
0.8725	0.7575	1	0	0
0.8725	0.7625	1	0	0
0.8725	0.7675	1	0	0
0.8725	0.7725	1	0	0
0.8725	0.7775	1	0	0
0.8725	0.7825	1	0	0
0.8725	0.7875	1	0	0
0.8725	0.7925	1	0	0
0.8725	0.7975	1	0	0
0.8725	0.8025	1	0	0
0.8725	0.8075	1	0	0
0.8725	0.8125	1	0	0
0.8725	0.8175	1	0	0
0.8725	0.8225	1	0	0
0.8725	0.8275	1	0	0
0.8725	0.8325	1	0	0
0.8725	0.8375	1	0	0
0.8725	0.8425	1	0	0
0.8725	0.8475	1	0	0
0.8725	0.8525	1	0	0
0.8725	0.8575	1	0	0
0.8725	0.8625	1	0	0
0.8725	0.8675	1	0	0
0.8725	0.8725	1	0	0
0.8725	0.8775	1	0	0
0.8725	0.8825	1	0	0
0.8725	0.8875	1	0	0
0.8725	0.8925	1	0	0
0.8725	0.8975	1	0	0
0.8725	0.9025	1	0	0
0.8725	0.9075	1	0	0
0.8725	0.9125	1	0	0
0.8725	0.9175	1	0	0
0.8725	0.9225	1	0	0
0.8725	0.9275	1	0	0
0.8725	0.9325	1	0	0
0.8725	0.9375	1	0	0
0.8725	0.9425	1	0	0
0.8725	0.9475	1	0	0
0.8725	0.9525	1	0	0
0.8725	0.9575	1	0	0
0.8725	0.9625	1	0	0
0.8725	0.9675	1	0	0
0.8725	0.9725	1	0	0
0.8725	0.9775	1	0	0
0.8725	0.9825	1	0	0
0.8725	0.9875	1	0	0
0.8725	0.9925	1	0	0
0.8725	0.9975	1	0	0
0.8725	1.0025	1	0	0
0.8775	0.0075	1	0	0
0.8775	0.0125	1	0	0
0.8775	0.0175	1	0	0
0.8775	0.0225	1	0	0
0.8775	0.0275	1	0	0
0.8775	0.0325	1	0	0
0.8775	0.0375	1	0	0
0.8775	0.0425	1	0	0
0.8775	0.0475	1	0	0
0.8775	0.0525	1	0	0
0.8775	0.0575	1	0	0
0.8775	0.0625	1	0	0
0.8775	0.0675	1	0	0
0.8775	0.0725	1	0	0
0.8775	0.0775	1	0	0
0.8775	0.0825	1	0	0
0.8775	0.0875	1	0	0
0.8775	0.0925	1	0	0
0.8775	0.0975	1	0	0
0.8775	0.1025	1	0	0
0.8775	0.1075	1	0	0
0.8775	0.1125	1	0	0
0.8775	0.1175	1	0	0
0.8775	0.1225	1	0	0
0.8775	0.1275	1	0	0
0.8775	0.1325	1	0	0
0.8775	0.1375	1	0	0
0.8775	0.1425	1	0	0
0.8775	0.1475	1	0	0
0.8775	0.1525	1	0	0
0.8775	0.1575	1	0	0
0.8775	0.1625	1	0	0
0.8775	0.1675	1	0	0
0.8775	0.1725	1	0	0
0.8775	0.1775	1	0	0
0.8775	0.1825	1	0	0
0.8775	0.1875	1	0	0
0.8775	0.1925	1	0	0
0.8775	0.1975	1	0	0
0.8775	0.2025	1	0	0
0.8775	0.2075	1	0	0
0.8775	0.2125	1	0	0
0.8775	0.2175	1	0	0
0.8775	0.2225	1	0	0
0.8775	0.2275	1	0	0
0.8775	0.2325	1	0	0
0.8775	0.2375	1	0	0
0.8775	0.2425	1	0	0
0.8775	0.2475	1	0	0
0.8775	0.2525	1	0	0
0.8775	0.2575	1	0	0
0.8775	0.2625	1	0	0
0.8775	0.2675	1	0	0
0.8775	0.2725	1	0	0
0.8775	0.2775	1	0	0
0.8775	0.2825	1	0	0
0.8775	0.2875	1	0	0
0.8775	0.2925	1	0	0
0.8775	0.2975	1	0	0
0.8775	0.3025	1	0	0
0.8775	0.3075	1	0	0
0.8775	0.3125	1	0	0
0.8775	0.3175	1	0	0
0.8775	0.3225	1	0	0
0.8775	0.3275	1	0	0
0.8775	0.3325	1	0	0
0.8775	0.3375	1	0	0
0.8775	0.3425	1	0	0
0.8775	0.3475	1	0	0
0.8775	0.3525	1	0	0
0.8775	0.3575	1	0	0
0.8775	0.3625	1	0	0
0.8775	0.3675	1	0	0
0.8775	0.3725	1	0	0
0.8775	0.3775	1	0	0
0.8775	0.3825	1	0	0
0.8775	0.3875	1	0	0
0.8775	0.3925	1	0	0
0.8775	0.3975	1	0	0
0.8775	0.4025	1	0	0
0.8775	0.4075	1	0	0
0.8775	0.4125	1	0	0
0.8775	0.4175	1	0	0
0.8775	0.4225	1	0	0
0.8775	0.4275	1	0	0
0.8775	0.4325	1	0	0
0.8775	0.4375	1	0	0
0.8775	0.4425	1	0	0
0.8775	0.4475	1	0	0
0.8775	0.4525	1	0	0
0.8775	0.4575	1	0	0
0.8775	0.4625	1	0	0
0.8775	0.4675	1	0	0
0.8775	0.4725	1	0	0
0.8775	0.4775	1	0	0
0.8775	0.4825	1	0	0
0.8775	0.4875	1	0	0
0.8775	0.4925	1	0	0
0.8775	0.4975	1	0	0
0.8775	0.5025	1	0	0
0.8775	0.5075	1	0	0
0.8775	0.5125	1	0	0
0.8775	0.5175	1	0	0
0.8775	0.5225	1	0	0
0.8775	0.5275	1	0	0
0.8775	0.5325	1	0	0
0.8775	0.5375	1	0	0
0.8775	0.5425	1	0	0
0.8775	0.5475	1	0	0
0.8775	0.5525	1	0	0
0.8775	0.5575	1	0	0
0.8775	0.5625	1	0	0
0.8775	0.5675	1	0	0
0.8775	0.5725	1	0	0
0.8775	0.5775	1	0	0
0.8775	0.5825	1	0	0
0.8775	0.5875	1	0	0
0.8775	0.5925	1	0	0
0.8775	0.5975	1	0	0
0.8775	0.6025	1	0	0
0.8775	0.6075	1	0	0
0.8775	0.6125	1	0	0
0.8775	0.6175	1	0	0
0.8775	0.6225	1	0	0
0.8775	0.6275	1	0	0
0.8775	0.6325	1	0	0
0.8775	0.6375	1	0	0
0.8775	0.6425	1	0	0
0.8775	0.6475	1	0	0
0.8775	0.6525	1	0	0
0.8775	0.6575	1	0	0
0.8775	0.6625	1	0	0
0.8775	0.6675	1	0	0
0.8775	0.6725	1	0	0
0.8775	0.6775	1	0	0
0.8775	0.6825	1	0	0
0.8775	0.6875	1	0	0
0.8775	0.6925	1	0	0
0.8775	0.6975	1	0	0
0.8775	0.7025	1	0	0
0.8775	0.7075	1	0	0
0.8775	0.7125	1	0	0
0.8775	0.7175	1	0	0
0.8775	0.7225	1	0	0
0.8775	0.7275	1	0	0
0.8775	0.7325	1	0	0
0.8775	0.7375	1	0	0
0.8775	0.7425	1	0	0
0.8775	0.7475	1	0	0
0.8775	0.7525	1	0	0
0.8775	0.7575	1	0	0
0.8775	0.7625	1	0	0
0.8775	0.7675	1	0	0
0.8775	0.7725	1	0	0
0.8775	0.7775	1	0	0
0.8775	0.7825	1	0	0
0.8775	0.7875	1	0	0
0.8775	0.7925	1	0	0
0.8775	0.7975	1	0	0
0.8775	0.8025	1	0	0
0.8775	0.8075	1	0	0
0.8775	0.8125	1	0	0
0.8775	0.8175	1	0	0
0.8775	0.8225	1	0	0
0.8775	0.8275	1	0	0
0.8775	0.8325	1	0	0
0.8775	0.8375	1	0	0
0.8775	0.8425	1	0	0
0.8775	0.8475	1	0	0
0.8775	0.8525	1	0	0
0.8775	0.8575	1	0	0
0.8775	0.8625	1	0	0
0.8775	0.8675	1	0	0
0.8775	0.8725	1	0	0
0.8775	0.8775	1	0	0
0.8775	0.8825	1	0	0
0.8775	0.8875	1	0	0
0.8775	0.8925	1	0	0
0.8775	0.8975	1	0	0
0.8775	0.9025	1	0	0
0.8775	0.9075	1	0	0
0.8775	0.9125	1	0	0
0.8775	0.9175	1	0	0
0.8775	0.9225	1	0	0
0.8775	0.9275	1	0	0
0.8775	0.9325	1	0	0
0.8775	0.9375	1	0	0
0.8775	0.9425	1	0	0
0.8775	0.9475	1	0	0
0.8775	0.9525	1	0	0
0.8775	0.9575	1	0	0
0.8775	0.9625	1	0	0
0.8775	0.9675	1	0	0
0.8775	0.9725	1	0	0
0.8775	0.9775	1	0	0
0.8775	0.9825	1	0	0
0.8775	0.9875	1	0	0
0.8775	0.9925	1	0	0
0.8775	0.9975	1	0	0
0.8775	1.0025	1	0	0
0.8825	0.0075	1	0	0
0.8825	0.0125	1	0	0
0.8825	0.0175	1	0	0
0.8825	0.0225	1	0	0
0.8825	0.0275	1	0	0
0.8825	0.0325	1	0	0
0.8825	0.0375	1	0	0
0.8825	0.0425	1	0	0
0.8825	0.0475	1	0	0
0.8825	0.0525	1	0	0
0.8825	0.0575	1	0	0
0.8825	0.0625	1	0	0
0.8825	0.0675	1	0	0
0.8825	0.0725	1	0	0
0.8825	0.0775	1	0	0
0.8825	0.0825	1	0	0
0.8825	0.0875	1	0	0
0.8825	0.0925	1	0	0
0.8825	0.0975	1	0	0
0.8825	0.1025	1	0	0
0.8825	0.1075	1	0	0
0.8825	0.1125	1	0	0
0.8825	0.1175	1	0	0
0.8825	0.1225	1	0	0
0.8825	0.1275	1	0	0
0.8825	0.1325	1	0	0
0.8825	0.1375	1	0	0
0.8825	0.1425	1	0	0
0.8825	0.1475	1	0	0
0.8825	0.1525	1	0	0
0.8825	0.1575	1	0	0
0.8825	0.1625	1	0	0
0.8825	0.1675	1	0	0
0.8825	0.1725	1	0	0
0.8825	0.1775	1	0	0
0.8825	0.1825	1	0	0
0.8825	0.1875	1	0	0
0.8825	0.1925	1	0	0
0.8825	0.1975	1	0	0
0.8825	0.2025	1	0	0
0.8825	0.2075	1	0	0
0.8825	0.2125	1	0	0
0.8825	0.2175	1	0	0
0.8825	0.2225	1	0	0
0.8825	0.2275	1	0	0
0.8825	0.2325	1	0	0
0.8825	0.2375	1	0	0
0.8825	0.2425	1	0	0
0.8825	0.2475	1	0	0
0.8825	0.2525	1	0	0
0.8825	0.2575	1	0	0
0.8825	0.2625	1	0	0
0.8825	0.2675	1	0	0
0.8825	0.2725	1	0	0
0.8825	0.2775	1	0	0
0.8825	0.2825	1	0	0
0.8825	0.2875	1	0	0
0.8825	0.2925	1	0	0
0.8825	0.2975	1	0	0
0.8825	0.3025	1	0	0
0.8825	0.3075	1	0	0
0.8825	0.3125	1	0	0
0.8825	0.3175	1	0	0
0.8825	0.3225	1	0	0
0.8825	0.3275	1	0	0
0.8825	0.3325	1	0	0
0.8825	0.3375	1	0	0
0.8825	0.3425	1	0	0
0.8825	0.3475	1	0	0
0.8825	0.3525	1	0	0
0.8825	0.3575	1	0	0
0.8825	0.3625	1	0	0
0.8825	0.3675	1	0	0
0.8825	0.3725	1	0	0
0.8825	0.3775	1	0	0
0.8825	0.3825	1	0	0
0.8825	0.3875	1	0	0
0.8825	0.3925	1	0	0
0.8825	0.3975	1	0	0
0.8825	0.4025	1	0	0
0.8825	0.4075	1	0	0
0.8825	0.4125	1	0	0
0.8825	0.4175	1	0	0
0.8825	0.4225	1	0	0
0.8825	0.4275	1	0	0
0.8825	0.4325	1	0	0
0.8825	0.4375	1	0	0
0.8825	0.4425	1	0	0
0.8825	0.4475	1	0	0
0.8825	0.4525	1	0	0
0.8825	0.4575	1	0	0
0.8825	0.4625	1	0	0
0.8825	0.4675	1	0	0
0.8825	0.4725	1	0	0
0.8825	0.4775	1	0	0
0.8825	0.4825	1	0	0
0.8825	0.4875	1	0	0
0.8825	0.4925	1	0	0
0.8825	0.4975	1	0	0
0.8825	0.5025	1	0	0
0.8825	0.5075	1	0	0
0.8825	0.5125	1	0	0
0.8825	0.5175	1	0	0
0.8825	0.5225	1	0	0
0.8825	0.5275	1	0	0
0.8825	0.5325	1	0	0
0.8825	0.5375	1	0	0
0.8825	0.5425	1	0	0
0.8825	0.5475	1	0	0
0.8825	0.5525	1	0	0
0.8825	0.5575	1	0	0
0.8825	0.5625	1	0	0
0.8825	0.5675	1	0	0
0.8825	0.5725	1	0	0
0.8825	0.5775	1	0	0
0.8825	0.5825	1	0	0
0.8825	0.5875	1	0	0
0.8825	0.5925	1	0	0
0.8825	0.5975	1	0	0
0.8825	0.6025	1	0	0
0.8825	0.6075	1	0	0
0.8825	0.6125	1	0	0
0.8825	0.6175	1	0	0
0.8825	0.6225	1	0	0
0.8825	0.6275	1	0	0
0.8825	0.6325	1	0	0
0.8825	0.6375	1	0	0
0.8825	0.6425	1	0	0
0.8825	0.6475	1	0	0
0.8825	0.6525	1	0	0
0.8825	0.6575	1	0	0
0.8825	0.6625	1	0	0
0.8825	0.6675	1	0	0
0.8825	0.6725	1	0	0
0.8825	0.6775	1	0	0
0.8825	0.6825	1	0	0
0.8825	0.6875	1	0	0
0.8825	0.6925	1	0	0
0.8825	0.6975	1	0	0
0.8825	0.7025	1	0	0
0.8825	0.7075	1	0	0
0.8825	0.7125	1	0	0
0.8825	0.7175	1	0	0
0.8825	0.7225	1	0	0
0.8825	0.7275	1	0	0
0.8825	0.7325	1	0	0
0.8825	0.7375	1	0	0
0.8825	0.7425	1	0	0
0.8825	0.7475	1	0	0
0.8825	0.7525	1	0	0
0.8825	0.7575	1	0	0
0.8825	0.7625	1	0	0
0.8825	0.7675	1	0	0
0.8825	0.7725	1	0	0
0.8825	0.7775	1	0	0
0.8825	0.7825	1	0	0
0.8825	0.7875	1	0	0
0.8825	0.7925	1	0	0
0.8825	0.7975	1	0	0
0.8825	0.8025	1	0	0
0.8825	0.8075	1	0	0
0.8825	0.8125	1	0	0
0.8825	0.8175	1	0	0
0.8825	0.8225	1	0	0
0.8825	0.8275	1	0	0
0.8825	0.8325	1	0	0
0.8825	0.8375	1	0	0
0.8825	0.8425	1	0	0
0.8825	0.8475	1	0	0
0.8825	0.8525	1	0	0
0.8825	0.8575	1	0	0
0.8825	0.8625	1	0	0
0.8825	0.8675	1	0	0
0.8825	0.8725	1	0	0
0.8825	0.8775	1	0	0
0.8825	0.8825	1	0	0
0.8825	0.8875	1	0	0
0.8825	0.8925	1	0	0
0.8825	0.8975	1	0	0
0.8825	0.9025	1	0	0
0.8825	0.9075	1	0	0
0.8825	0.9125	1	0	0
0.8825	0.9175	1	0	0
0.8825	0.9225	1	0	0
0.8825	0.9275	1	0	0
0.8825	0.9325	1	0	0
0.8825	0.9375	1	0	0
0.8825	0.9425	1	0	0
0.8825	0.9475	1	0	0
0.8825	0.9525	1	0	0
0.8825	0.9575	1	0	0
0.8825	0.9625	1	0	0
0.8825	0.9675	1	0	0
0.8825	0.9725	1	0	0
0.8825	0.9775	1	0	0
0.8825	0.9825	1	0	0
0.8825	0.9875	1	0	0
0.8825	0.9925	1	0	0
0.8825	0.9975	1	0	0
0.8825	1.0025	1	0	0
0.8875	0.0075	1	0	0
0.8875	0.0125	1	0	0
0.8875	0.0175	1	0	0
0.8875	0.0225	1	0	0
0.8875	0.0275	1	0	0
0.8875	0.0325	1	0	0
0.8875	0.0375	1	0	0
0.8875	0.0425	1	0	0
0.8875	0.0475	1	0	0
0.8875	0.0525	1	0	0
0.8875	0.0575	1	0	0
0.8875	0.0625	1	0	0
0.8875	0.0675	1	0	0
0.8875	0.0725	1	0	0
0.8875	0.0775	1	0	0
0.8875	0.0825	1	0	0
0.8875	0.0875	1	0	0
0.8875	0.0925	1	0	0
0.8875	0.0975	1	0	0
0.8875	0.1025	1	0	0
0.8875	0.1075	1	0	0
0.8875	0.1125	1	0	0
0.8875	0.1175	1	0	0
0.8875	0.1225	1	0	0
0.8875	0.1275	1	0	0
0.8875	0.1325	1	0	0
0.8875	0.1375	1	0	0
0.8875	0.1425	1	0	0
0.8875	0.1475	1	0	0
0.8875	0.1525	1	0	0
0.8875	0.1575	1	0	0
0.8875	0.1625	1	0	0
0.8875	0.1675	1	0	0
0.8875	0.1725	1	0	0
0.8875	0.1775	1	0	0
0.8875	0.1825	1	0	0
0.8875	0.1875	1	0	0
0.8875	0.1925	1	0	0
0.8875	0.1975	1	0	0
0.8875	0.2025	1	0	0
0.8875	0.2075	1	0	0
0.8875	0.2125	1	0	0
0.8875	0.2175	1	0	0
0.8875	0.2225	1	0	0
0.8875	0.2275	1	0	0
0.8875	0.2325	1	0	0
0.8875	0.2375	1	0	0
0.8875	0.2425	1	0	0
0.8875	0.2475	1	0	0
0.8875	0.2525	1	0	0
0.8875	0.2575	1	0	0
0.8875	0.2625	1	0	0
0.8875	0.2675	1	0	0
0.8875	0.2725	1	0	0
0.8875	0.2775	1	0	0
0.8875	0.2825	1	0	0
0.8875	0.2875	1	0	0
0.8875	0.2925	1	0	0
0.8875	0.2975	1	0	0
0.8875	0.3025	1	0	0
0.8875	0.3075	1	0	0
0.8875	0.3125	1	0	0
0.8875	0.3175	1	0	0
0.8875	0.3225	1	0	0
0.8875	0.3275	1	0	0
0.8875	0.3325	1	0	0
0.8875	0.3375	1	0	0
0.8875	0.3425	1	0	0
0.8875	0.3475	1	0	0
0.8875	0.3525	1	0	0
0.8875	0.3575	1	0	0
0.8875	0.3625	1	0	0
0.8875	0.3675	1	0	0
0.8875	0.3725	1	0	0
0.8875	0.3775	1	0	0
0.8875	0.3825	1	0	0
0.8875	0.3875	1	0	0
0.8875	0.3925	1	0	0
0.8875	0.3975	1	0	0
0.8875	0.4025	1	0	0
0.8875	0.4075	1	0	0
0.8875	0.4125	1	0	0
0.8875	0.4175	1	0	0
0.8875	0.4225	1	0	0
0.8875	0.4275	1	0	0
0.8875	0.4325	1	0	0
0.8875	0.4375	1	0	0
0.8875	0.4425	1	0	0
0.8875	0.4475	1	0	0
0.8875	0.4525	1	0	0
0.8875	0.4575	1	0	0
0.8875	0.4625	1	0	0
0.8875	0.4675	1	0	0
0.8875	0.4725	1	0	0
0.8875	0.4775	1	0	0
0.8875	0.4825	1	0	0
0.8875	0.4875	1	0	0
0.8875	0.4925	1	0	0
0.8875	0.4975	1	0	0
0.8875	0.5025	1	0	0
0.8875	0.5075	1	0	0
0.8875	0.5125	1	0	0
0.8875	0.5175	1	0	0
0.8875	0.5225	1	0	0
0.8875	0.5275	1	0	0
0.8875	0.5325	1	0	0
0.8875	0.5375	1	0	0
0.8875	0.5425	1	0	0
0.8875	0.5475	1	0	0
0.8875	0.5525	1	0	0
0.8875	0.5575	1	0	0
0.8875	0.5625	1	0	0
0.8875	0.5675	1	0	0
0.8875	0.5725	1	0	0
0.8875	0.5775	1	0	0
0.8875	0.5825	1	0	0
0.8875	0.5875	1	0	0
0.8875	0.5925	1	0	0
0.8875	0.5975	1	0	0
0.8875	0.6025	1	0	0
0.8875	0.6075	1	0	0
0.8875	0.6125	1	0	0
0.8875	0.6175	1	0	0
0.8875	0.6225	1	0	0
0.8875	0.6275	1	0	0
0.8875	0.6325	1	0	0
0.8875	0.6375	1	0	0
0.8875	0.6425	1	0	0
0.8875	0.6475	1	0	0
0.8875	0.6525	1	0	0
0.8875	0.6575	1	0	0
0.8875	0.6625	1	0	0
0.8875	0.6675	1	0	0
0.8875	0.6725	1	0	0
0.8875	0.6775	1	0	0
0.8875	0.6825	1	0	0
0.8875	0.6875	1	0	0
0.8875	0.6925	1	0	0
0.8875	0.6975	1	0	0
0.8875	0.7025	1	0	0
0.8875	0.7075	1	0	0
0.8875	0.7125	1	0	0
0.8875	0.7175	1	0	0
0.8875	0.7225	1	0	0
0.8875	0.7275	1	0	0
0.8875	0.7325	1	0	0
0.8875	0.7375	1	0	0
0.8875	0.7425	1	0	0
0.8875	0.7475	1	0	0
0.8875	0.7525	1	0	0
0.8875	0.7575	1	0	0
0.8875	0.7625	1	0	0
0.8875	0.7675	1	0	0
0.8875	0.7725	1	0	0
0.8875	0.7775	1	0	0
0.8875	0.7825	1	0	0
0.8875	0.7875	1	0	0
0.8875	0.7925	1	0	0
0.8875	0.7975	1	0	0
0.8875	0.8025	1	0	0
0.8875	0.8075	1	0	0
0.8875	0.8125	1	0	0
0.8875	0.8175	1	0	0
0.8875	0.8225	1	0	0
0.8875	0.8275	1	0	0
0.8875	0.8325	1	0	0
0.8875	0.8375	1	0	0
0.8875	0.8425	1	0	0
0.8875	0.8475	1	0	0
0.8875	0.8525	1	0	0
0.8875	0.8575	1	0	0
0.8875	0.8625	1	0	0
0.8875	0.8675	1	0	0
0.8875	0.8725	1	0	0
0.8875	0.8775	1	0	0
0.8875	0.8825	1	0	0
0.8875	0.8875	1	0	0
0.8875	0.8925	1	0	0
0.8875	0.8975	1	0	0
0.8875	0.9025	1	0	0
0.8875	0.9075	1	0	0
0.8875	0.9125	1	0	0
0.8875	0.9175	1	0	0
0.8875	0.9225	1	0	0
0.8875	0.9275	1	0	0
0.8875	0.9325	1	0	0
0.8875	0.9375	1	0	0
0.8875	0.9425	1	0	0
0.8875	0.9475	1	0	0
0.8875	0.9525	1	0	0
0.8875	0.9575	1	0	0
0.8875	0.9625	1	0	0
0.8875	0.9675	1	0	0
0.8875	0.9725	1	0	0
0.8875	0.9775	1	0	0
0.8875	0.9825	1	0	0
0.8875	0.9875	1	0	0
0.8875	0.9925	1	0	0
0.8875	0.9975	1	0	0
0.8875	1.0025	1	0	0
0.8925	0.0075	1	0	0
0.8925	0.0125	1	0	0
0.8925	0.0175	1	0	0
0.8925	0.0225	1	0	0
0.8925	0.0275	1	0	0
0.8925	0.0325	1	0	0
0.8925	0.0375	1	0	0
0.8925	0.0425	1	0	0
0.8925	0.0475	1	0	0
0.8925	0.0525	1	0	0
0.8925	0.0575	1	0	0
0.8925	0.0625	1	0	0
0.8925	0.0675	1	0	0
0.8925	0.0725	1	0	0
0.8925	0.0775	1	0	0
0.8925	0.0825	1	0	0
0.8925	0.0875	1	0	0
0.8925	0.0925	1	0	0
0.8925	0.0975	1	0	0
0.8925	0.1025	1	0	0
0.8925	0.1075	1	0	0
0.8925	0.1125	1	0	0
0.8925	0.1175	1	0	0
0.8925	0.1225	1	0	0
0.8925	0.1275	1	0	0
0.8925	0.1325	1	0	0
0.8925	0.1375	1	0	0
0.8925	0.1425	1	0	0
0.8925	0.1475	1	0	0
0.8925	0.1525	1	0	0
0.8925	0.1575	1	0	0
0.8925	0.1625	1	0	0
0.8925	0.1675	1	0	0
0.8925	0.1725	1	0	0
0.8925	0.1775	1	0	0
0.8925	0.1825	1	0	0
0.8925	0.1875	1	0	0
0.8925	0.1925	1	0	0
0.8925	0.1975	1	0	0
0.8925	0.2025	1	0	0
0.8925	0.2075	1	0	0
0.8925	0.2125	1	0	0
0.8925	0.2175	1	0	0
0.8925	0.2225	1	0	0
0.8925	0.2275	1	0	0
0.8925	0.2325	1	0	0
0.8925	0.2375	1	0	0
0.8925	0.2425	1	0	0
0.8925	0.2475	1	0	0
0.8925	0.2525	1	0	0
0.8925	0.2575	1	0	0
0.8925	0.2625	1	0	0
0.8925	0.2675	1	0	0
0.8925	0.2725	1	0	0
0.8925	0.2775	1	0	0
0.8925	0.2825	1	0	0
0.8925	0.2875	1	0	0
0.8925	0.2925	1	0	0
0.8925	0.2975	1	0	0
0.8925	0.3025	1	0	0
0.8925	0.3075	1	0	0
0.8925	0.3125	1	0	0
0.8925	0.3175	1	0	0
0.8925	0.3225	1	0	0
0.8925	0.3275	1	0	0
0.8925	0.3325	1	0	0
0.8925	0.3375	1	0	0
0.8925	0.3425	1	0	0
0.8925	0.3475	1	0	0
0.8925	0.3525	1	0	0
0.8925	0.3575	1	0	0
0.8925	0.3625	1	0	0
0.8925	0.3675	1	0	0
0.8925	0.3725	1	0	0
0.8925	0.3775	1	0	0
0.8925	0.3825	1	0	0
0.8925	0.3875	1	0	0
0.8925	0.3925	1	0	0
0.8925	0.3975	1	0	0
0.8925	0.4025	1	0	0
0.8925	0.4075	1	0	0
0.8925	0.4125	1	0	0
0.8925	0.4175	1	0	0
0.8925	0.4225	1	0	0
0.8925	0.4275	1	0	0
0.8925	0.4325	1	0	0
0.8925	0.4375	1	0	0
0.8925	0.4425	1	0	0
0.8925	0.4475	1	0	0
0.8925	0.4525	1	0	0
0.8925	0.4575	1	0	0
0.8925	0.4625	1	0	0
0.8925	0.4675	1	0	0
0.8925	0.4725	1	0	0
0.8925	0.4775	1	0	0
0.8925	0.4825	1	0	0
0.8925	0.4875	1	0	0
0.8925	0.4925	1	0	0
0.8925	0.4975	1	0	0
0.8925	0.5025	1	0	0
0.8925	0.5075	1	0	0
0.8925	0.5125	1	0	0
0.8925	0.5175	1	0	0
0.8925	0.5225	1	0	0
0.8925	0.5275	1	0	0
0.8925	0.5325	1	0	0
0.8925	0.5375	1	0	0
0.8925	0.5425	1	0	0
0.8925	0.5475	1	0	0
0.8925	0.5525	1	0	0
0.8925	0.5575	1	0	0
0.8925	0.5625	1	0	0
0.8925	0.5675	1	0	0
0.8925	0.5725	1	0	0
0.8925	0.5775	1	0	0
0.8925	0.5825	1	0	0
0.8925	0.5875	1	0	0
0.8925	0.5925	1	0	0
0.8925	0.5975	1	0	0
0.8925	0.6025	1	0	0
0.8925	0.6075	1	0	0
0.8925	0.6125	1	0	0
0.8925	0.6175	1	0	0
0.8925	0.6225	1	0	0
0.8925	0.6275	1	0	0
0.8925	0.6325	1	0	0
0.8925	0.6375	1	0	0
0.8925	0.6425	1	0	0
0.8925	0.6475	1	0	0
0.8925	0.6525	1	0	0
0.8925	0.6575	1	0	0
0.8925	0.6625	1	0	0
0.8925	0.6675	1	0	0
0.8925	0.6725	1	0	0
0.8925	0.6775	1	0	0
0.8925	0.6825	1	0	0
0.8925	0.6875	1	0	0
0.8925	0.6925	1	0	0
0.8925	0.6975	1	0	0
0.8925	0.7025	1	0	0
0.8925	0.7075	1	0	0
0.8925	0.7125	1	0	0
0.8925	0.7175	1	0	0
0.8925	0.7225	1	0	0
0.8925	0.7275	1	0	0
0.8925	0.7325	1	0	0
0.8925	0.7375	1	0	0
0.8925	0.7425	1	0	0
0.8925	0.7475	1	0	0
0.8925	0.7525	1	0	0
0.8925	0.7575	1	0	0
0.8925	0.7625	1	0	0
0.8925	0.7675	1	0	0
0.8925	0.7725	1	0	0
0.8925	0.7775	1	0	0
0.8925	0.7825	1	0	0
0.8925	0.7875	1	0	0
0.8925	0.7925	1	0	0
0.8925	0.7975	1	0	0
0.8925	0.8025	1	0	0
0.8925	0.8075	1	0	0
0.8925	0.8125	1	0	0
0.8925	0.8175	1	0	0
0.8925	0.8225	1	0	0
0.8925	0.8275	1	0	0
0.8925	0.8325	1	0	0
0.8925	0.8375	1	0	0
0.8925	0.8425	1	0	0
0.8925	0.8475	1	0	0
0.8925	0.8525	1	0	0
0.8925	0.8575	1	0	0
0.8925	0.8625	1	0	0
0.8925	0.8675	1	0	0
0.8925	0.8725	1	0	0
0.8925	0.8775	1	0	0
0.8925	0.8825	1	0	0
0.8925	0.8875	1	0	0
0.8925	0.8925	1	0	0
0.8925	0.8975	1	0	0
0.8925	0.9025	1	0	0
0.8925	0.9075	1	0	0
0.8925	0.9125	1	0	0
0.8925	0.9175	1	0	0
0.8925	0.9225	1	0	0
0.8925	0.9275	1	0	0
0.8925	0.9325	1	0	0
0.8925	0.9375	1	0	0
0.8925	0.9425	1	0	0
0.8925	0.9475	1	0	0
0.8925	0.9525	1	0	0
0.8925	0.9575	1	0	0
0.8925	0.9625	1	0	0
0.8925	0.9675	1	0	0
0.8925	0.9725	1	0	0
0.8925	0.9775	1	0	0
0.8925	0.9825	1	0	0
0.8925	0.9875	1	0	0
0.8925	0.9925	1	0	0
0.8925	0.9975	1	0	0
0.8925	1.0025	1	0	0
0.8975	0.0075	1	0	0
0.8975	0.0125	1	0	0
0.8975	0.0175	1	0	0
0.8975	0.0225	1	0	0
0.8975	0.0275	1	0	0
0.8975	0.0325	1	0	0
0.8975	0.0375	1	0	0
0.8975	0.0425	1	0	0
0.8975	0.0475	1	0	0
0.8975	0.0525	1	0	0
0.8975	0.0575	1	0	0
0.8975	0.0625	1	0	0
0.8975	0.0675	1	0	0
0.8975	0.0725	1	0	0
0.8975	0.0775	1	0	0
0.8975	0.0825	1	0	0
0.8975	0.0875	1	0	0
0.8975	0.0925	1	0	0
0.8975	0.0975	1	0	0
0.8975	0.1025	1	0	0
0.8975	0.1075	1	0	0
0.8975	0.1125	1	0	0
0.8975	0.1175	1	0	0
0.8975	0.1225	1	0	0
0.8975	0.1275	1	0	0
0.8975	0.1325	1	0	0
0.8975	0.1375	1	0	0
0.8975	0.1425	1	0	0
0.8975	0.1475	1	0	0
0.8975	0.1525	1	0	0
0.8975	0.1575	1	0	0
0.8975	0.1625	1	0	0
0.8975	0.1675	1	0	0
0.8975	0.1725	1	0	0
0.8975	0.1775	1	0	0
0.8975	0.1825	1	0	0
0.8975	0.1875	1	0	0
0.8975	0.1925	1	0	0
0.8975	0.1975	1	0	0
0.8975	0.2025	1	0	0
0.8975	0.2075	1	0	0
0.8975	0.2125	1	0	0
0.8975	0.2175	1	0	0
0.8975	0.2225	1	0	0
0.8975	0.2275	1	0	0
0.8975	0.2325	1	0	0
0.8975	0.2375	1	0	0
0.8975	0.2425	1	0	0
0.8975	0.2475	1	0	0
0.8975	0.2525	1	0	0
0.8975	0.2575	1	0	0
0.8975	0.2625	1	0	0
0.8975	0.2675	1	0	0
0.8975	0.2725	1	0	0
0.8975	0.2775	1	0	0
0.8975	0.2825	1	0	0
0.8975	0.2875	1	0	0
0.8975	0.2925	1	0	0
0.8975	0.2975	1	0	0
0.8975	0.3025	1	0	0
0.8975	0.3075	1	0	0
0.8975	0.3125	1	0	0
0.8975	0.3175	1	0	0
0.8975	0.3225	1	0	0
0.8975	0.3275	1	0	0
0.8975	0.3325	1	0	0
0.8975	0.3375	1	0	0
0.8975	0.3425	1	0	0
0.8975	0.3475	1	0	0
0.8975	0.3525	1	0	0
0.8975	0.3575	1	0	0
0.8975	0.3625	1	0	0
0.8975	0.3675	1	0	0
0.8975	0.3725	1	0	0
0.8975	0.3775	1	0	0
0.8975	0.3825	1	0	0
0.8975	0.3875	1	0	0
0.8975	0.3925	1	0	0
0.8975	0.3975	1	0	0
0.8975	0.4025	1	0	0
0.8975	0.4075	1	0	0
0.8975	0.4125	1	0	0
0.8975	0.4175	1	0	0
0.8975	0.4225	1	0	0
0.8975	0.4275	1	0	0
0.8975	0.4325	1	0	0
0.8975	0.4375	1	0	0
0.8975	0.4425	1	0	0
0.8975	0.4475	1	0	0
0.8975	0.4525	1	0	0
0.8975	0.4575	1	0	0
0.8975	0.4625	1	0	0
0.8975	0.4675	1	0	0
0.8975	0.4725	1	0	0
0.8975	0.4775	1	0	0
0.8975	0.4825	1	0	0
0.8975	0.4875	1	0	0
0.8975	0.4925	1	0	0
0.8975	0.4975	1	0	0
0.8975	0.5025	1	0	0
0.8975	0.5075	1	0	0
0.8975	0.5125	1	0	0
0.8975	0.5175	1	0	0
0.8975	0.5225	1	0	0
0.8975	0.5275	1	0	0
0.8975	0.5325	1	0	0
0.8975	0.5375	1	0	0
0.8975	0.5425	1	0	0
0.8975	0.5475	1	0	0
0.8975	0.5525	1	0	0
0.8975	0.5575	1	0	0
0.8975	0.5625	1	0	0
0.8975	0.5675	1	0	0
0.8975	0.5725	1	0	0
0.8975	0.5775	1	0	0
0.8975	0.5825	1	0	0
0.8975	0.5875	1	0	0
0.8975	0.5925	1	0	0
0.8975	0.5975	1	0	0
0.8975	0.6025	1	0	0
0.8975	0.6075	1	0	0
0.8975	0.6125	1	0	0
0.8975	0.6175	1	0	0
0.8975	0.6225	1	0	0
0.8975	0.6275	1	0	0
0.8975	0.6325	1	0	0
0.8975	0.6375	1	0	0
0.8975	0.6425	1	0	0
0.8975	0.6475	1	0	0
0.8975	0.6525	1	0	0
0.8975	0.6575	1	0	0
0.8975	0.6625	1	0	0
0.8975	0.6675	1	0	0
0.8975	0.6725	1	0	0
0.8975	0.6775	1	0	0
0.8975	0.6825	1	0	0
0.8975	0.6875	1	0	0
0.8975	0.6925	1	0	0
0.8975	0.6975	1	0	0
0.8975	0.7025	1	0	0
0.8975	0.7075	1	0	0
0.8975	0.7125	1	0	0
0.8975	0.7175	1	0	0
0.8975	0.7225	1	0	0
0.8975	0.7275	1	0	0
0.8975	0.7325	1	0	0
0.8975	0.7375	1	0	0
0.8975	0.7425	1	0	0
0.8975	0.7475	1	0	0
0.8975	0.7525	1	0	0
0.8975	0.7575	1	0	0
0.8975	0.7625	1	0	0
0.8975	0.7675	1	0	0
0.8975	0.7725	1	0	0
0.8975	0.7775	1	0	0
0.8975	0.7825	1	0	0
0.8975	0.7875	1	0	0
0.8975	0.7925	1	0	0
0.8975	0.7975	1	0	0
0.8975	0.8025	1	0	0
0.8975	0.8075	1	0	0
0.8975	0.8125	1	0	0
0.8975	0.8175	1	0	0
0.8975	0.8225	1	0	0
0.8975	0.8275	1	0	0
0.8975	0.8325	1	0	0
0.8975	0.8375	1	0	0
0.8975	0.8425	1	0	0
0.8975	0.8475	1	0	0
0.8975	0.8525	1	0	0
0.8975	0.8575	1	0	0
0.8975	0.8625	1	0	0
0.8975	0.8675	1	0	0
0.8975	0.8725	1	0	0
0.8975	0.8775	1	0	0
0.8975	0.8825	1	0	0
0.8975	0.8875	1	0	0
0.8975	0.8925	1	0	0
0.8975	0.8975	1	0	0
0.8975	0.9025	1	0	0
0.8975	0.9075	1	0	0
0.8975	0.9125	1	0	0
0.8975	0.9175	1	0	0
0.8975	0.9225	1	0	0
0.8975	0.9275	1	0	0
0.8975	0.9325	1	0	0
0.8975	0.9375	1	0	0
0.8975	0.9425	1	0	0
0.8975	0.9475	1	0	0
0.8975	0.9525	1	0	0
0.8975	0.9575	1	0	0
0.8975	0.9625	1	0	0
0.8975	0.9675	1	0	0
0.8975	0.9725	1	0	0
0.8975	0.9775	1	0	0
0.8975	0.9825	1	0	0
0.8975	0.9875	1	0	0
0.8975	0.9925	1	0	0
0.8975	0.9975	1	0	0
0.8975	1.0025	1	0	0
0.9025	0.0075	1	0	0
0.9025	0.0125	1	0	0
0.9025	0.0175	1	0	0
0.9025	0.0225	1	0	0
0.9025	0.0275	1	0	0
0.9025	0.0325	1	0	0
0.9025	0.0375	1	0	0
0.9025	0.0425	1	0	0
0.9025	0.0475	1	0	0
0.9025	0.0525	1	0	0
0.9025	0.0575	1	0	0
0.9025	0.0625	1	0	0
0.9025	0.0675	1	0	0
0.9025	0.0725	1	0	0
0.9025	0.0775	1	0	0
0.9025	0.0825	1	0	0
0.9025	0.0875	1	0	0
0.9025	0.0925	1	0	0
0.9025	0.0975	1	0	0
0.9025	0.1025	1	0	0
0.9025	0.1075	1	0	0
0.9025	0.1125	1	0	0
0.9025	0.1175	1	0	0
0.9025	0.1225	1	0	0
0.9025	0.1275	1	0	0
0.9025	0.1325	1	0	0
0.9025	0.1375	1	0	0
0.9025	0.1425	1	0	0
0.9025	0.1475	1	0	0
0.9025	0.1525	1	0	0
0.9025	0.1575	1	0	0
0.9025	0.1625	1	0	0
0.9025	0.1675	1	0	0
0.9025	0.1725	1	0	0
0.9025	0.1775	1	0	0
0.9025	0.1825	1	0	0
0.9025	0.1875	1	0	0
0.9025	0.1925	1	0	0
0.9025	0.1975	1	0	0
0.9025	0.2025	1	0	0
0.9025	0.2075	1	0	0
0.9025	0.2125	1	0	0
0.9025	0.2175	1	0	0
0.9025	0.2225	1	0	0
0.9025	0.2275	1	0	0
0.9025	0.2325	1	0	0
0.9025	0.2375	1	0	0
0.9025	0.2425	1	0	0
0.9025	0.2475	1	0	0
0.9025	0.2525	1	0	0
0.9025	0.2575	1	0	0
0.9025	0.2625	1	0	0
0.9025	0.2675	1	0	0
0.9025	0.2725	1	0	0
0.9025	0.2775	1	0	0
0.9025	0.2825	1	0	0
0.9025	0.2875	1	0	0
0.9025	0.2925	1	0	0
0.9025	0.2975	1	0	0
0.9025	0.3025	1	0	0
0.9025	0.3075	1	0	0
0.9025	0.3125	1	0	0
0.9025	0.3175	1	0	0
0.9025	0.3225	1	0	0
0.9025	0.3275	1	0	0
0.9025	0.3325	1	0	0
0.9025	0.3375	1	0	0
0.9025	0.3425	1	0	0
0.9025	0.3475	1	0	0
0.9025	0.3525	1	0	0
0.9025	0.3575	1	0	0
0.9025	0.3625	1	0	0
0.9025	0.3675	1	0	0
0.9025	0.3725	1	0	0
0.9025	0.3775	1	0	0
0.9025	0.3825	1	0	0
0.9025	0.3875	1	0	0
0.9025	0.3925	1	0	0
0.9025	0.3975	1	0	0
0.9025	0.4025	1	0	0
0.9025	0.4075	1	0	0
0.9025	0.4125	1	0	0
0.9025	0.4175	1	0	0
0.9025	0.4225	1	0	0
0.9025	0.4275	1	0	0
0.9025	0.4325	1	0	0
0.9025	0.4375	1	0	0
0.9025	0.4425	1	0	0
0.9025	0.4475	1	0	0
0.9025	0.4525	1	0	0
0.9025	0.4575	1	0	0
0.9025	0.4625	1	0	0
0.9025	0.4675	1	0	0
0.9025	0.4725	1	0	0
0.9025	0.4775	1	0	0
0.9025	0.4825	1	0	0
0.9025	0.4875	1	0	0
0.9025	0.4925	1	0	0
0.9025	0.4975	1	0	0
0.9025	0.5025	1	0	0
0.9025	0.5075	1	0	0
0.9025	0.5125	1	0	0
0.9025	0.5175	1	0	0
0.9025	0.5225	1	0	0
0.9025	0.5275	1	0	0
0.9025	0.5325	1	0	0
0.9025	0.5375	1	0	0
0.9025	0.5425	1	0	0
0.9025	0.5475	1	0	0
0.9025	0.5525	1	0	0
0.9025	0.5575	1	0	0
0.9025	0.5625	1	0	0
0.9025	0.5675	1	0	0
0.9025	0.5725	1	0	0
0.9025	0.5775	1	0	0
0.9025	0.5825	1	0	0
0.9025	0.5875	1	0	0
0.9025	0.5925	1	0	0
0.9025	0.5975	1	0	0
0.9025	0.6025	1	0	0
0.9025	0.6075	1	0	0
0.9025	0.6125	1	0	0
0.9025	0.6175	1	0	0
0.9025	0.6225	1	0	0
0.9025	0.6275	1	0	0
0.9025	0.6325	1	0	0
0.9025	0.6375	1	0	0
0.9025	0.6425	1	0	0
0.9025	0.6475	1	0	0
0.9025	0.6525	1	0	0
0.9025	0.6575	1	0	0
0.9025	0.6625	1	0	0
0.9025	0.6675	1	0	0
0.9025	0.6725	1	0	0
0.9025	0.6775	1	0	0
0.9025	0.6825	1	0	0
0.9025	0.6875	1	0	0
0.9025	0.6925	1	0	0
0.9025	0.6975	1	0	0
0.9025	0.7025	1	0	0
0.9025	0.7075	1	0	0
0.9025	0.7125	1	0	0
0.9025	0.7175	1	0	0
0.9025	0.7225	1	0	0
0.9025	0.7275	1	0	0
0.9025	0.7325	1	0	0
0.9025	0.7375	1	0	0
0.9025	0.7425	1	0	0
0.9025	0.7475	1	0	0
0.9025	0.7525	1	0	0
0.9025	0.7575	1	0	0
0.9025	0.7625	1	0	0
0.9025	0.7675	1	0	0
0.9025	0.7725	1	0	0
0.9025	0.7775	1	0	0
0.9025	0.7825	1	0	0
0.9025	0.7875	1	0	0
0.9025	0.7925	1	0	0
0.9025	0.7975	1	0	0
0.9025	0.8025	1	0	0
0.9025	0.8075	1	0	0
0.9025	0.8125	1	0	0
0.9025	0.8175	1	0	0
0.9025	0.8225	1	0	0
0.9025	0.8275	1	0	0
0.9025	0.8325	1	0	0
0.9025	0.8375	1	0	0
0.9025	0.8425	1	0	0
0.9025	0.8475	1	0	0
0.9025	0.8525	1	0	0
0.9025	0.8575	1	0	0
0.9025	0.8625	1	0	0
0.9025	0.8675	1	0	0
0.9025	0.8725	1	0	0
0.9025	0.8775	1	0	0
0.9025	0.8825	1	0	0
0.9025	0.8875	1	0	0
0.9025	0.8925	1	0	0
0.9025	0.8975	1	0	0
0.9025	0.9025	1	0	0
0.9025	0.9075	1	0	0
0.9025	0.9125	1	0	0
0.9025	0.9175	1	0	0
0.9025	0.9225	1	0	0
0.9025	0.9275	1	0	0
0.9025	0.9325	1	0	0
0.9025	0.9375	1	0	0
0.9025	0.9425	1	0	0
0.9025	0.9475	1	0	0
0.9025	0.9525	1	0	0
0.9025	0.9575	1	0	0
0.9025	0.9625	1	0	0
0.9025	0.9675	1	0	0
0.9025	0.9725	1	0	0
0.9025	0.9775	1	0	0
0.9025	0.9825	1	0	0
0.9025	0.9875	1	0	0
0.9025	0.9925	1	0	0
0.9025	0.9975	1	0	0
0.9025	1.0025	1	0	0
0.9075	0.0075	1	0	0
0.9075	0.0125	1	0	0
0.9075	0.0175	1	0	0
0.9075	0.0225	1	0	0
0.9075	0.0275	1	0	0
0.9075	0.0325	1	0	0
0.9075	0.0375	1	0	0
0.9075	0.0425	1	0	0
0.9075	0.0475	1	0	0
0.9075	0.0525	1	0	0
0.9075	0.0575	1	0	0
0.9075	0.0625	1	0	0
0.9075	0.0675	1	0	0
0.9075	0.0725	1	0	0
0.9075	0.0775	1	0	0
0.9075	0.0825	1	0	0
0.9075	0.0875	1	0	0
0.9075	0.0925	1	0	0
0.9075	0.0975	1	0	0
0.9075	0.1025	1	0	0
0.9075	0.1075	1	0	0
0.9075	0.1125	1	0	0
0.9075	0.1175	1	0	0
0.9075	0.1225	1	0	0
0.9075	0.1275	1	0	0
0.9075	0.1325	1	0	0
0.9075	0.1375	1	0	0
0.9075	0.1425	1	0	0
0.9075	0.1475	1	0	0
0.9075	0.1525	1	0	0
0.9075	0.1575	1	0	0
0.9075	0.1625	1	0	0
0.9075	0.1675	1	0	0
0.9075	0.1725	1	0	0
0.9075	0.1775	1	0	0
0.9075	0.1825	1	0	0
0.9075	0.1875	1	0	0
0.9075	0.1925	1	0	0
0.9075	0.1975	1	0	0
0.9075	0.2025	1	0	0
0.9075	0.2075	1	0	0
0.9075	0.2125	1	0	0
0.9075	0.2175	1	0	0
0.9075	0.2225	1	0	0
0.9075	0.2275	1	0	0
0.9075	0.2325	1	0	0
0.9075	0.2375	1	0	0
0.9075	0.2425	1	0	0
0.9075	0.2475	1	0	0
0.9075	0.2525	1	0	0
0.9075	0.2575	1	0	0
0.9075	0.2625	1	0	0
0.9075	0.2675	1	0	0
0.9075	0.2725	1	0	0
0.9075	0.2775	1	0	0
0.9075	0.2825	1	0	0
0.9075	0.2875	1	0	0
0.9075	0.2925	1	0	0
0.9075	0.2975	1	0	0
0.9075	0.3025	1	0	0
0.9075	0.3075	1	0	0
0.9075	0.3125	1	0	0
0.9075	0.3175	1	0	0
0.9075	0.3225	1	0	0
0.9075	0.3275	1	0	0
0.9075	0.3325	1	0	0
0.9075	0.3375	1	0	0
0.9075	0.3425	1	0	0
0.9075	0.3475	1	0	0
0.9075	0.3525	1	0	0
0.9075	0.3575	1	0	0
0.9075	0.3625	1	0	0
0.9075	0.3675	1	0	0
0.9075	0.3725	1	0	0
0.9075	0.3775	1	0	0
0.9075	0.3825	1	0	0
0.9075	0.3875	1	0	0
0.9075	0.3925	1	0	0
0.9075	0.3975	1	0	0
0.9075	0.4025	1	0	0
0.9075	0.4075	1	0	0
0.9075	0.4125	1	0	0
0.9075	0.4175	1	0	0
0.9075	0.4225	1	0	0
0.9075	0.4275	1	0	0
0.9075	0.4325	1	0	0
0.9075	0.4375	1	0	0
0.9075	0.4425	1	0	0
0.9075	0.4475	1	0	0
0.9075	0.4525	1	0	0
0.9075	0.4575	1	0	0
0.9075	0.4625	1	0	0
0.9075	0.4675	1	0	0
0.9075	0.4725	1	0	0
0.9075	0.4775	1	0	0
0.9075	0.4825	1	0	0
0.9075	0.4875	1	0	0
0.9075	0.4925	1	0	0
0.9075	0.4975	1	0	0
0.9075	0.5025	1	0	0
0.9075	0.5075	1	0	0
0.9075	0.5125	1	0	0
0.9075	0.5175	1	0	0
0.9075	0.5225	1	0	0
0.9075	0.5275	1	0	0
0.9075	0.5325	1	0	0
0.9075	0.5375	1	0	0
0.9075	0.5425	1	0	0
0.9075	0.5475	1	0	0
0.9075	0.5525	1	0	0
0.9075	0.5575	1	0	0
0.9075	0.5625	1	0	0
0.9075	0.5675	1	0	0
0.9075	0.5725	1	0	0
0.9075	0.5775	1	0	0
0.9075	0.5825	1	0	0
0.9075	0.5875	1	0	0
0.9075	0.5925	1	0	0
0.9075	0.5975	1	0	0
0.9075	0.6025	1	0	0
0.9075	0.6075	1	0	0
0.9075	0.6125	1	0	0
0.9075	0.6175	1	0	0
0.9075	0.6225	1	0	0
0.9075	0.6275	1	0	0
0.9075	0.6325	1	0	0
0.9075	0.6375	1	0	0
0.9075	0.6425	1	0	0
0.9075	0.6475	1	0	0
0.9075	0.6525	1	0	0
0.9075	0.6575	1	0	0
0.9075	0.6625	1	0	0
0.9075	0.6675	1	0	0
0.9075	0.6725	1	0	0
0.9075	0.6775	1	0	0
0.9075	0.6825	1	0	0
0.9075	0.6875	1	0	0
0.9075	0.6925	1	0	0
0.9075	0.6975	1	0	0
0.9075	0.7025	1	0	0
0.9075	0.7075	1	0	0
0.9075	0.7125	1	0	0
0.9075	0.7175	1	0	0
0.9075	0.7225	1	0	0
0.9075	0.7275	1	0	0
0.9075	0.7325	1	0	0
0.9075	0.7375	1	0	0
0.9075	0.7425	1	0	0
0.9075	0.7475	1	0	0
0.9075	0.7525	1	0	0
0.9075	0.7575	1	0	0
0.9075	0.7625	1	0	0
0.9075	0.7675	1	0	0
0.9075	0.7725	1	0	0
0.9075	0.7775	1	0	0
0.9075	0.7825	1	0	0
0.9075	0.7875	1	0	0
0.9075	0.7925	1	0	0
0.9075	0.7975	1	0	0
0.9075	0.8025	1	0	0
0.9075	0.8075	1	0	0
0.9075	0.8125	1	0	0
0.9075	0.8175	1	0	0
0.9075	0.8225	1	0	0
0.9075	0.8275	1	0	0
0.9075	0.8325	1	0	0
0.9075	0.8375	1	0	0
0.9075	0.8425	1	0	0
0.9075	0.8475	1	0	0
0.9075	0.8525	1	0	0
0.9075	0.8575	1	0	0
0.9075	0.8625	1	0	0
0.9075	0.8675	1	0	0
0.9075	0.8725	1	0	0
0.9075	0.8775	1	0	0
0.9075	0.8825	1	0	0
0.9075	0.8875	1	0	0
0.9075	0.8925	1	0	0
0.9075	0.8975	1	0	0
0.9075	0.9025	1	0	0
0.9075	0.9075	1	0	0
0.9075	0.9125	1	0	0
0.9075	0.9175	1	0	0
0.9075	0.9225	1	0	0
0.9075	0.9275	1	0	0
0.9075	0.9325	1	0	0
0.9075	0.9375	1	0	0
0.9075	0.9425	1	0	0
0.9075	0.9475	1	0	0
0.9075	0.9525	1	0	0
0.9075	0.9575	1	0	0
0.9075	0.9625	1	0	0
0.9075	0.9675	1	0	0
0.9075	0.9725	1	0	0
0.9075	0.9775	1	0	0
0.9075	0.9825	1	0	0
0.9075	0.9875	1	0	0
0.9075	0.9925	1	0	0
0.9075	0.9975	1	0	0
0.9075	1.0025	1	0	0
0.9125	0.0075	1	0	0
0.9125	0.0125	1	0	0
0.9125	0.0175	1	0	0
0.9125	0.0225	1	0	0
0.9125	0.0275	1	0	0
0.9125	0.0325	1	0	0
0.9125	0.0375	1	0	0
0.9125	0.0425	1	0	0
0.9125	0.0475	1	0	0
0.9125	0.0525	1	0	0
0.9125	0.0575	1	0	0
0.9125	0.0625	1	0	0
0.9125	0.0675	1	0	0
0.9125	0.0725	1	0	0
0.9125	0.0775	1	0	0
0.9125	0.0825	1	0	0
0.9125	0.0875	1	0	0
0.9125	0.0925	1	0	0
0.9125	0.0975	1	0	0
0.9125	0.1025	1	0	0
0.9125	0.1075	1	0	0
0.9125	0.1125	1	0	0
0.9125	0.1175	1	0	0
0.9125	0.1225	1	0	0
0.9125	0.1275	1	0	0
0.9125	0.1325	1	0	0
0.9125	0.1375	1	0	0
0.9125	0.1425	1	0	0
0.9125	0.1475	1	0	0
0.9125	0.1525	1	0	0
0.9125	0.1575	1	0	0
0.9125	0.1625	1	0	0
0.9125	0.1675	1	0	0
0.9125	0.1725	1	0	0
0.9125	0.1775	1	0	0
0.9125	0.1825	1	0	0
0.9125	0.1875	1	0	0
0.9125	0.1925	1	0	0
0.9125	0.1975	1	0	0
0.9125	0.2025	1	0	0
0.9125	0.2075	1	0	0
0.9125	0.2125	1	0	0
0.9125	0.2175	1	0	0
0.9125	0.2225	1	0	0
0.9125	0.2275	1	0	0
0.9125	0.2325	1	0	0
0.9125	0.2375	1	0	0
0.9125	0.2425	1	0	0
0.9125	0.2475	1	0	0
0.9125	0.2525	1	0	0
0.9125	0.2575	1	0	0
0.9125	0.2625	1	0	0
0.9125	0.2675	1	0	0
0.9125	0.2725	1	0	0
0.9125	0.2775	1	0	0
0.9125	0.2825	1	0	0
0.9125	0.2875	1	0	0
0.9125	0.2925	1	0	0
0.9125	0.2975	1	0	0
0.9125	0.3025	1	0	0
0.9125	0.3075	1	0	0
0.9125	0.3125	1	0	0
0.9125	0.3175	1	0	0
0.9125	0.3225	1	0	0
0.9125	0.3275	1	0	0
0.9125	0.3325	1	0	0
0.9125	0.3375	1	0	0
0.9125	0.3425	1	0	0
0.9125	0.3475	1	0	0
0.9125	0.3525	1	0	0
0.9125	0.3575	1	0	0
0.9125	0.3625	1	0	0
0.9125	0.3675	1	0	0
0.9125	0.3725	1	0	0
0.9125	0.3775	1	0	0
0.9125	0.3825	1	0	0
0.9125	0.3875	1	0	0
0.9125	0.3925	1	0	0
0.9125	0.3975	1	0	0
0.9125	0.4025	1	0	0
0.9125	0.4075	1	0	0
0.9125	0.4125	1	0	0
0.9125	0.4175	1	0	0
0.9125	0.4225	1	0	0
0.9125	0.4275	1	0	0
0.9125	0.4325	1	0	0
0.9125	0.4375	1	0	0
0.9125	0.4425	1	0	0
0.9125	0.4475	1	0	0
0.9125	0.4525	1	0	0
0.9125	0.4575	1	0	0
0.9125	0.4625	1	0	0
0.9125	0.4675	1	0	0
0.9125	0.4725	1	0	0
0.9125	0.4775	1	0	0
0.9125	0.4825	1	0	0
0.9125	0.4875	1	0	0
0.9125	0.4925	1	0	0
0.9125	0.4975	1	0	0
0.9125	0.5025	1	0	0
0.9125	0.5075	1	0	0
0.9125	0.5125	1	0	0
0.9125	0.5175	1	0	0
0.9125	0.5225	1	0	0
0.9125	0.5275	1	0	0
0.9125	0.5325	1	0	0
0.9125	0.5375	1	0	0
0.9125	0.5425	1	0	0
0.9125	0.5475	1	0	0
0.9125	0.5525	1	0	0
0.9125	0.5575	1	0	0
0.9125	0.5625	1	0	0
0.9125	0.5675	1	0	0
0.9125	0.5725	1	0	0
0.9125	0.5775	1	0	0
0.9125	0.5825	1	0	0
0.9125	0.5875	1	0	0
0.9125	0.5925	1	0	0
0.9125	0.5975	1	0	0
0.9125	0.6025	1	0	0
0.9125	0.6075	1	0	0
0.9125	0.6125	1	0	0
0.9125	0.6175	1	0	0
0.9125	0.6225	1	0	0
0.9125	0.6275	1	0	0
0.9125	0.6325	1	0	0
0.9125	0.6375	1	0	0
0.9125	0.6425	1	0	0
0.9125	0.6475	1	0	0
0.9125	0.6525	1	0	0
0.9125	0.6575	1	0	0
0.9125	0.6625	1	0	0
0.9125	0.6675	1	0	0
0.9125	0.6725	1	0	0
0.9125	0.6775	1	0	0
0.9125	0.6825	1	0	0
0.9125	0.6875	1	0	0
0.9125	0.6925	1	0	0
0.9125	0.6975	1	0	0
0.9125	0.7025	1	0	0
0.9125	0.7075	1	0	0
0.9125	0.7125	1	0	0
0.9125	0.7175	1	0	0
0.9125	0.7225	1	0	0
0.9125	0.7275	1	0	0
0.9125	0.7325	1	0	0
0.9125	0.7375	1	0	0
0.9125	0.7425	1	0	0
0.9125	0.7475	1	0	0
0.9125	0.7525	1	0	0
0.9125	0.7575	1	0	0
0.9125	0.7625	1	0	0
0.9125	0.7675	1	0	0
0.9125	0.7725	1	0	0
0.9125	0.7775	1	0	0
0.9125	0.7825	1	0	0
0.9125	0.7875	1	0	0
0.9125	0.7925	1	0	0
0.9125	0.7975	1	0	0
0.9125	0.8025	1	0	0
0.9125	0.8075	1	0	0
0.9125	0.8125	1	0	0
0.9125	0.8175	1	0	0
0.9125	0.8225	1	0	0
0.9125	0.8275	1	0	0
0.9125	0.8325	1	0	0
0.9125	0.8375	1	0	0
0.9125	0.8425	1	0	0
0.9125	0.8475	1	0	0
0.9125	0.8525	1	0	0
0.9125	0.8575	1	0	0
0.9125	0.8625	1	0	0
0.9125	0.8675	1	0	0
0.9125	0.8725	1	0	0
0.9125	0.8775	1	0	0
0.9125	0.8825	1	0	0
0.9125	0.8875	1	0	0
0.9125	0.8925	1	0	0
0.9125	0.8975	1	0	0
0.9125	0.9025	1	0	0
0.9125	0.9075	1	0	0
0.9125	0.9125	1	0	0
0.9125	0.9175	1	0	0
0.9125	0.9225	1	0	0
0.9125	0.9275	1	0	0
0.9125	0.9325	1	0	0
0.9125	0.9375	1	0	0
0.9125	0.9425	1	0	0
0.9125	0.9475	1	0	0
0.9125	0.9525	1	0	0
0.9125	0.9575	1	0	0
0.9125	0.9625	1	0	0
0.9125	0.9675	1	0	0
0.9125	0.9725	1	0	0
0.9125	0.9775	1	0	0
0.9125	0.9825	1	0	0
0.9125	0.9875	1	0	0
0.9125	0.9925	1	0	0
0.9125	0.9975	1	0	0
0.9125	1.0025	1	0	0
0.9175	0.0075	1	0	0
0.9175	0.0125	1	0	0
0.9175	0.0175	1	0	0
0.9175	0.0225	1	0	0
0.9175	0.0275	1	0	0
0.9175	0.0325	1	0	0
0.9175	0.0375	1	0	0
0.9175	0.0425	1	0	0
0.9175	0.0475	1	0	0
0.9175	0.0525	1	0	0
0.9175	0.0575	1	0	0
0.9175	0.0625	1	0	0
0.9175	0.0675	1	0	0
0.9175	0.0725	1	0	0
0.9175	0.0775	1	0	0
0.9175	0.0825	1	0	0
0.9175	0.0875	1	0	0
0.9175	0.0925	1	0	0
0.9175	0.0975	1	0	0
0.9175	0.1025	1	0	0
0.9175	0.1075	1	0	0
0.9175	0.1125	1	0	0
0.9175	0.1175	1	0	0
0.9175	0.1225	1	0	0
0.9175	0.1275	1	0	0
0.9175	0.1325	1	0	0
0.9175	0.1375	1	0	0
0.9175	0.1425	1	0	0
0.9175	0.1475	1	0	0
0.9175	0.1525	1	0	0
0.9175	0.1575	1	0	0
0.9175	0.1625	1	0	0
0.9175	0.1675	1	0	0
0.9175	0.1725	1	0	0
0.9175	0.1775	1	0	0
0.9175	0.1825	1	0	0
0.9175	0.1875	1	0	0
0.9175	0.1925	1	0	0
0.9175	0.1975	1	0	0
0.9175	0.2025	1	0	0
0.9175	0.2075	1	0	0
0.9175	0.2125	1	0	0
0.9175	0.2175	1	0	0
0.9175	0.2225	1	0	0
0.9175	0.2275	1	0	0
0.9175	0.2325	1	0	0
0.9175	0.2375	1	0	0
0.9175	0.2425	1	0	0
0.9175	0.2475	1	0	0
0.9175	0.2525	1	0	0
0.9175	0.2575	1	0	0
0.9175	0.2625	1	0	0
0.9175	0.2675	1	0	0
0.9175	0.2725	1	0	0
0.9175	0.2775	1	0	0
0.9175	0.2825	1	0	0
0.9175	0.2875	1	0	0
0.9175	0.2925	1	0	0
0.9175	0.2975	1	0	0
0.9175	0.3025	1	0	0
0.9175	0.3075	1	0	0
0.9175	0.3125	1	0	0
0.9175	0.3175	1	0	0
0.9175	0.3225	1	0	0
0.9175	0.3275	1	0	0
0.9175	0.3325	1	0	0
0.9175	0.3375	1	0	0
0.9175	0.3425	1	0	0
0.9175	0.3475	1	0	0
0.9175	0.3525	1	0	0
0.9175	0.3575	1	0	0
0.9175	0.3625	1	0	0
0.9175	0.3675	1	0	0
0.9175	0.3725	1	0	0
0.9175	0.3775	1	0	0
0.9175	0.3825	1	0	0
0.9175	0.3875	1	0	0
0.9175	0.3925	1	0	0
0.9175	0.3975	1	0	0
0.9175	0.4025	1	0	0
0.9175	0.4075	1	0	0
0.9175	0.4125	1	0	0
0.9175	0.4175	1	0	0
0.9175	0.4225	1	0	0
0.9175	0.4275	1	0	0
0.9175	0.4325	1	0	0
0.9175	0.4375	1	0	0
0.9175	0.4425	1	0	0
0.9175	0.4475	1	0	0
0.9175	0.4525	1	0	0
0.9175	0.4575	1	0	0
0.9175	0.4625	1	0	0
0.9175	0.4675	1	0	0
0.9175	0.4725	1	0	0
0.9175	0.4775	1	0	0
0.9175	0.4825	1	0	0
0.9175	0.4875	1	0	0
0.9175	0.4925	1	0	0
0.9175	0.4975	1	0	0
0.9175	0.5025	1	0	0
0.9175	0.5075	1	0	0
0.9175	0.5125	1	0	0
0.9175	0.5175	1	0	0
0.9175	0.5225	1	0	0
0.9175	0.5275	1	0	0
0.9175	0.5325	1	0	0
0.9175	0.5375	1	0	0
0.9175	0.5425	1	0	0
0.9175	0.5475	1	0	0
0.9175	0.5525	1	0	0
0.9175	0.5575	1	0	0
0.9175	0.5625	1	0	0
0.9175	0.5675	1	0	0
0.9175	0.5725	1	0	0
0.9175	0.5775	1	0	0
0.9175	0.5825	1	0	0
0.9175	0.5875	1	0	0
0.9175	0.5925	1	0	0
0.9175	0.5975	1	0	0
0.9175	0.6025	1	0	0
0.9175	0.6075	1	0	0
0.9175	0.6125	1	0	0
0.9175	0.6175	1	0	0
0.9175	0.6225	1	0	0
0.9175	0.6275	1	0	0
0.9175	0.6325	1	0	0
0.9175	0.6375	1	0	0
0.9175	0.6425	1	0	0
0.9175	0.6475	1	0	0
0.9175	0.6525	1	0	0
0.9175	0.6575	1	0	0
0.9175	0.6625	1	0	0
0.9175	0.6675	1	0	0
0.9175	0.6725	1	0	0
0.9175	0.6775	1	0	0
0.9175	0.6825	1	0	0
0.9175	0.6875	1	0	0
0.9175	0.6925	1	0	0
0.9175	0.6975	1	0	0
0.9175	0.7025	1	0	0
0.9175	0.7075	1	0	0
0.9175	0.7125	1	0	0
0.9175	0.7175	1	0	0
0.9175	0.7225	1	0	0
0.9175	0.7275	1	0	0
0.9175	0.7325	1	0	0
0.9175	0.7375	1	0	0
0.9175	0.7425	1	0	0
0.9175	0.7475	1	0	0
0.9175	0.7525	1	0	0
0.9175	0.7575	1	0	0
0.9175	0.7625	1	0	0
0.9175	0.7675	1	0	0
0.9175	0.7725	1	0	0
0.9175	0.7775	1	0	0
0.9175	0.7825	1	0	0
0.9175	0.7875	1	0	0
0.9175	0.7925	1	0	0
0.9175	0.7975	1	0	0
0.9175	0.8025	1	0	0
0.9175	0.8075	1	0	0
0.9175	0.8125	1	0	0
0.9175	0.8175	1	0	0
0.9175	0.8225	1	0	0
0.9175	0.8275	1	0	0
0.9175	0.8325	1	0	0
0.9175	0.8375	1	0	0
0.9175	0.8425	1	0	0
0.9175	0.8475	1	0	0
0.9175	0.8525	1	0	0
0.9175	0.8575	1	0	0
0.9175	0.8625	1	0	0
0.9175	0.8675	1	0	0
0.9175	0.8725	1	0	0
0.9175	0.8775	1	0	0
0.9175	0.8825	1	0	0
0.9175	0.8875	1	0	0
0.9175	0.8925	1	0	0
0.9175	0.8975	1	0	0
0.9175	0.9025	1	0	0
0.9175	0.9075	1	0	0
0.9175	0.9125	1	0	0
0.9175	0.9175	1	0	0
0.9175	0.9225	1	0	0
0.9175	0.9275	1	0	0
0.9175	0.9325	1	0	0
0.9175	0.9375	1	0	0
0.9175	0.9425	1	0	0
0.9175	0.9475	1	0	0
0.9175	0.9525	1	0	0
0.9175	0.9575	1	0	0
0.9175	0.9625	1	0	0
0.9175	0.9675	1	0	0
0.9175	0.9725	1	0	0
0.9175	0.9775	1	0	0
0.9175	0.9825	1	0	0
0.9175	0.9875	1	0	0
0.9175	0.9925	1	0	0
0.9175	0.9975	1	0	0
0.9175	1.0025	1	0	0
0.9225	0.0075	1	0	0
0.9225	0.0125	1	0	0
0.9225	0.0175	1	0	0
0.9225	0.0225	1	0	0
0.9225	0.0275	1	0	0
0.9225	0.0325	1	0	0
0.9225	0.0375	1	0	0
0.9225	0.0425	1	0	0
0.9225	0.0475	1	0	0
0.9225	0.0525	1	0	0
0.9225	0.0575	1	0	0
0.9225	0.0625	1	0	0
0.9225	0.0675	1	0	0
0.9225	0.0725	1	0	0
0.9225	0.0775	1	0	0
0.9225	0.0825	1	0	0
0.9225	0.0875	1	0	0
0.9225	0.0925	1	0	0
0.9225	0.0975	1	0	0
0.9225	0.1025	1	0	0
0.9225	0.1075	1	0	0
0.9225	0.1125	1	0	0
0.9225	0.1175	1	0	0
0.9225	0.1225	1	0	0
0.9225	0.1275	1	0	0
0.9225	0.1325	1	0	0
0.9225	0.1375	1	0	0
0.9225	0.1425	1	0	0
0.9225	0.1475	1	0	0
0.9225	0.1525	1	0	0
0.9225	0.1575	1	0	0
0.9225	0.1625	1	0	0
0.9225	0.1675	1	0	0
0.9225	0.1725	1	0	0
0.9225	0.1775	1	0	0
0.9225	0.1825	1	0	0
0.9225	0.1875	1	0	0
0.9225	0.1925	1	0	0
0.9225	0.1975	1	0	0
0.9225	0.2025	1	0	0
0.9225	0.2075	1	0	0
0.9225	0.2125	1	0	0
0.9225	0.2175	1	0	0
0.9225	0.2225	1	0	0
0.9225	0.2275	1	0	0
0.9225	0.2325	1	0	0
0.9225	0.2375	1	0	0
0.9225	0.2425	1	0	0
0.9225	0.2475	1	0	0
0.9225	0.2525	1	0	0
0.9225	0.2575	1	0	0
0.9225	0.2625	1	0	0
0.9225	0.2675	1	0	0
0.9225	0.2725	1	0	0
0.9225	0.2775	1	0	0
0.9225	0.2825	1	0	0
0.9225	0.2875	1	0	0
0.9225	0.2925	1	0	0
0.9225	0.2975	1	0	0
0.9225	0.3025	1	0	0
0.9225	0.3075	1	0	0
0.9225	0.3125	1	0	0
0.9225	0.3175	1	0	0
0.9225	0.3225	1	0	0
0.9225	0.3275	1	0	0
0.9225	0.3325	1	0	0
0.9225	0.3375	1	0	0
0.9225	0.3425	1	0	0
0.9225	0.3475	1	0	0
0.9225	0.3525	1	0	0
0.9225	0.3575	1	0	0
0.9225	0.3625	1	0	0
0.9225	0.3675	1	0	0
0.9225	0.3725	1	0	0
0.9225	0.3775	1	0	0
0.9225	0.3825	1	0	0
0.9225	0.3875	1	0	0
0.9225	0.3925	1	0	0
0.9225	0.3975	1	0	0
0.9225	0.4025	1	0	0
0.9225	0.4075	1	0	0
0.9225	0.4125	1	0	0
0.9225	0.4175	1	0	0
0.9225	0.4225	1	0	0
0.9225	0.4275	1	0	0
0.9225	0.4325	1	0	0
0.9225	0.4375	1	0	0
0.9225	0.4425	1	0	0
0.9225	0.4475	1	0	0
0.9225	0.4525	1	0	0
0.9225	0.4575	1	0	0
0.9225	0.4625	1	0	0
0.9225	0.4675	1	0	0
0.9225	0.4725	1	0	0
0.9225	0.4775	1	0	0
0.9225	0.4825	1	0	0
0.9225	0.4875	1	0	0
0.9225	0.4925	1	0	0
0.9225	0.4975	1	0	0
0.9225	0.5025	1	0	0
0.9225	0.5075	1	0	0
0.9225	0.5125	1	0	0
0.9225	0.5175	1	0	0
0.9225	0.5225	1	0	0
0.9225	0.5275	1	0	0
0.9225	0.5325	1	0	0
0.9225	0.5375	1	0	0
0.9225	0.5425	1	0	0
0.9225	0.5475	1	0	0
0.9225	0.5525	1	0	0
0.9225	0.5575	1	0	0
0.9225	0.5625	1	0	0
0.9225	0.5675	1	0	0
0.9225	0.5725	1	0	0
0.9225	0.5775	1	0	0
0.9225	0.5825	1	0	0
0.9225	0.5875	1	0	0
0.9225	0.5925	1	0	0
0.9225	0.5975	1	0	0
0.9225	0.6025	1	0	0
0.9225	0.6075	1	0	0
0.9225	0.6125	1	0	0
0.9225	0.6175	1	0	0
0.9225	0.6225	1	0	0
0.9225	0.6275	1	0	0
0.9225	0.6325	1	0	0
0.9225	0.6375	1	0	0
0.9225	0.6425	1	0	0
0.9225	0.6475	1	0	0
0.9225	0.6525	1	0	0
0.9225	0.6575	1	0	0
0.9225	0.6625	1	0	0
0.9225	0.6675	1	0	0
0.9225	0.6725	1	0	0
0.9225	0.6775	1	0	0
0.9225	0.6825	1	0	0
0.9225	0.6875	1	0	0
0.9225	0.6925	1	0	0
0.9225	0.6975	1	0	0
0.9225	0.7025	1	0	0
0.9225	0.7075	1	0	0
0.9225	0.7125	1	0	0
0.9225	0.7175	1	0	0
0.9225	0.7225	1	0	0
0.9225	0.7275	1	0	0
0.9225	0.7325	1	0	0
0.9225	0.7375	1	0	0
0.9225	0.7425	1	0	0
0.9225	0.7475	1	0	0
0.9225	0.7525	1	0	0
0.9225	0.7575	1	0	0
0.9225	0.7625	1	0	0
0.9225	0.7675	1	0	0
0.9225	0.7725	1	0	0
0.9225	0.7775	1	0	0
0.9225	0.7825	1	0	0
0.9225	0.7875	1	0	0
0.9225	0.7925	1	0	0
0.9225	0.7975	1	0	0
0.9225	0.8025	1	0	0
0.9225	0.8075	1	0	0
0.9225	0.8125	1	0	0
0.9225	0.8175	1	0	0
0.9225	0.8225	1	0	0
0.9225	0.8275	1	0	0
0.9225	0.8325	1	0	0
0.9225	0.8375	1	0	0
0.9225	0.8425	1	0	0
0.9225	0.8475	1	0	0
0.9225	0.8525	1	0	0
0.9225	0.8575	1	0	0
0.9225	0.8625	1	0	0
0.9225	0.8675	1	0	0
0.9225	0.8725	1	0	0
0.9225	0.8775	1	0	0
0.9225	0.8825	1	0	0
0.9225	0.8875	1	0	0
0.9225	0.8925	1	0	0
0.9225	0.8975	1	0	0
0.9225	0.9025	1	0	0
0.9225	0.9075	1	0	0
0.9225	0.9125	1	0	0
0.9225	0.9175	1	0	0
0.9225	0.9225	1	0	0
0.9225	0.9275	1	0	0
0.9225	0.9325	1	0	0
0.9225	0.9375	1	0	0
0.9225	0.9425	1	0	0
0.9225	0.9475	1	0	0
0.9225	0.9525	1	0	0
0.9225	0.9575	1	0	0
0.9225	0.9625	1	0	0
0.9225	0.9675	1	0	0
0.9225	0.9725	1	0	0
0.9225	0.9775	1	0	0
0.9225	0.9825	1	0	0
0.9225	0.9875	1	0	0
0.9225	0.9925	1	0	0
0.9225	0.9975	1	0	0
0.9225	1.0025	1	0	0
0.9275	0.0075	1	0	0
0.9275	0.0125	1	0	0
0.9275	0.0175	1	0	0
0.9275	0.0225	1	0	0
0.9275	0.0275	1	0	0
0.9275	0.0325	1	0	0
0.9275	0.0375	1	0	0
0.9275	0.0425	1	0	0
0.9275	0.0475	1	0	0
0.9275	0.0525	1	0	0
0.9275	0.0575	1	0	0
0.9275	0.0625	1	0	0
0.9275	0.0675	1	0	0
0.9275	0.0725	1	0	0
0.9275	0.0775	1	0	0
0.9275	0.0825	1	0	0
0.9275	0.0875	1	0	0
0.9275	0.0925	1	0	0
0.9275	0.0975	1	0	0
0.9275	0.1025	1	0	0
0.9275	0.1075	1	0	0
0.9275	0.1125	1	0	0
0.9275	0.1175	1	0	0
0.9275	0.1225	1	0	0
0.9275	0.1275	1	0	0
0.9275	0.1325	1	0	0
0.9275	0.1375	1	0	0
0.9275	0.1425	1	0	0
0.9275	0.1475	1	0	0
0.9275	0.1525	1	0	0
0.9275	0.1575	1	0	0
0.9275	0.1625	1	0	0
0.9275	0.1675	1	0	0
0.9275	0.1725	1	0	0
0.9275	0.1775	1	0	0
0.9275	0.1825	1	0	0
0.9275	0.1875	1	0	0
0.9275	0.1925	1	0	0
0.9275	0.1975	1	0	0
0.9275	0.2025	1	0	0
0.9275	0.2075	1	0	0
0.9275	0.2125	1	0	0
0.9275	0.2175	1	0	0
0.9275	0.2225	1	0	0
0.9275	0.2275	1	0	0
0.9275	0.2325	1	0	0
0.9275	0.2375	1	0	0
0.9275	0.2425	1	0	0
0.9275	0.2475	1	0	0
0.9275	0.2525	1	0	0
0.9275	0.2575	1	0	0
0.9275	0.2625	1	0	0
0.9275	0.2675	1	0	0
0.9275	0.2725	1	0	0
0.9275	0.2775	1	0	0
0.9275	0.2825	1	0	0
0.9275	0.2875	1	0	0
0.9275	0.2925	1	0	0
0.9275	0.2975	1	0	0
0.9275	0.3025	1	0	0
0.9275	0.3075	1	0	0
0.9275	0.3125	1	0	0
0.9275	0.3175	1	0	0
0.9275	0.3225	1	0	0
0.9275	0.3275	1	0	0
0.9275	0.3325	1	0	0
0.9275	0.3375	1	0	0
0.9275	0.3425	1	0	0
0.9275	0.3475	1	0	0
0.9275	0.3525	1	0	0
0.9275	0.3575	1	0	0
0.9275	0.3625	1	0	0
0.9275	0.3675	1	0	0
0.9275	0.3725	1	0	0
0.9275	0.3775	1	0	0
0.9275	0.3825	1	0	0
0.9275	0.3875	1	0	0
0.9275	0.3925	1	0	0
0.9275	0.3975	1	0	0
0.9275	0.4025	1	0	0
0.9275	0.4075	1	0	0
0.9275	0.4125	1	0	0
0.9275	0.4175	1	0	0
0.9275	0.4225	1	0	0
0.9275	0.4275	1	0	0
0.9275	0.4325	1	0	0
0.9275	0.4375	1	0	0
0.9275	0.4425	1	0	0
0.9275	0.4475	1	0	0
0.9275	0.4525	1	0	0
0.9275	0.4575	1	0	0
0.9275	0.4625	1	0	0
0.9275	0.4675	1	0	0
0.9275	0.4725	1	0	0
0.9275	0.4775	1	0	0
0.9275	0.4825	1	0	0
0.9275	0.4875	1	0	0
0.9275	0.4925	1	0	0
0.9275	0.4975	1	0	0
0.9275	0.5025	1	0	0
0.9275	0.5075	1	0	0
0.9275	0.5125	1	0	0
0.9275	0.5175	1	0	0
0.9275	0.5225	1	0	0
0.9275	0.5275	1	0	0
0.9275	0.5325	1	0	0
0.9275	0.5375	1	0	0
0.9275	0.5425	1	0	0
0.9275	0.5475	1	0	0
0.9275	0.5525	1	0	0
0.9275	0.5575	1	0	0
0.9275	0.5625	1	0	0
0.9275	0.5675	1	0	0
0.9275	0.5725	1	0	0
0.9275	0.5775	1	0	0
0.9275	0.5825	1	0	0
0.9275	0.5875	1	0	0
0.9275	0.5925	1	0	0
0.9275	0.5975	1	0	0
0.9275	0.6025	1	0	0
0.9275	0.6075	1	0	0
0.9275	0.6125	1	0	0
0.9275	0.6175	1	0	0
0.9275	0.6225	1	0	0
0.9275	0.6275	1	0	0
0.9275	0.6325	1	0	0
0.9275	0.6375	1	0	0
0.9275	0.6425	1	0	0
0.9275	0.6475	1	0	0
0.9275	0.6525	1	0	0
0.9275	0.6575	1	0	0
0.9275	0.6625	1	0	0
0.9275	0.6675	1	0	0
0.9275	0.6725	1	0	0
0.9275	0.6775	1	0	0
0.9275	0.6825	1	0	0
0.9275	0.6875	1	0	0
0.9275	0.6925	1	0	0
0.9275	0.6975	1	0	0
0.9275	0.7025	1	0	0
0.9275	0.7075	1	0	0
0.9275	0.7125	1	0	0
0.9275	0.7175	1	0	0
0.9275	0.7225	1	0	0
0.9275	0.7275	1	0	0
0.9275	0.7325	1	0	0
0.9275	0.7375	1	0	0
0.9275	0.7425	1	0	0
0.9275	0.7475	1	0	0
0.9275	0.7525	1	0	0
0.9275	0.7575	1	0	0
0.9275	0.7625	1	0	0
0.9275	0.7675	1	0	0
0.9275	0.7725	1	0	0
0.9275	0.7775	1	0	0
0.9275	0.7825	1	0	0
0.9275	0.7875	1	0	0
0.9275	0.7925	1	0	0
0.9275	0.7975	1	0	0
0.9275	0.8025	1	0	0
0.9275	0.8075	1	0	0
0.9275	0.8125	1	0	0
0.9275	0.8175	1	0	0
0.9275	0.8225	1	0	0
0.9275	0.8275	1	0	0
0.9275	0.8325	1	0	0
0.9275	0.8375	1	0	0
0.9275	0.8425	1	0	0
0.9275	0.8475	1	0	0
0.9275	0.8525	1	0	0
0.9275	0.8575	1	0	0
0.9275	0.8625	1	0	0
0.9275	0.8675	1	0	0
0.9275	0.8725	1	0	0
0.9275	0.8775	1	0	0
0.9275	0.8825	1	0	0
0.9275	0.8875	1	0	0
0.9275	0.8925	1	0	0
0.9275	0.8975	1	0	0
0.9275	0.9025	1	0	0
0.9275	0.9075	1	0	0
0.9275	0.9125	1	0	0
0.9275	0.9175	1	0	0
0.9275	0.9225	1	0	0
0.9275	0.9275	1	0	0
0.9275	0.9325	1	0	0
0.9275	0.9375	1	0	0
0.9275	0.9425	1	0	0
0.9275	0.9475	1	0	0
0.9275	0.9525	1	0	0
0.9275	0.9575	1	0	0
0.9275	0.9625	1	0	0
0.9275	0.9675	1	0	0
0.9275	0.9725	1	0	0
0.9275	0.9775	1	0	0
0.9275	0.9825	1	0	0
0.9275	0.9875	1	0	0
0.9275	0.9925	1	0	0
0.9275	0.9975	1	0	0
0.9275	1.0025	1	0	0
0.9325	0.0075	1	0	0
0.9325	0.0125	1	0	0
0.9325	0.0175	1	0	0
0.9325	0.0225	1	0	0
0.9325	0.0275	1	0	0
0.9325	0.0325	1	0	0
0.9325	0.0375	1	0	0
0.9325	0.0425	1	0	0
0.9325	0.0475	1	0	0
0.9325	0.0525	1	0	0
0.9325	0.0575	1	0	0
0.9325	0.0625	1	0	0
0.9325	0.0675	1	0	0
0.9325	0.0725	1	0	0
0.9325	0.0775	1	0	0
0.9325	0.0825	1	0	0
0.9325	0.0875	1	0	0
0.9325	0.0925	1	0	0
0.9325	0.0975	1	0	0
0.9325	0.1025	1	0	0
0.9325	0.1075	1	0	0
0.9325	0.1125	1	0	0
0.9325	0.1175	1	0	0
0.9325	0.1225	1	0	0
0.9325	0.1275	1	0	0
0.9325	0.1325	1	0	0
0.9325	0.1375	1	0	0
0.9325	0.1425	1	0	0
0.9325	0.1475	1	0	0
0.9325	0.1525	1	0	0
0.9325	0.1575	1	0	0
0.9325	0.1625	1	0	0
0.9325	0.1675	1	0	0
0.9325	0.1725	1	0	0
0.9325	0.1775	1	0	0
0.9325	0.1825	1	0	0
0.9325	0.1875	1	0	0
0.9325	0.1925	1	0	0
0.9325	0.1975	1	0	0
0.9325	0.2025	1	0	0
0.9325	0.2075	1	0	0
0.9325	0.2125	1	0	0
0.9325	0.2175	1	0	0
0.9325	0.2225	1	0	0
0.9325	0.2275	1	0	0
0.9325	0.2325	1	0	0
0.9325	0.2375	1	0	0
0.9325	0.2425	1	0	0
0.9325	0.2475	1	0	0
0.9325	0.2525	1	0	0
0.9325	0.2575	1	0	0
0.9325	0.2625	1	0	0
0.9325	0.2675	1	0	0
0.9325	0.2725	1	0	0
0.9325	0.2775	1	0	0
0.9325	0.2825	1	0	0
0.9325	0.2875	1	0	0
0.9325	0.2925	1	0	0
0.9325	0.2975	1	0	0
0.9325	0.3025	1	0	0
0.9325	0.3075	1	0	0
0.9325	0.3125	1	0	0
0.9325	0.3175	1	0	0
0.9325	0.3225	1	0	0
0.9325	0.3275	1	0	0
0.9325	0.3325	1	0	0
0.9325	0.3375	1	0	0
0.9325	0.3425	1	0	0
0.9325	0.3475	1	0	0
0.9325	0.3525	1	0	0
0.9325	0.3575	1	0	0
0.9325	0.3625	1	0	0
0.9325	0.3675	1	0	0
0.9325	0.3725	1	0	0
0.9325	0.3775	1	0	0
0.9325	0.3825	1	0	0
0.9325	0.3875	1	0	0
0.9325	0.3925	1	0	0
0.9325	0.3975	1	0	0
0.9325	0.4025	1	0	0
0.9325	0.4075	1	0	0
0.9325	0.4125	1	0	0
0.9325	0.4175	1	0	0
0.9325	0.4225	1	0	0
0.9325	0.4275	1	0	0
0.9325	0.4325	1	0	0
0.9325	0.4375	1	0	0
0.9325	0.4425	1	0	0
0.9325	0.4475	1	0	0
0.9325	0.4525	1	0	0
0.9325	0.4575	1	0	0
0.9325	0.4625	1	0	0
0.9325	0.4675	1	0	0
0.9325	0.4725	1	0	0
0.9325	0.4775	1	0	0
0.9325	0.4825	1	0	0
0.9325	0.4875	1	0	0
0.9325	0.4925	1	0	0
0.9325	0.4975	1	0	0
0.9325	0.5025	1	0	0
0.9325	0.5075	1	0	0
0.9325	0.5125	1	0	0
0.9325	0.5175	1	0	0
0.9325	0.5225	1	0	0
0.9325	0.5275	1	0	0
0.9325	0.5325	1	0	0
0.9325	0.5375	1	0	0
0.9325	0.5425	1	0	0
0.9325	0.5475	1	0	0
0.9325	0.5525	1	0	0
0.9325	0.5575	1	0	0
0.9325	0.5625	1	0	0
0.9325	0.5675	1	0	0
0.9325	0.5725	1	0	0
0.9325	0.5775	1	0	0
0.9325	0.5825	1	0	0
0.9325	0.5875	1	0	0
0.9325	0.5925	1	0	0
0.9325	0.5975	1	0	0
0.9325	0.6025	1	0	0
0.9325	0.6075	1	0	0
0.9325	0.6125	1	0	0
0.9325	0.6175	1	0	0
0.9325	0.6225	1	0	0
0.9325	0.6275	1	0	0
0.9325	0.6325	1	0	0
0.9325	0.6375	1	0	0
0.9325	0.6425	1	0	0
0.9325	0.6475	1	0	0
0.9325	0.6525	1	0	0
0.9325	0.6575	1	0	0
0.9325	0.6625	1	0	0
0.9325	0.6675	1	0	0
0.9325	0.6725	1	0	0
0.9325	0.6775	1	0	0
0.9325	0.6825	1	0	0
0.9325	0.6875	1	0	0
0.9325	0.6925	1	0	0
0.9325	0.6975	1	0	0
0.9325	0.7025	1	0	0
0.9325	0.7075	1	0	0
0.9325	0.7125	1	0	0
0.9325	0.7175	1	0	0
0.9325	0.7225	1	0	0
0.9325	0.7275	1	0	0
0.9325	0.7325	1	0	0
0.9325	0.7375	1	0	0
0.9325	0.7425	1	0	0
0.9325	0.7475	1	0	0
0.9325	0.7525	1	0	0
0.9325	0.7575	1	0	0
0.9325	0.7625	1	0	0
0.9325	0.7675	1	0	0
0.9325	0.7725	1	0	0
0.9325	0.7775	1	0	0
0.9325	0.7825	1	0	0
0.9325	0.7875	1	0	0
0.9325	0.7925	1	0	0
0.9325	0.7975	1	0	0
0.9325	0.8025	1	0	0
0.9325	0.8075	1	0	0
0.9325	0.8125	1	0	0
0.9325	0.8175	1	0	0
0.9325	0.8225	1	0	0
0.9325	0.8275	1	0	0
0.9325	0.8325	1	0	0
0.9325	0.8375	1	0	0
0.9325	0.8425	1	0	0
0.9325	0.8475	1	0	0
0.9325	0.8525	1	0	0
0.9325	0.8575	1	0	0
0.9325	0.8625	1	0	0
0.9325	0.8675	1	0	0
0.9325	0.8725	1	0	0
0.9325	0.8775	1	0	0
0.9325	0.8825	1	0	0
0.9325	0.8875	1	0	0
0.9325	0.8925	1	0	0
0.9325	0.8975	1	0	0
0.9325	0.9025	1	0	0
0.9325	0.9075	1	0	0
0.9325	0.9125	1	0	0
0.9325	0.9175	1	0	0
0.9325	0.9225	1	0	0
0.9325	0.9275	1	0	0
0.9325	0.9325	1	0	0
0.9325	0.9375	1	0	0
0.9325	0.9425	1	0	0
0.9325	0.9475	1	0	0
0.9325	0.9525	1	0	0
0.9325	0.9575	1	0	0
0.9325	0.9625	1	0	0
0.9325	0.9675	1	0	0
0.9325	0.9725	1	0	0
0.9325	0.9775	1	0	0
0.9325	0.9825	1	0	0
0.9325	0.9875	1	0	0
0.9325	0.9925	1	0	0
0.9325	0.9975	1	0	0
0.9325	1.0025	1	0	0
0.9375	0.0075	1	0	0
0.9375	0.0125	1	0	0
0.9375	0.0175	1	0	0
0.9375	0.0225	1	0	0
0.9375	0.0275	1	0	0
0.9375	0.0325	1	0	0
0.9375	0.0375	1	0	0
0.9375	0.0425	1	0	0
0.9375	0.0475	1	0	0
0.9375	0.0525	1	0	0
0.9375	0.0575	1	0	0
0.9375	0.0625	1	0	0
0.9375	0.0675	1	0	0
0.9375	0.0725	1	0	0
0.9375	0.0775	1	0	0
0.9375	0.0825	1	0	0
0.9375	0.0875	1	0	0
0.9375	0.0925	1	0	0
0.9375	0.0975	1	0	0
0.9375	0.1025	1	0	0
0.9375	0.1075	1	0	0
0.9375	0.1125	1	0	0
0.9375	0.1175	1	0	0
0.9375	0.1225	1	0	0
0.9375	0.1275	1	0	0
0.9375	0.1325	1	0	0
0.9375	0.1375	1	0	0
0.9375	0.1425	1	0	0
0.9375	0.1475	1	0	0
0.9375	0.1525	1	0	0
0.9375	0.1575	1	0	0
0.9375	0.1625	1	0	0
0.9375	0.1675	1	0	0
0.9375	0.1725	1	0	0
0.9375	0.1775	1	0	0
0.9375	0.1825	1	0	0
0.9375	0.1875	1	0	0
0.9375	0.1925	1	0	0
0.9375	0.1975	1	0	0
0.9375	0.2025	1	0	0
0.9375	0.2075	1	0	0
0.9375	0.2125	1	0	0
0.9375	0.2175	1	0	0
0.9375	0.2225	1	0	0
0.9375	0.2275	1	0	0
0.9375	0.2325	1	0	0
0.9375	0.2375	1	0	0
0.9375	0.2425	1	0	0
0.9375	0.2475	1	0	0
0.9375	0.2525	1	0	0
0.9375	0.2575	1	0	0
0.9375	0.2625	1	0	0
0.9375	0.2675	1	0	0
0.9375	0.2725	1	0	0
0.9375	0.2775	1	0	0
0.9375	0.2825	1	0	0
0.9375	0.2875	1	0	0
0.9375	0.2925	1	0	0
0.9375	0.2975	1	0	0
0.9375	0.3025	1	0	0
0.9375	0.3075	1	0	0
0.9375	0.3125	1	0	0
0.9375	0.3175	1	0	0
0.9375	0.3225	1	0	0
0.9375	0.3275	1	0	0
0.9375	0.3325	1	0	0
0.9375	0.3375	1	0	0
0.9375	0.3425	1	0	0
0.9375	0.3475	1	0	0
0.9375	0.3525	1	0	0
0.9375	0.3575	1	0	0
0.9375	0.3625	1	0	0
0.9375	0.3675	1	0	0
0.9375	0.3725	1	0	0
0.9375	0.3775	1	0	0
0.9375	0.3825	1	0	0
0.9375	0.3875	1	0	0
0.9375	0.3925	1	0	0
0.9375	0.3975	1	0	0
0.9375	0.4025	1	0	0
0.9375	0.4075	1	0	0
0.9375	0.4125	1	0	0
0.9375	0.4175	1	0	0
0.9375	0.4225	1	0	0
0.9375	0.4275	1	0	0
0.9375	0.4325	1	0	0
0.9375	0.4375	1	0	0
0.9375	0.4425	1	0	0
0.9375	0.4475	1	0	0
0.9375	0.4525	1	0	0
0.9375	0.4575	1	0	0
0.9375	0.4625	1	0	0
0.9375	0.4675	1	0	0
0.9375	0.4725	1	0	0
0.9375	0.4775	1	0	0
0.9375	0.4825	1	0	0
0.9375	0.4875	1	0	0
0.9375	0.4925	1	0	0
0.9375	0.4975	1	0	0
0.9375	0.5025	1	0	0
0.9375	0.5075	1	0	0
0.9375	0.5125	1	0	0
0.9375	0.5175	1	0	0
0.9375	0.5225	1	0	0
0.9375	0.5275	1	0	0
0.9375	0.5325	1	0	0
0.9375	0.5375	1	0	0
0.9375	0.5425	1	0	0
0.9375	0.5475	1	0	0
0.9375	0.5525	1	0	0
0.9375	0.5575	1	0	0
0.9375	0.5625	1	0	0
0.9375	0.5675	1	0	0
0.9375	0.5725	1	0	0
0.9375	0.5775	1	0	0
0.9375	0.5825	1	0	0
0.9375	0.5875	1	0	0
0.9375	0.5925	1	0	0
0.9375	0.5975	1	0	0
0.9375	0.6025	1	0	0
0.9375	0.6075	1	0	0
0.9375	0.6125	1	0	0
0.9375	0.6175	1	0	0
0.9375	0.6225	1	0	0
0.9375	0.6275	1	0	0
0.9375	0.6325	1	0	0
0.9375	0.6375	1	0	0
0.9375	0.6425	1	0	0
0.9375	0.6475	1	0	0
0.9375	0.6525	1	0	0
0.9375	0.6575	1	0	0
0.9375	0.6625	1	0	0
0.9375	0.6675	1	0	0
0.9375	0.6725	1	0	0
0.9375	0.6775	1	0	0
0.9375	0.6825	1	0	0
0.9375	0.6875	1	0	0
0.9375	0.6925	1	0	0
0.9375	0.6975	1	0	0
0.9375	0.7025	1	0	0
0.9375	0.7075	1	0	0
0.9375	0.7125	1	0	0
0.9375	0.7175	1	0	0
0.9375	0.7225	1	0	0
0.9375	0.7275	1	0	0
0.9375	0.7325	1	0	0
0.9375	0.7375	1	0	0
0.9375	0.7425	1	0	0
0.9375	0.7475	1	0	0
0.9375	0.7525	1	0	0
0.9375	0.7575	1	0	0
0.9375	0.7625	1	0	0
0.9375	0.7675	1	0	0
0.9375	0.7725	1	0	0
0.9375	0.7775	1	0	0
0.9375	0.7825	1	0	0
0.9375	0.7875	1	0	0
0.9375	0.7925	1	0	0
0.9375	0.7975	1	0	0
0.9375	0.8025	1	0	0
0.9375	0.8075	1	0	0
0.9375	0.8125	1	0	0
0.9375	0.8175	1	0	0
0.9375	0.8225	1	0	0
0.9375	0.8275	1	0	0
0.9375	0.8325	1	0	0
0.9375	0.8375	1	0	0
0.9375	0.8425	1	0	0
0.9375	0.8475	1	0	0
0.9375	0.8525	1	0	0
0.9375	0.8575	1	0	0
0.9375	0.8625	1	0	0
0.9375	0.8675	1	0	0
0.9375	0.8725	1	0	0
0.9375	0.8775	1	0	0
0.9375	0.8825	1	0	0
0.9375	0.8875	1	0	0
0.9375	0.8925	1	0	0
0.9375	0.8975	1	0	0
0.9375	0.9025	1	0	0
0.9375	0.9075	1	0	0
0.9375	0.9125	1	0	0
0.9375	0.9175	1	0	0
0.9375	0.9225	1	0	0
0.9375	0.9275	1	0	0
0.9375	0.9325	1	0	0
0.9375	0.9375	1	0	0
0.9375	0.9425	1	0	0
0.9375	0.9475	1	0	0
0.9375	0.9525	1	0	0
0.9375	0.9575	1	0	0
0.9375	0.9625	1	0	0
0.9375	0.9675	1	0	0
0.9375	0.9725	1	0	0
0.9375	0.9775	1	0	0
0.9375	0.9825	1	0	0
0.9375	0.9875	1	0	0
0.9375	0.9925	1	0	0
0.9375	0.9975	1	0	0
0.9375	1.0025	1	0	0
0.9425	0.0075	1	0	0
0.9425	0.0125	1	0	0
0.9425	0.0175	1	0	0
0.9425	0.0225	1	0	0
0.9425	0.0275	1	0	0
0.9425	0.0325	1	0	0
0.9425	0.0375	1	0	0
0.9425	0.0425	1	0	0
0.9425	0.0475	1	0	0
0.9425	0.0525	1	0	0
0.9425	0.0575	1	0	0
0.9425	0.0625	1	0	0
0.9425	0.0675	1	0	0
0.9425	0.0725	1	0	0
0.9425	0.0775	1	0	0
0.9425	0.0825	1	0	0
0.9425	0.0875	1	0	0
0.9425	0.0925	1	0	0
0.9425	0.0975	1	0	0
0.9425	0.1025	1	0	0
0.9425	0.1075	1	0	0
0.9425	0.1125	1	0	0
0.9425	0.1175	1	0	0
0.9425	0.1225	1	0	0
0.9425	0.1275	1	0	0
0.9425	0.1325	1	0	0
0.9425	0.1375	1	0	0
0.9425	0.1425	1	0	0
0.9425	0.1475	1	0	0
0.9425	0.1525	1	0	0
0.9425	0.1575	1	0	0
0.9425	0.1625	1	0	0
0.9425	0.1675	1	0	0
0.9425	0.1725	1	0	0
0.9425	0.1775	1	0	0
0.9425	0.1825	1	0	0
0.9425	0.1875	1	0	0
0.9425	0.1925	1	0	0
0.9425	0.1975	1	0	0
0.9425	0.2025	1	0	0
0.9425	0.2075	1	0	0
0.9425	0.2125	1	0	0
0.9425	0.2175	1	0	0
0.9425	0.2225	1	0	0
0.9425	0.2275	1	0	0
0.9425	0.2325	1	0	0
0.9425	0.2375	1	0	0
0.9425	0.2425	1	0	0
0.9425	0.2475	1	0	0
0.9425	0.2525	1	0	0
0.9425	0.2575	1	0	0
0.9425	0.2625	1	0	0
0.9425	0.2675	1	0	0
0.9425	0.2725	1	0	0
0.9425	0.2775	1	0	0
0.9425	0.2825	1	0	0
0.9425	0.2875	1	0	0
0.9425	0.2925	1	0	0
0.9425	0.2975	1	0	0
0.9425	0.3025	1	0	0
0.9425	0.3075	1	0	0
0.9425	0.3125	1	0	0
0.9425	0.3175	1	0	0
0.9425	0.3225	1	0	0
0.9425	0.3275	1	0	0
0.9425	0.3325	1	0	0
0.9425	0.3375	1	0	0
0.9425	0.3425	1	0	0
0.9425	0.3475	1	0	0
0.9425	0.3525	1	0	0
0.9425	0.3575	1	0	0
0.9425	0.3625	1	0	0
0.9425	0.3675	1	0	0
0.9425	0.3725	1	0	0
0.9425	0.3775	1	0	0
0.9425	0.3825	1	0	0
0.9425	0.3875	1	0	0
0.9425	0.3925	1	0	0
0.9425	0.3975	1	0	0
0.9425	0.4025	1	0	0
0.9425	0.4075	1	0	0
0.9425	0.4125	1	0	0
0.9425	0.4175	1	0	0
0.9425	0.4225	1	0	0
0.9425	0.4275	1	0	0
0.9425	0.4325	1	0	0
0.9425	0.4375	1	0	0
0.9425	0.4425	1	0	0
0.9425	0.4475	1	0	0
0.9425	0.4525	1	0	0
0.9425	0.4575	1	0	0
0.9425	0.4625	1	0	0
0.9425	0.4675	1	0	0
0.9425	0.4725	1	0	0
0.9425	0.4775	1	0	0
0.9425	0.4825	1	0	0
0.9425	0.4875	1	0	0
0.9425	0.4925	1	0	0
0.9425	0.4975	1	0	0
0.9425	0.5025	1	0	0
0.9425	0.5075	1	0	0
0.9425	0.5125	1	0	0
0.9425	0.5175	1	0	0
0.9425	0.5225	1	0	0
0.9425	0.5275	1	0	0
0.9425	0.5325	1	0	0
0.9425	0.5375	1	0	0
0.9425	0.5425	1	0	0
0.9425	0.5475	1	0	0
0.9425	0.5525	1	0	0
0.9425	0.5575	1	0	0
0.9425	0.5625	1	0	0
0.9425	0.5675	1	0	0
0.9425	0.5725	1	0	0
0.9425	0.5775	1	0	0
0.9425	0.5825	1	0	0
0.9425	0.5875	1	0	0
0.9425	0.5925	1	0	0
0.9425	0.5975	1	0	0
0.9425	0.6025	1	0	0
0.9425	0.6075	1	0	0
0.9425	0.6125	1	0	0
0.9425	0.6175	1	0	0
0.9425	0.6225	1	0	0
0.9425	0.6275	1	0	0
0.9425	0.6325	1	0	0
0.9425	0.6375	1	0	0
0.9425	0.6425	1	0	0
0.9425	0.6475	1	0	0
0.9425	0.6525	1	0	0
0.9425	0.6575	1	0	0
0.9425	0.6625	1	0	0
0.9425	0.6675	1	0	0
0.9425	0.6725	1	0	0
0.9425	0.6775	1	0	0
0.9425	0.6825	1	0	0
0.9425	0.6875	1	0	0
0.9425	0.6925	1	0	0
0.9425	0.6975	1	0	0
0.9425	0.7025	1	0	0
0.9425	0.7075	1	0	0
0.9425	0.7125	1	0	0
0.9425	0.7175	1	0	0
0.9425	0.7225	1	0	0
0.9425	0.7275	1	0	0
0.9425	0.7325	1	0	0
0.9425	0.7375	1	0	0
0.9425	0.7425	1	0	0
0.9425	0.7475	1	0	0
0.9425	0.7525	1	0	0
0.9425	0.7575	1	0	0
0.9425	0.7625	1	0	0
0.9425	0.7675	1	0	0
0.9425	0.7725	1	0	0
0.9425	0.7775	1	0	0
0.9425	0.7825	1	0	0
0.9425	0.7875	1	0	0
0.9425	0.7925	1	0	0
0.9425	0.7975	1	0	0
0.9425	0.8025	1	0	0
0.9425	0.8075	1	0	0
0.9425	0.8125	1	0	0
0.9425	0.8175	1	0	0
0.9425	0.8225	1	0	0
0.9425	0.8275	1	0	0
0.9425	0.8325	1	0	0
0.9425	0.8375	1	0	0
0.9425	0.8425	1	0	0
0.9425	0.8475	1	0	0
0.9425	0.8525	1	0	0
0.9425	0.8575	1	0	0
0.9425	0.8625	1	0	0
0.9425	0.8675	1	0	0
0.9425	0.8725	1	0	0
0.9425	0.8775	1	0	0
0.9425	0.8825	1	0	0
0.9425	0.8875	1	0	0
0.9425	0.8925	1	0	0
0.9425	0.8975	1	0	0
0.9425	0.9025	1	0	0
0.9425	0.9075	1	0	0
0.9425	0.9125	1	0	0
0.9425	0.9175	1	0	0
0.9425	0.9225	1	0	0
0.9425	0.9275	1	0	0
0.9425	0.9325	1	0	0
0.9425	0.9375	1	0	0
0.9425	0.9425	1	0	0
0.9425	0.9475	1	0	0
0.9425	0.9525	1	0	0
0.9425	0.9575	1	0	0
0.9425	0.9625	1	0	0
0.9425	0.9675	1	0	0
0.9425	0.9725	1	0	0
0.9425	0.9775	1	0	0
0.9425	0.9825	1	0	0
0.9425	0.9875	1	0	0
0.9425	0.9925	1	0	0
0.9425	0.9975	1	0	0
0.9425	1.0025	1	0	0
0.9475	0.0075	1	0	0
0.9475	0.0125	1	0	0
0.9475	0.0175	1	0	0
0.9475	0.0225	1	0	0
0.9475	0.0275	1	0	0
0.9475	0.0325	1	0	0
0.9475	0.0375	1	0	0
0.9475	0.0425	1	0	0
0.9475	0.0475	1	0	0
0.9475	0.0525	1	0	0
0.9475	0.0575	1	0	0
0.9475	0.0625	1	0	0
0.9475	0.0675	1	0	0
0.9475	0.0725	1	0	0
0.9475	0.0775	1	0	0
0.9475	0.0825	1	0	0
0.9475	0.0875	1	0	0
0.9475	0.0925	1	0	0
0.9475	0.0975	1	0	0
0.9475	0.1025	1	0	0
0.9475	0.1075	1	0	0
0.9475	0.1125	1	0	0
0.9475	0.1175	1	0	0
0.9475	0.1225	1	0	0
0.9475	0.1275	1	0	0
0.9475	0.1325	1	0	0
0.9475	0.1375	1	0	0
0.9475	0.1425	1	0	0
0.9475	0.1475	1	0	0
0.9475	0.1525	1	0	0
0.9475	0.1575	1	0	0
0.9475	0.1625	1	0	0
0.9475	0.1675	1	0	0
0.9475	0.1725	1	0	0
0.9475	0.1775	1	0	0
0.9475	0.1825	1	0	0
0.9475	0.1875	1	0	0
0.9475	0.1925	1	0	0
0.9475	0.1975	1	0	0
0.9475	0.2025	1	0	0
0.9475	0.2075	1	0	0
0.9475	0.2125	1	0	0
0.9475	0.2175	1	0	0
0.9475	0.2225	1	0	0
0.9475	0.2275	1	0	0
0.9475	0.2325	1	0	0
0.9475	0.2375	1	0	0
0.9475	0.2425	1	0	0
0.9475	0.2475	1	0	0
0.9475	0.2525	1	0	0
0.9475	0.2575	1	0	0
0.9475	0.2625	1	0	0
0.9475	0.2675	1	0	0
0.9475	0.2725	1	0	0
0.9475	0.2775	1	0	0
0.9475	0.2825	1	0	0
0.9475	0.2875	1	0	0
0.9475	0.2925	1	0	0
0.9475	0.2975	1	0	0
0.9475	0.3025	1	0	0
0.9475	0.3075	1	0	0
0.9475	0.3125	1	0	0
0.9475	0.3175	1	0	0
0.9475	0.3225	1	0	0
0.9475	0.3275	1	0	0
0.9475	0.3325	1	0	0
0.9475	0.3375	1	0	0
0.9475	0.3425	1	0	0
0.9475	0.3475	1	0	0
0.9475	0.3525	1	0	0
0.9475	0.3575	1	0	0
0.9475	0.3625	1	0	0
0.9475	0.3675	1	0	0
0.9475	0.3725	1	0	0
0.9475	0.3775	1	0	0
0.9475	0.3825	1	0	0
0.9475	0.3875	1	0	0
0.9475	0.3925	1	0	0
0.9475	0.3975	1	0	0
0.9475	0.4025	1	0	0
0.9475	0.4075	1	0	0
0.9475	0.4125	1	0	0
0.9475	0.4175	1	0	0
0.9475	0.4225	1	0	0
0.9475	0.4275	1	0	0
0.9475	0.4325	1	0	0
0.9475	0.4375	1	0	0
0.9475	0.4425	1	0	0
0.9475	0.4475	1	0	0
0.9475	0.4525	1	0	0
0.9475	0.4575	1	0	0
0.9475	0.4625	1	0	0
0.9475	0.4675	1	0	0
0.9475	0.4725	1	0	0
0.9475	0.4775	1	0	0
0.9475	0.4825	1	0	0
0.9475	0.4875	1	0	0
0.9475	0.4925	1	0	0
0.9475	0.4975	1	0	0
0.9475	0.5025	1	0	0
0.9475	0.5075	1	0	0
0.9475	0.5125	1	0	0
0.9475	0.5175	1	0	0
0.9475	0.5225	1	0	0
0.9475	0.5275	1	0	0
0.9475	0.5325	1	0	0
0.9475	0.5375	1	0	0
0.9475	0.5425	1	0	0
0.9475	0.5475	1	0	0
0.9475	0.5525	1	0	0
0.9475	0.5575	1	0	0
0.9475	0.5625	1	0	0
0.9475	0.5675	1	0	0
0.9475	0.5725	1	0	0
0.9475	0.5775	1	0	0
0.9475	0.5825	1	0	0
0.9475	0.5875	1	0	0
0.9475	0.5925	1	0	0
0.9475	0.5975	1	0	0
0.9475	0.6025	1	0	0
0.9475	0.6075	1	0	0
0.9475	0.6125	1	0	0
0.9475	0.6175	1	0	0
0.9475	0.6225	1	0	0
0.9475	0.6275	1	0	0
0.9475	0.6325	1	0	0
0.9475	0.6375	1	0	0
0.9475	0.6425	1	0	0
0.9475	0.6475	1	0	0
0.9475	0.6525	1	0	0
0.9475	0.6575	1	0	0
0.9475	0.6625	1	0	0
0.9475	0.6675	1	0	0
0.9475	0.6725	1	0	0
0.9475	0.6775	1	0	0
0.9475	0.6825	1	0	0
0.9475	0.6875	1	0	0
0.9475	0.6925	1	0	0
0.9475	0.6975	1	0	0
0.9475	0.7025	1	0	0
0.9475	0.7075	1	0	0
0.9475	0.7125	1	0	0
0.9475	0.7175	1	0	0
0.9475	0.7225	1	0	0
0.9475	0.7275	1	0	0
0.9475	0.7325	1	0	0
0.9475	0.7375	1	0	0
0.9475	0.7425	1	0	0
0.9475	0.7475	1	0	0
0.9475	0.7525	1	0	0
0.9475	0.7575	1	0	0
0.9475	0.7625	1	0	0
0.9475	0.7675	1	0	0
0.9475	0.7725	1	0	0
0.9475	0.7775	1	0	0
0.9475	0.7825	1	0	0
0.9475	0.7875	1	0	0
0.9475	0.7925	1	0	0
0.9475	0.7975	1	0	0
0.9475	0.8025	1	0	0
0.9475	0.8075	1	0	0
0.9475	0.8125	1	0	0
0.9475	0.8175	1	0	0
0.9475	0.8225	1	0	0
0.9475	0.8275	1	0	0
0.9475	0.8325	1	0	0
0.9475	0.8375	1	0	0
0.9475	0.8425	1	0	0
0.9475	0.8475	1	0	0
0.9475	0.8525	1	0	0
0.9475	0.8575	1	0	0
0.9475	0.8625	1	0	0
0.9475	0.8675	1	0	0
0.9475	0.8725	1	0	0
0.9475	0.8775	1	0	0
0.9475	0.8825	1	0	0
0.9475	0.8875	1	0	0
0.9475	0.8925	1	0	0
0.9475	0.8975	1	0	0
0.9475	0.9025	1	0	0
0.9475	0.9075	1	0	0
0.9475	0.9125	1	0	0
0.9475	0.9175	1	0	0
0.9475	0.9225	1	0	0
0.9475	0.9275	1	0	0
0.9475	0.9325	1	0	0
0.9475	0.9375	1	0	0
0.9475	0.9425	1	0	0
0.9475	0.9475	1	0	0
0.9475	0.9525	1	0	0
0.9475	0.9575	1	0	0
0.9475	0.9625	1	0	0
0.9475	0.9675	1	0	0
0.9475	0.9725	1	0	0
0.9475	0.9775	1	0	0
0.9475	0.9825	1	0	0
0.9475	0.9875	1	0	0
0.9475	0.9925	1	0	0
0.9475	0.9975	1	0	0
0.9475	1.0025	1	0	0
0.9525	0.0075	1	0	0
0.9525	0.0125	1	0	0
0.9525	0.0175	1	0	0
0.9525	0.0225	1	0	0
0.9525	0.0275	1	0	0
0.9525	0.0325	1	0	0
0.9525	0.0375	1	0	0
0.9525	0.0425	1	0	0
0.9525	0.0475	1	0	0
0.9525	0.0525	1	0	0
0.9525	0.0575	1	0	0
0.9525	0.0625	1	0	0
0.9525	0.0675	1	0	0
0.9525	0.0725	1	0	0
0.9525	0.0775	1	0	0
0.9525	0.0825	1	0	0
0.9525	0.0875	1	0	0
0.9525	0.0925	1	0	0
0.9525	0.0975	1	0	0
0.9525	0.1025	1	0	0
0.9525	0.1075	1	0	0
0.9525	0.1125	1	0	0
0.9525	0.1175	1	0	0
0.9525	0.1225	1	0	0
0.9525	0.1275	1	0	0
0.9525	0.1325	1	0	0
0.9525	0.1375	1	0	0
0.9525	0.1425	1	0	0
0.9525	0.1475	1	0	0
0.9525	0.1525	1	0	0
0.9525	0.1575	1	0	0
0.9525	0.1625	1	0	0
0.9525	0.1675	1	0	0
0.9525	0.1725	1	0	0
0.9525	0.1775	1	0	0
0.9525	0.1825	1	0	0
0.9525	0.1875	1	0	0
0.9525	0.1925	1	0	0
0.9525	0.1975	1	0	0
0.9525	0.2025	1	0	0
0.9525	0.2075	1	0	0
0.9525	0.2125	1	0	0
0.9525	0.2175	1	0	0
0.9525	0.2225	1	0	0
0.9525	0.2275	1	0	0
0.9525	0.2325	1	0	0
0.9525	0.2375	1	0	0
0.9525	0.2425	1	0	0
0.9525	0.2475	1	0	0
0.9525	0.2525	1	0	0
0.9525	0.2575	1	0	0
0.9525	0.2625	1	0	0
0.9525	0.2675	1	0	0
0.9525	0.2725	1	0	0
0.9525	0.2775	1	0	0
0.9525	0.2825	1	0	0
0.9525	0.2875	1	0	0
0.9525	0.2925	1	0	0
0.9525	0.2975	1	0	0
0.9525	0.3025	1	0	0
0.9525	0.3075	1	0	0
0.9525	0.3125	1	0	0
0.9525	0.3175	1	0	0
0.9525	0.3225	1	0	0
0.9525	0.3275	1	0	0
0.9525	0.3325	1	0	0
0.9525	0.3375	1	0	0
0.9525	0.3425	1	0	0
0.9525	0.3475	1	0	0
0.9525	0.3525	1	0	0
0.9525	0.3575	1	0	0
0.9525	0.3625	1	0	0
0.9525	0.3675	1	0	0
0.9525	0.3725	1	0	0
0.9525	0.3775	1	0	0
0.9525	0.3825	1	0	0
0.9525	0.3875	1	0	0
0.9525	0.3925	1	0	0
0.9525	0.3975	1	0	0
0.9525	0.4025	1	0	0
0.9525	0.4075	1	0	0
0.9525	0.4125	1	0	0
0.9525	0.4175	1	0	0
0.9525	0.4225	1	0	0
0.9525	0.4275	1	0	0
0.9525	0.4325	1	0	0
0.9525	0.4375	1	0	0
0.9525	0.4425	1	0	0
0.9525	0.4475	1	0	0
0.9525	0.4525	1	0	0
0.9525	0.4575	1	0	0
0.9525	0.4625	1	0	0
0.9525	0.4675	1	0	0
0.9525	0.4725	1	0	0
0.9525	0.4775	1	0	0
0.9525	0.4825	1	0	0
0.9525	0.4875	1	0	0
0.9525	0.4925	1	0	0
0.9525	0.4975	1	0	0
0.9525	0.5025	1	0	0
0.9525	0.5075	1	0	0
0.9525	0.5125	1	0	0
0.9525	0.5175	1	0	0
0.9525	0.5225	1	0	0
0.9525	0.5275	1	0	0
0.9525	0.5325	1	0	0
0.9525	0.5375	1	0	0
0.9525	0.5425	1	0	0
0.9525	0.5475	1	0	0
0.9525	0.5525	1	0	0
0.9525	0.5575	1	0	0
0.9525	0.5625	1	0	0
0.9525	0.5675	1	0	0
0.9525	0.5725	1	0	0
0.9525	0.5775	1	0	0
0.9525	0.5825	1	0	0
0.9525	0.5875	1	0	0
0.9525	0.5925	1	0	0
0.9525	0.5975	1	0	0
0.9525	0.6025	1	0	0
0.9525	0.6075	1	0	0
0.9525	0.6125	1	0	0
0.9525	0.6175	1	0	0
0.9525	0.6225	1	0	0
0.9525	0.6275	1	0	0
0.9525	0.6325	1	0	0
0.9525	0.6375	1	0	0
0.9525	0.6425	1	0	0
0.9525	0.6475	1	0	0
0.9525	0.6525	1	0	0
0.9525	0.6575	1	0	0
0.9525	0.6625	1	0	0
0.9525	0.6675	1	0	0
0.9525	0.6725	1	0	0
0.9525	0.6775	1	0	0
0.9525	0.6825	1	0	0
0.9525	0.6875	1	0	0
0.9525	0.6925	1	0	0
0.9525	0.6975	1	0	0
0.9525	0.7025	1	0	0
0.9525	0.7075	1	0	0
0.9525	0.7125	1	0	0
0.9525	0.7175	1	0	0
0.9525	0.7225	1	0	0
0.9525	0.7275	1	0	0
0.9525	0.7325	1	0	0
0.9525	0.7375	1	0	0
0.9525	0.7425	1	0	0
0.9525	0.7475	1	0	0
0.9525	0.7525	1	0	0
0.9525	0.7575	1	0	0
0.9525	0.7625	1	0	0
0.9525	0.7675	1	0	0
0.9525	0.7725	1	0	0
0.9525	0.7775	1	0	0
0.9525	0.7825	1	0	0
0.9525	0.7875	1	0	0
0.9525	0.7925	1	0	0
0.9525	0.7975	1	0	0
0.9525	0.8025	1	0	0
0.9525	0.8075	1	0	0
0.9525	0.8125	1	0	0
0.9525	0.8175	1	0	0
0.9525	0.8225	1	0	0
0.9525	0.8275	1	0	0
0.9525	0.8325	1	0	0
0.9525	0.8375	1	0	0
0.9525	0.8425	1	0	0
0.9525	0.8475	1	0	0
0.9525	0.8525	1	0	0
0.9525	0.8575	1	0	0
0.9525	0.8625	1	0	0
0.9525	0.8675	1	0	0
0.9525	0.8725	1	0	0
0.9525	0.8775	1	0	0
0.9525	0.8825	1	0	0
0.9525	0.8875	1	0	0
0.9525	0.8925	1	0	0
0.9525	0.8975	1	0	0
0.9525	0.9025	1	0	0
0.9525	0.9075	1	0	0
0.9525	0.9125	1	0	0
0.9525	0.9175	1	0	0
0.9525	0.9225	1	0	0
0.9525	0.9275	1	0	0
0.9525	0.9325	1	0	0
0.9525	0.9375	1	0	0
0.9525	0.9425	1	0	0
0.9525	0.9475	1	0	0
0.9525	0.9525	1	0	0
0.9525	0.9575	1	0	0
0.9525	0.9625	1	0	0
0.9525	0.9675	1	0	0
0.9525	0.9725	1	0	0
0.9525	0.9775	1	0	0
0.9525	0.9825	1	0	0
0.9525	0.9875	1	0	0
0.9525	0.9925	1	0	0
0.9525	0.9975	1	0	0
0.9525	1.0025	1	0	0
0.9575	0.0075	1	0	0
0.9575	0.0125	1	0	0
0.9575	0.0175	1	0	0
0.9575	0.0225	1	0	0
0.9575	0.0275	1	0	0
0.9575	0.0325	1	0	0
0.9575	0.0375	1	0	0
0.9575	0.0425	1	0	0
0.9575	0.0475	1	0	0
0.9575	0.0525	1	0	0
0.9575	0.0575	1	0	0
0.9575	0.0625	1	0	0
0.9575	0.0675	1	0	0
0.9575	0.0725	1	0	0
0.9575	0.0775	1	0	0
0.9575	0.0825	1	0	0
0.9575	0.0875	1	0	0
0.9575	0.0925	1	0	0
0.9575	0.0975	1	0	0
0.9575	0.1025	1	0	0
0.9575	0.1075	1	0	0
0.9575	0.1125	1	0	0
0.9575	0.1175	1	0	0
0.9575	0.1225	1	0	0
0.9575	0.1275	1	0	0
0.9575	0.1325	1	0	0
0.9575	0.1375	1	0	0
0.9575	0.1425	1	0	0
0.9575	0.1475	1	0	0
0.9575	0.1525	1	0	0
0.9575	0.1575	1	0	0
0.9575	0.1625	1	0	0
0.9575	0.1675	1	0	0
0.9575	0.1725	1	0	0
0.9575	0.1775	1	0	0
0.9575	0.1825	1	0	0
0.9575	0.1875	1	0	0
0.9575	0.1925	1	0	0
0.9575	0.1975	1	0	0
0.9575	0.2025	1	0	0
0.9575	0.2075	1	0	0
0.9575	0.2125	1	0	0
0.9575	0.2175	1	0	0
0.9575	0.2225	1	0	0
0.9575	0.2275	1	0	0
0.9575	0.2325	1	0	0
0.9575	0.2375	1	0	0
0.9575	0.2425	1	0	0
0.9575	0.2475	1	0	0
0.9575	0.2525	1	0	0
0.9575	0.2575	1	0	0
0.9575	0.2625	1	0	0
0.9575	0.2675	1	0	0
0.9575	0.2725	1	0	0
0.9575	0.2775	1	0	0
0.9575	0.2825	1	0	0
0.9575	0.2875	1	0	0
0.9575	0.2925	1	0	0
0.9575	0.2975	1	0	0
0.9575	0.3025	1	0	0
0.9575	0.3075	1	0	0
0.9575	0.3125	1	0	0
0.9575	0.3175	1	0	0
0.9575	0.3225	1	0	0
0.9575	0.3275	1	0	0
0.9575	0.3325	1	0	0
0.9575	0.3375	1	0	0
0.9575	0.3425	1	0	0
0.9575	0.3475	1	0	0
0.9575	0.3525	1	0	0
0.9575	0.3575	1	0	0
0.9575	0.3625	1	0	0
0.9575	0.3675	1	0	0
0.9575	0.3725	1	0	0
0.9575	0.3775	1	0	0
0.9575	0.3825	1	0	0
0.9575	0.3875	1	0	0
0.9575	0.3925	1	0	0
0.9575	0.3975	1	0	0
0.9575	0.4025	1	0	0
0.9575	0.4075	1	0	0
0.9575	0.4125	1	0	0
0.9575	0.4175	1	0	0
0.9575	0.4225	1	0	0
0.9575	0.4275	1	0	0
0.9575	0.4325	1	0	0
0.9575	0.4375	1	0	0
0.9575	0.4425	1	0	0
0.9575	0.4475	1	0	0
0.9575	0.4525	1	0	0
0.9575	0.4575	1	0	0
0.9575	0.4625	1	0	0
0.9575	0.4675	1	0	0
0.9575	0.4725	1	0	0
0.9575	0.4775	1	0	0
0.9575	0.4825	1	0	0
0.9575	0.4875	1	0	0
0.9575	0.4925	1	0	0
0.9575	0.4975	1	0	0
0.9575	0.5025	1	0	0
0.9575	0.5075	1	0	0
0.9575	0.5125	1	0	0
0.9575	0.5175	1	0	0
0.9575	0.5225	1	0	0
0.9575	0.5275	1	0	0
0.9575	0.5325	1	0	0
0.9575	0.5375	1	0	0
0.9575	0.5425	1	0	0
0.9575	0.5475	1	0	0
0.9575	0.5525	1	0	0
0.9575	0.5575	1	0	0
0.9575	0.5625	1	0	0
0.9575	0.5675	1	0	0
0.9575	0.5725	1	0	0
0.9575	0.5775	1	0	0
0.9575	0.5825	1	0	0
0.9575	0.5875	1	0	0
0.9575	0.5925	1	0	0
0.9575	0.5975	1	0	0
0.9575	0.6025	1	0	0
0.9575	0.6075	1	0	0
0.9575	0.6125	1	0	0
0.9575	0.6175	1	0	0
0.9575	0.6225	1	0	0
0.9575	0.6275	1	0	0
0.9575	0.6325	1	0	0
0.9575	0.6375	1	0	0
0.9575	0.6425	1	0	0
0.9575	0.6475	1	0	0
0.9575	0.6525	1	0	0
0.9575	0.6575	1	0	0
0.9575	0.6625	1	0	0
0.9575	0.6675	1	0	0
0.9575	0.6725	1	0	0
0.9575	0.6775	1	0	0
0.9575	0.6825	1	0	0
0.9575	0.6875	1	0	0
0.9575	0.6925	1	0	0
0.9575	0.6975	1	0	0
0.9575	0.7025	1	0	0
0.9575	0.7075	1	0	0
0.9575	0.7125	1	0	0
0.9575	0.7175	1	0	0
0.9575	0.7225	1	0	0
0.9575	0.7275	1	0	0
0.9575	0.7325	1	0	0
0.9575	0.7375	1	0	0
0.9575	0.7425	1	0	0
0.9575	0.7475	1	0	0
0.9575	0.7525	1	0	0
0.9575	0.7575	1	0	0
0.9575	0.7625	1	0	0
0.9575	0.7675	1	0	0
0.9575	0.7725	1	0	0
0.9575	0.7775	1	0	0
0.9575	0.7825	1	0	0
0.9575	0.7875	1	0	0
0.9575	0.7925	1	0	0
0.9575	0.7975	1	0	0
0.9575	0.8025	1	0	0
0.9575	0.8075	1	0	0
0.9575	0.8125	1	0	0
0.9575	0.8175	1	0	0
0.9575	0.8225	1	0	0
0.9575	0.8275	1	0	0
0.9575	0.8325	1	0	0
0.9575	0.8375	1	0	0
0.9575	0.8425	1	0	0
0.9575	0.8475	1	0	0
0.9575	0.8525	1	0	0
0.9575	0.8575	1	0	0
0.9575	0.8625	1	0	0
0.9575	0.8675	1	0	0
0.9575	0.8725	1	0	0
0.9575	0.8775	1	0	0
0.9575	0.8825	1	0	0
0.9575	0.8875	1	0	0
0.9575	0.8925	1	0	0
0.9575	0.8975	1	0	0
0.9575	0.9025	1	0	0
0.9575	0.9075	1	0	0
0.9575	0.9125	1	0	0
0.9575	0.9175	1	0	0
0.9575	0.9225	1	0	0
0.9575	0.9275	1	0	0
0.9575	0.9325	1	0	0
0.9575	0.9375	1	0	0
0.9575	0.9425	1	0	0
0.9575	0.9475	1	0	0
0.9575	0.9525	1	0	0
0.9575	0.9575	1	0	0
0.9575	0.9625	1	0	0
0.9575	0.9675	1	0	0
0.9575	0.9725	1	0	0
0.9575	0.9775	1	0	0
0.9575	0.9825	1	0	0
0.9575	0.9875	1	0	0
0.9575	0.9925	1	0	0
0.9575	0.9975	1	0	0
0.9575	1.0025	1	0	0
0.9625	0.0075	1	0	0
0.9625	0.0125	1	0	0
0.9625	0.0175	1	0	0
0.9625	0.0225	1	0	0
0.9625	0.0275	1	0	0
0.9625	0.0325	1	0	0
0.9625	0.0375	1	0	0
0.9625	0.0425	1	0	0
0.9625	0.0475	1	0	0
0.9625	0.0525	1	0	0
0.9625	0.0575	1	0	0
0.9625	0.0625	1	0	0
0.9625	0.0675	1	0	0
0.9625	0.0725	1	0	0
0.9625	0.0775	1	0	0
0.9625	0.0825	1	0	0
0.9625	0.0875	1	0	0
0.9625	0.0925	1	0	0
0.9625	0.0975	1	0	0
0.9625	0.1025	1	0	0
0.9625	0.1075	1	0	0
0.9625	0.1125	1	0	0
0.9625	0.1175	1	0	0
0.9625	0.1225	1	0	0
0.9625	0.1275	1	0	0
0.9625	0.1325	1	0	0
0.9625	0.1375	1	0	0
0.9625	0.1425	1	0	0
0.9625	0.1475	1	0	0
0.9625	0.1525	1	0	0
0.9625	0.1575	1	0	0
0.9625	0.1625	1	0	0
0.9625	0.1675	1	0	0
0.9625	0.1725	1	0	0
0.9625	0.1775	1	0	0
0.9625	0.1825	1	0	0
0.9625	0.1875	1	0	0
0.9625	0.1925	1	0	0
0.9625	0.1975	1	0	0
0.9625	0.2025	1	0	0
0.9625	0.2075	1	0	0
0.9625	0.2125	1	0	0
0.9625	0.2175	1	0	0
0.9625	0.2225	1	0	0
0.9625	0.2275	1	0	0
0.9625	0.2325	1	0	0
0.9625	0.2375	1	0	0
0.9625	0.2425	1	0	0
0.9625	0.2475	1	0	0
0.9625	0.2525	1	0	0
0.9625	0.2575	1	0	0
0.9625	0.2625	1	0	0
0.9625	0.2675	1	0	0
0.9625	0.2725	1	0	0
0.9625	0.2775	1	0	0
0.9625	0.2825	1	0	0
0.9625	0.2875	1	0	0
0.9625	0.2925	1	0	0
0.9625	0.2975	1	0	0
0.9625	0.3025	1	0	0
0.9625	0.3075	1	0	0
0.9625	0.3125	1	0	0
0.9625	0.3175	1	0	0
0.9625	0.3225	1	0	0
0.9625	0.3275	1	0	0
0.9625	0.3325	1	0	0
0.9625	0.3375	1	0	0
0.9625	0.3425	1	0	0
0.9625	0.3475	1	0	0
0.9625	0.3525	1	0	0
0.9625	0.3575	1	0	0
0.9625	0.3625	1	0	0
0.9625	0.3675	1	0	0
0.9625	0.3725	1	0	0
0.9625	0.3775	1	0	0
0.9625	0.3825	1	0	0
0.9625	0.3875	1	0	0
0.9625	0.3925	1	0	0
0.9625	0.3975	1	0	0
0.9625	0.4025	1	0	0
0.9625	0.4075	1	0	0
0.9625	0.4125	1	0	0
0.9625	0.4175	1	0	0
0.9625	0.4225	1	0	0
0.9625	0.4275	1	0	0
0.9625	0.4325	1	0	0
0.9625	0.4375	1	0	0
0.9625	0.4425	1	0	0
0.9625	0.4475	1	0	0
0.9625	0.4525	1	0	0
0.9625	0.4575	1	0	0
0.9625	0.4625	1	0	0
0.9625	0.4675	1	0	0
0.9625	0.4725	1	0	0
0.9625	0.4775	1	0	0
0.9625	0.4825	1	0	0
0.9625	0.4875	1	0	0
0.9625	0.4925	1	0	0
0.9625	0.4975	1	0	0
0.9625	0.5025	1	0	0
0.9625	0.5075	1	0	0
0.9625	0.5125	1	0	0
0.9625	0.5175	1	0	0
0.9625	0.5225	1	0	0
0.9625	0.5275	1	0	0
0.9625	0.5325	1	0	0
0.9625	0.5375	1	0	0
0.9625	0.5425	1	0	0
0.9625	0.5475	1	0	0
0.9625	0.5525	1	0	0
0.9625	0.5575	1	0	0
0.9625	0.5625	1	0	0
0.9625	0.5675	1	0	0
0.9625	0.5725	1	0	0
0.9625	0.5775	1	0	0
0.9625	0.5825	1	0	0
0.9625	0.5875	1	0	0
0.9625	0.5925	1	0	0
0.9625	0.5975	1	0	0
0.9625	0.6025	1	0	0
0.9625	0.6075	1	0	0
0.9625	0.6125	1	0	0
0.9625	0.6175	1	0	0
0.9625	0.6225	1	0	0
0.9625	0.6275	1	0	0
0.9625	0.6325	1	0	0
0.9625	0.6375	1	0	0
0.9625	0.6425	1	0	0
0.9625	0.6475	1	0	0
0.9625	0.6525	1	0	0
0.9625	0.6575	1	0	0
0.9625	0.6625	1	0	0
0.9625	0.6675	1	0	0
0.9625	0.6725	1	0	0
0.9625	0.6775	1	0	0
0.9625	0.6825	1	0	0
0.9625	0.6875	1	0	0
0.9625	0.6925	1	0	0
0.9625	0.6975	1	0	0
0.9625	0.7025	1	0	0
0.9625	0.7075	1	0	0
0.9625	0.7125	1	0	0
0.9625	0.7175	1	0	0
0.9625	0.7225	1	0	0
0.9625	0.7275	1	0	0
0.9625	0.7325	1	0	0
0.9625	0.7375	1	0	0
0.9625	0.7425	1	0	0
0.9625	0.7475	1	0	0
0.9625	0.7525	1	0	0
0.9625	0.7575	1	0	0
0.9625	0.7625	1	0	0
0.9625	0.7675	1	0	0
0.9625	0.7725	1	0	0
0.9625	0.7775	1	0	0
0.9625	0.7825	1	0	0
0.9625	0.7875	1	0	0
0.9625	0.7925	1	0	0
0.9625	0.7975	1	0	0
0.9625	0.8025	1	0	0
0.9625	0.8075	1	0	0
0.9625	0.8125	1	0	0
0.9625	0.8175	1	0	0
0.9625	0.8225	1	0	0
0.9625	0.8275	1	0	0
0.9625	0.8325	1	0	0
0.9625	0.8375	1	0	0
0.9625	0.8425	1	0	0
0.9625	0.8475	1	0	0
0.9625	0.8525	1	0	0
0.9625	0.8575	1	0	0
0.9625	0.8625	1	0	0
0.9625	0.8675	1	0	0
0.9625	0.8725	1	0	0
0.9625	0.8775	1	0	0
0.9625	0.8825	1	0	0
0.9625	0.8875	1	0	0
0.9625	0.8925	1	0	0
0.9625	0.8975	1	0	0
0.9625	0.9025	1	0	0
0.9625	0.9075	1	0	0
0.9625	0.9125	1	0	0
0.9625	0.9175	1	0	0
0.9625	0.9225	1	0	0
0.9625	0.9275	1	0	0
0.9625	0.9325	1	0	0
0.9625	0.9375	1	0	0
0.9625	0.9425	1	0	0
0.9625	0.9475	1	0	0
0.9625	0.9525	1	0	0
0.9625	0.9575	1	0	0
0.9625	0.9625	1	0	0
0.9625	0.9675	1	0	0
0.9625	0.9725	1	0	0
0.9625	0.9775	1	0	0
0.9625	0.9825	1	0	0
0.9625	0.9875	1	0	0
0.9625	0.9925	1	0	0
0.9625	0.9975	1	0	0
0.9625	1.0025	1	0	0
0.9675	0.0075	1	0	0
0.9675	0.0125	1	0	0
0.9675	0.0175	1	0	0
0.9675	0.0225	1	0	0
0.9675	0.0275	1	0	0
0.9675	0.0325	1	0	0
0.9675	0.0375	1	0	0
0.9675	0.0425	1	0	0
0.9675	0.0475	1	0	0
0.9675	0.0525	1	0	0
0.9675	0.0575	1	0	0
0.9675	0.0625	1	0	0
0.9675	0.0675	1	0	0
0.9675	0.0725	1	0	0
0.9675	0.0775	1	0	0
0.9675	0.0825	1	0	0
0.9675	0.0875	1	0	0
0.9675	0.0925	1	0	0
0.9675	0.0975	1	0	0
0.9675	0.1025	1	0	0
0.9675	0.1075	1	0	0
0.9675	0.1125	1	0	0
0.9675	0.1175	1	0	0
0.9675	0.1225	1	0	0
0.9675	0.1275	1	0	0
0.9675	0.1325	1	0	0
0.9675	0.1375	1	0	0
0.9675	0.1425	1	0	0
0.9675	0.1475	1	0	0
0.9675	0.1525	1	0	0
0.9675	0.1575	1	0	0
0.9675	0.1625	1	0	0
0.9675	0.1675	1	0	0
0.9675	0.1725	1	0	0
0.9675	0.1775	1	0	0
0.9675	0.1825	1	0	0
0.9675	0.1875	1	0	0
0.9675	0.1925	1	0	0
0.9675	0.1975	1	0	0
0.9675	0.2025	1	0	0
0.9675	0.2075	1	0	0
0.9675	0.2125	1	0	0
0.9675	0.2175	1	0	0
0.9675	0.2225	1	0	0
0.9675	0.2275	1	0	0
0.9675	0.2325	1	0	0
0.9675	0.2375	1	0	0
0.9675	0.2425	1	0	0
0.9675	0.2475	1	0	0
0.9675	0.2525	1	0	0
0.9675	0.2575	1	0	0
0.9675	0.2625	1	0	0
0.9675	0.2675	1	0	0
0.9675	0.2725	1	0	0
0.9675	0.2775	1	0	0
0.9675	0.2825	1	0	0
0.9675	0.2875	1	0	0
0.9675	0.2925	1	0	0
0.9675	0.2975	1	0	0
0.9675	0.3025	1	0	0
0.9675	0.3075	1	0	0
0.9675	0.3125	1	0	0
0.9675	0.3175	1	0	0
0.9675	0.3225	1	0	0
0.9675	0.3275	1	0	0
0.9675	0.3325	1	0	0
0.9675	0.3375	1	0	0
0.9675	0.3425	1	0	0
0.9675	0.3475	1	0	0
0.9675	0.3525	1	0	0
0.9675	0.3575	1	0	0
0.9675	0.3625	1	0	0
0.9675	0.3675	1	0	0
0.9675	0.3725	1	0	0
0.9675	0.3775	1	0	0
0.9675	0.3825	1	0	0
0.9675	0.3875	1	0	0
0.9675	0.3925	1	0	0
0.9675	0.3975	1	0	0
0.9675	0.4025	1	0	0
0.9675	0.4075	1	0	0
0.9675	0.4125	1	0	0
0.9675	0.4175	1	0	0
0.9675	0.4225	1	0	0
0.9675	0.4275	1	0	0
0.9675	0.4325	1	0	0
0.9675	0.4375	1	0	0
0.9675	0.4425	1	0	0
0.9675	0.4475	1	0	0
0.9675	0.4525	1	0	0
0.9675	0.4575	1	0	0
0.9675	0.4625	1	0	0
0.9675	0.4675	1	0	0
0.9675	0.4725	1	0	0
0.9675	0.4775	1	0	0
0.9675	0.4825	1	0	0
0.9675	0.4875	1	0	0
0.9675	0.4925	1	0	0
0.9675	0.4975	1	0	0
0.9675	0.5025	1	0	0
0.9675	0.5075	1	0	0
0.9675	0.5125	1	0	0
0.9675	0.5175	1	0	0
0.9675	0.5225	1	0	0
0.9675	0.5275	1	0	0
0.9675	0.5325	1	0	0
0.9675	0.5375	1	0	0
0.9675	0.5425	1	0	0
0.9675	0.5475	1	0	0
0.9675	0.5525	1	0	0
0.9675	0.5575	1	0	0
0.9675	0.5625	1	0	0
0.9675	0.5675	1	0	0
0.9675	0.5725	1	0	0
0.9675	0.5775	1	0	0
0.9675	0.5825	1	0	0
0.9675	0.5875	1	0	0
0.9675	0.5925	1	0	0
0.9675	0.5975	1	0	0
0.9675	0.6025	1	0	0
0.9675	0.6075	1	0	0
0.9675	0.6125	1	0	0
0.9675	0.6175	1	0	0
0.9675	0.6225	1	0	0
0.9675	0.6275	1	0	0
0.9675	0.6325	1	0	0
0.9675	0.6375	1	0	0
0.9675	0.6425	1	0	0
0.9675	0.6475	1	0	0
0.9675	0.6525	1	0	0
0.9675	0.6575	1	0	0
0.9675	0.6625	1	0	0
0.9675	0.6675	1	0	0
0.9675	0.6725	1	0	0
0.9675	0.6775	1	0	0
0.9675	0.6825	1	0	0
0.9675	0.6875	1	0	0
0.9675	0.6925	1	0	0
0.9675	0.6975	1	0	0
0.9675	0.7025	1	0	0
0.9675	0.7075	1	0	0
0.9675	0.7125	1	0	0
0.9675	0.7175	1	0	0
0.9675	0.7225	1	0	0
0.9675	0.7275	1	0	0
0.9675	0.7325	1	0	0
0.9675	0.7375	1	0	0
0.9675	0.7425	1	0	0
0.9675	0.7475	1	0	0
0.9675	0.7525	1	0	0
0.9675	0.7575	1	0	0
0.9675	0.7625	1	0	0
0.9675	0.7675	1	0	0
0.9675	0.7725	1	0	0
0.9675	0.7775	1	0	0
0.9675	0.7825	1	0	0
0.9675	0.7875	1	0	0
0.9675	0.7925	1	0	0
0.9675	0.7975	1	0	0
0.9675	0.8025	1	0	0
0.9675	0.8075	1	0	0
0.9675	0.8125	1	0	0
0.9675	0.8175	1	0	0
0.9675	0.8225	1	0	0
0.9675	0.8275	1	0	0
0.9675	0.8325	1	0	0
0.9675	0.8375	1	0	0
0.9675	0.8425	1	0	0
0.9675	0.8475	1	0	0
0.9675	0.8525	1	0	0
0.9675	0.8575	1	0	0
0.9675	0.8625	1	0	0
0.9675	0.8675	1	0	0
0.9675	0.8725	1	0	0
0.9675	0.8775	1	0	0
0.9675	0.8825	1	0	0
0.9675	0.8875	1	0	0
0.9675	0.8925	1	0	0
0.9675	0.8975	1	0	0
0.9675	0.9025	1	0	0
0.9675	0.9075	1	0	0
0.9675	0.9125	1	0	0
0.9675	0.9175	1	0	0
0.9675	0.9225	1	0	0
0.9675	0.9275	1	0	0
0.9675	0.9325	1	0	0
0.9675	0.9375	1	0	0
0.9675	0.9425	1	0	0
0.9675	0.9475	1	0	0
0.9675	0.9525	1	0	0
0.9675	0.9575	1	0	0
0.9675	0.9625	1	0	0
0.9675	0.9675	1	0	0
0.9675	0.9725	1	0	0
0.9675	0.9775	1	0	0
0.9675	0.9825	1	0	0
0.9675	0.9875	1	0	0
0.9675	0.9925	1	0	0
0.9675	0.9975	1	0	0
0.9675	1.0025	1	0	0
0.9725	0.0075	1	0	0
0.9725	0.0125	1	0	0
0.9725	0.0175	1	0	0
0.9725	0.0225	1	0	0
0.9725	0.0275	1	0	0
0.9725	0.0325	1	0	0
0.9725	0.0375	1	0	0
0.9725	0.0425	1	0	0
0.9725	0.0475	1	0	0
0.9725	0.0525	1	0	0
0.9725	0.0575	1	0	0
0.9725	0.0625	1	0	0
0.9725	0.0675	1	0	0
0.9725	0.0725	1	0	0
0.9725	0.0775	1	0	0
0.9725	0.0825	1	0	0
0.9725	0.0875	1	0	0
0.9725	0.0925	1	0	0
0.9725	0.0975	1	0	0
0.9725	0.1025	1	0	0
0.9725	0.1075	1	0	0
0.9725	0.1125	1	0	0
0.9725	0.1175	1	0	0
0.9725	0.1225	1	0	0
0.9725	0.1275	1	0	0
0.9725	0.1325	1	0	0
0.9725	0.1375	1	0	0
0.9725	0.1425	1	0	0
0.9725	0.1475	1	0	0
0.9725	0.1525	1	0	0
0.9725	0.1575	1	0	0
0.9725	0.1625	1	0	0
0.9725	0.1675	1	0	0
0.9725	0.1725	1	0	0
0.9725	0.1775	1	0	0
0.9725	0.1825	1	0	0
0.9725	0.1875	1	0	0
0.9725	0.1925	1	0	0
0.9725	0.1975	1	0	0
0.9725	0.2025	1	0	0
0.9725	0.2075	1	0	0
0.9725	0.2125	1	0	0
0.9725	0.2175	1	0	0
0.9725	0.2225	1	0	0
0.9725	0.2275	1	0	0
0.9725	0.2325	1	0	0
0.9725	0.2375	1	0	0
0.9725	0.2425	1	0	0
0.9725	0.2475	1	0	0
0.9725	0.2525	1	0	0
0.9725	0.2575	1	0	0
0.9725	0.2625	1	0	0
0.9725	0.2675	1	0	0
0.9725	0.2725	1	0	0
0.9725	0.2775	1	0	0
0.9725	0.2825	1	0	0
0.9725	0.2875	1	0	0
0.9725	0.2925	1	0	0
0.9725	0.2975	1	0	0
0.9725	0.3025	1	0	0
0.9725	0.3075	1	0	0
0.9725	0.3125	1	0	0
0.9725	0.3175	1	0	0
0.9725	0.3225	1	0	0
0.9725	0.3275	1	0	0
0.9725	0.3325	1	0	0
0.9725	0.3375	1	0	0
0.9725	0.3425	1	0	0
0.9725	0.3475	1	0	0
0.9725	0.3525	1	0	0
0.9725	0.3575	1	0	0
0.9725	0.3625	1	0	0
0.9725	0.3675	1	0	0
0.9725	0.3725	1	0	0
0.9725	0.3775	1	0	0
0.9725	0.3825	1	0	0
0.9725	0.3875	1	0	0
0.9725	0.3925	1	0	0
0.9725	0.3975	1	0	0
0.9725	0.4025	1	0	0
0.9725	0.4075	1	0	0
0.9725	0.4125	1	0	0
0.9725	0.4175	1	0	0
0.9725	0.4225	1	0	0
0.9725	0.4275	1	0	0
0.9725	0.4325	1	0	0
0.9725	0.4375	1	0	0
0.9725	0.4425	1	0	0
0.9725	0.4475	1	0	0
0.9725	0.4525	1	0	0
0.9725	0.4575	1	0	0
0.9725	0.4625	1	0	0
0.9725	0.4675	1	0	0
0.9725	0.4725	1	0	0
0.9725	0.4775	1	0	0
0.9725	0.4825	1	0	0
0.9725	0.4875	1	0	0
0.9725	0.4925	1	0	0
0.9725	0.4975	1	0	0
0.9725	0.5025	1	0	0
0.9725	0.5075	1	0	0
0.9725	0.5125	1	0	0
0.9725	0.5175	1	0	0
0.9725	0.5225	1	0	0
0.9725	0.5275	1	0	0
0.9725	0.5325	1	0	0
0.9725	0.5375	1	0	0
0.9725	0.5425	1	0	0
0.9725	0.5475	1	0	0
0.9725	0.5525	1	0	0
0.9725	0.5575	1	0	0
0.9725	0.5625	1	0	0
0.9725	0.5675	1	0	0
0.9725	0.5725	1	0	0
0.9725	0.5775	1	0	0
0.9725	0.5825	1	0	0
0.9725	0.5875	1	0	0
0.9725	0.5925	1	0	0
0.9725	0.5975	1	0	0
0.9725	0.6025	1	0	0
0.9725	0.6075	1	0	0
0.9725	0.6125	1	0	0
0.9725	0.6175	1	0	0
0.9725	0.6225	1	0	0
0.9725	0.6275	1	0	0
0.9725	0.6325	1	0	0
0.9725	0.6375	1	0	0
0.9725	0.6425	1	0	0
0.9725	0.6475	1	0	0
0.9725	0.6525	1	0	0
0.9725	0.6575	1	0	0
0.9725	0.6625	1	0	0
0.9725	0.6675	1	0	0
0.9725	0.6725	1	0	0
0.9725	0.6775	1	0	0
0.9725	0.6825	1	0	0
0.9725	0.6875	1	0	0
0.9725	0.6925	1	0	0
0.9725	0.6975	1	0	0
0.9725	0.7025	1	0	0
0.9725	0.7075	1	0	0
0.9725	0.7125	1	0	0
0.9725	0.7175	1	0	0
0.9725	0.7225	1	0	0
0.9725	0.7275	1	0	0
0.9725	0.7325	1	0	0
0.9725	0.7375	1	0	0
0.9725	0.7425	1	0	0
0.9725	0.7475	1	0	0
0.9725	0.7525	1	0	0
0.9725	0.7575	1	0	0
0.9725	0.7625	1	0	0
0.9725	0.7675	1	0	0
0.9725	0.7725	1	0	0
0.9725	0.7775	1	0	0
0.9725	0.7825	1	0	0
0.9725	0.7875	1	0	0
0.9725	0.7925	1	0	0
0.9725	0.7975	1	0	0
0.9725	0.8025	1	0	0
0.9725	0.8075	1	0	0
0.9725	0.8125	1	0	0
0.9725	0.8175	1	0	0
0.9725	0.8225	1	0	0
0.9725	0.8275	1	0	0
0.9725	0.8325	1	0	0
0.9725	0.8375	1	0	0
0.9725	0.8425	1	0	0
0.9725	0.8475	1	0	0
0.9725	0.8525	1	0	0
0.9725	0.8575	1	0	0
0.9725	0.8625	1	0	0
0.9725	0.8675	1	0	0
0.9725	0.8725	1	0	0
0.9725	0.8775	1	0	0
0.9725	0.8825	1	0	0
0.9725	0.8875	1	0	0
0.9725	0.8925	1	0	0
0.9725	0.8975	1	0	0
0.9725	0.9025	1	0	0
0.9725	0.9075	1	0	0
0.9725	0.9125	1	0	0
0.9725	0.9175	1	0	0
0.9725	0.9225	1	0	0
0.9725	0.9275	1	0	0
0.9725	0.9325	1	0	0
0.9725	0.9375	1	0	0
0.9725	0.9425	1	0	0
0.9725	0.9475	1	0	0
0.9725	0.9525	1	0	0
0.9725	0.9575	1	0	0
0.9725	0.9625	1	0	0
0.9725	0.9675	1	0	0
0.9725	0.9725	1	0	0
0.9725	0.9775	1	0	0
0.9725	0.9825	1	0	0
0.9725	0.9875	1	0	0
0.9725	0.9925	1	0	0
0.9725	0.9975	1	0	0
0.9725	1.0025	1	0	0
0.9775	0.0075	1	0	0
0.9775	0.0125	1	0	0
0.9775	0.0175	1	0	0
0.9775	0.0225	1	0	0
0.9775	0.0275	1	0	0
0.9775	0.0325	1	0	0
0.9775	0.0375	1	0	0
0.9775	0.0425	1	0	0
0.9775	0.0475	1	0	0
0.9775	0.0525	1	0	0
0.9775	0.0575	1	0	0
0.9775	0.0625	1	0	0
0.9775	0.0675	1	0	0
0.9775	0.0725	1	0	0
0.9775	0.0775	1	0	0
0.9775	0.0825	1	0	0
0.9775	0.0875	1	0	0
0.9775	0.0925	1	0	0
0.9775	0.0975	1	0	0
0.9775	0.1025	1	0	0
0.9775	0.1075	1	0	0
0.9775	0.1125	1	0	0
0.9775	0.1175	1	0	0
0.9775	0.1225	1	0	0
0.9775	0.1275	1	0	0
0.9775	0.1325	1	0	0
0.9775	0.1375	1	0	0
0.9775	0.1425	1	0	0
0.9775	0.1475	1	0	0
0.9775	0.1525	1	0	0
0.9775	0.1575	1	0	0
0.9775	0.1625	1	0	0
0.9775	0.1675	1	0	0
0.9775	0.1725	1	0	0
0.9775	0.1775	1	0	0
0.9775	0.1825	1	0	0
0.9775	0.1875	1	0	0
0.9775	0.1925	1	0	0
0.9775	0.1975	1	0	0
0.9775	0.2025	1	0	0
0.9775	0.2075	1	0	0
0.9775	0.2125	1	0	0
0.9775	0.2175	1	0	0
0.9775	0.2225	1	0	0
0.9775	0.2275	1	0	0
0.9775	0.2325	1	0	0
0.9775	0.2375	1	0	0
0.9775	0.2425	1	0	0
0.9775	0.2475	1	0	0
0.9775	0.2525	1	0	0
0.9775	0.2575	1	0	0
0.9775	0.2625	1	0	0
0.9775	0.2675	1	0	0
0.9775	0.2725	1	0	0
0.9775	0.2775	1	0	0
0.9775	0.2825	1	0	0
0.9775	0.2875	1	0	0
0.9775	0.2925	1	0	0
0.9775	0.2975	1	0	0
0.9775	0.3025	1	0	0
0.9775	0.3075	1	0	0
0.9775	0.3125	1	0	0
0.9775	0.3175	1	0	0
0.9775	0.3225	1	0	0
0.9775	0.3275	1	0	0
0.9775	0.3325	1	0	0
0.9775	0.3375	1	0	0
0.9775	0.3425	1	0	0
0.9775	0.3475	1	0	0
0.9775	0.3525	1	0	0
0.9775	0.3575	1	0	0
0.9775	0.3625	1	0	0
0.9775	0.3675	1	0	0
0.9775	0.3725	1	0	0
0.9775	0.3775	1	0	0
0.9775	0.3825	1	0	0
0.9775	0.3875	1	0	0
0.9775	0.3925	1	0	0
0.9775	0.3975	1	0	0
0.9775	0.4025	1	0	0
0.9775	0.4075	1	0	0
0.9775	0.4125	1	0	0
0.9775	0.4175	1	0	0
0.9775	0.4225	1	0	0
0.9775	0.4275	1	0	0
0.9775	0.4325	1	0	0
0.9775	0.4375	1	0	0
0.9775	0.4425	1	0	0
0.9775	0.4475	1	0	0
0.9775	0.4525	1	0	0
0.9775	0.4575	1	0	0
0.9775	0.4625	1	0	0
0.9775	0.4675	1	0	0
0.9775	0.4725	1	0	0
0.9775	0.4775	1	0	0
0.9775	0.4825	1	0	0
0.9775	0.4875	1	0	0
0.9775	0.4925	1	0	0
0.9775	0.4975	1	0	0
0.9775	0.5025	1	0	0
0.9775	0.5075	1	0	0
0.9775	0.5125	1	0	0
0.9775	0.5175	1	0	0
0.9775	0.5225	1	0	0
0.9775	0.5275	1	0	0
0.9775	0.5325	1	0	0
0.9775	0.5375	1	0	0
0.9775	0.5425	1	0	0
0.9775	0.5475	1	0	0
0.9775	0.5525	1	0	0
0.9775	0.5575	1	0	0
0.9775	0.5625	1	0	0
0.9775	0.5675	1	0	0
0.9775	0.5725	1	0	0
0.9775	0.5775	1	0	0
0.9775	0.5825	1	0	0
0.9775	0.5875	1	0	0
0.9775	0.5925	1	0	0
0.9775	0.5975	1	0	0
0.9775	0.6025	1	0	0
0.9775	0.6075	1	0	0
0.9775	0.6125	1	0	0
0.9775	0.6175	1	0	0
0.9775	0.6225	1	0	0
0.9775	0.6275	1	0	0
0.9775	0.6325	1	0	0
0.9775	0.6375	1	0	0
0.9775	0.6425	1	0	0
0.9775	0.6475	1	0	0
0.9775	0.6525	1	0	0
0.9775	0.6575	1	0	0
0.9775	0.6625	1	0	0
0.9775	0.6675	1	0	0
0.9775	0.6725	1	0	0
0.9775	0.6775	1	0	0
0.9775	0.6825	1	0	0
0.9775	0.6875	1	0	0
0.9775	0.6925	1	0	0
0.9775	0.6975	1	0	0
0.9775	0.7025	1	0	0
0.9775	0.7075	1	0	0
0.9775	0.7125	1	0	0
0.9775	0.7175	1	0	0
0.9775	0.7225	1	0	0
0.9775	0.7275	1	0	0
0.9775	0.7325	1	0	0
0.9775	0.7375	1	0	0
0.9775	0.7425	1	0	0
0.9775	0.7475	1	0	0
0.9775	0.7525	1	0	0
0.9775	0.7575	1	0	0
0.9775	0.7625	1	0	0
0.9775	0.7675	1	0	0
0.9775	0.7725	1	0	0
0.9775	0.7775	1	0	0
0.9775	0.7825	1	0	0
0.9775	0.7875	1	0	0
0.9775	0.7925	1	0	0
0.9775	0.7975	1	0	0
0.9775	0.8025	1	0	0
0.9775	0.8075	1	0	0
0.9775	0.8125	1	0	0
0.9775	0.8175	1	0	0
0.9775	0.8225	1	0	0
0.9775	0.8275	1	0	0
0.9775	0.8325	1	0	0
0.9775	0.8375	1	0	0
0.9775	0.8425	1	0	0
0.9775	0.8475	1	0	0
0.9775	0.8525	1	0	0
0.9775	0.8575	1	0	0
0.9775	0.8625	1	0	0
0.9775	0.8675	1	0	0
0.9775	0.8725	1	0	0
0.9775	0.8775	1	0	0
0.9775	0.8825	1	0	0
0.9775	0.8875	1	0	0
0.9775	0.8925	1	0	0
0.9775	0.8975	1	0	0
0.9775	0.9025	1	0	0
0.9775	0.9075	1	0	0
0.9775	0.9125	1	0	0
0.9775	0.9175	1	0	0
0.9775	0.9225	1	0	0
0.9775	0.9275	1	0	0
0.9775	0.9325	1	0	0
0.9775	0.9375	1	0	0
0.9775	0.9425	1	0	0
0.9775	0.9475	1	0	0
0.9775	0.9525	1	0	0
0.9775	0.9575	1	0	0
0.9775	0.9625	1	0	0
0.9775	0.9675	1	0	0
0.9775	0.9725	1	0	0
0.9775	0.9775	1	0	0
0.9775	0.9825	1	0	0
0.9775	0.9875	1	0	0
0.9775	0.9925	1	0	0
0.9775	0.9975	1	0	0
0.9775	1.0025	1	0	0
0.9825	0.0075	1	0	0
0.9825	0.0125	1	0	0
0.9825	0.0175	1	0	0
0.9825	0.0225	1	0	0
0.9825	0.0275	1	0	0
0.9825	0.0325	1	0	0
0.9825	0.0375	1	0	0
0.9825	0.0425	1	0	0
0.9825	0.0475	1	0	0
0.9825	0.0525	1	0	0
0.9825	0.0575	1	0	0
0.9825	0.0625	1	0	0
0.9825	0.0675	1	0	0
0.9825	0.0725	1	0	0
0.9825	0.0775	1	0	0
0.9825	0.0825	1	0	0
0.9825	0.0875	1	0	0
0.9825	0.0925	1	0	0
0.9825	0.0975	1	0	0
0.9825	0.1025	1	0	0
0.9825	0.1075	1	0	0
0.9825	0.1125	1	0	0
0.9825	0.1175	1	0	0
0.9825	0.1225	1	0	0
0.9825	0.1275	1	0	0
0.9825	0.1325	1	0	0
0.9825	0.1375	1	0	0
0.9825	0.1425	1	0	0
0.9825	0.1475	1	0	0
0.9825	0.1525	1	0	0
0.9825	0.1575	1	0	0
0.9825	0.1625	1	0	0
0.9825	0.1675	1	0	0
0.9825	0.1725	1	0	0
0.9825	0.1775	1	0	0
0.9825	0.1825	1	0	0
0.9825	0.1875	1	0	0
0.9825	0.1925	1	0	0
0.9825	0.1975	1	0	0
0.9825	0.2025	1	0	0
0.9825	0.2075	1	0	0
0.9825	0.2125	1	0	0
0.9825	0.2175	1	0	0
0.9825	0.2225	1	0	0
0.9825	0.2275	1	0	0
0.9825	0.2325	1	0	0
0.9825	0.2375	1	0	0
0.9825	0.2425	1	0	0
0.9825	0.2475	1	0	0
0.9825	0.2525	1	0	0
0.9825	0.2575	1	0	0
0.9825	0.2625	1	0	0
0.9825	0.2675	1	0	0
0.9825	0.2725	1	0	0
0.9825	0.2775	1	0	0
0.9825	0.2825	1	0	0
0.9825	0.2875	1	0	0
0.9825	0.2925	1	0	0
0.9825	0.2975	1	0	0
0.9825	0.3025	1	0	0
0.9825	0.3075	1	0	0
0.9825	0.3125	1	0	0
0.9825	0.3175	1	0	0
0.9825	0.3225	1	0	0
0.9825	0.3275	1	0	0
0.9825	0.3325	1	0	0
0.9825	0.3375	1	0	0
0.9825	0.3425	1	0	0
0.9825	0.3475	1	0	0
0.9825	0.3525	1	0	0
0.9825	0.3575	1	0	0
0.9825	0.3625	1	0	0
0.9825	0.3675	1	0	0
0.9825	0.3725	1	0	0
0.9825	0.3775	1	0	0
0.9825	0.3825	1	0	0
0.9825	0.3875	1	0	0
0.9825	0.3925	1	0	0
0.9825	0.3975	1	0	0
0.9825	0.4025	1	0	0
0.9825	0.4075	1	0	0
0.9825	0.4125	1	0	0
0.9825	0.4175	1	0	0
0.9825	0.4225	1	0	0
0.9825	0.4275	1	0	0
0.9825	0.4325	1	0	0
0.9825	0.4375	1	0	0
0.9825	0.4425	1	0	0
0.9825	0.4475	1	0	0
0.9825	0.4525	1	0	0
0.9825	0.4575	1	0	0
0.9825	0.4625	1	0	0
0.9825	0.4675	1	0	0
0.9825	0.4725	1	0	0
0.9825	0.4775	1	0	0
0.9825	0.4825	1	0	0
0.9825	0.4875	1	0	0
0.9825	0.4925	1	0	0
0.9825	0.4975	1	0	0
0.9825	0.5025	1	0	0
0.9825	0.5075	1	0	0
0.9825	0.5125	1	0	0
0.9825	0.5175	1	0	0
0.9825	0.5225	1	0	0
0.9825	0.5275	1	0	0
0.9825	0.5325	1	0	0
0.9825	0.5375	1	0	0
0.9825	0.5425	1	0	0
0.9825	0.5475	1	0	0
0.9825	0.5525	1	0	0
0.9825	0.5575	1	0	0
0.9825	0.5625	1	0	0
0.9825	0.5675	1	0	0
0.9825	0.5725	1	0	0
0.9825	0.5775	1	0	0
0.9825	0.5825	1	0	0
0.9825	0.5875	1	0	0
0.9825	0.5925	1	0	0
0.9825	0.5975	1	0	0
0.9825	0.6025	1	0	0
0.9825	0.6075	1	0	0
0.9825	0.6125	1	0	0
0.9825	0.6175	1	0	0
0.9825	0.6225	1	0	0
0.9825	0.6275	1	0	0
0.9825	0.6325	1	0	0
0.9825	0.6375	1	0	0
0.9825	0.6425	1	0	0
0.9825	0.6475	1	0	0
0.9825	0.6525	1	0	0
0.9825	0.6575	1	0	0
0.9825	0.6625	1	0	0
0.9825	0.6675	1	0	0
0.9825	0.6725	1	0	0
0.9825	0.6775	1	0	0
0.9825	0.6825	1	0	0
0.9825	0.6875	1	0	0
0.9825	0.6925	1	0	0
0.9825	0.6975	1	0	0
0.9825	0.7025	1	0	0
0.9825	0.7075	1	0	0
0.9825	0.7125	1	0	0
0.9825	0.7175	1	0	0
0.9825	0.7225	1	0	0
0.9825	0.7275	1	0	0
0.9825	0.7325	1	0	0
0.9825	0.7375	1	0	0
0.9825	0.7425	1	0	0
0.9825	0.7475	1	0	0
0.9825	0.7525	1	0	0
0.9825	0.7575	1	0	0
0.9825	0.7625	1	0	0
0.9825	0.7675	1	0	0
0.9825	0.7725	1	0	0
0.9825	0.7775	1	0	0
0.9825	0.7825	1	0	0
0.9825	0.7875	1	0	0
0.9825	0.7925	1	0	0
0.9825	0.7975	1	0	0
0.9825	0.8025	1	0	0
0.9825	0.8075	1	0	0
0.9825	0.8125	1	0	0
0.9825	0.8175	1	0	0
0.9825	0.8225	1	0	0
0.9825	0.8275	1	0	0
0.9825	0.8325	1	0	0
0.9825	0.8375	1	0	0
0.9825	0.8425	1	0	0
0.9825	0.8475	1	0	0
0.9825	0.8525	1	0	0
0.9825	0.8575	1	0	0
0.9825	0.8625	1	0	0
0.9825	0.8675	1	0	0
0.9825	0.8725	1	0	0
0.9825	0.8775	1	0	0
0.9825	0.8825	1	0	0
0.9825	0.8875	1	0	0
0.9825	0.8925	1	0	0
0.9825	0.8975	1	0	0
0.9825	0.9025	1	0	0
0.9825	0.9075	1	0	0
0.9825	0.9125	1	0	0
0.9825	0.9175	1	0	0
0.9825	0.9225	1	0	0
0.9825	0.9275	1	0	0
0.9825	0.9325	1	0	0
0.9825	0.9375	1	0	0
0.9825	0.9425	1	0	0
0.9825	0.9475	1	0	0
0.9825	0.9525	1	0	0
0.9825	0.9575	1	0	0
0.9825	0.9625	1	0	0
0.9825	0.9675	1	0	0
0.9825	0.9725	1	0	0
0.9825	0.9775	1	0	0
0.9825	0.9825	1	0	0
0.9825	0.9875	1	0	0
0.9825	0.9925	1	0	0
0.9825	0.9975	1	0	0
0.9825	1.0025	1	0	0
0.9875	0.0075	1	0	0
0.9875	0.0125	1	0	0
0.9875	0.0175	1	0	0
0.9875	0.0225	1	0	0
0.9875	0.0275	1	0	0
0.9875	0.0325	1	0	0
0.9875	0.0375	1	0	0
0.9875	0.0425	1	0	0
0.9875	0.0475	1	0	0
0.9875	0.0525	1	0	0
0.9875	0.0575	1	0	0
0.9875	0.0625	1	0	0
0.9875	0.0675	1	0	0
0.9875	0.0725	1	0	0
0.9875	0.0775	1	0	0
0.9875	0.0825	1	0	0
0.9875	0.0875	1	0	0
0.9875	0.0925	1	0	0
0.9875	0.0975	1	0	0
0.9875	0.1025	1	0	0
0.9875	0.1075	1	0	0
0.9875	0.1125	1	0	0
0.9875	0.1175	1	0	0
0.9875	0.1225	1	0	0
0.9875	0.1275	1	0	0
0.9875	0.1325	1	0	0
0.9875	0.1375	1	0	0
0.9875	0.1425	1	0	0
0.9875	0.1475	1	0	0
0.9875	0.1525	1	0	0
0.9875	0.1575	1	0	0
0.9875	0.1625	1	0	0
0.9875	0.1675	1	0	0
0.9875	0.1725	1	0	0
0.9875	0.1775	1	0	0
0.9875	0.1825	1	0	0
0.9875	0.1875	1	0	0
0.9875	0.1925	1	0	0
0.9875	0.1975	1	0	0
0.9875	0.2025	1	0	0
0.9875	0.2075	1	0	0
0.9875	0.2125	1	0	0
0.9875	0.2175	1	0	0
0.9875	0.2225	1	0	0
0.9875	0.2275	1	0	0
0.9875	0.2325	1	0	0
0.9875	0.2375	1	0	0
0.9875	0.2425	1	0	0
0.9875	0.2475	1	0	0
0.9875	0.2525	1	0	0
0.9875	0.2575	1	0	0
0.9875	0.2625	1	0	0
0.9875	0.2675	1	0	0
0.9875	0.2725	1	0	0
0.9875	0.2775	1	0	0
0.9875	0.2825	1	0	0
0.9875	0.2875	1	0	0
0.9875	0.2925	1	0	0
0.9875	0.2975	1	0	0
0.9875	0.3025	1	0	0
0.9875	0.3075	1	0	0
0.9875	0.3125	1	0	0
0.9875	0.3175	1	0	0
0.9875	0.3225	1	0	0
0.9875	0.3275	1	0	0
0.9875	0.3325	1	0	0
0.9875	0.3375	1	0	0
0.9875	0.3425	1	0	0
0.9875	0.3475	1	0	0
0.9875	0.3525	1	0	0
0.9875	0.3575	1	0	0
0.9875	0.3625	1	0	0
0.9875	0.3675	1	0	0
0.9875	0.3725	1	0	0
0.9875	0.3775	1	0	0
0.9875	0.3825	1	0	0
0.9875	0.3875	1	0	0
0.9875	0.3925	1	0	0
0.9875	0.3975	1	0	0
0.9875	0.4025	1	0	0
0.9875	0.4075	1	0	0
0.9875	0.4125	1	0	0
0.9875	0.4175	1	0	0
0.9875	0.4225	1	0	0
0.9875	0.4275	1	0	0
0.9875	0.4325	1	0	0
0.9875	0.4375	1	0	0
0.9875	0.4425	1	0	0
0.9875	0.4475	1	0	0
0.9875	0.4525	1	0	0
0.9875	0.4575	1	0	0
0.9875	0.4625	1	0	0
0.9875	0.4675	1	0	0
0.9875	0.4725	1	0	0
0.9875	0.4775	1	0	0
0.9875	0.4825	1	0	0
0.9875	0.4875	1	0	0
0.9875	0.4925	1	0	0
0.9875	0.4975	1	0	0
0.9875	0.5025	1	0	0
0.9875	0.5075	1	0	0
0.9875	0.5125	1	0	0
0.9875	0.5175	1	0	0
0.9875	0.5225	1	0	0
0.9875	0.5275	1	0	0
0.9875	0.5325	1	0	0
0.9875	0.5375	1	0	0
0.9875	0.5425	1	0	0
0.9875	0.5475	1	0	0
0.9875	0.5525	1	0	0
0.9875	0.5575	1	0	0
0.9875	0.5625	1	0	0
0.9875	0.5675	1	0	0
0.9875	0.5725	1	0	0
0.9875	0.5775	1	0	0
0.9875	0.5825	1	0	0
0.9875	0.5875	1	0	0
0.9875	0.5925	1	0	0
0.9875	0.5975	1	0	0
0.9875	0.6025	1	0	0
0.9875	0.6075	1	0	0
0.9875	0.6125	1	0	0
0.9875	0.6175	1	0	0
0.9875	0.6225	1	0	0
0.9875	0.6275	1	0	0
0.9875	0.6325	1	0	0
0.9875	0.6375	1	0	0
0.9875	0.6425	1	0	0
0.9875	0.6475	1	0	0
0.9875	0.6525	1	0	0
0.9875	0.6575	1	0	0
0.9875	0.6625	1	0	0
0.9875	0.6675	1	0	0
0.9875	0.6725	1	0	0
0.9875	0.6775	1	0	0
0.9875	0.6825	1	0	0
0.9875	0.6875	1	0	0
0.9875	0.6925	1	0	0
0.9875	0.6975	1	0	0
0.9875	0.7025	1	0	0
0.9875	0.7075	1	0	0
0.9875	0.7125	1	0	0
0.9875	0.7175	1	0	0
0.9875	0.7225	1	0	0
0.9875	0.7275	1	0	0
0.9875	0.7325	1	0	0
0.9875	0.7375	1	0	0
0.9875	0.7425	1	0	0
0.9875	0.7475	1	0	0
0.9875	0.7525	1	0	0
0.9875	0.7575	1	0	0
0.9875	0.7625	1	0	0
0.9875	0.7675	1	0	0
0.9875	0.7725	1	0	0
0.9875	0.7775	1	0	0
0.9875	0.7825	1	0	0
0.9875	0.7875	1	0	0
0.9875	0.7925	1	0	0
0.9875	0.7975	1	0	0
0.9875	0.8025	1	0	0
0.9875	0.8075	1	0	0
0.9875	0.8125	1	0	0
0.9875	0.8175	1	0	0
0.9875	0.8225	1	0	0
0.9875	0.8275	1	0	0
0.9875	0.8325	1	0	0
0.9875	0.8375	1	0	0
0.9875	0.8425	1	0	0
0.9875	0.8475	1	0	0
0.9875	0.8525	1	0	0
0.9875	0.8575	1	0	0
0.9875	0.8625	1	0	0
0.9875	0.8675	1	0	0
0.9875	0.8725	1	0	0
0.9875	0.8775	1	0	0
0.9875	0.8825	1	0	0
0.9875	0.8875	1	0	0
0.9875	0.8925	1	0	0
0.9875	0.8975	1	0	0
0.9875	0.9025	1	0	0
0.9875	0.9075	1	0	0
0.9875	0.9125	1	0	0
0.9875	0.9175	1	0	0
0.9875	0.9225	1	0	0
0.9875	0.9275	1	0	0
0.9875	0.9325	1	0	0
0.9875	0.9375	1	0	0
0.9875	0.9425	1	0	0
0.9875	0.9475	1	0	0
0.9875	0.9525	1	0	0
0.9875	0.9575	1	0	0
0.9875	0.9625	1	0	0
0.9875	0.9675	1	0	0
0.9875	0.9725	1	0	0
0.9875	0.9775	1	0	0
0.9875	0.9825	1	0	0
0.9875	0.9875	1	0	0
0.9875	0.9925	1	0	0
0.9875	0.9975	1	0	0
0.9875	1.0025	1	0	0
0.9925	0.0075	1	0	0
0.9925	0.0125	1	0	0
0.9925	0.0175	1	0	0
0.9925	0.0225	1	0	0
0.9925	0.0275	1	0	0
0.9925	0.0325	1	0	0
0.9925	0.0375	1	0	0
0.9925	0.0425	1	0	0
0.9925	0.0475	1	0	0
0.9925	0.0525	1	0	0
0.9925	0.0575	1	0	0
0.9925	0.0625	1	0	0
0.9925	0.0675	1	0	0
0.9925	0.0725	1	0	0
0.9925	0.0775	1	0	0
0.9925	0.0825	1	0	0
0.9925	0.0875	1	0	0
0.9925	0.0925	1	0	0
0.9925	0.0975	1	0	0
0.9925	0.1025	1	0	0
0.9925	0.1075	1	0	0
0.9925	0.1125	1	0	0
0.9925	0.1175	1	0	0
0.9925	0.1225	1	0	0
0.9925	0.1275	1	0	0
0.9925	0.1325	1	0	0
0.9925	0.1375	1	0	0
0.9925	0.1425	1	0	0
0.9925	0.1475	1	0	0
0.9925	0.1525	1	0	0
0.9925	0.1575	1	0	0
0.9925	0.1625	1	0	0
0.9925	0.1675	1	0	0
0.9925	0.1725	1	0	0
0.9925	0.1775	1	0	0
0.9925	0.1825	1	0	0
0.9925	0.1875	1	0	0
0.9925	0.1925	1	0	0
0.9925	0.1975	1	0	0
0.9925	0.2025	1	0	0
0.9925	0.2075	1	0	0
0.9925	0.2125	1	0	0
0.9925	0.2175	1	0	0
0.9925	0.2225	1	0	0
0.9925	0.2275	1	0	0
0.9925	0.2325	1	0	0
0.9925	0.2375	1	0	0
0.9925	0.2425	1	0	0
0.9925	0.2475	1	0	0
0.9925	0.2525	1	0	0
0.9925	0.2575	1	0	0
0.9925	0.2625	1	0	0
0.9925	0.2675	1	0	0
0.9925	0.2725	1	0	0
0.9925	0.2775	1	0	0
0.9925	0.2825	1	0	0
0.9925	0.2875	1	0	0
0.9925	0.2925	1	0	0
0.9925	0.2975	1	0	0
0.9925	0.3025	1	0	0
0.9925	0.3075	1	0	0
0.9925	0.3125	1	0	0
0.9925	0.3175	1	0	0
0.9925	0.3225	1	0	0
0.9925	0.3275	1	0	0
0.9925	0.3325	1	0	0
0.9925	0.3375	1	0	0
0.9925	0.3425	1	0	0
0.9925	0.3475	1	0	0
0.9925	0.3525	1	0	0
0.9925	0.3575	1	0	0
0.9925	0.3625	1	0	0
0.9925	0.3675	1	0	0
0.9925	0.3725	1	0	0
0.9925	0.3775	1	0	0
0.9925	0.3825	1	0	0
0.9925	0.3875	1	0	0
0.9925	0.3925	1	0	0
0.9925	0.3975	1	0	0
0.9925	0.4025	1	0	0
0.9925	0.4075	1	0	0
0.9925	0.4125	1	0	0
0.9925	0.4175	1	0	0
0.9925	0.4225	1	0	0
0.9925	0.4275	1	0	0
0.9925	0.4325	1	0	0
0.9925	0.4375	1	0	0
0.9925	0.4425	1	0	0
0.9925	0.4475	1	0	0
0.9925	0.4525	1	0	0
0.9925	0.4575	1	0	0
0.9925	0.4625	1	0	0
0.9925	0.4675	1	0	0
0.9925	0.4725	1	0	0
0.9925	0.4775	1	0	0
0.9925	0.4825	1	0	0
0.9925	0.4875	1	0	0
0.9925	0.4925	1	0	0
0.9925	0.4975	1	0	0
0.9925	0.5025	1	0	0
0.9925	0.5075	1	0	0
0.9925	0.5125	1	0	0
0.9925	0.5175	1	0	0
0.9925	0.5225	1	0	0
0.9925	0.5275	1	0	0
0.9925	0.5325	1	0	0
0.9925	0.5375	1	0	0
0.9925	0.5425	1	0	0
0.9925	0.5475	1	0	0
0.9925	0.5525	1	0	0
0.9925	0.5575	1	0	0
0.9925	0.5625	1	0	0
0.9925	0.5675	1	0	0
0.9925	0.5725	1	0	0
0.9925	0.5775	1	0	0
0.9925	0.5825	1	0	0
0.9925	0.5875	1	0	0
0.9925	0.5925	1	0	0
0.9925	0.5975	1	0	0
0.9925	0.6025	1	0	0
0.9925	0.6075	1	0	0
0.9925	0.6125	1	0	0
0.9925	0.6175	1	0	0
0.9925	0.6225	1	0	0
0.9925	0.6275	1	0	0
0.9925	0.6325	1	0	0
0.9925	0.6375	1	0	0
0.9925	0.6425	1	0	0
0.9925	0.6475	1	0	0
0.9925	0.6525	1	0	0
0.9925	0.6575	1	0	0
0.9925	0.6625	1	0	0
0.9925	0.6675	1	0	0
0.9925	0.6725	1	0	0
0.9925	0.6775	1	0	0
0.9925	0.6825	1	0	0
0.9925	0.6875	1	0	0
0.9925	0.6925	1	0	0
0.9925	0.6975	1	0	0
0.9925	0.7025	1	0	0
0.9925	0.7075	1	0	0
0.9925	0.7125	1	0	0
0.9925	0.7175	1	0	0
0.9925	0.7225	1	0	0
0.9925	0.7275	1	0	0
0.9925	0.7325	1	0	0
0.9925	0.7375	1	0	0
0.9925	0.7425	1	0	0
0.9925	0.7475	1	0	0
0.9925	0.7525	1	0	0
0.9925	0.7575	1	0	0
0.9925	0.7625	1	0	0
0.9925	0.7675	1	0	0
0.9925	0.7725	1	0	0
0.9925	0.7775	1	0	0
0.9925	0.7825	1	0	0
0.9925	0.7875	1	0	0
0.9925	0.7925	1	0	0
0.9925	0.7975	1	0	0
0.9925	0.8025	1	0	0
0.9925	0.8075	1	0	0
0.9925	0.8125	1	0	0
0.9925	0.8175	1	0	0
0.9925	0.8225	1	0	0
0.9925	0.8275	1	0	0
0.9925	0.8325	1	0	0
0.9925	0.8375	1	0	0
0.9925	0.8425	1	0	0
0.9925	0.8475	1	0	0
0.9925	0.8525	1	0	0
0.9925	0.8575	1	0	0
0.9925	0.8625	1	0	0
0.9925	0.8675	1	0	0
0.9925	0.8725	1	0	0
0.9925	0.8775	1	0	0
0.9925	0.8825	1	0	0
0.9925	0.8875	1	0	0
0.9925	0.8925	1	0	0
0.9925	0.8975	1	0	0
0.9925	0.9025	1	0	0
0.9925	0.9075	1	0	0
0.9925	0.9125	1	0	0
0.9925	0.9175	1	0	0
0.9925	0.9225	1	0	0
0.9925	0.9275	1	0	0
0.9925	0.9325	1	0	0
0.9925	0.9375	1	0	0
0.9925	0.9425	1	0	0
0.9925	0.9475	1	0	0
0.9925	0.9525	1	0	0
0.9925	0.9575	1	0	0
0.9925	0.9625	1	0	0
0.9925	0.9675	1	0	0
0.9925	0.9725	1	0	0
0.9925	0.9775	1	0	0
0.9925	0.9825	1	0	0
0.9925	0.9875	1	0	0
0.9925	0.9925	1	0	0
0.9925	0.9975	1	0	0
0.9925	1.0025	1	0	0
0.9975	0.0075	1	0	0
0.9975	0.0125	1	0	0
0.9975	0.0175	1	0	0
0.9975	0.0225	1	0	0
0.9975	0.0275	1	0	0
0.9975	0.0325	1	0	0
0.9975	0.0375	1	0	0
0.9975	0.0425	1	0	0
0.9975	0.0475	1	0	0
0.9975	0.0525	1	0	0
0.9975	0.0575	1	0	0
0.9975	0.0625	1	0	0
0.9975	0.0675	1	0	0
0.9975	0.0725	1	0	0
0.9975	0.0775	1	0	0
0.9975	0.0825	1	0	0
0.9975	0.0875	1	0	0
0.9975	0.0925	1	0	0
0.9975	0.0975	1	0	0
0.9975	0.1025	1	0	0
0.9975	0.1075	1	0	0
0.9975	0.1125	1	0	0
0.9975	0.1175	1	0	0
0.9975	0.1225	1	0	0
0.9975	0.1275	1	0	0
0.9975	0.1325	1	0	0
0.9975	0.1375	1	0	0
0.9975	0.1425	1	0	0
0.9975	0.1475	1	0	0
0.9975	0.1525	1	0	0
0.9975	0.1575	1	0	0
0.9975	0.1625	1	0	0
0.9975	0.1675	1	0	0
0.9975	0.1725	1	0	0
0.9975	0.1775	1	0	0
0.9975	0.1825	1	0	0
0.9975	0.1875	1	0	0
0.9975	0.1925	1	0	0
0.9975	0.1975	1	0	0
0.9975	0.2025	1	0	0
0.9975	0.2075	1	0	0
0.9975	0.2125	1	0	0
0.9975	0.2175	1	0	0
0.9975	0.2225	1	0	0
0.9975	0.2275	1	0	0
0.9975	0.2325	1	0	0
0.9975	0.2375	1	0	0
0.9975	0.2425	1	0	0
0.9975	0.2475	1	0	0
0.9975	0.2525	1	0	0
0.9975	0.2575	1	0	0
0.9975	0.2625	1	0	0
0.9975	0.2675	1	0	0
0.9975	0.2725	1	0	0
0.9975	0.2775	1	0	0
0.9975	0.2825	1	0	0
0.9975	0.2875	1	0	0
0.9975	0.2925	1	0	0
0.9975	0.2975	1	0	0
0.9975	0.3025	1	0	0
0.9975	0.3075	1	0	0
0.9975	0.3125	1	0	0
0.9975	0.3175	1	0	0
0.9975	0.3225	1	0	0
0.9975	0.3275	1	0	0
0.9975	0.3325	1	0	0
0.9975	0.3375	1	0	0
0.9975	0.3425	1	0	0
0.9975	0.3475	1	0	0
0.9975	0.3525	1	0	0
0.9975	0.3575	1	0	0
0.9975	0.3625	1	0	0
0.9975	0.3675	1	0	0
0.9975	0.3725	1	0	0
0.9975	0.3775	1	0	0
0.9975	0.3825	1	0	0
0.9975	0.3875	1	0	0
0.9975	0.3925	1	0	0
0.9975	0.3975	1	0	0
0.9975	0.4025	1	0	0
0.9975	0.4075	1	0	0
0.9975	0.4125	1	0	0
0.9975	0.4175	1	0	0
0.9975	0.4225	1	0	0
0.9975	0.4275	1	0	0
0.9975	0.4325	1	0	0
0.9975	0.4375	1	0	0
0.9975	0.4425	1	0	0
0.9975	0.4475	1	0	0
0.9975	0.4525	1	0	0
0.9975	0.4575	1	0	0
0.9975	0.4625	1	0	0
0.9975	0.4675	1	0	0
0.9975	0.4725	1	0	0
0.9975	0.4775	1	0	0
0.9975	0.4825	1	0	0
0.9975	0.4875	1	0	0
0.9975	0.4925	1	0	0
0.9975	0.4975	1	0	0
0.9975	0.5025	1	0	0
0.9975	0.5075	1	0	0
0.9975	0.5125	1	0	0
0.9975	0.5175	1	0	0
0.9975	0.5225	1	0	0
0.9975	0.5275	1	0	0
0.9975	0.5325	1	0	0
0.9975	0.5375	1	0	0
0.9975	0.5425	1	0	0
0.9975	0.5475	1	0	0
0.9975	0.5525	1	0	0
0.9975	0.5575	1	0	0
0.9975	0.5625	1	0	0
0.9975	0.5675	1	0	0
0.9975	0.5725	1	0	0
0.9975	0.5775	1	0	0
0.9975	0.5825	1	0	0
0.9975	0.5875	1	0	0
0.9975	0.5925	1	0	0
0.9975	0.5975	1	0	0
0.9975	0.6025	1	0	0
0.9975	0.6075	1	0	0
0.9975	0.6125	1	0	0
0.9975	0.6175	1	0	0
0.9975	0.6225	1	0	0
0.9975	0.6275	1	0	0
0.9975	0.6325	1	0	0
0.9975	0.6375	1	0	0
0.9975	0.6425	1	0	0
0.9975	0.6475	1	0	0
0.9975	0.6525	1	0	0
0.9975	0.6575	1	0	0
0.9975	0.6625	1	0	0
0.9975	0.6675	1	0	0
0.9975	0.6725	1	0	0
0.9975	0.6775	1	0	0
0.9975	0.6825	1	0	0
0.9975	0.6875	1	0	0
0.9975	0.6925	1	0	0
0.9975	0.6975	1	0	0
0.9975	0.7025	1	0	0
0.9975	0.7075	1	0	0
0.9975	0.7125	1	0	0
0.9975	0.7175	1	0	0
0.9975	0.7225	1	0	0
0.9975	0.7275	1	0	0
0.9975	0.7325	1	0	0
0.9975	0.7375	1	0	0
0.9975	0.7425	1	0	0
0.9975	0.7475	1	0	0
0.9975	0.7525	1	0	0
0.9975	0.7575	1	0	0
0.9975	0.7625	1	0	0
0.9975	0.7675	1	0	0
0.9975	0.7725	1	0	0
0.9975	0.7775	1	0	0
0.9975	0.7825	1	0	0
0.9975	0.7875	1	0	0
0.9975	0.7925	1	0	0
0.9975	0.7975	1	0	0
0.9975	0.8025	1	0	0
0.9975	0.8075	1	0	0
0.9975	0.8125	1	0	0
0.9975	0.8175	1	0	0
0.9975	0.8225	1	0	0
0.9975	0.8275	1	0	0
0.9975	0.8325	1	0	0
0.9975	0.8375	1	0	0
0.9975	0.8425	1	0	0
0.9975	0.8475	1	0	0
0.9975	0.8525	1	0	0
0.9975	0.8575	1	0	0
0.9975	0.8625	1	0	0
0.9975	0.8675	1	0	0
0.9975	0.8725	1	0	0
0.9975	0.8775	1	0	0
0.9975	0.8825	1	0	0
0.9975	0.8875	1	0	0
0.9975	0.8925	1	0	0
0.9975	0.8975	1	0	0
0.9975	0.9025	1	0	0
0.9975	0.9075	1	0	0
0.9975	0.9125	1	0	0
0.9975	0.9175	1	0	0
0.9975	0.9225	1	0	0
0.9975	0.9275	1	0	0
0.9975	0.9325	1	0	0
0.9975	0.9375	1	0	0
0.9975	0.9425	1	0	0
0.9975	0.9475	1	0	0
0.9975	0.9525	1	0	0
0.9975	0.9575	1	0	0
0.9975	0.9625	1	0	0
0.9975	0.9675	1	0	0
0.9975	0.9725	1	0	0
0.9975	0.9775	1	0	0
0.9975	0.9825	1	0	0
0.9975	0.9875	1	0	0
0.9975	0.9925	1	0	0
0.9975	0.9975	1	0	0
0.9975	1.0025	1	0	0
1.0025	0.0075	1	0	0
1.0025	0.0125	1	0	0
1.0025	0.0175	1	0	0
1.0025	0.0225	1	0	0
1.0025	0.0275	1	0	0
1.0025	0.0325	1	0	0
1.0025	0.0375	1	0	0
1.0025	0.0425	1	0	0
1.0025	0.0475	1	0	0
1.0025	0.0525	1	0	0
1.0025	0.0575	1	0	0
1.0025	0.0625	1	0	0
1.0025	0.0675	1	0	0
1.0025	0.0725	1	0	0
1.0025	0.0775	1	0	0
1.0025	0.0825	1	0	0
1.0025	0.0875	1	0	0
1.0025	0.0925	1	0	0
1.0025	0.0975	1	0	0
1.0025	0.1025	1	0	0
1.0025	0.1075	1	0	0
1.0025	0.1125	1	0	0
1.0025	0.1175	1	0	0
1.0025	0.1225	1	0	0
1.0025	0.1275	1	0	0
1.0025	0.1325	1	0	0
1.0025	0.1375	1	0	0
1.0025	0.1425	1	0	0
1.0025	0.1475	1	0	0
1.0025	0.1525	1	0	0
1.0025	0.1575	1	0	0
1.0025	0.1625	1	0	0
1.0025	0.1675	1	0	0
1.0025	0.1725	1	0	0
1.0025	0.1775	1	0	0
1.0025	0.1825	1	0	0
1.0025	0.1875	1	0	0
1.0025	0.1925	1	0	0
1.0025	0.1975	1	0	0
1.0025	0.2025	1	0	0
1.0025	0.2075	1	0	0
1.0025	0.2125	1	0	0
1.0025	0.2175	1	0	0
1.0025	0.2225	1	0	0
1.0025	0.2275	1	0	0
1.0025	0.2325	1	0	0
1.0025	0.2375	1	0	0
1.0025	0.2425	1	0	0
1.0025	0.2475	1	0	0
1.0025	0.2525	1	0	0
1.0025	0.2575	1	0	0
1.0025	0.2625	1	0	0
1.0025	0.2675	1	0	0
1.0025	0.2725	1	0	0
1.0025	0.2775	1	0	0
1.0025	0.2825	1	0	0
1.0025	0.2875	1	0	0
1.0025	0.2925	1	0	0
1.0025	0.2975	1	0	0
1.0025	0.3025	1	0	0
1.0025	0.3075	1	0	0
1.0025	0.3125	1	0	0
1.0025	0.3175	1	0	0
1.0025	0.3225	1	0	0
1.0025	0.3275	1	0	0
1.0025	0.3325	1	0	0
1.0025	0.3375	1	0	0
1.0025	0.3425	1	0	0
1.0025	0.3475	1	0	0
1.0025	0.3525	1	0	0
1.0025	0.3575	1	0	0
1.0025	0.3625	1	0	0
1.0025	0.3675	1	0	0
1.0025	0.3725	1	0	0
1.0025	0.3775	1	0	0
1.0025	0.3825	1	0	0
1.0025	0.3875	1	0	0
1.0025	0.3925	1	0	0
1.0025	0.3975	1	0	0
1.0025	0.4025	1	0	0
1.0025	0.4075	1	0	0
1.0025	0.4125	1	0	0
1.0025	0.4175	1	0	0
1.0025	0.4225	1	0	0
1.0025	0.4275	1	0	0
1.0025	0.4325	1	0	0
1.0025	0.4375	1	0	0
1.0025	0.4425	1	0	0
1.0025	0.4475	1	0	0
1.0025	0.4525	1	0	0
1.0025	0.4575	1	0	0
1.0025	0.4625	1	0	0
1.0025	0.4675	1	0	0
1.0025	0.4725	1	0	0
1.0025	0.4775	1	0	0
1.0025	0.4825	1	0	0
1.0025	0.4875	1	0	0
1.0025	0.4925	1	0	0
1.0025	0.4975	1	0	0
1.0025	0.5025	1	0	0
1.0025	0.5075	1	0	0
1.0025	0.5125	1	0	0
1.0025	0.5175	1	0	0
1.0025	0.5225	1	0	0
1.0025	0.5275	1	0	0
1.0025	0.5325	1	0	0
1.0025	0.5375	1	0	0
1.0025	0.5425	1	0	0
1.0025	0.5475	1	0	0
1.0025	0.5525	1	0	0
1.0025	0.5575	1	0	0
1.0025	0.5625	1	0	0
1.0025	0.5675	1	0	0
1.0025	0.5725	1	0	0
1.0025	0.5775	1	0	0
1.0025	0.5825	1	0	0
1.0025	0.5875	1	0	0
1.0025	0.5925	1	0	0
1.0025	0.5975	1	0	0
1.0025	0.6025	1	0	0
1.0025	0.6075	1	0	0
1.0025	0.6125	1	0	0
1.0025	0.6175	1	0	0
1.0025	0.6225	1	0	0
1.0025	0.6275	1	0	0
1.0025	0.6325	1	0	0
1.0025	0.6375	1	0	0
1.0025	0.6425	1	0	0
1.0025	0.6475	1	0	0
1.0025	0.6525	1	0	0
1.0025	0.6575	1	0	0
1.0025	0.6625	1	0	0
1.0025	0.6675	1	0	0
1.0025	0.6725	1	0	0
1.0025	0.6775	1	0	0
1.0025	0.6825	1	0	0
1.0025	0.6875	1	0	0
1.0025	0.6925	1	0	0
1.0025	0.6975	1	0	0
1.0025	0.7025	1	0	0
1.0025	0.7075	1	0	0
1.0025	0.7125	1	0	0
1.0025	0.7175	1	0	0
1.0025	0.7225	1	0	0
1.0025	0.7275	1	0	0
1.0025	0.7325	1	0	0
1.0025	0.7375	1	0	0
1.0025	0.7425	1	0	0
1.0025	0.7475	1	0	0
1.0025	0.7525	1	0	0
1.0025	0.7575	1	0	0
1.0025	0.7625	1	0	0
1.0025	0.7675	1	0	0
1.0025	0.7725	1	0	0
1.0025	0.7775	1	0	0
1.0025	0.7825	1	0	0
1.0025	0.7875	1	0	0
1.0025	0.7925	1	0	0
1.0025	0.7975	1	0	0
1.0025	0.8025	1	0	0
1.0025	0.8075	1	0	0
1.0025	0.8125	1	0	0
1.0025	0.8175	1	0	0
1.0025	0.8225	1	0	0
1.0025	0.8275	1	0	0
1.0025	0.8325	1	0	0
1.0025	0.8375	1	0	0
1.0025	0.8425	1	0	0
1.0025	0.8475	1	0	0
1.0025	0.8525	1	0	0
1.0025	0.8575	1	0	0
1.0025	0.8625	1	0	0
1.0025	0.8675	1	0	0
1.0025	0.8725	1	0	0
1.0025	0.8775	1	0	0
1.0025	0.8825	1	0	0
1.0025	0.8875	1	0	0
1.0025	0.8925	1	0	0
1.0025	0.8975	1	0	0
1.0025	0.9025	1	0	0
1.0025	0.9075	1	0	0
1.0025	0.9125	1	0	0
1.0025	0.9175	1	0	0
1.0025	0.9225	1	0	0
1.0025	0.9275	1	0	0
1.0025	0.9325	1	0	0
1.0025	0.9375	1	0	0
1.0025	0.9425	1	0	0
1.0025	0.9475	1	0	0
1.0025	0.9525	1	0	0
1.0025	0.9575	1	0	0
1.0025	0.9625	1	0	0
1.0025	0.9675	1	0	0
1.0025	0.9725	1	0	0
1.0025	0.9775	1	0	0
1.0025	0.9825	1	0	0
1.0025	0.9875	1	0	0
1.0025	0.9925	1	0	0
1.0025	0.9975	1	0	0
1.0025	1.0025	1	0	0
